{"PLAIN_CONFIGURATION": "ClassicGumtree-bu_minsim-0.1-bu_minsize-200-st_minprio-1-st_priocalc-size", "MATCHER": "ClassicGumtree", "NRACTIONS": 46, "SIMACTIONS": 36, "NRROOTS": null, "NR_INSERT": 29, "NR_DELETE": 0, "NR_UPDATE": 6, "NR_MOVE": 11, "NR_TREEINSERT": 0, "NR_TREEDELETE": 0, "TIME": 20, "NROPTIONS": 0, "TIMEOUT": 0, "bu_minsim": 0.1, "bu_minsize": 200, "st_minprio": 1, "st_priocalc": "size", "cd_labsim": null, "cd_maxleaves": null, "cd_structsim1": null, "cd_structsim2": null, "xy_minsim": null}