{
  "intraFileMappings" : {
    "matchedElements" : [
 {
      "left" : "DOMAttributeIterator",
      "right" : "DOMAttributeIterator",
      "info" : "TypeDeclaration[1169-5071]:TypeDeclaration[1224-5294]"
    }, {
      "left" : "private NodePointer parent;",
      "right" : "private NodePointer parent;",
      "info" : "FieldDeclaration[1346-1373]:FieldDeclaration[1401-1428]"
    }, {
      "left" : "private QName name;",
      "right" : "private QName name;",
      "info" : "FieldDeclaration[1378-1397]:FieldDeclaration[1433-1452]"
    }, {
      "left" : "private List attributes;",
      "right" : "private List attributes;",
      "info" : "FieldDeclaration[1402-1426]:FieldDeclaration[1457-1481]"
    }, {
      "left" : "private int position = 0;",
      "right" : "private int position = 0;",
      "info" : "FieldDeclaration[1431-1456]:FieldDeclaration[1486-1511]"
    }, {
      "left" : "public DOMAttributeIterator(NodePointer parent, QName name)",
      "right" : "public DOMAttributeIterator(NodePointer parent, QName name)",
      "info" : "MethodDeclaration[1462-2359]:MethodDeclaration[1517-2414]"
    }, {
      "left" : "private boolean testAttr(Attr attr, QName testName)",
      "right" : "private boolean testAttr(Attr attr, QName testName)",
      "info" : "MethodDeclaration[2365-3414]:MethodDeclaration[2420-3469]"
    }, {
      "left" : "private static boolean equalStrings(String s1, String s2)",
      "right" : "private static boolean equalStrings(String s1, String s2)",
      "info" : "MethodDeclaration[3420-3541]:MethodDeclaration[3475-3596]"
    }, {
      "left" : "private Attr getAttribute(Element element, QName name)",
      "right" : "private Attr getAttribute(Element element, QName name)",
      "info" : "MethodDeclaration[3547-4493]:MethodDeclaration[3602-4716]"
    }, {
      "left" : "public NodePointer getNodePointer()",
      "right" : "public NodePointer getNodePointer()",
      "info" : "MethodDeclaration[4499-4855]:MethodDeclaration[4722-5078]"
    }, {
      "left" : "public int getPosition()",
      "right" : "public int getPosition()",
      "info" : "MethodDeclaration[4861-4918]:MethodDeclaration[5084-5141]"
    }, {
      "left" : "public boolean setPosition(int position)",
      "right" : "public boolean setPosition(int position)",
      "info" : "MethodDeclaration[4924-5069]:MethodDeclaration[5147-5292]"
    } ],
    "mappings" : [
 {
      "left" : "public",
      "right" : "public",
      "info" : "Modifier[1282-1288]:Modifier[1337-1343]"
    }, {
      "left" : "class",
      "right" : "class",
      "info" : "TYPE_DECLARATION_KIND[1289-1294]:TYPE_DECLARATION_KIND[1344-1349]"
    }, {
      "left" : "DOMAttributeIterator",
      "right" : "DOMAttributeIterator",
      "info" : "SimpleName[1295-1315]:SimpleName[1350-1370]"
    }, {
      "left" : "NodeIterator",
      "right" : "NodeIterator",
      "info" : "SimpleType[1327-1339]:SimpleType[1382-1394]"
    }, {
      "left" : "public",
      "right" : "public",
      "info" : "Modifier[1462-1468]:Modifier[1517-1523]"
    }, {
      "left" : "DOMAttributeIterator",
      "right" : "DOMAttributeIterator",
      "info" : "SimpleName[1469-1489]:SimpleName[1524-1544]"
    }, {
      "left" : "NodePointer parent",
      "right" : "NodePointer parent",
      "info" : "SingleVariableDeclaration[1490-1508]:SingleVariableDeclaration[1545-1563]"
    }, {
      "left" : "QName name",
      "right" : "QName name",
      "info" : "SingleVariableDeclaration[1510-1520]:SingleVariableDeclaration[1565-1575]"
    }, {
      "left" : "{}",
      "right" : "{}",
      "info" : "Block[1522-2359]:Block[1577-2414]"
    }, {
      "left" : "this.parent = parent;",
      "right" : "this.parent = parent;",
      "info" : "ExpressionStatement[1532-1553]:ExpressionStatement[1587-1608]"
    }, {
      "left" : "this.name = name;",
      "right" : "this.name = name;",
      "info" : "ExpressionStatement[1562-1579]:ExpressionStatement[1617-1634]"
    }, {
      "left" : "attributes = new ArrayList();",
      "right" : "attributes = new ArrayList();",
      "info" : "ExpressionStatement[1588-1617]:ExpressionStatement[1643-1672]"
    }, {
      "left" : "Node node = (Node) parent.getNode();",
      "right" : "Node node = (Node) parent.getNode();",
      "info" : "VariableDeclarationStatement[1626-1662]:VariableDeclarationStatement[1681-1717]"
    }, {
      "left" : "if (node.getNodeType() == Node.ELEMENT_NODE)",
      "right" : "if (node.getNodeType() == Node.ELEMENT_NODE)",
      "info" : "IfStatement[1671-2353]:IfStatement[1726-2408]"
    }, {
      "left" : "{}",
      "right" : "{}",
      "info" : "Block[1716-2353]:Block[1771-2408]"
    }, {
      "left" : "String lname = name.getName();",
      "right" : "String lname = name.getName();",
      "info" : "VariableDeclarationStatement[1730-1760]:VariableDeclarationStatement[1785-1815]"
    }, {
      "left" : "if (!lname.equals(\"*\"))",
      "right" : "if (!lname.equals(\"*\"))",
      "info" : "IfStatement[1773-2343]:IfStatement[1828-2398]"
    }, {
      "left" : "{}",
      "right" : "{}",
      "info" : "Block[1797-1972]:Block[1852-2027]"
    }, {
      "left" : "Attr attr = getAttribute((Element) node, name);",
      "right" : "Attr attr = getAttribute((Element) node, name);",
      "info" : "VariableDeclarationStatement[1815-1862]:VariableDeclarationStatement[1870-1917]"
    }, {
      "left" : "if (attr != null)",
      "right" : "if (attr != null)",
      "info" : "IfStatement[1879-1958]:IfStatement[1934-2013]"
    }, {
      "left" : "{}",
      "right" : "{}",
      "info" : "Block[1897-1958]:Block[1952-2013]"
    }, {
      "left" : "attributes.add(attr);",
      "right" : "attributes.add(attr);",
      "info" : "ExpressionStatement[1919-1940]:ExpressionStatement[1974-1995]"
    }, {
      "left" : "{}",
      "right" : "{}",
      "info" : "Block[1990-2343]:Block[2045-2398]"
    }, {
      "left" : "NamedNodeMap map = node.getAttributes();",
      "right" : "NamedNodeMap map = node.getAttributes();",
      "info" : "VariableDeclarationStatement[2008-2048]:VariableDeclarationStatement[2063-2103]"
    }, {
      "left" : "int count = map.getLength();",
      "right" : "int count = map.getLength();",
      "info" : "VariableDeclarationStatement[2065-2093]:VariableDeclarationStatement[2120-2148]"
    }, {
      "left" : "for (int i = 0; i < count; i++)",
      "right" : "for (int i = 0; i < count; i++)",
      "info" : "ForStatement[2110-2329]:ForStatement[2165-2384]"
    }, {
      "left" : "{}",
      "right" : "{}",
      "info" : "Block[2142-2329]:Block[2197-2384]"
    }, {
      "left" : "Attr attr = (Attr) map.item(i);",
      "right" : "Attr attr = (Attr) map.item(i);",
      "info" : "VariableDeclarationStatement[2164-2195]:VariableDeclarationStatement[2219-2250]"
    }, {
      "left" : "if (testAttr(attr, name))",
      "right" : "if (testAttr(attr, name))",
      "info" : "IfStatement[2216-2311]:IfStatement[2271-2366]"
    }, {
      "left" : "{}",
      "right" : "{}",
      "info" : "Block[2242-2311]:Block[2297-2366]"
    }, {
      "left" : "attributes.add(attr);",
      "right" : "attributes.add(attr);",
      "info" : "ExpressionStatement[2268-2289]:ExpressionStatement[2323-2344]"
    }, {
      "left" : "private",
      "right" : "private",
      "info" : "Modifier[2365-2372]:Modifier[2420-2427]"
    }, {
      "left" : "boolean",
      "right" : "boolean",
      "info" : "PrimitiveType[2373-2380]:PrimitiveType[2428-2435]"
    }, {
      "left" : "testAttr",
      "right" : "testAttr",
      "info" : "SimpleName[2381-2389]:SimpleName[2436-2444]"
    }, {
      "left" : "Attr attr",
      "right" : "Attr attr",
      "info" : "SingleVariableDeclaration[2390-2399]:SingleVariableDeclaration[2445-2454]"
    }, {
      "left" : "QName testName",
      "right" : "QName testName",
      "info" : "SingleVariableDeclaration[2401-2415]:SingleVariableDeclaration[2456-2470]"
    }, {
      "left" : "{}",
      "right" : "{}",
      "info" : "Block[2417-3414]:Block[2472-3469]"
    }, {
      "left" : "String nodePrefix = DOMNodePointer.getPrefix(attr);",
      "right" : "String nodePrefix = DOMNodePointer.getPrefix(attr);",
      "info" : "VariableDeclarationStatement[2427-2478]:VariableDeclarationStatement[2482-2533]"
    }, {
      "left" : "String nodeLocalName = DOMNodePointer.getLocalName(attr);",
      "right" : "String nodeLocalName = DOMNodePointer.getLocalName(attr);",
      "info" : "VariableDeclarationStatement[2487-2544]:VariableDeclarationStatement[2542-2599]"
    }, {
      "left" : "if (nodePrefix != null && nodePrefix.equals(\"xmlns\"))",
      "right" : "if (nodePrefix != null && nodePrefix.equals(\"xmlns\"))",
      "info" : "IfStatement[2554-2645]:IfStatement[2609-2700]"
    }, {
      "left" : "{}",
      "right" : "{}",
      "info" : "Block[2608-2645]:Block[2663-2700]"
    }, {
      "left" : "return false;",
      "right" : "return false;",
      "info" : "ReturnStatement[2622-2635]:ReturnStatement[2677-2690]"
    }, {
      "left" : "if (nodePrefix == null && nodeLocalName.equals(\"xmlns\"))",
      "right" : "if (nodePrefix == null && nodeLocalName.equals(\"xmlns\"))",
      "info" : "IfStatement[2655-2749]:IfStatement[2710-2804]"
    }, {
      "left" : "{}",
      "right" : "{}",
      "info" : "Block[2712-2749]:Block[2767-2804]"
    }, {
      "left" : "return false;",
      "right" : "return false;",
      "info" : "ReturnStatement[2726-2739]:ReturnStatement[2781-2794]"
    }, {
      "left" : "String testLocalName = name.getName();",
      "right" : "String testLocalName = name.getName();",
      "info" : "VariableDeclarationStatement[2759-2797]:VariableDeclarationStatement[2814-2852]"
    }, {
      "left" : "if (testLocalName.equals(\"*\") || testLocalName.equals(nodeLocalName))",
      "right" : "if (testLocalName.equals(\"*\") || testLocalName.equals(nodeLocalName))",
      "info" : "IfStatement[2806-3386]:IfStatement[2861-3441]"
    }, {
      "left" : "{}",
      "right" : "{}",
      "info" : "Block[2876-3386]:Block[2931-3441]"
    }, {
      "left" : "String testPrefix = testName.getPrefix();",
      "right" : "String testPrefix = testName.getPrefix();",
      "info" : "VariableDeclarationStatement[2890-2931]:VariableDeclarationStatement[2945-2986]"
    }, {
      "left" : "if (equalStrings(testPrefix, nodePrefix))",
      "right" : "if (equalStrings(testPrefix, nodePrefix))",
      "info" : "IfStatement[2945-3031]:IfStatement[3000-3086]"
    }, {
      "left" : "{}",
      "right" : "{}",
      "info" : "Block[2987-3031]:Block[3042-3086]"
    }, {
      "left" : "return true;",
      "right" : "return true;",
      "info" : "ReturnStatement[3005-3017]:ReturnStatement[3060-3072]"
    }, {
      "left" : "String testNS = null;",
      "right" : "String testNS = null;",
      "info" : "VariableDeclarationStatement[3045-3066]:VariableDeclarationStatement[3100-3121]"
    }, {
      "left" : "if (testPrefix != null)",
      "right" : "if (testPrefix != null)",
      "info" : "IfStatement[3079-3179]:IfStatement[3134-3234]"
    }, {
      "left" : "{}",
      "right" : "{}",
      "info" : "Block[3103-3179]:Block[3158-3234]"
    }, {
      "left" : "testNS = parent.getNamespaceURI(testPrefix);",
      "right" : "testNS = parent.getNamespaceURI(testPrefix);",
      "info" : "ExpressionStatement[3121-3165]:ExpressionStatement[3176-3220]"
    }, {
      "left" : "String nodeNS = null;",
      "right" : "String nodeNS = null;",
      "info" : "VariableDeclarationStatement[3193-3214]:VariableDeclarationStatement[3248-3269]"
    }, {
      "left" : "if (nodePrefix != null)",
      "right" : "if (nodePrefix != null)",
      "info" : "IfStatement[3227-3327]:IfStatement[3282-3382]"
    }, {
      "left" : "{}",
      "right" : "{}",
      "info" : "Block[3251-3327]:Block[3306-3382]"
    }, {
      "left" : "nodeNS = parent.getNamespaceURI(nodePrefix);",
      "right" : "nodeNS = parent.getNamespaceURI(nodePrefix);",
      "info" : "ExpressionStatement[3269-3313]:ExpressionStatement[3324-3368]"
    }, {
      "left" : "return equalStrings(testNS, nodeNS);",
      "right" : "return equalStrings(testNS, nodeNS);",
      "info" : "ReturnStatement[3340-3376]:ReturnStatement[3395-3431]"
    }, {
      "left" : "return false;",
      "right" : "return false;",
      "info" : "ReturnStatement[3395-3408]:ReturnStatement[3450-3463]"
    }, {
      "left" : "private",
      "right" : "private",
      "info" : "Modifier[3420-3427]:Modifier[3475-3482]"
    }, {
      "left" : "static",
      "right" : "static",
      "info" : "Modifier[3428-3434]:Modifier[3483-3489]"
    }, {
      "left" : "boolean",
      "right" : "boolean",
      "info" : "PrimitiveType[3435-3442]:PrimitiveType[3490-3497]"
    }, {
      "left" : "equalStrings",
      "right" : "equalStrings",
      "info" : "SimpleName[3443-3455]:SimpleName[3498-3510]"
    }, {
      "left" : "String s1",
      "right" : "String s1",
      "info" : "SingleVariableDeclaration[3456-3465]:SingleVariableDeclaration[3511-3520]"
    }, {
      "left" : "String s2",
      "right" : "String s2",
      "info" : "SingleVariableDeclaration[3467-3476]:SingleVariableDeclaration[3522-3531]"
    }, {
      "left" : "{}",
      "right" : "{}",
      "info" : "Block[3478-3541]:Block[3533-3596]"
    }, {
      "left" : "return s1 == s2 || s1 != null && s1.equals(s2);",
      "right" : "return s1 == s2 || s1 != null && s1.equals(s2);",
      "info" : "ReturnStatement[3488-3535]:ReturnStatement[3543-3590]"
    }, {
      "left" : "private",
      "right" : "private",
      "info" : "Modifier[3547-3554]:Modifier[3602-3609]"
    }, {
      "left" : "Attr",
      "right" : "Attr",
      "info" : "SimpleType[3555-3559]:SimpleType[3610-3614]"
    }, {
      "left" : "getAttribute",
      "right" : "getAttribute",
      "info" : "SimpleName[3560-3572]:SimpleName[3615-3627]"
    }, {
      "left" : "Element element",
      "right" : "Element element",
      "info" : "SingleVariableDeclaration[3573-3588]:SingleVariableDeclaration[3628-3643]"
    }, {
      "left" : "QName name",
      "right" : "QName name",
      "info" : "SingleVariableDeclaration[3590-3600]:SingleVariableDeclaration[3645-3655]"
    }, {
      "left" : "{}",
      "right" : "{}",
      "info" : "Block[3602-4493]:Block[3657-4716]"
    }, {
      "left" : "String testPrefix = name.getPrefix();",
      "right" : "String testPrefix = name.getPrefix();",
      "info" : "VariableDeclarationStatement[3612-3649]:VariableDeclarationStatement[3667-3704]"
    }, {
      "left" : "String testNS = null;",
      "right" : "String testNS = null;",
      "info" : "VariableDeclarationStatement[3658-3679]:VariableDeclarationStatement[3713-3734]"
    }, {
      "left" : "if (testPrefix != null)",
      "right" : "if (testPrefix != null)",
      "info" : "IfStatement[3689-3781]:IfStatement[3744-4004]"
    }, {
      "left" : "{}",
      "right" : "{}",
      "info" : "Block[3713-3781]:Block[3768-4004]"
    }, {
      "left" : "testNS = parent.getNamespaceURI(testPrefix);",
      "right" : "testNS = testNS == null ? parent.getNamespaceURI(testPrefix) : testNS;",
      "info" : "ExpressionStatement[3727-3771]:ExpressionStatement[3924-3994]"
    }, {
      "left" : "parent.getNamespaceURI(testPrefix)",
      "right" : "parent.getNamespaceURI(testPrefix)",
      "info" : "MethodInvocation[3736-3770]:MethodInvocation[3950-3984]"
    }, {
      "left" : "if (testNS != null)",
      "right" : "if (testNS != null)",
      "info" : "IfStatement[3791-4430]:IfStatement[4014-4653]"
    }, {
      "left" : "{}",
      "right" : "{}",
      "info" : "Block[3811-4430]:Block[4034-4653]"
    }, {
      "left" : "Attr attr = element.getAttributeNodeNS(testNS, name.getName());",
      "right" : "Attr attr = element.getAttributeNodeNS(testNS, name.getName());",
      "info" : "VariableDeclarationStatement[3825-3888]:VariableDeclarationStatement[4048-4111]"
    }, {
      "left" : "if (attr != null)",
      "right" : "if (attr != null)",
      "info" : "IfStatement[3901-3963]:IfStatement[4124-4186]"
    }, {
      "left" : "{}",
      "right" : "{}",
      "info" : "Block[3919-3963]:Block[4142-4186]"
    }, {
      "left" : "return attr;",
      "right" : "return attr;",
      "info" : "ReturnStatement[3937-3949]:ReturnStatement[4160-4172]"
    }, {
      "left" : "NamedNodeMap nnm = element.getAttributes();",
      "right" : "NamedNodeMap nnm = element.getAttributes();",
      "info" : "VariableDeclarationStatement[4144-4187]:VariableDeclarationStatement[4367-4410]"
    }, {
      "left" : "for (int i = 0; i < nnm.getLength(); i++)",
      "right" : "for (int i = 0; i < nnm.getLength(); i++)",
      "info" : "ForStatement[4200-4395]:ForStatement[4423-4618]"
    }, {
      "left" : "{}",
      "right" : "{}",
      "info" : "Block[4242-4395]:Block[4465-4618]"
    }, {
      "left" : "attr = (Attr) nnm.item(i);",
      "right" : "attr = (Attr) nnm.item(i);",
      "info" : "ExpressionStatement[4260-4286]:ExpressionStatement[4483-4509]"
    }, {
      "left" : "if (testAttr(attr, name))",
      "right" : "if (testAttr(attr, name))",
      "info" : "IfStatement[4303-4381]:IfStatement[4526-4604]"
    }, {
      "left" : "{}",
      "right" : "{}",
      "info" : "Block[4329-4381]:Block[4552-4604]"
    }, {
      "left" : "return attr;",
      "right" : "return attr;",
      "info" : "ReturnStatement[4351-4363]:ReturnStatement[4574-4586]"
    }, {
      "left" : "return null;",
      "right" : "return null;",
      "info" : "ReturnStatement[4408-4420]:ReturnStatement[4631-4643]"
    }, {
      "left" : "return element.getAttributeNode(name.getName());",
      "right" : "return element.getAttributeNode(name.getName());",
      "info" : "ReturnStatement[4439-4487]:ReturnStatement[4662-4710]"
    }, {
      "left" : "public",
      "right" : "public",
      "info" : "Modifier[4499-4505]:Modifier[4722-4728]"
    }, {
      "left" : "NodePointer",
      "right" : "NodePointer",
      "info" : "SimpleType[4506-4517]:SimpleType[4729-4740]"
    }, {
      "left" : "getNodePointer",
      "right" : "getNodePointer",
      "info" : "SimpleName[4518-4532]:SimpleName[4741-4755]"
    }, {
      "left" : "{}",
      "right" : "{}",
      "info" : "Block[4535-4855]:Block[4758-5078]"
    }, {
      "left" : "if (position == 0)",
      "right" : "if (position == 0)",
      "info" : "IfStatement[4545-4679]:IfStatement[4768-4902]"
    }, {
      "left" : "{}",
      "right" : "{}",
      "info" : "Block[4564-4679]:Block[4787-4902]"
    }, {
      "left" : "if (!setPosition(1))",
      "right" : "if (!setPosition(1))",
      "info" : "IfStatement[4578-4643]:IfStatement[4801-4866]"
    }, {
      "left" : "{}",
      "right" : "{}",
      "info" : "Block[4599-4643]:Block[4822-4866]"
    }, {
      "left" : "return null;",
      "right" : "return null;",
      "info" : "ReturnStatement[4617-4629]:ReturnStatement[4840-4852]"
    }, {
      "left" : "position = 0;",
      "right" : "position = 0;",
      "info" : "ExpressionStatement[4656-4669]:ExpressionStatement[4879-4892]"
    }, {
      "left" : "int index = position - 1;",
      "right" : "int index = position - 1;",
      "info" : "VariableDeclarationStatement[4688-4713]:VariableDeclarationStatement[4911-4936]"
    }, {
      "left" : "if (index < 0)",
      "right" : "if (index < 0)",
      "info" : "IfStatement[4722-4771]:IfStatement[4945-4994]"
    }, {
      "left" : "{}",
      "right" : "{}",
      "info" : "Block[4737-4771]:Block[4960-4994]"
    }, {
      "left" : "index = 0;",
      "right" : "index = 0;",
      "info" : "ExpressionStatement[4751-4761]:ExpressionStatement[4974-4984]"
    }, {
      "left" : "return new DOMAttributePointer(parent, (Attr) attributes.get(index));",
      "right" : "return new DOMAttributePointer(parent, (Attr) attributes.get(index));",
      "info" : "ReturnStatement[4780-4849]:ReturnStatement[5003-5072]"
    }, {
      "left" : "public",
      "right" : "public",
      "info" : "Modifier[4861-4867]:Modifier[5084-5090]"
    }, {
      "left" : "int",
      "right" : "int",
      "info" : "PrimitiveType[4868-4871]:PrimitiveType[5091-5094]"
    }, {
      "left" : "getPosition",
      "right" : "getPosition",
      "info" : "SimpleName[4872-4883]:SimpleName[5095-5106]"
    }, {
      "left" : "{}",
      "right" : "{}",
      "info" : "Block[4886-4918]:Block[5109-5141]"
    }, {
      "left" : "return position;",
      "right" : "return position;",
      "info" : "ReturnStatement[4896-4912]:ReturnStatement[5119-5135]"
    }, {
      "left" : "public",
      "right" : "public",
      "info" : "Modifier[4924-4930]:Modifier[5147-5153]"
    }, {
      "left" : "boolean",
      "right" : "boolean",
      "info" : "PrimitiveType[4931-4938]:PrimitiveType[5154-5161]"
    }, {
      "left" : "setPosition",
      "right" : "setPosition",
      "info" : "SimpleName[4939-4950]:SimpleName[5162-5173]"
    }, {
      "left" : "int position",
      "right" : "int position",
      "info" : "SingleVariableDeclaration[4951-4963]:SingleVariableDeclaration[5174-5186]"
    }, {
      "left" : "{}",
      "right" : "{}",
      "info" : "Block[4965-5069]:Block[5188-5292]"
    }, {
      "left" : "this.position = position;",
      "right" : "this.position = position;",
      "info" : "ExpressionStatement[4975-5000]:ExpressionStatement[5198-5223]"
    }, {
      "left" : "return position >= 1 && position <= attributes.size();",
      "right" : "return position >= 1 && position <= attributes.size();",
      "info" : "ReturnStatement[5009-5063]:ReturnStatement[5232-5286]"
    } ]
  },
  "interFileMappings" : { }
}