{
  "intraFileMappings" : {
    "matchedElements" : [
 {
      "left" : "JsonGeneratorImpl",
      "right" : "JsonGeneratorImpl",
      "info" : "TypeDeclaration[427-5923]:TypeDeclaration[427-6125]"
    }, {
      "left" : "protected final static int[] sOutputEscapes = CharTypes.get7BitOutputEscapes();",
      "right" : "protected final static int[] sOutputEscapes = CharTypes.get7BitOutputEscapes();",
      "info" : "FieldDeclaration[814-1055]:FieldDeclaration[814-1055]"
    }, {
      "left" : "final protected IOContext _ioContext;",
      "right" : "final protected IOContext _ioContext;",
      "info" : "FieldDeclaration[1241-1278]:FieldDeclaration[1241-1278]"
    }, {
      "left" : "protected int[] _outputEscapes = sOutputEscapes;",
      "right" : "protected int[] _outputEscapes = sOutputEscapes;",
      "info" : "FieldDeclaration[1466-1751]:FieldDeclaration[1466-1751]"
    }, {
      "left" : "protected int _maximumNonEscapedChar;",
      "right" : "protected int _maximumNonEscapedChar;",
      "info" : "FieldDeclaration[1757-2240]:FieldDeclaration[1757-2240]"
    }, {
      "left" : "protected CharacterEscapes _characterEscapes;",
      "right" : "protected CharacterEscapes _characterEscapes;",
      "info" : "FieldDeclaration[2246-2479]:FieldDeclaration[2246-2479]"
    }, {
      "left" : "protected SerializableString _rootValueSeparator\n        = DefaultPrettyPrinter.DEFAULT_ROOT_VALUE_SEPARATOR;",
      "right" : "protected SerializableString _rootValueSeparator\n        = DefaultPrettyPrinter.DEFAULT_ROOT_VALUE_SEPARATOR;",
      "info" : "FieldDeclaration[2661-2872]:FieldDeclaration[2661-2872]"
    }, {
      "left" : "protected boolean _cfgUnqNames;",
      "right" : "protected boolean _cfgUnqNames;",
      "info" : "FieldDeclaration[2878-3046]:FieldDeclaration[2878-3046]"
    }, {
      "left" : "public JsonGeneratorImpl(IOContext ctxt, int features, ObjectCodec codec)",
      "right" : "public JsonGeneratorImpl(IOContext ctxt, int features, ObjectCodec codec)",
      "info" : "MethodDeclaration[3214-3593]:MethodDeclaration[3214-3593]"
    }, {
      "left" : "public JsonGenerator enable(Feature f)",
      "right" : "public JsonGenerator enable(Feature f)",
      "info" : "MethodDeclaration[3783-3979]:MethodDeclaration[3783-3979]"
    }, {
      "left" : "protected void _checkStdFeatureChanges(int newFeatureFlags, int changedFeatures)",
      "right" : "protected void _checkStdFeatureChanges(int newFeatureFlags, int changedFeatures)",
      "info" : "MethodDeclaration[3986-4239]:MethodDeclaration[4188-4441]"
    }, {
      "left" : "public JsonGenerator setHighestNonEscapedChar(int charCode)",
      "right" : "public JsonGenerator setHighestNonEscapedChar(int charCode)",
      "info" : "MethodDeclaration[4245-4411]:MethodDeclaration[4447-4613]"
    }, {
      "left" : "public int getHighestEscapedChar()",
      "right" : "public int getHighestEscapedChar()",
      "info" : "MethodDeclaration[4417-4512]:MethodDeclaration[4619-4714]"
    }, {
      "left" : "public JsonGenerator setCharacterEscapes(CharacterEscapes esc)",
      "right" : "public JsonGenerator setCharacterEscapes(CharacterEscapes esc)",
      "info" : "MethodDeclaration[4518-4848]:MethodDeclaration[4720-5050]"
    }, {
      "left" : "public CharacterEscapes getCharacterEscapes()",
      "right" : "public CharacterEscapes getCharacterEscapes()",
      "info" : "MethodDeclaration[4854-5073]:MethodDeclaration[5056-5275]"
    }, {
      "left" : "public JsonGenerator setRootValueSeparator(SerializableString sep)",
      "right" : "public JsonGenerator setRootValueSeparator(SerializableString sep)",
      "info" : "MethodDeclaration[5083-5227]:MethodDeclaration[5285-5429]"
    }, {
      "left" : "public Version version()",
      "right" : "public Version version()",
      "info" : "MethodDeclaration[5398-5495]:MethodDeclaration[5600-5697]"
    }, {
      "left" : "public final void writeStringField(String fieldName, String value) throws IOException",
      "right" : "public final void writeStringField(String fieldName, String value) throws IOException",
      "info" : "MethodDeclaration[5747-5921]:MethodDeclaration[5949-6123]"
    } ],
    "mappings" : [
 {
      "left" : "{}",
      "right" : "{}",
      "info" : "Block[3292-3593]:Block[3292-3593]"
    }, {
      "left" : "super(features, codec);",
      "right" : "super(features, codec);",
      "info" : "SuperConstructorInvocation[3302-3325]:SuperConstructorInvocation[3302-3325]"
    }, {
      "left" : "_ioContext = ctxt;",
      "right" : "_ioContext = ctxt;",
      "info" : "ExpressionStatement[3334-3352]:ExpressionStatement[3334-3352]"
    }, {
      "left" : "if (Feature.ESCAPE_NON_ASCII.enabledIn(features))",
      "right" : "if (Feature.ESCAPE_NON_ASCII.enabledIn(features))",
      "info" : "IfStatement[3361-3516]:IfStatement[3361-3516]"
    }, {
      "left" : "{}",
      "right" : "{}",
      "info" : "Block[3411-3516]:Block[3411-3516]"
    }, {
      "left" : "_maximumNonEscapedChar = 127;",
      "right" : "_maximumNonEscapedChar = 127;",
      "info" : "ExpressionStatement[3477-3506]:ExpressionStatement[3477-3506]"
    }, {
      "left" : "_cfgUnqNames = !Feature.QUOTE_FIELD_NAMES.enabledIn(features);",
      "right" : "_cfgUnqNames = !Feature.QUOTE_FIELD_NAMES.enabledIn(features);",
      "info" : "ExpressionStatement[3525-3587]:ExpressionStatement[3525-3587]"
    }, {
      "left" : "{}",
      "right" : "{}",
      "info" : "Block[3836-3979]:Block[3836-3979]"
    }, {
      "left" : "super.enable(f);",
      "right" : "super.enable(f);",
      "info" : "ExpressionStatement[3846-3862]:ExpressionStatement[3846-3862]"
    }, {
      "left" : "if (f == Feature.QUOTE_FIELD_NAMES)",
      "right" : "if (f == Feature.QUOTE_FIELD_NAMES)",
      "info" : "IfStatement[3871-3952]:IfStatement[3871-3952]"
    }, {
      "left" : "{}",
      "right" : "{}",
      "info" : "Block[3907-3952]:Block[3907-3952]"
    }, {
      "left" : "_cfgUnqNames = false;",
      "right" : "_cfgUnqNames = false;",
      "info" : "ExpressionStatement[3921-3942]:ExpressionStatement[3921-3942]"
    }, {
      "left" : "return this;",
      "right" : "return this;",
      "info" : "ReturnStatement[3961-3973]:ReturnStatement[3961-3973]"
    }, {
      "left" : "{}",
      "right" : "{}",
      "info" : "Block[4081-4239]:Block[4283-4441]"
    }, {
      "left" : "super._checkStdFeatureChanges(newFeatureFlags, changedFeatures);",
      "right" : "super._checkStdFeatureChanges(newFeatureFlags, changedFeatures);",
      "info" : "ExpressionStatement[4091-4155]:ExpressionStatement[4293-4357]"
    }, {
      "left" : "_cfgUnqNames = !Feature.QUOTE_FIELD_NAMES.enabledIn(newFeatureFlags);",
      "right" : "_cfgUnqNames = !Feature.QUOTE_FIELD_NAMES.enabledIn(newFeatureFlags);",
      "info" : "ExpressionStatement[4164-4233]:ExpressionStatement[4366-4435]"
    }, {
      "left" : "{}",
      "right" : "{}",
      "info" : "Block[4319-4411]:Block[4521-4613]"
    }, {
      "left" : "_maximumNonEscapedChar = (charCode < 0) ? 0 : charCode;",
      "right" : "_maximumNonEscapedChar = (charCode < 0) ? 0 : charCode;",
      "info" : "ExpressionStatement[4329-4384]:ExpressionStatement[4531-4586]"
    }, {
      "left" : "return this;",
      "right" : "return this;",
      "info" : "ReturnStatement[4393-4405]:ReturnStatement[4595-4607]"
    }, {
      "left" : "{}",
      "right" : "{}",
      "info" : "Block[4466-4512]:Block[4668-4714]"
    }, {
      "left" : "return _maximumNonEscapedChar;",
      "right" : "return _maximumNonEscapedChar;",
      "info" : "ReturnStatement[4476-4506]:ReturnStatement[4678-4708]"
    }, {
      "left" : "{}",
      "right" : "{}",
      "info" : "Block[4599-4848]:Block[4801-5050]"
    }, {
      "left" : "_characterEscapes = esc;",
      "right" : "_characterEscapes = esc;",
      "info" : "ExpressionStatement[4609-4633]:ExpressionStatement[4811-4835]"
    }, {
      "left" : "if (esc == null)",
      "right" : "if (esc == null)",
      "info" : "IfStatement[4642-4821]:IfStatement[4844-5023]"
    }, {
      "left" : "{}",
      "right" : "{}",
      "info" : "Block[4659-4745]:Block[4861-4947]"
    }, {
      "left" : "_outputEscapes = sOutputEscapes;",
      "right" : "_outputEscapes = sOutputEscapes;",
      "info" : "ExpressionStatement[4703-4735]:ExpressionStatement[4905-4937]"
    }, {
      "left" : "{}",
      "right" : "{}",
      "info" : "Block[4751-4821]:Block[4953-5023]"
    }, {
      "left" : "_outputEscapes = esc.getEscapeCodesForAscii();",
      "right" : "_outputEscapes = esc.getEscapeCodesForAscii();",
      "info" : "ExpressionStatement[4765-4811]:ExpressionStatement[4967-5013]"
    }, {
      "left" : "return this;",
      "right" : "return this;",
      "info" : "ReturnStatement[4830-4842]:ReturnStatement[5032-5044]"
    }, {
      "left" : "{}",
      "right" : "{}",
      "info" : "Block[5032-5073]:Block[5234-5275]"
    }, {
      "left" : "return _characterEscapes;",
      "right" : "return _characterEscapes;",
      "info" : "ReturnStatement[5042-5067]:ReturnStatement[5244-5269]"
    }, {
      "left" : "{}",
      "right" : "{}",
      "info" : "Block[5164-5227]:Block[5366-5429]"
    }, {
      "left" : "_rootValueSeparator = sep;",
      "right" : "_rootValueSeparator = sep;",
      "info" : "ExpressionStatement[5174-5200]:ExpressionStatement[5376-5402]"
    }, {
      "left" : "return this;",
      "right" : "return this;",
      "info" : "ReturnStatement[5209-5221]:ReturnStatement[5411-5423]"
    }, {
      "left" : "{}",
      "right" : "{}",
      "info" : "Block[5437-5495]:Block[5639-5697]"
    }, {
      "left" : "return VersionUtil.versionFor(getClass());",
      "right" : "return VersionUtil.versionFor(getClass());",
      "info" : "ReturnStatement[5447-5489]:ReturnStatement[5649-5691]"
    }, {
      "left" : "{}",
      "right" : "{}",
      "info" : "Block[5851-5921]:Block[6053-6123]"
    }, {
      "left" : "writeFieldName(fieldName);",
      "right" : "writeFieldName(fieldName);",
      "info" : "ExpressionStatement[5861-5887]:ExpressionStatement[6063-6089]"
    }, {
      "left" : "writeString(value);",
      "right" : "writeString(value);",
      "info" : "ExpressionStatement[5896-5915]:ExpressionStatement[6098-6117]"
    } ]
  },
  "interFileMappings" : { }
}