{
  "intraFileMappings" : {
    "matchedElements" : [
 {
      "left" : "JDOMAttributeIterator",
      "right" : "JDOMAttributeIterator",
      "info" : "TypeDeclaration[1168-3763]:TypeDeclaration[1223-4219]"
    }, {
      "left" : "private NodePointer parent;",
      "right" : "private NodePointer parent;",
      "info" : "FieldDeclaration[1346-1373]:FieldDeclaration[1401-1428]"
    }, {
      "left" : "private List attributes;",
      "right" : "private List attributes;",
      "info" : "FieldDeclaration[1378-1402]:FieldDeclaration[1433-1457]"
    }, {
      "left" : "private int position = 0;",
      "right" : "private int position = 0;",
      "info" : "FieldDeclaration[1407-1432]:FieldDeclaration[1462-1487]"
    }, {
      "left" : "public JDOMAttributeIterator(NodePointer parent, QName name)",
      "right" : "public JDOMAttributeIterator(NodePointer parent, QName name)",
      "info" : "MethodDeclaration[1438-3084]:MethodDeclaration[1493-3540]"
    }, {
      "left" : "public NodePointer getNodePointer()",
      "right" : "public NodePointer getNodePointer()",
      "info" : "MethodDeclaration[3090-3477]:MethodDeclaration[3546-3933]"
    }, {
      "left" : "public int getPosition()",
      "right" : "public int getPosition()",
      "info" : "MethodDeclaration[3483-3540]:MethodDeclaration[3939-3996]"
    }, {
      "left" : "public boolean setPosition(int position)",
      "right" : "public boolean setPosition(int position)",
      "info" : "MethodDeclaration[3546-3761]:MethodDeclaration[4002-4217]"
    } ],
    "mappings" : [
 {
      "left" : "public",
      "right" : "public",
      "info" : "Modifier[1281-1287]:Modifier[1336-1342]"
    }, {
      "left" : "class",
      "right" : "class",
      "info" : "TYPE_DECLARATION_KIND[1288-1293]:TYPE_DECLARATION_KIND[1343-1348]"
    }, {
      "left" : "JDOMAttributeIterator",
      "right" : "JDOMAttributeIterator",
      "info" : "SimpleName[1294-1315]:SimpleName[1349-1370]"
    }, {
      "left" : "NodeIterator",
      "right" : "NodeIterator",
      "info" : "SimpleType[1327-1339]:SimpleType[1382-1394]"
    }, {
      "left" : "public",
      "right" : "public",
      "info" : "Modifier[1438-1444]:Modifier[1493-1499]"
    }, {
      "left" : "JDOMAttributeIterator",
      "right" : "JDOMAttributeIterator",
      "info" : "SimpleName[1445-1466]:SimpleName[1500-1521]"
    }, {
      "left" : "NodePointer parent",
      "right" : "NodePointer parent",
      "info" : "SingleVariableDeclaration[1467-1485]:SingleVariableDeclaration[1522-1540]"
    }, {
      "left" : "QName name",
      "right" : "QName name",
      "info" : "SingleVariableDeclaration[1487-1497]:SingleVariableDeclaration[1542-1552]"
    }, {
      "left" : "{}",
      "right" : "{}",
      "info" : "Block[1499-3084]:Block[1554-3540]"
    }, {
      "left" : "this.parent = parent;",
      "right" : "this.parent = parent;",
      "info" : "ExpressionStatement[1509-1530]:ExpressionStatement[1564-1585]"
    }, {
      "left" : "if (parent.getNode() instanceof Element)",
      "right" : "if (parent.getNode() instanceof Element)",
      "info" : "IfStatement[1539-3078]:IfStatement[1594-3534]"
    }, {
      "left" : "{}",
      "right" : "{}",
      "info" : "Block[1580-3078]:Block[1635-3534]"
    }, {
      "left" : "Element element = (Element) parent.getNode();",
      "right" : "Element element = (Element) parent.getNode();",
      "info" : "VariableDeclarationStatement[1594-1639]:VariableDeclarationStatement[1649-1694]"
    }, {
      "left" : "String prefix = name.getPrefix();",
      "right" : "String prefix = name.getPrefix();",
      "info" : "VariableDeclarationStatement[1652-1685]:VariableDeclarationStatement[1707-1740]"
    }, {
      "left" : "Namespace ns = null;",
      "right" : "Namespace ns = null;",
      "info" : "VariableDeclarationStatement[1698-1718]:VariableDeclarationStatement[1753-1773]"
    }, {
      "left" : "if (prefix != null)",
      "right" : "if (prefix != null)",
      "info" : "IfStatement[1731-2275]:IfStatement[1786-2731]"
    }, {
      "left" : "{}",
      "right" : "{}",
      "info" : "Block[1751-2197]:Block[1806-2653]"
    }, {
      "left" : "if (prefix.equals(\"xml\"))",
      "right" : "if (ns == null)",
      "info" : "IfStatement[1769-2183]:IfStatement[2304-2621]"
    }, {
      "left" : "prefix.equals(\"xml\")",
      "right" : "prefix.equals(\"xml\")",
      "info" : "MethodInvocation[1773-1793]:MethodInvocation[1828-1848]"
    }, {
      "left" : "{}",
      "right" : "{}",
      "info" : "Block[1795-1864]:Block[1850-1919]"
    }, {
      "left" : "ns = Namespace.XML_NAMESPACE;",
      "right" : "ns = Namespace.XML_NAMESPACE;",
      "info" : "ExpressionStatement[1817-1846]:ExpressionStatement[1872-1901]"
    }, {
      "left" : "{}",
      "right" : "{}",
      "info" : "Block[1886-2183]:Block[2320-2621]"
    }, {
      "left" : "ns = element.getNamespace(prefix);",
      "right" : "ns = element.getNamespace(prefix);",
      "info" : "ExpressionStatement[1912-1946]:ExpressionStatement[2346-2380]"
    }, {
      "left" : "if (ns == null)",
      "right" : "if (ns == null)",
      "info" : "IfStatement[1971-2165]:IfStatement[2405-2599]"
    }, {
      "left" : "{}",
      "right" : "{}",
      "info" : "Block[1987-2165]:Block[2421-2599]"
    }, {
      "left" : "attributes = Collections.EMPTY_LIST;",
      "right" : "attributes = Collections.EMPTY_LIST;",
      "info" : "ExpressionStatement[2067-2103]:ExpressionStatement[2501-2537]"
    }, {
      "left" : "return;",
      "right" : "return;",
      "info" : "ReturnStatement[2132-2139]:ReturnStatement[2566-2573]"
    }, {
      "left" : "{}",
      "right" : "{}",
      "info" : "Block[2215-2275]:Block[2671-2731]"
    }, {
      "left" : "ns = Namespace.NO_NAMESPACE;",
      "right" : "ns = Namespace.NO_NAMESPACE;",
      "info" : "ExpressionStatement[2233-2261]:ExpressionStatement[2689-2717]"
    }, {
      "left" : "String lname = name.getName();",
      "right" : "String lname = name.getName();",
      "info" : "VariableDeclarationStatement[2289-2319]:VariableDeclarationStatement[2745-2775]"
    }, {
      "left" : "if (!lname.equals(\"*\"))",
      "right" : "if (!lname.equals(\"*\"))",
      "info" : "IfStatement[2332-3068]:IfStatement[2788-3524]"
    }, {
      "left" : "{}",
      "right" : "{}",
      "info" : "Block[2356-2647]:Block[2812-3103]"
    }, {
      "left" : "attributes = new ArrayList();",
      "right" : "attributes = new ArrayList();",
      "info" : "ExpressionStatement[2374-2403]:ExpressionStatement[2830-2859]"
    }, {
      "left" : "if (ns != null)",
      "right" : "if (ns != null)",
      "info" : "IfStatement[2420-2633]:IfStatement[2876-3089]"
    }, {
      "left" : "{}",
      "right" : "{}",
      "info" : "Block[2436-2633]:Block[2892-3089]"
    }, {
      "left" : "Attribute attr = element.getAttribute(lname, ns);",
      "right" : "Attribute attr = element.getAttribute(lname, ns);",
      "info" : "VariableDeclarationStatement[2458-2507]:VariableDeclarationStatement[2914-2963]"
    }, {
      "left" : "if (attr != null)",
      "right" : "if (attr != null)",
      "info" : "IfStatement[2528-2615]:IfStatement[2984-3071]"
    }, {
      "left" : "{}",
      "right" : "{}",
      "info" : "Block[2546-2615]:Block[3002-3071]"
    }, {
      "left" : "attributes.add(attr);",
      "right" : "attributes.add(attr);",
      "info" : "ExpressionStatement[2572-2593]:ExpressionStatement[3028-3049]"
    }, {
      "left" : "{}",
      "right" : "{}",
      "info" : "Block[2665-3068]:Block[3121-3524]"
    }, {
      "left" : "attributes = new ArrayList();",
      "right" : "attributes = new ArrayList();",
      "info" : "ExpressionStatement[2683-2712]:ExpressionStatement[3139-3168]"
    }, {
      "left" : "List allAttributes = element.getAttributes();",
      "right" : "List allAttributes = element.getAttributes();",
      "info" : "VariableDeclarationStatement[2729-2774]:VariableDeclarationStatement[3185-3230]"
    }, {
      "left" : "for (int i = 0; i < allAttributes.size(); i++)",
      "right" : "for (int i = 0; i < allAttributes.size(); i++)",
      "info" : "ForStatement[2791-3054]:ForStatement[3247-3510]"
    }, {
      "left" : "{}",
      "right" : "{}",
      "info" : "Block[2838-3054]:Block[3294-3510]"
    }, {
      "left" : "Attribute attr = (Attribute) allAttributes.get(i);",
      "right" : "Attribute attr = (Attribute) allAttributes.get(i);",
      "info" : "VariableDeclarationStatement[2860-2910]:VariableDeclarationStatement[3316-3366]"
    }, {
      "left" : "if (attr.getNamespace().equals(ns))",
      "right" : "if (attr.getNamespace().equals(ns))",
      "info" : "IfStatement[2931-3036]:IfStatement[3387-3492]"
    }, {
      "left" : "{}",
      "right" : "{}",
      "info" : "Block[2967-3036]:Block[3423-3492]"
    }, {
      "left" : "attributes.add(attr);",
      "right" : "attributes.add(attr);",
      "info" : "ExpressionStatement[2993-3014]:ExpressionStatement[3449-3470]"
    }, {
      "left" : "public",
      "right" : "public",
      "info" : "Modifier[3090-3096]:Modifier[3546-3552]"
    }, {
      "left" : "NodePointer",
      "right" : "NodePointer",
      "info" : "SimpleType[3097-3108]:SimpleType[3553-3564]"
    }, {
      "left" : "getNodePointer",
      "right" : "getNodePointer",
      "info" : "SimpleName[3109-3123]:SimpleName[3565-3579]"
    }, {
      "left" : "{}",
      "right" : "{}",
      "info" : "Block[3126-3477]:Block[3582-3933]"
    }, {
      "left" : "if (position == 0)",
      "right" : "if (position == 0)",
      "info" : "IfStatement[3136-3270]:IfStatement[3592-3726]"
    }, {
      "left" : "{}",
      "right" : "{}",
      "info" : "Block[3155-3270]:Block[3611-3726]"
    }, {
      "left" : "if (!setPosition(1))",
      "right" : "if (!setPosition(1))",
      "info" : "IfStatement[3169-3234]:IfStatement[3625-3690]"
    }, {
      "left" : "{}",
      "right" : "{}",
      "info" : "Block[3190-3234]:Block[3646-3690]"
    }, {
      "left" : "return null;",
      "right" : "return null;",
      "info" : "ReturnStatement[3208-3220]:ReturnStatement[3664-3676]"
    }, {
      "left" : "position = 0;",
      "right" : "position = 0;",
      "info" : "ExpressionStatement[3247-3260]:ExpressionStatement[3703-3716]"
    }, {
      "left" : "int index = position - 1;",
      "right" : "int index = position - 1;",
      "info" : "VariableDeclarationStatement[3279-3304]:VariableDeclarationStatement[3735-3760]"
    }, {
      "left" : "if (index < 0)",
      "right" : "if (index < 0)",
      "info" : "IfStatement[3313-3362]:IfStatement[3769-3818]"
    }, {
      "left" : "{}",
      "right" : "{}",
      "info" : "Block[3328-3362]:Block[3784-3818]"
    }, {
      "left" : "index = 0;",
      "right" : "index = 0;",
      "info" : "ExpressionStatement[3342-3352]:ExpressionStatement[3798-3808]"
    }, {
      "left" : "return new JDOMAttributePointer(\n            parent,\n            (Attribute) attributes.get(index));",
      "right" : "return new JDOMAttributePointer(\n            parent,\n            (Attribute) attributes.get(index));",
      "info" : "ReturnStatement[3371-3471]:ReturnStatement[3827-3927]"
    }, {
      "left" : "public",
      "right" : "public",
      "info" : "Modifier[3483-3489]:Modifier[3939-3945]"
    }, {
      "left" : "int",
      "right" : "int",
      "info" : "PrimitiveType[3490-3493]:PrimitiveType[3946-3949]"
    }, {
      "left" : "getPosition",
      "right" : "getPosition",
      "info" : "SimpleName[3494-3505]:SimpleName[3950-3961]"
    }, {
      "left" : "{}",
      "right" : "{}",
      "info" : "Block[3508-3540]:Block[3964-3996]"
    }, {
      "left" : "return position;",
      "right" : "return position;",
      "info" : "ReturnStatement[3518-3534]:ReturnStatement[3974-3990]"
    }, {
      "left" : "public",
      "right" : "public",
      "info" : "Modifier[3546-3552]:Modifier[4002-4008]"
    }, {
      "left" : "boolean",
      "right" : "boolean",
      "info" : "PrimitiveType[3553-3560]:PrimitiveType[4009-4016]"
    }, {
      "left" : "setPosition",
      "right" : "setPosition",
      "info" : "SimpleName[3561-3572]:SimpleName[4017-4028]"
    }, {
      "left" : "int position",
      "right" : "int position",
      "info" : "SingleVariableDeclaration[3573-3585]:SingleVariableDeclaration[4029-4041]"
    }, {
      "left" : "{}",
      "right" : "{}",
      "info" : "Block[3587-3761]:Block[4043-4217]"
    }, {
      "left" : "if (attributes == null)",
      "right" : "if (attributes == null)",
      "info" : "IfStatement[3597-3658]:IfStatement[4053-4114]"
    }, {
      "left" : "{}",
      "right" : "{}",
      "info" : "Block[3621-3658]:Block[4077-4114]"
    }, {
      "left" : "return false;",
      "right" : "return false;",
      "info" : "ReturnStatement[3635-3648]:ReturnStatement[4091-4104]"
    }, {
      "left" : "this.position = position;",
      "right" : "this.position = position;",
      "info" : "ExpressionStatement[3667-3692]:ExpressionStatement[4123-4148]"
    }, {
      "left" : "return position >= 1 && position <= attributes.size();",
      "right" : "return position >= 1 && position <= attributes.size();",
      "info" : "ReturnStatement[3701-3755]:ReturnStatement[4157-4211]"
    } ]
  },
  "interFileMappings" : { }
}