{
  "intraFileMappings" : {
    "matchedElements" : [
 {
      "left" : "BlockMeta",
      "right" : "BlockMeta",
      "info" : "TypeDeclaration[909-1855]:TypeDeclaration[865-1341]"
    }, {
      "left" : "public BlockMeta(long blockId, long blockSize, StorageDir dir)",
      "right" : "public BlockMeta(long blockId, long blockSize, StorageDir dir)",
      "info" : "MethodDeclaration[1134-1298]:MethodDeclaration[989-1093]"
    }, {
      "left" : "public long getBlockSize()",
      "right" : "public BlockMeta(TempBlockMeta tempBlock)",
      "info" : "MethodDeclaration[1357-1412]:MethodDeclaration[1097-1230]"
    }, {
      "left" : "public String getPath()",
      "right" : "public String getPath()",
      "info" : "MethodDeclaration[1416-1509]:MethodDeclaration[1234-1339]"
    } ],
    "mappings" : [
 {
      "left" : "public",
      "right" : "public",
      "info" : "Modifier[983-989]:Modifier[939-945]"
    }, {
      "left" : "class",
      "right" : "class",
      "info" : "TYPE_DECLARATION_KIND[990-995]:TYPE_DECLARATION_KIND[946-951]"
    }, {
      "left" : "BlockMeta",
      "right" : "BlockMeta",
      "info" : "SimpleName[996-1005]:SimpleName[952-961]"
    }, {
      "left" : "StorageDir",
      "right" : "BlockMetaBase",
      "info" : "SimpleType[1076-1086]:SimpleType[970-983]"
    }, {
      "left" : "public",
      "right" : "public",
      "info" : "Modifier[1134-1140]:Modifier[989-995]"
    }, {
      "left" : "BlockMeta",
      "right" : "BlockMeta",
      "info" : "SimpleName[1141-1150]:SimpleName[996-1005]"
    }, {
      "left" : "long blockId",
      "right" : "long blockId",
      "info" : "SingleVariableDeclaration[1151-1163]:SingleVariableDeclaration[1006-1018]"
    }, {
      "left" : "long blockSize",
      "right" : "long blockSize",
      "info" : "SingleVariableDeclaration[1165-1179]:SingleVariableDeclaration[1020-1034]"
    }, {
      "left" : "StorageDir dir",
      "right" : "StorageDir dir",
      "info" : "SingleVariableDeclaration[1181-1195]:SingleVariableDeclaration[1036-1050]"
    }, {
      "left" : "{}",
      "right" : "{}",
      "info" : "Block[1197-1298]:Block[1052-1093]"
    }, {
      "left" : "blockId",
      "right" : "blockId",
      "info" : "SimpleName[1214-1221]:SimpleName[1064-1071]"
    }, {
      "left" : "mBlockSize",
      "right" : "BlockMeta",
      "info" : "SimpleName[1227-1237]:SimpleName[1104-1113]"
    }, {
      "left" : "blockSize",
      "right" : "blockSize",
      "info" : "SimpleName[1240-1249]:SimpleName[1073-1082]"
    }, {
      "left" : "mDir",
      "right" : "TempBlockMeta",
      "info" : "SimpleName[1255-1259]:SimpleName[1114-1127]"
    }, {
      "left" : "Preconditions",
      "right" : "tempBlock",
      "info" : "SimpleName[1262-1275]:SimpleName[1151-1160]"
    }, {
      "left" : "Preconditions.checkNotNull(dir)",
      "right" : "tempBlock.getBlockId()",
      "info" : "MethodInvocation[1262-1293]:MethodInvocation[1151-1173]"
    }, {
      "left" : "checkNotNull",
      "right" : "getBlockId",
      "info" : "SimpleName[1276-1288]:SimpleName[1161-1171]"
    }, {
      "left" : "dir",
      "right" : "dir",
      "info" : "SimpleName[1289-1292]:SimpleName[1084-1087]"
    }, {
      "left" : "getBlockId",
      "right" : "tempBlock",
      "info" : "SimpleName[1314-1324]:SimpleName[1175-1184]"
    }, {
      "left" : "mBlockId",
      "right" : "getBlockSize",
      "info" : "SimpleName[1340-1348]:SimpleName[1185-1197]"
    }, {
      "left" : "public",
      "right" : "public",
      "info" : "Modifier[1357-1363]:Modifier[1097-1103]"
    }, {
      "left" : "getBlockSize",
      "right" : "tempBlock",
      "info" : "SimpleName[1369-1381]:SimpleName[1201-1210]"
    }, {
      "left" : "{}",
      "right" : "{}",
      "info" : "Block[1384-1412]:Block[1139-1230]"
    }, {
      "left" : "mBlockSize",
      "right" : "getParentDir",
      "info" : "SimpleName[1397-1407]:SimpleName[1211-1223]"
    }, {
      "left" : "public",
      "right" : "public",
      "info" : "Modifier[1416-1422]:Modifier[1246-1252]"
    }, {
      "left" : "String",
      "right" : "String",
      "info" : "SimpleType[1423-1429]:SimpleType[1253-1259]"
    }, {
      "left" : "getPath",
      "right" : "getPath",
      "info" : "SimpleName[1430-1437]:SimpleName[1260-1267]"
    }, {
      "left" : "{}",
      "right" : "{}",
      "info" : "Block[1440-1509]:Block[1270-1339]"
    }, {
      "left" : "return CommonUtils.concatPath(mDir.getDirPath(), mBlockId);",
      "right" : "return CommonUtils.concatPath(mDir.getDirPath(), mBlockId);",
      "info" : "ReturnStatement[1446-1505]:ReturnStatement[1276-1335]"
    } ]
  },
  "interFileMappings" : { }
}