{
  "intraFileMappings" : {
    "matchedElements" : [
 {
      "left" : "StatisticalBarRenderer",
      "right" : "StatisticalBarRenderer",
      "info" : "TypeDeclaration[3812-21090]:TypeDeclaration[3812-21342]"
    }, {
      "left" : "private static final long serialVersionUID = -4986038395414039117L;",
      "right" : "private static final long serialVersionUID = -4986038395414039117L;",
      "info" : "FieldDeclaration[4214-4312]:FieldDeclaration[4214-4312]"
    }, {
      "left" : "private transient Paint errorIndicatorPaint;",
      "right" : "private transient Paint errorIndicatorPaint;",
      "info" : "FieldDeclaration[4324-4424]:FieldDeclaration[4324-4424]"
    }, {
      "left" : "private transient Stroke errorIndicatorStroke;",
      "right" : "private transient Stroke errorIndicatorStroke;",
      "info" : "FieldDeclaration[4436-4584]:FieldDeclaration[4436-4584]"
    }, {
      "left" : "public StatisticalBarRenderer()",
      "right" : "public StatisticalBarRenderer()",
      "info" : "MethodDeclaration[4596-4809]:MethodDeclaration[4596-4809]"
    }, {
      "left" : "public Paint getErrorIndicatorPaint()",
      "right" : "public Paint getErrorIndicatorPaint()",
      "info" : "MethodDeclaration[4817-5156]:MethodDeclaration[4817-5156]"
    }, {
      "left" : "public void setErrorIndicatorPaint(Paint paint)",
      "right" : "public void setErrorIndicatorPaint(Paint paint)",
      "info" : "MethodDeclaration[5164-5583]:MethodDeclaration[5164-5583]"
    }, {
      "left" : "public Stroke getErrorIndicatorStroke()",
      "right" : "public Stroke getErrorIndicatorStroke()",
      "info" : "MethodDeclaration[5595-5923]:MethodDeclaration[5595-5923]"
    }, {
      "left" : "public void setErrorIndicatorStroke(Stroke stroke)",
      "right" : "public void setErrorIndicatorStroke(Stroke stroke)",
      "info" : "MethodDeclaration[5931-6389]:MethodDeclaration[5931-6389]"
    }, {
      "left" : "public void drawItem(Graphics2D g2,\r\n                         CategoryItemRendererState state,\r\n                         Rectangle2D dataArea,\r\n                         CategoryPlot plot,\r\n                         CategoryAxis domainAxis,\r\n                         ValueAxis rangeAxis,\r\n                         CategoryDataset data,\r\n                         int row,\r\n                         int column,\r\n                         int pass)",
      "right" : "public void drawItem(Graphics2D g2,\r\n                         CategoryItemRendererState state,\r\n                         Rectangle2D dataArea,\r\n                         CategoryPlot plot,\r\n                         CategoryAxis domainAxis,\r\n                         ValueAxis rangeAxis,\r\n                         CategoryDataset data,\r\n                         int row,\r\n                         int column,\r\n                         int pass)",
      "info" : "MethodDeclaration[6401-8151]:MethodDeclaration[6401-8151]"
    }, {
      "left" : "protected void drawHorizontalItem(Graphics2D g2,\r\n                                      CategoryItemRendererState state,\r\n                                      Rectangle2D dataArea,\r\n                                      CategoryPlot plot,\r\n                                      CategoryAxis domainAxis,\r\n                                      ValueAxis rangeAxis,\r\n                                      StatisticalCategoryDataset dataset,\r\n                                      int row,\r\n                                      int column)",
      "right" : "protected void drawHorizontalItem(Graphics2D g2,\r\n                                      CategoryItemRendererState state,\r\n                                      Rectangle2D dataArea,\r\n                                      CategoryPlot plot,\r\n                                      CategoryAxis domainAxis,\r\n                                      ValueAxis rangeAxis,\r\n                                      StatisticalCategoryDataset dataset,\r\n                                      int row,\r\n                                      int column)",
      "info" : "MethodDeclaration[8175-13774]:MethodDeclaration[8175-13900]"
    }, {
      "left" : "protected void drawVerticalItem(Graphics2D g2,\r\n                                    CategoryItemRendererState state,\r\n                                    Rectangle2D dataArea,\r\n                                    CategoryPlot plot,\r\n                                    CategoryAxis domainAxis,\r\n                                    ValueAxis rangeAxis,\r\n                                    StatisticalCategoryDataset dataset,\r\n                                    int row,\r\n                                    int column)",
      "right" : "protected void drawVerticalItem(Graphics2D g2,\r\n                                    CategoryItemRendererState state,\r\n                                    Rectangle2D dataArea,\r\n                                    CategoryPlot plot,\r\n                                    CategoryAxis domainAxis,\r\n                                    ValueAxis rangeAxis,\r\n                                    StatisticalCategoryDataset dataset,\r\n                                    int row,\r\n                                    int column)",
      "info" : "MethodDeclaration[13782-19373]:MethodDeclaration[13908-19625]"
    }, {
      "left" : "public boolean equals(Object obj)",
      "right" : "public boolean equals(Object obj)",
      "info" : "MethodDeclaration[19385-20098]:MethodDeclaration[19637-20350]"
    }, {
      "left" : "private void writeObject(ObjectOutputStream stream) throws IOException",
      "right" : "private void writeObject(ObjectOutputStream stream) throws IOException",
      "info" : "MethodDeclaration[20110-20542]:MethodDeclaration[20362-20794]"
    }, {
      "left" : "private void readObject(ObjectInputStream stream) \r\n        throws IOException, ClassNotFoundException",
      "right" : "private void readObject(ObjectInputStream stream) \r\n        throws IOException, ClassNotFoundException",
      "info" : "MethodDeclaration[20550-21085]:MethodDeclaration[20802-21337]"
    } ],
    "mappings" : [
 {
      "left" : "{}",
      "right" : "{}",
      "info" : "Block[4675-4809]:Block[4675-4809]"
    }, {
      "left" : "super();",
      "right" : "super();",
      "info" : "SuperConstructorInvocation[4686-4694]:SuperConstructorInvocation[4686-4694]"
    }, {
      "left" : "this.errorIndicatorPaint = Color.gray;",
      "right" : "this.errorIndicatorPaint = Color.gray;",
      "info" : "ExpressionStatement[4704-4742]:ExpressionStatement[4704-4742]"
    }, {
      "left" : "this.errorIndicatorStroke = new BasicStroke(0.5f);",
      "right" : "this.errorIndicatorStroke = new BasicStroke(0.5f);",
      "info" : "ExpressionStatement[4752-4802]:ExpressionStatement[4752-4802]"
    }, {
      "left" : "{}",
      "right" : "{}",
      "info" : "Block[5103-5156]:Block[5103-5156]"
    }, {
      "left" : "return this.errorIndicatorPaint;",
      "right" : "return this.errorIndicatorPaint;",
      "info" : "ReturnStatement[5114-5146]:ReturnStatement[5114-5146]"
    }, {
      "left" : "{}",
      "right" : "{}",
      "info" : "Block[5475-5583]:Block[5475-5583]"
    }, {
      "left" : "this.errorIndicatorPaint = paint;",
      "right" : "this.errorIndicatorPaint = paint;",
      "info" : "ExpressionStatement[5486-5519]:ExpressionStatement[5486-5519]"
    }, {
      "left" : "notifyListeners(new RendererChangeEvent(this));",
      "right" : "notifyListeners(new RendererChangeEvent(this));",
      "info" : "ExpressionStatement[5529-5576]:ExpressionStatement[5529-5576]"
    }, {
      "left" : "{}",
      "right" : "{}",
      "info" : "Block[5869-5923]:Block[5869-5923]"
    }, {
      "left" : "return this.errorIndicatorStroke;",
      "right" : "return this.errorIndicatorStroke;",
      "info" : "ReturnStatement[5880-5913]:ReturnStatement[5880-5913]"
    }, {
      "left" : "{}",
      "right" : "{}",
      "info" : "Block[6279-6389]:Block[6279-6389]"
    }, {
      "left" : "this.errorIndicatorStroke = stroke;",
      "right" : "this.errorIndicatorStroke = stroke;",
      "info" : "ExpressionStatement[6290-6325]:ExpressionStatement[6290-6325]"
    }, {
      "left" : "notifyListeners(new RendererChangeEvent(this));",
      "right" : "notifyListeners(new RendererChangeEvent(this));",
      "info" : "ExpressionStatement[6335-6382]:ExpressionStatement[6335-6382]"
    }, {
      "left" : "{}",
      "right" : "{}",
      "info" : "Block[7392-8151]:Block[7392-8151]"
    }, {
      "left" : "if (!(data instanceof StatisticalCategoryDataset))",
      "right" : "if (!(data instanceof StatisticalCategoryDataset))",
      "info" : "IfStatement[7433-7603]:IfStatement[7433-7603]"
    }, {
      "left" : "{}",
      "right" : "{}",
      "info" : "Block[7484-7603]:Block[7484-7603]"
    }, {
      "left" : "throw new IllegalArgumentException(\r\n                \"Requires StatisticalCategoryDataset.\");",
      "right" : "throw new IllegalArgumentException(\r\n                \"Requires StatisticalCategoryDataset.\");",
      "info" : "ThrowStatement[7499-7592]:ThrowStatement[7499-7592]"
    }, {
      "left" : "StatisticalCategoryDataset statData = (StatisticalCategoryDataset) data;",
      "right" : "StatisticalCategoryDataset statData = (StatisticalCategoryDataset) data;",
      "info" : "VariableDeclarationStatement[7613-7685]:VariableDeclarationStatement[7613-7685]"
    }, {
      "left" : "PlotOrientation orientation = plot.getOrientation();",
      "right" : "PlotOrientation orientation = plot.getOrientation();",
      "info" : "VariableDeclarationStatement[7697-7749]:VariableDeclarationStatement[7697-7749]"
    }, {
      "left" : "if (orientation == PlotOrientation.HORIZONTAL)",
      "right" : "if (orientation == PlotOrientation.HORIZONTAL)",
      "info" : "IfStatement[7759-8144]:IfStatement[7759-8144]"
    }, {
      "left" : "{}",
      "right" : "{}",
      "info" : "Block[7806-7946]:Block[7806-7946]"
    }, {
      "left" : "drawHorizontalItem(g2, state, dataArea, plot, domainAxis, \r\n                    rangeAxis, statData, row, column);",
      "right" : "drawHorizontalItem(g2, state, dataArea, plot, domainAxis, \r\n                    rangeAxis, statData, row, column);",
      "info" : "ExpressionStatement[7821-7935]:ExpressionStatement[7821-7935]"
    }, {
      "left" : "if (orientation == PlotOrientation.VERTICAL)",
      "right" : "if (orientation == PlotOrientation.VERTICAL)",
      "info" : "IfStatement[7961-8144]:IfStatement[7961-8144]"
    }, {
      "left" : "{}",
      "right" : "{}",
      "info" : "Block[8006-8144]:Block[8006-8144]"
    }, {
      "left" : "drawVerticalItem(g2, state, dataArea, plot, domainAxis, rangeAxis, \r\n                    statData, row, column);",
      "right" : "drawVerticalItem(g2, state, dataArea, plot, domainAxis, rangeAxis, \r\n                    statData, row, column);",
      "info" : "ExpressionStatement[8021-8133]:ExpressionStatement[8021-8133]"
    }, {
      "left" : "{}",
      "right" : "{}",
      "info" : "Block[9179-13774]:Block[9179-13900]"
    }, {
      "left" : "RectangleEdge xAxisLocation = plot.getDomainAxisEdge();",
      "right" : "RectangleEdge xAxisLocation = plot.getDomainAxisEdge();",
      "info" : "VariableDeclarationStatement[9229-9284]:VariableDeclarationStatement[9229-9284]"
    }, {
      "left" : "double rectY = domainAxis.getCategoryStart(column, getColumnCount(), \r\n                dataArea, xAxisLocation);",
      "right" : "double rectY = domainAxis.getCategoryStart(column, getColumnCount(), \r\n                dataArea, xAxisLocation);",
      "info" : "VariableDeclarationStatement[9322-9434]:VariableDeclarationStatement[9322-9434]"
    }, {
      "left" : "int seriesCount = getRowCount();",
      "right" : "int seriesCount = getRowCount();",
      "info" : "VariableDeclarationStatement[9446-9478]:VariableDeclarationStatement[9446-9478]"
    }, {
      "left" : "int categoryCount = getColumnCount();",
      "right" : "int categoryCount = getColumnCount();",
      "info" : "VariableDeclarationStatement[9488-9525]:VariableDeclarationStatement[9488-9525]"
    }, {
      "left" : "if (seriesCount > 1)",
      "right" : "if (seriesCount > 1)",
      "info" : "IfStatement[9535-9863]:IfStatement[9535-9863]"
    }, {
      "left" : "{}",
      "right" : "{}",
      "info" : "Block[9556-9780]:Block[9556-9780]"
    }, {
      "left" : "double seriesGap = dataArea.getHeight() * getItemMargin()\r\n                               / (categoryCount * (seriesCount - 1));",
      "right" : "double seriesGap = dataArea.getHeight() * getItemMargin()\r\n                               / (categoryCount * (seriesCount - 1));",
      "info" : "VariableDeclarationStatement[9571-9699]:VariableDeclarationStatement[9571-9699]"
    }, {
      "left" : "rectY = rectY + row * (state.getBarWidth() + seriesGap);",
      "right" : "rectY = rectY + row * (state.getBarWidth() + seriesGap);",
      "info" : "ExpressionStatement[9713-9769]:ExpressionStatement[9713-9769]"
    }, {
      "left" : "{}",
      "right" : "{}",
      "info" : "Block[9795-9863]:Block[9795-9863]"
    }, {
      "left" : "rectY = rectY + row * state.getBarWidth();",
      "right" : "rectY = rectY + row * state.getBarWidth();",
      "info" : "ExpressionStatement[9810-9852]:ExpressionStatement[9810-9852]"
    }, {
      "left" : "Number meanValue = dataset.getMeanValue(row, column);",
      "right" : "Number meanValue = dataset.getMeanValue(row, column);",
      "info" : "VariableDeclarationStatement[9893-9946]:VariableDeclarationStatement[9893-9946]"
    }, {
      "left" : "double value = meanValue.doubleValue();",
      "right" : "double value = meanValue.doubleValue();",
      "info" : "VariableDeclarationStatement[9958-9997]:VariableDeclarationStatement[10024-10063]"
    }, {
      "left" : "double base = 0.0;",
      "right" : "double base = 0.0;",
      "info" : "VariableDeclarationStatement[10007-10025]:VariableDeclarationStatement[10073-10091]"
    }, {
      "left" : "double lclip = getLowerClip();",
      "right" : "double lclip = getLowerClip();",
      "info" : "VariableDeclarationStatement[10035-10065]:VariableDeclarationStatement[10101-10131]"
    }, {
      "left" : "double uclip = getUpperClip();",
      "right" : "double uclip = getUpperClip();",
      "info" : "VariableDeclarationStatement[10075-10105]:VariableDeclarationStatement[10141-10171]"
    }, {
      "left" : "if (uclip <= 0.0)",
      "right" : "if (uclip <= 0.0)",
      "info" : "IfStatement[10117-10923]:IfStatement[10183-10989]"
    }, {
      "left" : "{}",
      "right" : "{}",
      "info" : "Block[10135-10377]:Block[10201-10443]"
    }, {
      "left" : "if (value >= uclip)",
      "right" : "if (value >= uclip)",
      "info" : "IfStatement[10174-10257]:IfStatement[10240-10323]"
    }, {
      "left" : "{}",
      "right" : "{}",
      "info" : "Block[10194-10257]:Block[10260-10323]"
    }, {
      "left" : "return;",
      "right" : "return;",
      "info" : "ReturnStatement[10213-10220]:ReturnStatement[10279-10286]"
    }, {
      "left" : "base = uclip;",
      "right" : "base = uclip;",
      "info" : "ExpressionStatement[10271-10284]:ExpressionStatement[10337-10350]"
    }, {
      "left" : "if (value <= lclip)",
      "right" : "if (value <= lclip)",
      "info" : "IfStatement[10298-10366]:IfStatement[10364-10432]"
    }, {
      "left" : "{}",
      "right" : "{}",
      "info" : "Block[10318-10366]:Block[10384-10432]"
    }, {
      "left" : "value = lclip;",
      "right" : "value = lclip;",
      "info" : "ExpressionStatement[10337-10351]:ExpressionStatement[10403-10417]"
    }, {
      "left" : "if (lclip <= 0.0)",
      "right" : "if (lclip <= 0.0)",
      "info" : "IfStatement[10392-10923]:IfStatement[10458-10989]"
    }, {
      "left" : "{}",
      "right" : "{}",
      "info" : "Block[10410-10656]:Block[10476-10722]"
    }, {
      "left" : "if (value >= uclip)",
      "right" : "if (value >= uclip)",
      "info" : "IfStatement[10448-10645]:IfStatement[10514-10711]"
    }, {
      "left" : "{}",
      "right" : "{}",
      "info" : "Block[10468-10516]:Block[10534-10582]"
    }, {
      "left" : "value = uclip;",
      "right" : "value = uclip;",
      "info" : "ExpressionStatement[10487-10501]:ExpressionStatement[10553-10567]"
    }, {
      "left" : "{}",
      "right" : "{}",
      "info" : "Block[10535-10645]:Block[10601-10711]"
    }, {
      "left" : "if (value <= lclip)",
      "right" : "if (value <= lclip)",
      "info" : "IfStatement[10554-10630]:IfStatement[10620-10696]"
    }, {
      "left" : "{}",
      "right" : "{}",
      "info" : "Block[10574-10630]:Block[10640-10696]"
    }, {
      "left" : "value = lclip;",
      "right" : "value = lclip;",
      "info" : "ExpressionStatement[10597-10611]:ExpressionStatement[10663-10677]"
    }, {
      "left" : "{}",
      "right" : "{}",
      "info" : "Block[10671-10923]:Block[10737-10989]"
    }, {
      "left" : "if (value <= lclip)",
      "right" : "if (value <= lclip)",
      "info" : "IfStatement[10712-10795]:IfStatement[10778-10861]"
    }, {
      "left" : "{}",
      "right" : "{}",
      "info" : "Block[10732-10795]:Block[10798-10861]"
    }, {
      "left" : "return;",
      "right" : "return;",
      "info" : "ReturnStatement[10751-10758]:ReturnStatement[10817-10824]"
    }, {
      "left" : "base = getLowerClip();",
      "right" : "base = getLowerClip();",
      "info" : "ExpressionStatement[10809-10831]:ExpressionStatement[10875-10897]"
    }, {
      "left" : "if (value >= uclip)",
      "right" : "if (value >= uclip)",
      "info" : "IfStatement[10845-10912]:IfStatement[10911-10978]"
    }, {
      "left" : "{}",
      "right" : "{}",
      "info" : "Block[10865-10912]:Block[10931-10978]"
    }, {
      "left" : "value = uclip;",
      "right" : "value = uclip;",
      "info" : "ExpressionStatement[10883-10897]:ExpressionStatement[10949-10963]"
    }, {
      "left" : "RectangleEdge yAxisLocation = plot.getRangeAxisEdge();",
      "right" : "RectangleEdge yAxisLocation = plot.getRangeAxisEdge();",
      "info" : "VariableDeclarationStatement[10935-10989]:VariableDeclarationStatement[11001-11055]"
    }, {
      "left" : "double transY1 = rangeAxis.valueToJava2D(base, dataArea, yAxisLocation);",
      "right" : "double transY1 = rangeAxis.valueToJava2D(base, dataArea, yAxisLocation);",
      "info" : "VariableDeclarationStatement[10999-11071]:VariableDeclarationStatement[11065-11137]"
    }, {
      "left" : "double transY2 = rangeAxis.valueToJava2D(value, dataArea, \r\n                yAxisLocation);",
      "right" : "double transY2 = rangeAxis.valueToJava2D(value, dataArea, \r\n                yAxisLocation);",
      "info" : "VariableDeclarationStatement[11081-11172]:VariableDeclarationStatement[11147-11238]"
    }, {
      "left" : "double rectX = Math.min(transY2, transY1);",
      "right" : "double rectX = Math.min(transY2, transY1);",
      "info" : "VariableDeclarationStatement[11182-11224]:VariableDeclarationStatement[11248-11290]"
    }, {
      "left" : "double rectHeight = state.getBarWidth();",
      "right" : "double rectHeight = state.getBarWidth();",
      "info" : "VariableDeclarationStatement[11236-11276]:VariableDeclarationStatement[11302-11342]"
    }, {
      "left" : "double rectWidth = Math.abs(transY2 - transY1);",
      "right" : "double rectWidth = Math.abs(transY2 - transY1);",
      "info" : "VariableDeclarationStatement[11286-11333]:VariableDeclarationStatement[11352-11399]"
    }, {
      "left" : "Rectangle2D bar = new Rectangle2D.Double(rectX, rectY, rectWidth, \r\n                rectHeight);",
      "right" : "Rectangle2D bar = new Rectangle2D.Double(rectX, rectY, rectWidth, \r\n                rectHeight);",
      "info" : "VariableDeclarationStatement[11345-11441]:VariableDeclarationStatement[11411-11507]"
    }, {
      "left" : "Paint seriesPaint = getItemPaint(row, column);",
      "right" : "Paint seriesPaint = getItemPaint(row, column);",
      "info" : "VariableDeclarationStatement[11451-11497]:VariableDeclarationStatement[11517-11563]"
    }, {
      "left" : "g2.setPaint(seriesPaint);",
      "right" : "g2.setPaint(seriesPaint);",
      "info" : "ExpressionStatement[11507-11532]:ExpressionStatement[11573-11598]"
    }, {
      "left" : "g2.fill(bar);",
      "right" : "g2.fill(bar);",
      "info" : "ExpressionStatement[11542-11555]:ExpressionStatement[11608-11621]"
    }, {
      "left" : "if (isDrawBarOutline() && state.getBarWidth() > 3)",
      "right" : "if (isDrawBarOutline() && state.getBarWidth() > 3)",
      "info" : "IfStatement[11565-11770]:IfStatement[11631-11836]"
    }, {
      "left" : "{}",
      "right" : "{}",
      "info" : "Block[11616-11770]:Block[11682-11836]"
    }, {
      "left" : "g2.setStroke(getItemStroke(row, column));",
      "right" : "g2.setStroke(getItemStroke(row, column));",
      "info" : "ExpressionStatement[11631-11672]:ExpressionStatement[11697-11738]"
    }, {
      "left" : "g2.setPaint(getItemOutlinePaint(row, column));",
      "right" : "g2.setPaint(getItemOutlinePaint(row, column));",
      "info" : "ExpressionStatement[11686-11732]:ExpressionStatement[11752-11798]"
    }, {
      "left" : "g2.draw(bar);",
      "right" : "g2.draw(bar);",
      "info" : "ExpressionStatement[11746-11759]:ExpressionStatement[11812-11825]"
    }, {
      "left" : "double valueDelta = dataset.getStdDevValue(row, column).doubleValue();",
      "right" : "Number n = dataset.getStdDevValue(row, column);",
      "info" : "VariableDeclarationStatement[11823-11893]:VariableDeclarationStatement[11885-11932]"
    }, {
      "left" : "double highVal = rangeAxis.valueToJava2D(meanValue.doubleValue() \r\n                    + valueDelta, dataArea, yAxisLocation);",
      "right" : "double highVal = rangeAxis.valueToJava2D(meanValue.doubleValue() \r\n                    + valueDelta, dataArea, yAxisLocation);",
      "info" : "VariableDeclarationStatement[11907-12033]:VariableDeclarationStatement[12022-12148]"
    }, {
      "left" : "double lowVal = rangeAxis.valueToJava2D(meanValue.doubleValue() \r\n                    - valueDelta, dataArea, yAxisLocation);",
      "right" : "double lowVal = rangeAxis.valueToJava2D(meanValue.doubleValue() \r\n                    - valueDelta, dataArea, yAxisLocation);",
      "info" : "VariableDeclarationStatement[12047-12172]:VariableDeclarationStatement[12162-12287]"
    }, {
      "left" : "if (this.errorIndicatorStroke != null)",
      "right" : "if (this.errorIndicatorStroke != null)",
      "info" : "IfStatement[12188-12402]:IfStatement[12303-12517]"
    }, {
      "left" : "{}",
      "right" : "{}",
      "info" : "Block[12227-12301]:Block[12342-12416]"
    }, {
      "left" : "g2.setStroke(this.errorIndicatorStroke);",
      "right" : "g2.setStroke(this.errorIndicatorStroke);",
      "info" : "ExpressionStatement[12246-12286]:ExpressionStatement[12361-12401]"
    }, {
      "left" : "{}",
      "right" : "{}",
      "info" : "Block[12320-12402]:Block[12435-12517]"
    }, {
      "left" : "g2.setStroke(getItemOutlineStroke(row, column));",
      "right" : "g2.setStroke(getItemOutlineStroke(row, column));",
      "info" : "ExpressionStatement[12339-12387]:ExpressionStatement[12454-12502]"
    }, {
      "left" : "if (this.errorIndicatorPaint != null)",
      "right" : "if (this.errorIndicatorPaint != null)",
      "info" : "IfStatement[12416-12630]:IfStatement[12531-12745]"
    }, {
      "left" : "{}",
      "right" : "{}",
      "info" : "Block[12454-12528]:Block[12569-12643]"
    }, {
      "left" : "g2.setPaint(this.errorIndicatorPaint);",
      "right" : "g2.setPaint(this.errorIndicatorPaint);",
      "info" : "ExpressionStatement[12473-12511]:ExpressionStatement[12588-12626]"
    }, {
      "left" : "{}",
      "right" : "{}",
      "info" : "Block[12547-12630]:Block[12662-12745]"
    }, {
      "left" : "g2.setPaint(getItemOutlinePaint(row, column));",
      "right" : "g2.setPaint(getItemOutlinePaint(row, column));",
      "info" : "ExpressionStatement[12566-12612]:ExpressionStatement[12681-12727]"
    }, {
      "left" : "Line2D line = null;",
      "right" : "Line2D line = null;",
      "info" : "VariableDeclarationStatement[12654-12673]:VariableDeclarationStatement[12769-12788]"
    }, {
      "left" : "line = new Line2D.Double(lowVal, rectY + rectHeight / 2.0d, \r\n                                     highVal, rectY + rectHeight / 2.0d);",
      "right" : "line = new Line2D.Double(lowVal, rectY + rectHeight / 2.0d, \r\n                                     highVal, rectY + rectHeight / 2.0d);",
      "info" : "ExpressionStatement[12687-12822]:ExpressionStatement[12802-12937]"
    }, {
      "left" : "g2.draw(line);",
      "right" : "g2.draw(line);",
      "info" : "ExpressionStatement[12836-12850]:ExpressionStatement[13305-13319]"
    }, {
      "left" : "line = new Line2D.Double(highVal, rectY + rectHeight * 0.25, \r\n                                     highVal, rectY + rectHeight * 0.75);",
      "right" : "line = new Line2D.Double(highVal, rectY + rectHeight * 0.25, \r\n                                     highVal, rectY + rectHeight * 0.75);",
      "info" : "ExpressionStatement[12864-13000]:ExpressionStatement[12979-13115]"
    }, {
      "left" : "g2.draw(line);",
      "right" : "g2.draw(line);",
      "info" : "ExpressionStatement[13014-13028]:ExpressionStatement[13129-13143]"
    }, {
      "left" : "line = new Line2D.Double(lowVal, rectY + rectHeight * 0.25, \r\n                                     lowVal, rectY + rectHeight * 0.75);",
      "right" : "line = new Line2D.Double(lowVal, rectY + rectHeight * 0.25, \r\n                                     lowVal, rectY + rectHeight * 0.75);",
      "info" : "ExpressionStatement[13042-13176]:ExpressionStatement[13157-13291]"
    }, {
      "left" : "g2.draw(line);",
      "right" : "g2.draw(line);",
      "info" : "ExpressionStatement[13190-13204]:ExpressionStatement[12951-12965]"
    }, {
      "left" : "CategoryItemLabelGenerator generator = getItemLabelGenerator(row, \r\n                column);",
      "right" : "CategoryItemLabelGenerator generator = getItemLabelGenerator(row, \r\n                column);",
      "info" : "VariableDeclarationStatement[13224-13316]:VariableDeclarationStatement[13350-13442]"
    }, {
      "left" : "if (generator != null && isItemLabelVisible(row, column))",
      "right" : "if (generator != null && isItemLabelVisible(row, column))",
      "info" : "IfStatement[13326-13509]:IfStatement[13452-13635]"
    }, {
      "left" : "{}",
      "right" : "{}",
      "info" : "Block[13384-13509]:Block[13510-13635]"
    }, {
      "left" : "drawItemLabel(g2, dataset, row, column, plot, generator, bar, \r\n                    (value < 0.0));",
      "right" : "drawItemLabel(g2, dataset, row, column, plot, generator, bar, \r\n                    (value < 0.0));",
      "info" : "ExpressionStatement[13399-13498]:ExpressionStatement[13525-13624]"
    }, {
      "left" : "EntityCollection entities = state.getEntityCollection();",
      "right" : "EntityCollection entities = state.getEntityCollection();",
      "info" : "VariableDeclarationStatement[13600-13656]:VariableDeclarationStatement[13726-13782]"
    }, {
      "left" : "if (entities != null)",
      "right" : "if (entities != null)",
      "info" : "IfStatement[13666-13765]:IfStatement[13792-13891]"
    }, {
      "left" : "{}",
      "right" : "{}",
      "info" : "Block[13688-13765]:Block[13814-13891]"
    }, {
      "left" : "addItemEntity(entities, dataset, row, column, bar);",
      "right" : "addItemEntity(entities, dataset, row, column, bar);",
      "info" : "ExpressionStatement[13703-13754]:ExpressionStatement[13829-13880]"
    }, {
      "left" : "{}",
      "right" : "{}",
      "info" : "Block[14766-19373]:Block[14892-19625]"
    }, {
      "left" : "RectangleEdge xAxisLocation = plot.getDomainAxisEdge();",
      "right" : "RectangleEdge xAxisLocation = plot.getDomainAxisEdge();",
      "info" : "VariableDeclarationStatement[14816-14871]:VariableDeclarationStatement[14942-14997]"
    }, {
      "left" : "double rectX = domainAxis.getCategoryStart(\r\n            column, getColumnCount(), dataArea, xAxisLocation\r\n        );",
      "right" : "double rectX = domainAxis.getCategoryStart(\r\n            column, getColumnCount(), dataArea, xAxisLocation\r\n        );",
      "info" : "VariableDeclarationStatement[14909-15027]:VariableDeclarationStatement[15035-15153]"
    }, {
      "left" : "int seriesCount = getRowCount();",
      "right" : "int seriesCount = getRowCount();",
      "info" : "VariableDeclarationStatement[15039-15071]:VariableDeclarationStatement[15165-15197]"
    }, {
      "left" : "int categoryCount = getColumnCount();",
      "right" : "int categoryCount = getColumnCount();",
      "info" : "VariableDeclarationStatement[15081-15118]:VariableDeclarationStatement[15207-15244]"
    }, {
      "left" : "if (seriesCount > 1)",
      "right" : "if (seriesCount > 1)",
      "info" : "IfStatement[15128-15455]:IfStatement[15254-15581]"
    }, {
      "left" : "{}",
      "right" : "{}",
      "info" : "Block[15149-15372]:Block[15275-15498]"
    }, {
      "left" : "double seriesGap = dataArea.getWidth() * getItemMargin()\r\n                               / (categoryCount * (seriesCount - 1));",
      "right" : "double seriesGap = dataArea.getWidth() * getItemMargin()\r\n                               / (categoryCount * (seriesCount - 1));",
      "info" : "VariableDeclarationStatement[15164-15291]:VariableDeclarationStatement[15290-15417]"
    }, {
      "left" : "rectX = rectX + row * (state.getBarWidth() + seriesGap);",
      "right" : "rectX = rectX + row * (state.getBarWidth() + seriesGap);",
      "info" : "ExpressionStatement[15305-15361]:ExpressionStatement[15431-15487]"
    }, {
      "left" : "{}",
      "right" : "{}",
      "info" : "Block[15387-15455]:Block[15513-15581]"
    }, {
      "left" : "rectX = rectX + row * state.getBarWidth();",
      "right" : "rectX = rectX + row * state.getBarWidth();",
      "info" : "ExpressionStatement[15402-15444]:ExpressionStatement[15528-15570]"
    }, {
      "left" : "Number meanValue = dataset.getMeanValue(row, column);",
      "right" : "Number meanValue = dataset.getMeanValue(row, column);",
      "info" : "VariableDeclarationStatement[15485-15538]:VariableDeclarationStatement[15611-15664]"
    }, {
      "left" : "double value = meanValue.doubleValue();",
      "right" : "double value = meanValue.doubleValue();",
      "info" : "VariableDeclarationStatement[15550-15589]:VariableDeclarationStatement[15742-15781]"
    }, {
      "left" : "double base = 0.0;",
      "right" : "double base = 0.0;",
      "info" : "VariableDeclarationStatement[15599-15617]:VariableDeclarationStatement[15791-15809]"
    }, {
      "left" : "double lclip = getLowerClip();",
      "right" : "double lclip = getLowerClip();",
      "info" : "VariableDeclarationStatement[15627-15657]:VariableDeclarationStatement[15819-15849]"
    }, {
      "left" : "double uclip = getUpperClip();",
      "right" : "double uclip = getUpperClip();",
      "info" : "VariableDeclarationStatement[15667-15697]:VariableDeclarationStatement[15859-15889]"
    }, {
      "left" : "if (uclip <= 0.0)",
      "right" : "if (uclip <= 0.0)",
      "info" : "IfStatement[15709-16515]:IfStatement[15901-16707]"
    }, {
      "left" : "{}",
      "right" : "{}",
      "info" : "Block[15727-15969]:Block[15919-16161]"
    }, {
      "left" : "if (value >= uclip)",
      "right" : "if (value >= uclip)",
      "info" : "IfStatement[15766-15849]:IfStatement[15958-16041]"
    }, {
      "left" : "{}",
      "right" : "{}",
      "info" : "Block[15786-15849]:Block[15978-16041]"
    }, {
      "left" : "return;",
      "right" : "return;",
      "info" : "ReturnStatement[15805-15812]:ReturnStatement[15997-16004]"
    }, {
      "left" : "base = uclip;",
      "right" : "base = uclip;",
      "info" : "ExpressionStatement[15863-15876]:ExpressionStatement[16055-16068]"
    }, {
      "left" : "if (value <= lclip)",
      "right" : "if (value <= lclip)",
      "info" : "IfStatement[15890-15958]:IfStatement[16082-16150]"
    }, {
      "left" : "{}",
      "right" : "{}",
      "info" : "Block[15910-15958]:Block[16102-16150]"
    }, {
      "left" : "value = lclip;",
      "right" : "value = lclip;",
      "info" : "ExpressionStatement[15929-15943]:ExpressionStatement[16121-16135]"
    }, {
      "left" : "if (lclip <= 0.0)",
      "right" : "if (lclip <= 0.0)",
      "info" : "IfStatement[15984-16515]:IfStatement[16176-16707]"
    }, {
      "left" : "{}",
      "right" : "{}",
      "info" : "Block[16002-16248]:Block[16194-16440]"
    }, {
      "left" : "if (value >= uclip)",
      "right" : "if (value >= uclip)",
      "info" : "IfStatement[16040-16237]:IfStatement[16232-16429]"
    }, {
      "left" : "{}",
      "right" : "{}",
      "info" : "Block[16060-16108]:Block[16252-16300]"
    }, {
      "left" : "value = uclip;",
      "right" : "value = uclip;",
      "info" : "ExpressionStatement[16079-16093]:ExpressionStatement[16271-16285]"
    }, {
      "left" : "{}",
      "right" : "{}",
      "info" : "Block[16127-16237]:Block[16319-16429]"
    }, {
      "left" : "if (value <= lclip)",
      "right" : "if (value <= lclip)",
      "info" : "IfStatement[16146-16222]:IfStatement[16338-16414]"
    }, {
      "left" : "{}",
      "right" : "{}",
      "info" : "Block[16166-16222]:Block[16358-16414]"
    }, {
      "left" : "value = lclip;",
      "right" : "value = lclip;",
      "info" : "ExpressionStatement[16189-16203]:ExpressionStatement[16381-16395]"
    }, {
      "left" : "{}",
      "right" : "{}",
      "info" : "Block[16263-16515]:Block[16455-16707]"
    }, {
      "left" : "if (value <= lclip)",
      "right" : "if (value <= lclip)",
      "info" : "IfStatement[16304-16387]:IfStatement[16496-16579]"
    }, {
      "left" : "{}",
      "right" : "{}",
      "info" : "Block[16324-16387]:Block[16516-16579]"
    }, {
      "left" : "return;",
      "right" : "return;",
      "info" : "ReturnStatement[16343-16350]:ReturnStatement[16535-16542]"
    }, {
      "left" : "base = getLowerClip();",
      "right" : "base = getLowerClip();",
      "info" : "ExpressionStatement[16401-16423]:ExpressionStatement[16593-16615]"
    }, {
      "left" : "if (value >= uclip)",
      "right" : "if (value >= uclip)",
      "info" : "IfStatement[16437-16504]:IfStatement[16629-16696]"
    }, {
      "left" : "{}",
      "right" : "{}",
      "info" : "Block[16457-16504]:Block[16649-16696]"
    }, {
      "left" : "value = uclip;",
      "right" : "value = uclip;",
      "info" : "ExpressionStatement[16475-16489]:ExpressionStatement[16667-16681]"
    }, {
      "left" : "RectangleEdge yAxisLocation = plot.getRangeAxisEdge();",
      "right" : "RectangleEdge yAxisLocation = plot.getRangeAxisEdge();",
      "info" : "VariableDeclarationStatement[16527-16581]:VariableDeclarationStatement[16719-16773]"
    }, {
      "left" : "double transY1 = rangeAxis.valueToJava2D(base, dataArea, yAxisLocation);",
      "right" : "double transY1 = rangeAxis.valueToJava2D(base, dataArea, yAxisLocation);",
      "info" : "VariableDeclarationStatement[16591-16663]:VariableDeclarationStatement[16783-16855]"
    }, {
      "left" : "double transY2 = rangeAxis.valueToJava2D(value, dataArea, \r\n                yAxisLocation);",
      "right" : "double transY2 = rangeAxis.valueToJava2D(value, dataArea, \r\n                yAxisLocation);",
      "info" : "VariableDeclarationStatement[16673-16764]:VariableDeclarationStatement[16865-16956]"
    }, {
      "left" : "double rectY = Math.min(transY2, transY1);",
      "right" : "double rectY = Math.min(transY2, transY1);",
      "info" : "VariableDeclarationStatement[16774-16816]:VariableDeclarationStatement[16966-17008]"
    }, {
      "left" : "double rectWidth = state.getBarWidth();",
      "right" : "double rectWidth = state.getBarWidth();",
      "info" : "VariableDeclarationStatement[16828-16867]:VariableDeclarationStatement[17020-17059]"
    }, {
      "left" : "double rectHeight = Math.abs(transY2 - transY1);",
      "right" : "double rectHeight = Math.abs(transY2 - transY1);",
      "info" : "VariableDeclarationStatement[16877-16925]:VariableDeclarationStatement[17069-17117]"
    }, {
      "left" : "Rectangle2D bar = new Rectangle2D.Double(rectX, rectY, rectWidth, \r\n                rectHeight);",
      "right" : "Rectangle2D bar = new Rectangle2D.Double(rectX, rectY, rectWidth, \r\n                rectHeight);",
      "info" : "VariableDeclarationStatement[16937-17033]:VariableDeclarationStatement[17129-17225]"
    }, {
      "left" : "Paint seriesPaint = getItemPaint(row, column);",
      "right" : "Paint seriesPaint = getItemPaint(row, column);",
      "info" : "VariableDeclarationStatement[17043-17089]:VariableDeclarationStatement[17235-17281]"
    }, {
      "left" : "g2.setPaint(seriesPaint);",
      "right" : "g2.setPaint(seriesPaint);",
      "info" : "ExpressionStatement[17099-17124]:ExpressionStatement[17291-17316]"
    }, {
      "left" : "g2.fill(bar);",
      "right" : "g2.fill(bar);",
      "info" : "ExpressionStatement[17134-17147]:ExpressionStatement[17326-17339]"
    }, {
      "left" : "if (isDrawBarOutline() && state.getBarWidth() > 3)",
      "right" : "if (isDrawBarOutline() && state.getBarWidth() > 3)",
      "info" : "IfStatement[17157-17362]:IfStatement[17349-17554]"
    }, {
      "left" : "{}",
      "right" : "{}",
      "info" : "Block[17208-17362]:Block[17400-17554]"
    }, {
      "left" : "g2.setStroke(getItemStroke(row, column));",
      "right" : "g2.setStroke(getItemStroke(row, column));",
      "info" : "ExpressionStatement[17223-17264]:ExpressionStatement[17415-17456]"
    }, {
      "left" : "g2.setPaint(getItemOutlinePaint(row, column));",
      "right" : "g2.setPaint(getItemOutlinePaint(row, column));",
      "info" : "ExpressionStatement[17278-17324]:ExpressionStatement[17470-17516]"
    }, {
      "left" : "g2.draw(bar);",
      "right" : "g2.draw(bar);",
      "info" : "ExpressionStatement[17338-17351]:ExpressionStatement[17530-17543]"
    }, {
      "left" : "double valueDelta = dataset.getStdDevValue(row, column).doubleValue();",
      "right" : "Number n = dataset.getStdDevValue(row, column);",
      "info" : "VariableDeclarationStatement[17415-17485]:VariableDeclarationStatement[17603-17650]"
    }, {
      "left" : "double highVal = rangeAxis.valueToJava2D(meanValue.doubleValue() \r\n                    + valueDelta, dataArea, yAxisLocation);",
      "right" : "double highVal = rangeAxis.valueToJava2D(meanValue.doubleValue() \r\n                    + valueDelta, dataArea, yAxisLocation);",
      "info" : "VariableDeclarationStatement[17499-17625]:VariableDeclarationStatement[17740-17866]"
    }, {
      "left" : "double lowVal = rangeAxis.valueToJava2D(meanValue.doubleValue() \r\n                    - valueDelta, dataArea, yAxisLocation);",
      "right" : "double lowVal = rangeAxis.valueToJava2D(meanValue.doubleValue() \r\n                    - valueDelta, dataArea, yAxisLocation);",
      "info" : "VariableDeclarationStatement[17639-17764]:VariableDeclarationStatement[17880-18005]"
    }, {
      "left" : "if (this.errorIndicatorStroke != null)",
      "right" : "if (this.errorIndicatorStroke != null)",
      "info" : "IfStatement[17780-17994]:IfStatement[18021-18235]"
    }, {
      "left" : "{}",
      "right" : "{}",
      "info" : "Block[17819-17893]:Block[18060-18134]"
    }, {
      "left" : "g2.setStroke(this.errorIndicatorStroke);",
      "right" : "g2.setStroke(this.errorIndicatorStroke);",
      "info" : "ExpressionStatement[17838-17878]:ExpressionStatement[18079-18119]"
    }, {
      "left" : "{}",
      "right" : "{}",
      "info" : "Block[17912-17994]:Block[18153-18235]"
    }, {
      "left" : "g2.setStroke(getItemOutlineStroke(row, column));",
      "right" : "g2.setStroke(getItemOutlineStroke(row, column));",
      "info" : "ExpressionStatement[17931-17979]:ExpressionStatement[18172-18220]"
    }, {
      "left" : "if (this.errorIndicatorPaint != null)",
      "right" : "if (this.errorIndicatorPaint != null)",
      "info" : "IfStatement[18008-18222]:IfStatement[18249-18463]"
    }, {
      "left" : "{}",
      "right" : "{}",
      "info" : "Block[18046-18120]:Block[18287-18361]"
    }, {
      "left" : "g2.setPaint(this.errorIndicatorPaint);",
      "right" : "g2.setPaint(this.errorIndicatorPaint);",
      "info" : "ExpressionStatement[18065-18103]:ExpressionStatement[18306-18344]"
    }, {
      "left" : "{}",
      "right" : "{}",
      "info" : "Block[18139-18222]:Block[18380-18463]"
    }, {
      "left" : "g2.setPaint(getItemOutlinePaint(row, column));",
      "right" : "g2.setPaint(getItemOutlinePaint(row, column));",
      "info" : "ExpressionStatement[18158-18204]:ExpressionStatement[18399-18445]"
    }, {
      "left" : "Line2D line = null;",
      "right" : "Line2D line = null;",
      "info" : "VariableDeclarationStatement[18236-18255]:VariableDeclarationStatement[18477-18496]"
    }, {
      "left" : "line = new Line2D.Double(rectX + rectWidth / 2.0d, lowVal,\r\n                                     rectX + rectWidth / 2.0d, highVal);",
      "right" : "line = new Line2D.Double(rectX + rectWidth / 2.0d, lowVal,\r\n                                     rectX + rectWidth / 2.0d, highVal);",
      "info" : "ExpressionStatement[18269-18401]:ExpressionStatement[18510-18642]"
    }, {
      "left" : "g2.draw(line);",
      "right" : "g2.draw(line);",
      "info" : "ExpressionStatement[18415-18429]:ExpressionStatement[19032-19046]"
    }, {
      "left" : "line = new Line2D.Double(rectX + rectWidth / 2.0d - 5.0d, highVal,\r\n                                     rectX + rectWidth / 2.0d + 5.0d, highVal);",
      "right" : "line = new Line2D.Double(rectX + rectWidth / 2.0d - 5.0d, highVal,\r\n                                     rectX + rectWidth / 2.0d + 5.0d, highVal);",
      "info" : "ExpressionStatement[18443-18590]:ExpressionStatement[18684-18831]"
    }, {
      "left" : "g2.draw(line);",
      "right" : "g2.draw(line);",
      "info" : "ExpressionStatement[18604-18618]:ExpressionStatement[18845-18859]"
    }, {
      "left" : "line = new Line2D.Double(rectX + rectWidth / 2.0d - 5.0d, lowVal,\r\n                                     rectX + rectWidth / 2.0d + 5.0d, lowVal);",
      "right" : "line = new Line2D.Double(rectX + rectWidth / 2.0d - 5.0d, lowVal,\r\n                                     rectX + rectWidth / 2.0d + 5.0d, lowVal);",
      "info" : "ExpressionStatement[18632-18777]:ExpressionStatement[18873-19018]"
    }, {
      "left" : "g2.draw(line);",
      "right" : "g2.draw(line);",
      "info" : "ExpressionStatement[18791-18805]:ExpressionStatement[18656-18670]"
    }, {
      "left" : "CategoryItemLabelGenerator generator = getItemLabelGenerator(row, \r\n                column);",
      "right" : "CategoryItemLabelGenerator generator = getItemLabelGenerator(row, \r\n                column);",
      "info" : "VariableDeclarationStatement[18825-18917]:VariableDeclarationStatement[19077-19169]"
    }, {
      "left" : "if (generator != null && isItemLabelVisible(row, column))",
      "right" : "if (generator != null && isItemLabelVisible(row, column))",
      "info" : "IfStatement[18927-19110]:IfStatement[19179-19362]"
    }, {
      "left" : "{}",
      "right" : "{}",
      "info" : "Block[18985-19110]:Block[19237-19362]"
    }, {
      "left" : "drawItemLabel(g2, dataset, row, column, plot, generator, bar, \r\n                    (value < 0.0));",
      "right" : "drawItemLabel(g2, dataset, row, column, plot, generator, bar, \r\n                    (value < 0.0));",
      "info" : "ExpressionStatement[19000-19099]:ExpressionStatement[19252-19351]"
    }, {
      "left" : "EntityCollection entities = state.getEntityCollection();",
      "right" : "EntityCollection entities = state.getEntityCollection();",
      "info" : "VariableDeclarationStatement[19201-19257]:VariableDeclarationStatement[19453-19509]"
    }, {
      "left" : "if (entities != null)",
      "right" : "if (entities != null)",
      "info" : "IfStatement[19267-19366]:IfStatement[19519-19618]"
    }, {
      "left" : "{}",
      "right" : "{}",
      "info" : "Block[19289-19366]:Block[19541-19618]"
    }, {
      "left" : "addItemEntity(entities, dataset, row, column, bar);",
      "right" : "addItemEntity(entities, dataset, row, column, bar);",
      "info" : "ExpressionStatement[19304-19355]:ExpressionStatement[19556-19607]"
    }, {
      "left" : "{}",
      "right" : "{}",
      "info" : "Block[19611-20098]:Block[19863-20350]"
    }, {
      "left" : "if (obj == this)",
      "right" : "if (obj == this)",
      "info" : "IfStatement[19622-19680]:IfStatement[19874-19932]"
    }, {
      "left" : "{}",
      "right" : "{}",
      "info" : "Block[19639-19680]:Block[19891-19932]"
    }, {
      "left" : "return true;",
      "right" : "return true;",
      "info" : "ReturnStatement[19654-19666]:ReturnStatement[19906-19918]"
    }, {
      "left" : "if (!(obj instanceof StatisticalBarRenderer))",
      "right" : "if (!(obj instanceof StatisticalBarRenderer))",
      "info" : "IfStatement[19690-19778]:IfStatement[19942-20030]"
    }, {
      "left" : "{}",
      "right" : "{}",
      "info" : "Block[19736-19778]:Block[19988-20030]"
    }, {
      "left" : "return false;",
      "right" : "return false;",
      "info" : "ReturnStatement[19751-19764]:ReturnStatement[20003-20016]"
    }, {
      "left" : "if (!super.equals(obj))",
      "right" : "if (!super.equals(obj))",
      "info" : "IfStatement[19788-19854]:IfStatement[20040-20106]"
    }, {
      "left" : "{}",
      "right" : "{}",
      "info" : "Block[19812-19854]:Block[20064-20106]"
    }, {
      "left" : "return false;",
      "right" : "return false;",
      "info" : "ReturnStatement[19827-19840]:ReturnStatement[20079-20092]"
    }, {
      "left" : "StatisticalBarRenderer that = (StatisticalBarRenderer) obj;",
      "right" : "StatisticalBarRenderer that = (StatisticalBarRenderer) obj;",
      "info" : "VariableDeclarationStatement[19864-19923]:VariableDeclarationStatement[20116-20175]"
    }, {
      "left" : "if (!PaintUtilities.equal(this.errorIndicatorPaint, \r\n                that.errorIndicatorPaint))",
      "right" : "if (!PaintUtilities.equal(this.errorIndicatorPaint, \r\n                that.errorIndicatorPaint))",
      "info" : "IfStatement[19933-20069]:IfStatement[20185-20321]"
    }, {
      "left" : "{}",
      "right" : "{}",
      "info" : "Block[20030-20069]:Block[20282-20321]"
    }, {
      "left" : "return false;",
      "right" : "return false;",
      "info" : "ReturnStatement[20045-20058]:ReturnStatement[20297-20310]"
    }, {
      "left" : "return true;",
      "right" : "return true;",
      "info" : "ReturnStatement[20079-20091]:ReturnStatement[20331-20343]"
    }, {
      "left" : "{}",
      "right" : "{}",
      "info" : "Block[20352-20542]:Block[20604-20794]"
    }, {
      "left" : "stream.defaultWriteObject();",
      "right" : "stream.defaultWriteObject();",
      "info" : "ExpressionStatement[20363-20391]:ExpressionStatement[20615-20643]"
    }, {
      "left" : "SerialUtilities.writePaint(this.errorIndicatorPaint, stream);",
      "right" : "SerialUtilities.writePaint(this.errorIndicatorPaint, stream);",
      "info" : "ExpressionStatement[20401-20462]:ExpressionStatement[20653-20714]"
    }, {
      "left" : "SerialUtilities.writeStroke(this.errorIndicatorStroke, stream);",
      "right" : "SerialUtilities.writeStroke(this.errorIndicatorStroke, stream);",
      "info" : "ExpressionStatement[20472-20535]:ExpressionStatement[20724-20787]"
    }, {
      "left" : "{}",
      "right" : "{}",
      "info" : "Block[20896-21085]:Block[21148-21337]"
    }, {
      "left" : "stream.defaultReadObject();",
      "right" : "stream.defaultReadObject();",
      "info" : "ExpressionStatement[20907-20934]:ExpressionStatement[21159-21186]"
    }, {
      "left" : "this.errorIndicatorPaint = SerialUtilities.readPaint(stream);",
      "right" : "this.errorIndicatorPaint = SerialUtilities.readPaint(stream);",
      "info" : "ExpressionStatement[20944-21005]:ExpressionStatement[21196-21257]"
    }, {
      "left" : "this.errorIndicatorStroke = SerialUtilities.readStroke(stream);",
      "right" : "this.errorIndicatorStroke = SerialUtilities.readStroke(stream);",
      "info" : "ExpressionStatement[21015-21078]:ExpressionStatement[21267-21330]"
    } ]
  },
  "interFileMappings" : { }
}