{
  "intraFileMappings" : {
    "matchedElements" : [
 {
      "left" : "protected CoreOperationRelationalExpression(Expression[] args)",
      "right" : "protected CoreOperationRelationalExpression(Expression[] args)",
      "info" : "MethodDeclaration[1091-1182]:MethodDeclaration[1384-1475]"
    }, {
      "left" : "protected final int getPrecedence()",
      "right" : "protected final int getPrecedence()",
      "info" : "MethodDeclaration[1188-1249]:MethodDeclaration[1682-1743]"
    }, {
      "left" : "protected final boolean isSymmetric()",
      "right" : "protected final boolean isSymmetric()",
      "info" : "MethodDeclaration[1255-1322]:MethodDeclaration[1749-1816]"
    } ],
    "mappings" : [
 {
      "left" : "public",
      "right" : "public",
      "info" : "Modifier[1006-1012]:Modifier[1299-1305]"
    }, {
      "left" : "abstract",
      "right" : "abstract",
      "info" : "Modifier[1013-1021]:Modifier[1306-1314]"
    }, {
      "left" : "class",
      "right" : "class",
      "info" : "TYPE_DECLARATION_KIND[1022-1027]:TYPE_DECLARATION_KIND[1315-1320]"
    }, {
      "left" : "CoreOperationRelationalExpression",
      "right" : "CoreOperationRelationalExpression",
      "info" : "SimpleName[1028-1061]:SimpleName[1321-1354]"
    }, {
      "left" : "CoreOperation",
      "right" : "CoreOperation",
      "info" : "SimpleType[1070-1083]:SimpleType[1363-1376]"
    }, {
      "left" : "protected",
      "right" : "protected",
      "info" : "Modifier[1091-1100]:Modifier[1384-1393]"
    }, {
      "left" : "CoreOperationRelationalExpression",
      "right" : "CoreOperationRelationalExpression",
      "info" : "SimpleName[1101-1134]:SimpleName[1394-1427]"
    }, {
      "left" : "Expression[] args",
      "right" : "Expression[] args",
      "info" : "SingleVariableDeclaration[1135-1152]:SingleVariableDeclaration[1428-1445]"
    }, {
      "left" : "{}",
      "right" : "{}",
      "info" : "Block[1154-1182]:Block[1447-1475]"
    }, {
      "left" : "super(args);",
      "right" : "super(args);",
      "info" : "SuperConstructorInvocation[1164-1176]:SuperConstructorInvocation[1457-1469]"
    }, {
      "left" : "protected",
      "right" : "protected",
      "info" : "Modifier[1188-1197]:Modifier[1682-1691]"
    }, {
      "left" : "final",
      "right" : "final",
      "info" : "Modifier[1198-1203]:Modifier[1692-1697]"
    }, {
      "left" : "int",
      "right" : "int",
      "info" : "PrimitiveType[1204-1207]:PrimitiveType[1698-1701]"
    }, {
      "left" : "getPrecedence",
      "right" : "getPrecedence",
      "info" : "SimpleName[1208-1221]:SimpleName[1702-1715]"
    }, {
      "left" : "{}",
      "right" : "{}",
      "info" : "Block[1224-1249]:Block[1718-1743]"
    }, {
      "left" : "return 3;",
      "right" : "return 3;",
      "info" : "ReturnStatement[1234-1243]:ReturnStatement[1728-1737]"
    }, {
      "left" : "protected",
      "right" : "protected",
      "info" : "Modifier[1255-1264]:Modifier[1749-1758]"
    }, {
      "left" : "final",
      "right" : "final",
      "info" : "Modifier[1265-1270]:Modifier[1759-1764]"
    }, {
      "left" : "boolean",
      "right" : "boolean",
      "info" : "PrimitiveType[1271-1278]:PrimitiveType[1765-1772]"
    }, {
      "left" : "isSymmetric",
      "right" : "isSymmetric",
      "info" : "SimpleName[1279-1290]:SimpleName[1773-1784]"
    }, {
      "left" : "{}",
      "right" : "{}",
      "info" : "Block[1293-1322]:Block[1787-1816]"
    }, {
      "left" : "return false;",
      "right" : "return false;",
      "info" : "ReturnStatement[1303-1316]:ReturnStatement[1797-1810]"
    } ]
  },
  "interFileMappings" : { }
}