{"PLAIN_CONFIGURATION": "HybridGumtree-bu_minsize-2000-st_minprio-2-st_priocalc-height", "MATCHER": "HybridGumtree", "NRACTIONS": 191, "SIMACTIONS": 152, "NRROOTS": null, "NR_INSERT": 56, "NR_DELETE": 66, "NR_UPDATE": 33, "NR_MOVE": 36, "NR_TREEINSERT": 0, "NR_TREEDELETE": 0, "TIME": 1018, "NROPTIONS": 0, "TIMEOUT": 0, "bu_minsim": null, "bu_minsize": 2000, "st_minprio": 2, "st_priocalc": "height", "cd_labsim": null, "cd_maxleaves": null, "cd_structsim1": null, "cd_structsim2": null, "xy_minsim": null}