{
  "intraFileMappings" : {
    "matchedElements" : [
 {
      "left" : "DrillResultSetImpl",
      "right" : "DrillResultSetImpl",
      "info" : "TypeDeclaration[2314-14548]:TypeDeclaration[2314-14561]"
    }, {
      "left" : "@SuppressWarnings(\"unused\")\n  private static final org.slf4j.Logger logger =\n      org.slf4j.LoggerFactory.getLogger(DrillResultSetImpl.class);",
      "right" : "@SuppressWarnings(\"unused\")\n  private static final org.slf4j.Logger logger =\n      org.slf4j.LoggerFactory.getLogger(DrillResultSetImpl.class);",
      "info" : "FieldDeclaration[2450-2593]:FieldDeclaration[2450-2593]"
    }, {
      "left" : "private final DrillStatementImpl statement;",
      "right" : "private final DrillStatementImpl statement;",
      "info" : "FieldDeclaration[2597-2640]:FieldDeclaration[2597-2640]"
    }, {
      "left" : "SchemaChangeListener changeListener;",
      "right" : "SchemaChangeListener changeListener;",
      "info" : "FieldDeclaration[2644-2680]:FieldDeclaration[2644-2680]"
    }, {
      "left" : "final ResultsListener resultsListener;",
      "right" : "final ResultsListener resultsListener;",
      "info" : "FieldDeclaration[2683-2721]:FieldDeclaration[2683-2721]"
    }, {
      "left" : "private final DrillClient client;",
      "right" : "private final DrillClient client;",
      "info" : "FieldDeclaration[2724-2757]:FieldDeclaration[2724-2757]"
    }, {
      "left" : "final RecordBatchLoader batchLoader;",
      "right" : "final RecordBatchLoader batchLoader;",
      "info" : "FieldDeclaration[2915-2951]:FieldDeclaration[2915-2951]"
    }, {
      "left" : "final DrillCursor cursor;",
      "right" : "final DrillCursor cursor;",
      "info" : "FieldDeclaration[2954-2979]:FieldDeclaration[2954-2979]"
    }, {
      "left" : "boolean hasPendingCancelationNotification;",
      "right" : "boolean hasPendingCancelationNotification;",
      "info" : "FieldDeclaration[2982-3024]:FieldDeclaration[2982-3024]"
    }, {
      "left" : "DrillResultSetImpl(DrillStatementImpl statement, AvaticaPrepareResult prepareResult,\n                     ResultSetMetaData resultSetMetaData, TimeZone timeZone)",
      "right" : "DrillResultSetImpl(DrillStatementImpl statement, AvaticaPrepareResult prepareResult,\n                     ResultSetMetaData resultSetMetaData, TimeZone timeZone)",
      "info" : "MethodDeclaration[3028-3793]:MethodDeclaration[3028-3793]"
    }, {
      "left" : "public DrillStatementImpl getStatement()",
      "right" : "public DrillStatementImpl getStatement()",
      "info" : "MethodDeclaration[3797-3865]:MethodDeclaration[3797-3865]"
    }, {
      "left" : "private void checkNotClosed() throws SQLException",
      "right" : "private void checkNotClosed() throws SQLException",
      "info" : "MethodDeclaration[3869-4725]:MethodDeclaration[3869-4725]"
    }, {
      "left" : "public ResultSetMetaData getMetaData() throws SQLException",
      "right" : "public ResultSetMetaData getMetaData() throws SQLException",
      "info" : "MethodDeclaration[4729-4859]:MethodDeclaration[4729-4859]"
    }, {
      "left" : "protected void cancel()",
      "right" : "protected void cancel()",
      "info" : "MethodDeclaration[4864-4979]:MethodDeclaration[4864-4979]"
    }, {
      "left" : "synchronized void cleanup()",
      "right" : "synchronized void cleanup()",
      "info" : "MethodDeclaration[4983-5211]:MethodDeclaration[4983-5211]"
    }, {
      "left" : "public boolean next() throws SQLException",
      "right" : "public boolean next() throws SQLException",
      "info" : "MethodDeclaration[5215-5976]:MethodDeclaration[5215-5976]"
    }, {
      "left" : "protected DrillResultSetImpl execute() throws SQLExceptio",
      "right" : "protected DrillResultSetImpl execute() throws SQLExceptio",
      "info" : "MethodDeclaration[5980-7253]:MethodDeclaration[5980-7266]"
    }, {
      "left" : "public String getQueryId()",
      "right" : "public String getQueryId()",
      "info" : "MethodDeclaration[7257-7444]:MethodDeclaration[7270-7457]"
    }, {
      "left" : "ResultsListener",
      "right" : "ResultsListener",
      "info" : "TypeDeclaration[7448-14545]:TypeDeclaration[7461-14558]"
    }, {
      "left" : "private static final Logger logger = getLogger( ResultsListener.class );",
      "right" : "private static final Logger logger = getLogger( ResultsListener.class );",
      "info" : "FieldDeclaration[7514-7586]:FieldDeclaration[7527-7599]"
    }, {
      "left" : "private static volatile int nextInstanceId = 1;",
      "right" : "private static volatile int nextInstanceId = 1;",
      "info" : "FieldDeclaration[7592-7639]:FieldDeclaration[7605-7652]"
    }, {
      "left" : "private final int instanceId;",
      "right" : "private final int instanceId;",
      "info" : "FieldDeclaration[7645-7705]:FieldDeclaration[7658-7718]"
    }, {
      "left" : "private final int batchQueueThrottlingThreshold;",
      "right" : "private final int batchQueueThrottlingThreshold;",
      "info" : "FieldDeclaration[7711-7759]:FieldDeclaration[7724-7772]"
    }, {
      "left" : "private volatile QueryId queryId;",
      "right" : "private volatile QueryId queryId;",
      "info" : "FieldDeclaration[7765-7829]:FieldDeclaration[7778-7842]"
    }, {
      "left" : "private int lastReceivedBatchNumber;",
      "right" : "private int lastReceivedBatchNumber;",
      "info" : "FieldDeclaration[7835-7902]:FieldDeclaration[7848-7915]"
    }, {
      "left" : "private int lastDequeuedBatchNumber;",
      "right" : "private int lastDequeuedBatchNumber;",
      "info" : "FieldDeclaration[7907-7974]:FieldDeclaration[7920-7987]"
    }, {
      "left" : "private volatile UserException executionFailureException;",
      "right" : "private volatile UserException executionFailureException;",
      "info" : "FieldDeclaration[7980-8037]:FieldDeclaration[7993-8050]"
    }, {
      "left" : "volatile boolean completed = false;",
      "right" : "volatile boolean completed = false;",
      "info" : "FieldDeclaration[8391-8426]:FieldDeclaration[8404-8439]"
    }, {
      "left" : "private final AtomicBoolean throttled = new AtomicBoolean( false );",
      "right" : "private final AtomicBoolean throttled = new AtomicBoolean( false );",
      "info" : "FieldDeclaration[8432-8557]:FieldDeclaration[8445-8570]"
    }, {
      "left" : "private volatile ConnectionThrottle throttle;",
      "right" : "private volatile ConnectionThrottle throttle;",
      "info" : "FieldDeclaration[8562-8607]:FieldDeclaration[8575-8620]"
    }, {
      "left" : "private volatile boolean closed = false;",
      "right" : "private volatile boolean closed = false;",
      "info" : "FieldDeclaration[8613-8653]:FieldDeclaration[8626-8666]"
    }, {
      "left" : "private CountDownLatch latch = new CountDownLatch(1);",
      "right" : "private CountDownLatch latch = new CountDownLatch(1);",
      "info" : "FieldDeclaration[8774-8827]:FieldDeclaration[8787-8840]"
    }, {
      "left" : "private AtomicBoolean receivedMessage = new AtomicBoolean(false);",
      "right" : "private AtomicBoolean receivedMessage = new AtomicBoolean(false);",
      "info" : "FieldDeclaration[8832-8897]:FieldDeclaration[8845-8910]"
    }, {
      "left" : "final LinkedBlockingDeque<QueryDataBatch> batchQueue =\n        Queues.newLinkedBlockingDeque();",
      "right" : "final LinkedBlockingDeque<QueryDataBatch> batchQueue =\n        Queues.newLinkedBlockingDeque();",
      "info" : "FieldDeclaration[8903-8998]:FieldDeclaration[8916-9011]"
    }, {
      "left" : "ResultsListener( int batchQueueThrottlingThreshold )",
      "right" : "ResultsListener( int batchQueueThrottlingThreshold )",
      "info" : "MethodDeclaration[9005-9373]:MethodDeclaration[9018-9386]"
    }, {
      "left" : "private boolean startThrottlingIfNot( ConnectionThrottle throttle )",
      "right" : "private boolean startThrottlingIfNot( ConnectionThrottle throttle )",
      "info" : "MethodDeclaration[9379-9849]:MethodDeclaration[9392-9862]"
    }, {
      "left" : "private boolean stopThrottlingIfSo()",
      "right" : "private boolean stopThrottlingIfSo()",
      "info" : "MethodDeclaration[9855-10206]:MethodDeclaration[9868-10219]"
    }, {
      "left" : "private boolean releaseIfFirst()",
      "right" : "private boolean releaseIfFirst()",
      "info" : "MethodDeclaration[10281-10454]:MethodDeclaration[10294-10467]"
    }, {
      "left" : "public void queryIdArrived(QueryId queryId)",
      "right" : "public void queryIdArrived(QueryId queryId)",
      "info" : "MethodDeclaration[10460-10678]:MethodDeclaration[10473-10691]"
    }, {
      "left" : "public void submissionFailed(UserException ex)",
      "right" : "public void submissionFailed(UserException ex)",
      "info" : "MethodDeclaration[10684-10960]:MethodDeclaration[10697-10973]"
    }, {
      "left" : "public void dataArrived(QueryDataBatch result, ConnectionThrottle throttle)",
      "right" : "public void dataArrived(QueryDataBatch result, ConnectionThrottle throttle)",
      "info" : "MethodDeclaration[10966-11948]:MethodDeclaration[10979-11961]"
    }, {
      "left" : "public void queryCompleted(QueryState state)",
      "right" : "public void queryCompleted(QueryState state)",
      "info" : "MethodDeclaration[11954-12149]:MethodDeclaration[11967-12162]"
    }, {
      "left" : "QueryId getQueryId()",
      "right" : "QueryId getQueryId()",
      "info" : "MethodDeclaration[12155-12205]:MethodDeclaration[12168-12218]"
    }, {
      "left" : "QueryDataBatch getNext() throws UserException, InterruptedException",
      "right" : "QueryDataBatch getNext() throws UserException, InterruptedException",
      "info" : "MethodDeclaration[12212-13746]:MethodDeclaration[12225-13759]"
    }, {
      "left" : "void close()",
      "right" : "void close()",
      "info" : "MethodDeclaration[13752-14540]:MethodDeclaration[13765-14553]"
    } ],
    "mappings" : [
 {
      "left" : "class",
      "right" : "class",
      "info" : "TYPE_DECLARATION_KIND[2370-2375]:TYPE_DECLARATION_KIND[2370-2375]"
    }, {
      "left" : "DrillResultSetImpl",
      "right" : "DrillResultSetImpl",
      "info" : "SimpleName[2376-2394]:SimpleName[2376-2394]"
    }, {
      "left" : "AvaticaResultSet",
      "right" : "AvaticaResultSet",
      "info" : "SimpleType[2403-2419]:SimpleType[2403-2419]"
    }, {
      "left" : "DrillResultSet",
      "right" : "DrillResultSet",
      "info" : "SimpleType[2431-2445]:SimpleType[2431-2445]"
    }, {
      "left" : "DrillResultSetImpl",
      "right" : "DrillResultSetImpl",
      "info" : "SimpleName[3028-3046]:SimpleName[3028-3046]"
    }, {
      "left" : "DrillStatementImpl statement",
      "right" : "DrillStatementImpl statement",
      "info" : "SingleVariableDeclaration[3047-3075]:SingleVariableDeclaration[3047-3075]"
    }, {
      "left" : "AvaticaPrepareResult prepareResult",
      "right" : "AvaticaPrepareResult prepareResult",
      "info" : "SingleVariableDeclaration[3077-3111]:SingleVariableDeclaration[3077-3111]"
    }, {
      "left" : "ResultSetMetaData resultSetMetaData",
      "right" : "ResultSetMetaData resultSetMetaData",
      "info" : "SingleVariableDeclaration[3134-3169]:SingleVariableDeclaration[3134-3169]"
    }, {
      "left" : "TimeZone timeZone",
      "right" : "TimeZone timeZone",
      "info" : "SingleVariableDeclaration[3171-3188]:SingleVariableDeclaration[3171-3188]"
    }, {
      "left" : "{}",
      "right" : "{}",
      "info" : "Block[3190-3793]:Block[3190-3793]"
    }, {
      "left" : "super(statement, prepareResult, resultSetMetaData, timeZone);",
      "right" : "super(statement, prepareResult, resultSetMetaData, timeZone);",
      "info" : "SuperConstructorInvocation[3196-3257]:SuperConstructorInvocation[3196-3257]"
    }, {
      "left" : "this.statement = statement;",
      "right" : "this.statement = statement;",
      "info" : "ExpressionStatement[3262-3289]:ExpressionStatement[3262-3289]"
    }, {
      "left" : "final int batchQueueThrottlingThreshold =\n        this.getStatement().getConnection().getClient().getConfig().getInt(\n            ExecConstants.JDBC_BATCH_QUEUE_THROTTLING_THRESHOLD );",
      "right" : "final int batchQueueThrottlingThreshold =\n        this.getStatement().getConnection().getClient().getConfig().getInt(\n            ExecConstants.JDBC_BATCH_QUEUE_THROTTLING_THRESHOLD );",
      "info" : "VariableDeclarationStatement[3294-3478]:VariableDeclarationStatement[3294-3478]"
    }, {
      "left" : "resultsListener = new ResultsListener( batchQueueThrottlingThreshold );",
      "right" : "resultsListener = new ResultsListener( batchQueueThrottlingThreshold );",
      "info" : "ExpressionStatement[3483-3554]:ExpressionStatement[3483-3554]"
    }, {
      "left" : "DrillConnection c = (DrillConnection) statement.getConnection();",
      "right" : "DrillConnection c = (DrillConnection) statement.getConnection();",
      "info" : "VariableDeclarationStatement[3559-3623]:VariableDeclarationStatement[3559-3623]"
    }, {
      "left" : "DrillClient client = c.getClient();",
      "right" : "DrillClient client = c.getClient();",
      "info" : "VariableDeclarationStatement[3628-3663]:VariableDeclarationStatement[3628-3663]"
    }, {
      "left" : "batchLoader = new RecordBatchLoader(client.getAllocator());",
      "right" : "batchLoader = new RecordBatchLoader(client.getAllocator());",
      "info" : "ExpressionStatement[3668-3727]:ExpressionStatement[3668-3727]"
    }, {
      "left" : "this.client = client;",
      "right" : "this.client = client;",
      "info" : "ExpressionStatement[3732-3753]:ExpressionStatement[3732-3753]"
    }, {
      "left" : "cursor = new DrillCursor(this);",
      "right" : "cursor = new DrillCursor(this);",
      "info" : "ExpressionStatement[3758-3789]:ExpressionStatement[3758-3789]"
    }, {
      "left" : "public",
      "right" : "public",
      "info" : "Modifier[3797-3803]:Modifier[3797-3803]"
    }, {
      "left" : "DrillStatementImpl",
      "right" : "DrillStatementImpl",
      "info" : "SimpleType[3804-3822]:SimpleType[3804-3822]"
    }, {
      "left" : "getStatement",
      "right" : "getStatement",
      "info" : "SimpleName[3823-3835]:SimpleName[3823-3835]"
    }, {
      "left" : "{}",
      "right" : "{}",
      "info" : "Block[3838-3865]:Block[3838-3865]"
    }, {
      "left" : "return statement;",
      "right" : "return statement;",
      "info" : "ReturnStatement[3844-3861]:ReturnStatement[3844-3861]"
    }, {
      "left" : "private",
      "right" : "private",
      "info" : "Modifier[4310-4317]:Modifier[4310-4317]"
    }, {
      "left" : "void",
      "right" : "void",
      "info" : "PrimitiveType[4318-4322]:PrimitiveType[4318-4322]"
    }, {
      "left" : "checkNotClosed",
      "right" : "checkNotClosed",
      "info" : "SimpleName[4323-4337]:SimpleName[4323-4337]"
    }, {
      "left" : "SQLException",
      "right" : "SQLException",
      "info" : "SimpleType[4347-4359]:SimpleType[4347-4359]"
    }, {
      "left" : "{}",
      "right" : "{}",
      "info" : "Block[4360-4725]:Block[4360-4725]"
    }, {
      "left" : "if ( isClosed())",
      "right" : "if ( isClosed())",
      "info" : "IfStatement[4366-4721]:IfStatement[4366-4721]"
    }, {
      "left" : "{}",
      "right" : "{}",
      "info" : "Block[4384-4721]:Block[4384-4721]"
    }, {
      "left" : "if ( hasPendingCancelationNotification)",
      "right" : "if ( hasPendingCancelationNotification)",
      "info" : "IfStatement[4392-4715]:IfStatement[4392-4715]"
    }, {
      "left" : "{}",
      "right" : "{}",
      "info" : "Block[4433-4615]:Block[4433-4615]"
    }, {
      "left" : "hasPendingCancelationNotification = false;",
      "right" : "hasPendingCancelationNotification = false;",
      "info" : "ExpressionStatement[4443-4485]:ExpressionStatement[4443-4485]"
    }, {
      "left" : "throw new ExecutionCanceledSqlException(\n            \"SQL statement execution canceled; ResultSet now closed.\" );",
      "right" : "throw new ExecutionCanceledSqlException(\n            \"SQL statement execution canceled; ResultSet now closed.\" );",
      "info" : "ThrowStatement[4494-4607]:ThrowStatement[4494-4607]"
    }, {
      "left" : "{}",
      "right" : "{}",
      "info" : "Block[4627-4715]:Block[4627-4715]"
    }, {
      "left" : "throw new AlreadyClosedSqlException( \"ResultSet is already closed.\" );",
      "right" : "throw new AlreadyClosedSqlException( \"ResultSet is already closed.\" );",
      "info" : "ThrowStatement[4637-4707]:ThrowStatement[4637-4707]"
    }, {
      "left" : "@Override",
      "right" : "@Override",
      "info" : "MarkerAnnotation[4729-4738]:MarkerAnnotation[4729-4738]"
    }, {
      "left" : "public",
      "right" : "public",
      "info" : "Modifier[4741-4747]:Modifier[4741-4747]"
    }, {
      "left" : "ResultSetMetaData",
      "right" : "ResultSetMetaData",
      "info" : "SimpleType[4748-4765]:SimpleType[4748-4765]"
    }, {
      "left" : "getMetaData",
      "right" : "getMetaData",
      "info" : "SimpleName[4766-4777]:SimpleName[4766-4777]"
    }, {
      "left" : "SQLException",
      "right" : "SQLException",
      "info" : "SimpleType[4787-4799]:SimpleType[4787-4799]"
    }, {
      "left" : "{}",
      "right" : "{}",
      "info" : "Block[4800-4859]:Block[4800-4859]"
    }, {
      "left" : "checkNotClosed();",
      "right" : "checkNotClosed();",
      "info" : "ExpressionStatement[4806-4823]:ExpressionStatement[4806-4823]"
    }, {
      "left" : "return super.getMetaData();",
      "right" : "return super.getMetaData();",
      "info" : "ReturnStatement[4828-4855]:ReturnStatement[4828-4855]"
    }, {
      "left" : "@Override",
      "right" : "@Override",
      "info" : "MarkerAnnotation[4864-4873]:MarkerAnnotation[4864-4873]"
    }, {
      "left" : "protected",
      "right" : "protected",
      "info" : "Modifier[4876-4885]:Modifier[4876-4885]"
    }, {
      "left" : "void",
      "right" : "void",
      "info" : "PrimitiveType[4886-4890]:PrimitiveType[4886-4890]"
    }, {
      "left" : "cancel",
      "right" : "cancel",
      "info" : "SimpleName[4891-4897]:SimpleName[4891-4897]"
    }, {
      "left" : "{}",
      "right" : "{}",
      "info" : "Block[4900-4979]:Block[4900-4979]"
    }, {
      "left" : "hasPendingCancelationNotification = true;",
      "right" : "hasPendingCancelationNotification = true;",
      "info" : "ExpressionStatement[4906-4947]:ExpressionStatement[4906-4947]"
    }, {
      "left" : "cleanup();",
      "right" : "cleanup();",
      "info" : "ExpressionStatement[4952-4962]:ExpressionStatement[4952-4962]"
    }, {
      "left" : "close();",
      "right" : "close();",
      "info" : "ExpressionStatement[4967-4975]:ExpressionStatement[4967-4975]"
    }, {
      "left" : "synchronized",
      "right" : "synchronized",
      "info" : "Modifier[4983-4995]:Modifier[4983-4995]"
    }, {
      "left" : "void",
      "right" : "void",
      "info" : "PrimitiveType[4996-5000]:PrimitiveType[4996-5000]"
    }, {
      "left" : "cleanup",
      "right" : "cleanup",
      "info" : "SimpleName[5001-5008]:SimpleName[5001-5008]"
    }, {
      "left" : "{}",
      "right" : "{}",
      "info" : "Block[5011-5211]:Block[5011-5211]"
    }, {
      "left" : "if (resultsListener.getQueryId() != null && ! resultsListener.completed)",
      "right" : "if (resultsListener.getQueryId() != null && ! resultsListener.completed)",
      "info" : "IfStatement[5017-5153]:IfStatement[5017-5153]"
    }, {
      "left" : "{}",
      "right" : "{}",
      "info" : "Block[5090-5153]:Block[5090-5153]"
    }, {
      "left" : "client.cancelQuery(resultsListener.getQueryId());",
      "right" : "client.cancelQuery(resultsListener.getQueryId());",
      "info" : "ExpressionStatement[5098-5147]:ExpressionStatement[5098-5147]"
    }, {
      "left" : "resultsListener.close();",
      "right" : "resultsListener.close();",
      "info" : "ExpressionStatement[5158-5182]:ExpressionStatement[5158-5182]"
    }, {
      "left" : "batchLoader.clear();",
      "right" : "batchLoader.clear();",
      "info" : "ExpressionStatement[5187-5207]:ExpressionStatement[5187-5207]"
    }, {
      "left" : "@Override",
      "right" : "@Override",
      "info" : "MarkerAnnotation[5215-5224]:MarkerAnnotation[5215-5224]"
    }, {
      "left" : "public",
      "right" : "public",
      "info" : "Modifier[5227-5233]:Modifier[5227-5233]"
    }, {
      "left" : "boolean",
      "right" : "boolean",
      "info" : "PrimitiveType[5234-5241]:PrimitiveType[5234-5241]"
    }, {
      "left" : "next",
      "right" : "next",
      "info" : "SimpleName[5242-5246]:SimpleName[5242-5246]"
    }, {
      "left" : "SQLException",
      "right" : "SQLException",
      "info" : "SimpleType[5256-5268]:SimpleType[5256-5268]"
    }, {
      "left" : "{}",
      "right" : "{}",
      "info" : "Block[5269-5976]:Block[5269-5976]"
    }, {
      "left" : "checkNotClosed();",
      "right" : "checkNotClosed();",
      "info" : "ExpressionStatement[5275-5292]:ExpressionStatement[5275-5292]"
    }, {
      "left" : "if (super.cursor != null)",
      "right" : "if (super.cursor != null)",
      "info" : "IfStatement[5879-5972]:IfStatement[5879-5972]"
    }, {
      "left" : "{}",
      "right" : "{}",
      "info" : "Block[5905-5939]:Block[5905-5939]"
    }, {
      "left" : "return super.next();",
      "right" : "return super.next();",
      "info" : "ReturnStatement[5913-5933]:ReturnStatement[5913-5933]"
    }, {
      "left" : "{}",
      "right" : "{}",
      "info" : "Block[5945-5972]:Block[5945-5972]"
    }, {
      "left" : "return false;",
      "right" : "return false;",
      "info" : "ReturnStatement[5953-5966]:ReturnStatement[5953-5966]"
    }, {
      "left" : "@Override",
      "right" : "@Override",
      "info" : "MarkerAnnotation[5980-5989]:MarkerAnnotation[5980-5989]"
    }, {
      "left" : "protected",
      "right" : "protected",
      "info" : "Modifier[5992-6001]:Modifier[5992-6001]"
    }, {
      "left" : "DrillResultSetImpl",
      "right" : "DrillResultSetImpl",
      "info" : "SimpleType[6002-6020]:SimpleType[6002-6020]"
    }, {
      "left" : "execute",
      "right" : "execute",
      "info" : "SimpleName[6021-6028]:SimpleName[6021-6028]"
    }, {
      "left" : "SQLException",
      "right" : "SQLException",
      "info" : "SimpleType[6038-6050]:SimpleType[6038-6050]"
    }, {
      "left" : "{}",
      "right" : "{}",
      "info" : "Block[6050-7253]:Block[6050-7266]"
    }, {
      "left" : "DrillConnectionImpl connection = (DrillConnectionImpl) statement.getConnection();",
      "right" : "DrillConnectionImpl connection = (DrillConnectionImpl) statement.getConnection();",
      "info" : "VariableDeclarationStatement[6056-6137]:VariableDeclarationStatement[6056-6137]"
    }, {
      "left" : "connection.getClient().runQuery(QueryType.SQL, this.prepareResult.getSql(),\n                                    resultsListener);",
      "right" : "connection.getClient().runQuery(QueryType.SQL, this.prepareResult.getSql(),\n                                    resultsListener);",
      "info" : "ExpressionStatement[6143-6272]:ExpressionStatement[6143-6272]"
    }, {
      "left" : "connection.getDriver().handler.onStatementExecute(statement, null);",
      "right" : "connection.getDriver().handler.onStatementExecute(statement, null);",
      "info" : "ExpressionStatement[6277-6344]:ExpressionStatement[6277-6344]"
    }, {
      "left" : "super.execute();",
      "right" : "super.execute();",
      "info" : "ExpressionStatement[6350-6366]:ExpressionStatement[6350-6366]"
    }, {
      "left" : "try{...}",
      "right" : "try{...}",
      "info" : "TryStatement[6456-7057]:TryStatement[6456-7057]"
    }, {
      "left" : "{}",
      "right" : "{}",
      "info" : "Block[6460-6620]:Block[6460-6620]"
    }, {
      "left" : "resultsListener.latch.await();",
      "right" : "resultsListener.latch.await();",
      "info" : "ExpressionStatement[6584-6614]:ExpressionStatement[6584-6614]"
    }, {
      "left" : "{}",
      "right" : "{}",
      "info" : "Block[6654-7057]:Block[6654-7057]"
    }, {
      "left" : "Thread.currentThread().interrupt();",
      "right" : "Thread.currentThread().interrupt();",
      "info" : "ExpressionStatement[6843-6878]:ExpressionStatement[6843-6878]"
    }, {
      "left" : "throw new SQLException( \"Interrupted\", e );",
      "right" : "throw new SQLException( \"Interrupted\", e );",
      "info" : "ThrowStatement[7008-7051]:ThrowStatement[7008-7051]"
    }, {
      "left" : "cursor.next();",
      "right" : "cursor.loadInitialSchema();",
      "info" : "ExpressionStatement[7217-7231]:ExpressionStatement[7217-7244]"
    }, {
      "left" : "next",
      "right" : "loadInitialSchema",
      "info" : "SimpleName[7224-7228]:SimpleName[7224-7241]"
    }, {
      "left" : "return this;",
      "right" : "return this;",
      "info" : "ReturnStatement[7237-7249]:ReturnStatement[7250-7262]"
    }, {
      "left" : "public",
      "right" : "public",
      "info" : "Modifier[7257-7263]:Modifier[7270-7276]"
    }, {
      "left" : "String",
      "right" : "String",
      "info" : "SimpleType[7264-7270]:SimpleType[7277-7283]"
    }, {
      "left" : "getQueryId",
      "right" : "getQueryId",
      "info" : "SimpleName[7271-7281]:SimpleName[7284-7294]"
    }, {
      "left" : "{}",
      "right" : "{}",
      "info" : "Block[7284-7444]:Block[7297-7457]"
    }, {
      "left" : "if (resultsListener.getQueryId() != null)",
      "right" : "if (resultsListener.getQueryId() != null)",
      "info" : "IfStatement[7290-7440]:IfStatement[7303-7453]"
    }, {
      "left" : "{}",
      "right" : "{}",
      "info" : "Block[7332-7408]:Block[7345-7421]"
    }, {
      "left" : "return QueryIdHelper.getQueryId(resultsListener.getQueryId());",
      "right" : "return QueryIdHelper.getQueryId(resultsListener.getQueryId());",
      "info" : "ReturnStatement[7340-7402]:ReturnStatement[7353-7415]"
    }, {
      "left" : "{}",
      "right" : "{}",
      "info" : "Block[7414-7440]:Block[7427-7453]"
    }, {
      "left" : "return null;",
      "right" : "return null;",
      "info" : "ReturnStatement[7422-7434]:ReturnStatement[7435-7447]"
    }, {
      "left" : "static",
      "right" : "static",
      "info" : "Modifier[7448-7454]:Modifier[7461-7467]"
    }, {
      "left" : "class",
      "right" : "class",
      "info" : "TYPE_DECLARATION_KIND[7455-7460]:TYPE_DECLARATION_KIND[7468-7473]"
    }, {
      "left" : "ResultsListener",
      "right" : "ResultsListener",
      "info" : "SimpleName[7461-7476]:SimpleName[7474-7489]"
    }, {
      "left" : "UserResultsListener",
      "right" : "UserResultsListener",
      "info" : "SimpleType[7488-7507]:SimpleType[7501-7520]"
    }, {
      "left" : "ResultsListener",
      "right" : "ResultsListener",
      "info" : "SimpleName[9135-9150]:SimpleName[9148-9163]"
    }, {
      "left" : "int batchQueueThrottlingThreshold",
      "right" : "int batchQueueThrottlingThreshold",
      "info" : "SingleVariableDeclaration[9152-9185]:SingleVariableDeclaration[9165-9198]"
    }, {
      "left" : "{}",
      "right" : "{}",
      "info" : "Block[9188-9373]:Block[9201-9386]"
    }, {
      "left" : "instanceId = nextInstanceId++;",
      "right" : "instanceId = nextInstanceId++;",
      "info" : "ExpressionStatement[9196-9226]:ExpressionStatement[9209-9239]"
    }, {
      "left" : "this.batchQueueThrottlingThreshold = batchQueueThrottlingThreshold;",
      "right" : "this.batchQueueThrottlingThreshold = batchQueueThrottlingThreshold;",
      "info" : "ExpressionStatement[9233-9300]:ExpressionStatement[9246-9313]"
    }, {
      "left" : "logger.debug( \"[#{}] Query listener created.\", instanceId );",
      "right" : "logger.debug( \"[#{}] Query listener created.\", instanceId );",
      "info" : "ExpressionStatement[9307-9367]:ExpressionStatement[9320-9380]"
    }, {
      "left" : "private",
      "right" : "private",
      "info" : "Modifier[9580-9587]:Modifier[9593-9600]"
    }, {
      "left" : "boolean",
      "right" : "boolean",
      "info" : "PrimitiveType[9588-9595]:PrimitiveType[9601-9608]"
    }, {
      "left" : "startThrottlingIfNot",
      "right" : "startThrottlingIfNot",
      "info" : "SimpleName[9596-9616]:SimpleName[9609-9629]"
    }, {
      "left" : "ConnectionThrottle throttle",
      "right" : "ConnectionThrottle throttle",
      "info" : "SingleVariableDeclaration[9618-9645]:SingleVariableDeclaration[9631-9658]"
    }, {
      "left" : "{}",
      "right" : "{}",
      "info" : "Block[9648-9849]:Block[9661-9862]"
    }, {
      "left" : "final boolean started = throttled.compareAndSet( false, true );",
      "right" : "final boolean started = throttled.compareAndSet( false, true );",
      "info" : "VariableDeclarationStatement[9656-9719]:VariableDeclarationStatement[9669-9732]"
    }, {
      "left" : "if ( started)",
      "right" : "if ( started)",
      "info" : "IfStatement[9726-9821]:IfStatement[9739-9834]"
    }, {
      "left" : "{}",
      "right" : "{}",
      "info" : "Block[9741-9821]:Block[9754-9834]"
    }, {
      "left" : "this.throttle = throttle;",
      "right" : "this.throttle = throttle;",
      "info" : "ExpressionStatement[9751-9776]:ExpressionStatement[9764-9789]"
    }, {
      "left" : "throttle.setAutoRead(false);",
      "right" : "throttle.setAutoRead(false);",
      "info" : "ExpressionStatement[9785-9813]:ExpressionStatement[9798-9826]"
    }, {
      "left" : "return started;",
      "right" : "return started;",
      "info" : "ReturnStatement[9828-9843]:ReturnStatement[9841-9856]"
    }, {
      "left" : "private",
      "right" : "private",
      "info" : "Modifier[9978-9985]:Modifier[9991-9998]"
    }, {
      "left" : "boolean",
      "right" : "boolean",
      "info" : "PrimitiveType[9986-9993]:PrimitiveType[9999-10006]"
    }, {
      "left" : "stopThrottlingIfSo",
      "right" : "stopThrottlingIfSo",
      "info" : "SimpleName[9994-10012]:SimpleName[10007-10025]"
    }, {
      "left" : "{}",
      "right" : "{}",
      "info" : "Block[10015-10206]:Block[10028-10219]"
    }, {
      "left" : "final boolean stopped = throttled.compareAndSet( true, false );",
      "right" : "final boolean stopped = throttled.compareAndSet( true, false );",
      "info" : "VariableDeclarationStatement[10023-10086]:VariableDeclarationStatement[10036-10099]"
    }, {
      "left" : "if ( stopped)",
      "right" : "if ( stopped)",
      "info" : "IfStatement[10093-10178]:IfStatement[10106-10191]"
    }, {
      "left" : "{}",
      "right" : "{}",
      "info" : "Block[10108-10178]:Block[10121-10191]"
    }, {
      "left" : "throttle.setAutoRead(true);",
      "right" : "throttle.setAutoRead(true);",
      "info" : "ExpressionStatement[10118-10145]:ExpressionStatement[10131-10158]"
    }, {
      "left" : "throttle = null;",
      "right" : "throttle = null;",
      "info" : "ExpressionStatement[10154-10170]:ExpressionStatement[10167-10183]"
    }, {
      "left" : "return stopped;",
      "right" : "return stopped;",
      "info" : "ReturnStatement[10185-10200]:ReturnStatement[10198-10213]"
    }, {
      "left" : "private",
      "right" : "private",
      "info" : "Modifier[10281-10288]:Modifier[10294-10301]"
    }, {
      "left" : "boolean",
      "right" : "boolean",
      "info" : "PrimitiveType[10289-10296]:PrimitiveType[10302-10309]"
    }, {
      "left" : "releaseIfFirst",
      "right" : "releaseIfFirst",
      "info" : "SimpleName[10297-10311]:SimpleName[10310-10324]"
    }, {
      "left" : "{}",
      "right" : "{}",
      "info" : "Block[10314-10454]:Block[10327-10467]"
    }, {
      "left" : "if (receivedMessage.compareAndSet(false, true))",
      "right" : "if (receivedMessage.compareAndSet(false, true))",
      "info" : "IfStatement[10322-10427]:IfStatement[10335-10440]"
    }, {
      "left" : "{}",
      "right" : "{}",
      "info" : "Block[10370-10427]:Block[10383-10440]"
    }, {
      "left" : "latch.countDown();",
      "right" : "latch.countDown();",
      "info" : "ExpressionStatement[10380-10398]:ExpressionStatement[10393-10411]"
    }, {
      "left" : "return true;",
      "right" : "return true;",
      "info" : "ReturnStatement[10407-10419]:ReturnStatement[10420-10432]"
    }, {
      "left" : "return false;",
      "right" : "return false;",
      "info" : "ReturnStatement[10435-10448]:ReturnStatement[10448-10461]"
    }, {
      "left" : "@Override",
      "right" : "@Override",
      "info" : "MarkerAnnotation[10460-10469]:MarkerAnnotation[10473-10482]"
    }, {
      "left" : "public",
      "right" : "public",
      "info" : "Modifier[10474-10480]:Modifier[10487-10493]"
    }, {
      "left" : "void",
      "right" : "void",
      "info" : "PrimitiveType[10481-10485]:PrimitiveType[10494-10498]"
    }, {
      "left" : "queryIdArrived",
      "right" : "queryIdArrived",
      "info" : "SimpleName[10486-10500]:SimpleName[10499-10513]"
    }, {
      "left" : "QueryId queryId",
      "right" : "QueryId queryId",
      "info" : "SingleVariableDeclaration[10501-10516]:SingleVariableDeclaration[10514-10529]"
    }, {
      "left" : "{}",
      "right" : "{}",
      "info" : "Block[10518-10678]:Block[10531-10691]"
    }, {
      "left" : "logger.debug( \"[#{}] Received query ID: {}.\",\n                    instanceId, QueryIdHelper.getQueryId( queryId ) );",
      "right" : "logger.debug( \"[#{}] Received query ID: {}.\",\n                    instanceId, QueryIdHelper.getQueryId( queryId ) );",
      "info" : "ExpressionStatement[10526-10642]:ExpressionStatement[10539-10655]"
    }, {
      "left" : "this.queryId = queryId;",
      "right" : "this.queryId = queryId;",
      "info" : "ExpressionStatement[10649-10672]:ExpressionStatement[10662-10685]"
    }, {
      "left" : "@Override",
      "right" : "@Override",
      "info" : "MarkerAnnotation[10684-10693]:MarkerAnnotation[10697-10706]"
    }, {
      "left" : "public",
      "right" : "public",
      "info" : "Modifier[10698-10704]:Modifier[10711-10717]"
    }, {
      "left" : "void",
      "right" : "void",
      "info" : "PrimitiveType[10705-10709]:PrimitiveType[10718-10722]"
    }, {
      "left" : "submissionFailed",
      "right" : "submissionFailed",
      "info" : "SimpleName[10710-10726]:SimpleName[10723-10739]"
    }, {
      "left" : "UserException ex",
      "right" : "UserException ex",
      "info" : "SingleVariableDeclaration[10727-10743]:SingleVariableDeclaration[10740-10756]"
    }, {
      "left" : "{}",
      "right" : "{}",
      "info" : "Block[10745-10960]:Block[10758-10973]"
    }, {
      "left" : "logger.debug( \"Received query failure:\", instanceId, ex );",
      "right" : "logger.debug( \"Received query failure:\", instanceId, ex );",
      "info" : "ExpressionStatement[10753-10811]:ExpressionStatement[10766-10824]"
    }, {
      "left" : "this.executionFailureException = ex;",
      "right" : "this.executionFailureException = ex;",
      "info" : "ExpressionStatement[10818-10854]:ExpressionStatement[10831-10867]"
    }, {
      "left" : "completed = true;",
      "right" : "completed = true;",
      "info" : "ExpressionStatement[10861-10878]:ExpressionStatement[10874-10891]"
    }, {
      "left" : "close();",
      "right" : "close();",
      "info" : "ExpressionStatement[10885-10893]:ExpressionStatement[10898-10906]"
    }, {
      "left" : "logger.info( \"[#{}] Query failed: \", instanceId, ex );",
      "right" : "logger.info( \"[#{}] Query failed: \", instanceId, ex );",
      "info" : "ExpressionStatement[10900-10954]:ExpressionStatement[10913-10967]"
    }, {
      "left" : "@Override",
      "right" : "@Override",
      "info" : "MarkerAnnotation[10966-10975]:MarkerAnnotation[10979-10988]"
    }, {
      "left" : "public",
      "right" : "public",
      "info" : "Modifier[10980-10986]:Modifier[10993-10999]"
    }, {
      "left" : "void",
      "right" : "void",
      "info" : "PrimitiveType[10987-10991]:PrimitiveType[11000-11004]"
    }, {
      "left" : "dataArrived",
      "right" : "dataArrived",
      "info" : "SimpleName[10992-11003]:SimpleName[11005-11016]"
    }, {
      "left" : "QueryDataBatch result",
      "right" : "QueryDataBatch result",
      "info" : "SingleVariableDeclaration[11004-11025]:SingleVariableDeclaration[11017-11038]"
    }, {
      "left" : "ConnectionThrottle throttle",
      "right" : "ConnectionThrottle throttle",
      "info" : "SingleVariableDeclaration[11027-11054]:SingleVariableDeclaration[11040-11067]"
    }, {
      "left" : "{}",
      "right" : "{}",
      "info" : "Block[11056-11948]:Block[11069-11961]"
    }, {
      "left" : "lastReceivedBatchNumber++;",
      "right" : "lastReceivedBatchNumber++;",
      "info" : "ExpressionStatement[11064-11090]:ExpressionStatement[11077-11103]"
    }, {
      "left" : "logger.debug( \"[#{}] Received query data batch #{}: {}.\",\n                    instanceId, lastReceivedBatchNumber, result );",
      "right" : "logger.debug( \"[#{}] Received query data batch #{}: {}.\",\n                    instanceId, lastReceivedBatchNumber, result );",
      "info" : "ExpressionStatement[11097-11221]:ExpressionStatement[11110-11234]"
    }, {
      "left" : "if (closed)",
      "right" : "if (closed)",
      "info" : "IfStatement[11292-11518]:IfStatement[11305-11531]"
    }, {
      "left" : "{}",
      "right" : "{}",
      "info" : "Block[11304-11518]:Block[11317-11531]"
    }, {
      "left" : "result.release();",
      "right" : "result.release();",
      "info" : "ExpressionStatement[11314-11331]:ExpressionStatement[11327-11344]"
    }, {
      "left" : "completed = true;",
      "right" : "completed = true;",
      "info" : "ExpressionStatement[11477-11494]:ExpressionStatement[11490-11507]"
    }, {
      "left" : "return;",
      "right" : "return;",
      "info" : "ReturnStatement[11503-11510]:ReturnStatement[11516-11523]"
    }, {
      "left" : "batchQueue.add(result);",
      "right" : "batchQueue.add(result);",
      "info" : "ExpressionStatement[11573-11596]:ExpressionStatement[11586-11609]"
    }, {
      "left" : "if (batchQueue.size() > batchQueueThrottlingThreshold)",
      "right" : "if (batchQueue.size() > batchQueueThrottlingThreshold)",
      "info" : "IfStatement[11665-11917]:IfStatement[11678-11930]"
    }, {
      "left" : "{}",
      "right" : "{}",
      "info" : "Block[11721-11917]:Block[11734-11930]"
    }, {
      "left" : "if ( startThrottlingIfNot( throttle ))",
      "right" : "if ( startThrottlingIfNot( throttle ))",
      "info" : "IfStatement[11731-11909]:IfStatement[11744-11922]"
    }, {
      "left" : "{}",
      "right" : "{}",
      "info" : "Block[11771-11909]:Block[11784-11922]"
    }, {
      "left" : "logger.debug( \"[#{}] Throttling started at queue size {}.\",\n                        instanceId, batchQueue.size() );",
      "right" : "logger.debug( \"[#{}] Throttling started at queue size {}.\",\n                        instanceId, batchQueue.size() );",
      "info" : "ExpressionStatement[11783-11899]:ExpressionStatement[11796-11912]"
    }, {
      "left" : "releaseIfFirst();",
      "right" : "releaseIfFirst();",
      "info" : "ExpressionStatement[11925-11942]:ExpressionStatement[11938-11955]"
    }, {
      "left" : "@Override",
      "right" : "@Override",
      "info" : "MarkerAnnotation[11954-11963]:MarkerAnnotation[11967-11976]"
    }, {
      "left" : "public",
      "right" : "public",
      "info" : "Modifier[11968-11974]:Modifier[11981-11987]"
    }, {
      "left" : "void",
      "right" : "void",
      "info" : "PrimitiveType[11975-11979]:PrimitiveType[11988-11992]"
    }, {
      "left" : "queryCompleted",
      "right" : "queryCompleted",
      "info" : "SimpleName[11980-11994]:SimpleName[11993-12007]"
    }, {
      "left" : "QueryState state",
      "right" : "QueryState state",
      "info" : "SingleVariableDeclaration[11995-12011]:SingleVariableDeclaration[12008-12024]"
    }, {
      "left" : "{}",
      "right" : "{}",
      "info" : "Block[12013-12149]:Block[12026-12162]"
    }, {
      "left" : "logger.debug( \"[#{}] Received query completion: {}.\", instanceId, state );",
      "right" : "logger.debug( \"[#{}] Received query completion: {}.\", instanceId, state );",
      "info" : "ExpressionStatement[12021-12095]:ExpressionStatement[12034-12108]"
    }, {
      "left" : "releaseIfFirst();",
      "right" : "releaseIfFirst();",
      "info" : "ExpressionStatement[12102-12119]:ExpressionStatement[12115-12132]"
    }, {
      "left" : "completed = true;",
      "right" : "completed = true;",
      "info" : "ExpressionStatement[12126-12143]:ExpressionStatement[12139-12156]"
    }, {
      "left" : "QueryId",
      "right" : "QueryId",
      "info" : "SimpleType[12155-12162]:SimpleType[12168-12175]"
    }, {
      "left" : "getQueryId",
      "right" : "getQueryId",
      "info" : "SimpleName[12163-12173]:SimpleName[12176-12186]"
    }, {
      "left" : "{}",
      "right" : "{}",
      "info" : "Block[12176-12205]:Block[12189-12218]"
    }, {
      "left" : "return queryId;",
      "right" : "return queryId;",
      "info" : "ReturnStatement[12184-12199]:ReturnStatement[12197-12212]"
    }, {
      "left" : "QueryDataBatch",
      "right" : "QueryDataBatch",
      "info" : "SimpleType[12526-12540]:SimpleType[12539-12553]"
    }, {
      "left" : "getNext",
      "right" : "getNext",
      "info" : "SimpleName[12541-12548]:SimpleName[12554-12561]"
    }, {
      "left" : "UserException",
      "right" : "UserException",
      "info" : "SimpleType[12558-12571]:SimpleType[12571-12584]"
    }, {
      "left" : "InterruptedException",
      "right" : "InterruptedException",
      "info" : "SimpleType[12573-12593]:SimpleType[12586-12606]"
    }, {
      "left" : "{}",
      "right" : "{}",
      "info" : "Block[12594-13746]:Block[12607-13759]"
    }, {
      "left" : "while (true)",
      "right" : "while (true)",
      "info" : "WhileStatement[12602-13740]:WhileStatement[12615-13753]"
    }, {
      "left" : "{}",
      "right" : "{}",
      "info" : "Block[12615-13740]:Block[12628-13753]"
    }, {
      "left" : "if (executionFailureException != null)",
      "right" : "if (executionFailureException != null)",
      "info" : "IfStatement[12625-12854]:IfStatement[12638-12867]"
    }, {
      "left" : "{}",
      "right" : "{}",
      "info" : "Block[12664-12854]:Block[12677-12867]"
    }, {
      "left" : "logger.debug( \"[#{}] Dequeued query failure exception: {}.\",\n                        instanceId, executionFailureException );",
      "right" : "logger.debug( \"[#{}] Dequeued query failure exception: {}.\",\n                        instanceId, executionFailureException );",
      "info" : "ExpressionStatement[12676-12801]:ExpressionStatement[12689-12814]"
    }, {
      "left" : "throw executionFailureException;",
      "right" : "throw executionFailureException;",
      "info" : "ThrowStatement[12812-12844]:ThrowStatement[12825-12857]"
    }, {
      "left" : "if (completed && batchQueue.isEmpty())",
      "right" : "if (completed && batchQueue.isEmpty())",
      "info" : "IfStatement[12863-13732]:IfStatement[12876-13745]"
    }, {
      "left" : "{}",
      "right" : "{}",
      "info" : "Block[12902-12936]:Block[12915-12949]"
    }, {
      "left" : "return null;",
      "right" : "return null;",
      "info" : "ReturnStatement[12914-12926]:ReturnStatement[12927-12939]"
    }, {
      "left" : "{}",
      "right" : "{}",
      "info" : "Block[12942-13732]:Block[12955-13745]"
    }, {
      "left" : "QueryDataBatch qdb = batchQueue.poll(50, TimeUnit.MILLISECONDS);",
      "right" : "QueryDataBatch qdb = batchQueue.poll(50, TimeUnit.MILLISECONDS);",
      "info" : "VariableDeclarationStatement[12954-13018]:VariableDeclarationStatement[12967-13031]"
    }, {
      "left" : "if (qdb != null)",
      "right" : "if (qdb != null)",
      "info" : "IfStatement[13029-13722]:IfStatement[13042-13735]"
    }, {
      "left" : "{}",
      "right" : "{}",
      "info" : "Block[13046-13722]:Block[13059-13735]"
    }, {
      "left" : "lastDequeuedBatchNumber++;",
      "right" : "lastDequeuedBatchNumber++;",
      "info" : "ExpressionStatement[13060-13086]:ExpressionStatement[13073-13099]"
    }, {
      "left" : "logger.debug( \"[#{}] Dequeued query data batch #{}: {}.\",\n                          instanceId, lastDequeuedBatchNumber, qdb );",
      "right" : "logger.debug( \"[#{}] Dequeued query data batch #{}: {}.\",\n                          instanceId, lastDequeuedBatchNumber, qdb );",
      "info" : "ExpressionStatement[13099-13226]:ExpressionStatement[13112-13239]"
    }, {
      "left" : "if ( batchQueue.size() < batchQueueThrottlingThreshold / 2\n                 || batchQueue.size() == 0)",
      "right" : "if ( batchQueue.size() < batchQueueThrottlingThreshold / 2\n                 || batchQueue.size() == 0)",
      "info" : "IfStatement[13323-13686]:IfStatement[13336-13699]"
    }, {
      "left" : "{}",
      "right" : "{}",
      "info" : "Block[13472-13686]:Block[13485-13699]"
    }, {
      "left" : "if ( stopThrottlingIfSo())",
      "right" : "if ( stopThrottlingIfSo())",
      "info" : "IfStatement[13488-13672]:IfStatement[13501-13685]"
    }, {
      "left" : "{}",
      "right" : "{}",
      "info" : "Block[13516-13672]:Block[13529-13685]"
    }, {
      "left" : "logger.debug( \"[#{}] Throttling stopped at queue size {}.\",\n                              instanceId, batchQueue.size() );",
      "right" : "logger.debug( \"[#{}] Throttling stopped at queue size {}.\",\n                              instanceId, batchQueue.size() );",
      "info" : "ExpressionStatement[13534-13656]:ExpressionStatement[13547-13669]"
    }, {
      "left" : "return qdb;",
      "right" : "return qdb;",
      "info" : "ReturnStatement[13699-13710]:ReturnStatement[13712-13723]"
    }, {
      "left" : "void",
      "right" : "void",
      "info" : "PrimitiveType[13752-13756]:PrimitiveType[13765-13769]"
    }, {
      "left" : "close",
      "right" : "close",
      "info" : "SimpleName[13757-13762]:SimpleName[13770-13775]"
    }, {
      "left" : "{}",
      "right" : "{}",
      "info" : "Block[13765-14540]:Block[13778-14553]"
    }, {
      "left" : "logger.debug( \"[#{}] Query listener closing.\", instanceId );",
      "right" : "logger.debug( \"[#{}] Query listener closing.\", instanceId );",
      "info" : "ExpressionStatement[13773-13833]:ExpressionStatement[13786-13846]"
    }, {
      "left" : "closed = true;",
      "right" : "closed = true;",
      "info" : "ExpressionStatement[13840-13854]:ExpressionStatement[13853-13867]"
    }, {
      "left" : "if ( stopThrottlingIfSo())",
      "right" : "if ( stopThrottlingIfSo())",
      "info" : "IfStatement[13861-14034]:IfStatement[13874-14047]"
    }, {
      "left" : "{}",
      "right" : "{}",
      "info" : "Block[13889-14034]:Block[13902-14047]"
    }, {
      "left" : "logger.debug( \"[#{}] Throttling stopped at close() (at queue size {}).\",\n                      instanceId, batchQueue.size() );",
      "right" : "logger.debug( \"[#{}] Throttling stopped at close() (at queue size {}).\",\n                      instanceId, batchQueue.size() );",
      "info" : "ExpressionStatement[13899-14026]:ExpressionStatement[13912-14039]"
    }, {
      "left" : "while (!batchQueue.isEmpty())",
      "right" : "while (!batchQueue.isEmpty())",
      "info" : "WhileStatement[14041-14225]:WhileStatement[14054-14238]"
    }, {
      "left" : "{}",
      "right" : "{}",
      "info" : "Block[14071-14225]:Block[14084-14238]"
    }, {
      "left" : "QueryDataBatch qdb = batchQueue.poll();",
      "right" : "QueryDataBatch qdb = batchQueue.poll();",
      "info" : "VariableDeclarationStatement[14081-14120]:VariableDeclarationStatement[14094-14133]"
    }, {
      "left" : "if (qdb != null && qdb.getData() != null)",
      "right" : "if (qdb != null && qdb.getData() != null)",
      "info" : "IfStatement[14129-14217]:IfStatement[14142-14230]"
    }, {
      "left" : "{}",
      "right" : "{}",
      "info" : "Block[14171-14217]:Block[14184-14230]"
    }, {
      "left" : "qdb.getData().release();",
      "right" : "qdb.getData().release();",
      "info" : "ExpressionStatement[14183-14207]:ExpressionStatement[14196-14220]"
    }, {
      "left" : "latch.countDown();",
      "right" : "latch.countDown();",
      "info" : "ExpressionStatement[14435-14453]:ExpressionStatement[14448-14466]"
    }, {
      "left" : "completed = true;",
      "right" : "completed = true;",
      "info" : "ExpressionStatement[14517-14534]:ExpressionStatement[14530-14547]"
    } ]
  },
  "interFileMappings" : { }
}