{
  "intraFileMappings" : {
    "matchedElements" : [
 {
      "left" : "WidgetHelperService",
      "right" : "WidgetHelperService",
      "info" : "TypeDeclaration[903-2252]:TypeDeclaration[965-2217]"
    }, {
      "left" : "public static final String CMD_UPDATE_WIDGET = \"UPDATE_WIDGET\";",
      "right" : "public static final String CMD_UPDATE_WIDGET = \"UPDATE_WIDGET\";",
      "info" : "FieldDeclaration[965-1028]:FieldDeclaration[1027-1090]"
    }, {
      "left" : "static final String TAG = \"MPDroidWidgetHelperService\";",
      "right" : "static final String TAG = \"MPDroidWidgetHelperService\";",
      "info" : "FieldDeclaration[1034-1089]:FieldDeclaration[1096-1151]"
    }, {
      "left" : "private final MPDApplication mApp = MPDApplication.getInstance();",
      "right" : "private final MPDApplication mApp = MPDApplication.getInstance();",
      "info" : "FieldDeclaration[1095-1160]:FieldDeclaration[1157-1222]"
    }, {
      "left" : "private boolean mPlaying = false;",
      "right" : "private boolean mPlaying;",
      "info" : "FieldDeclaration[1166-1199]:FieldDeclaration[1228-1253]"
    }, {
      "left" : "public WidgetHelperService()",
      "right" : "public WidgetHelperService()",
      "info" : "MethodDeclaration[1205-1261]:MethodDeclaration[1259-1315]"
    }, {
      "left" : "public boolean isPlaying()",
      "right" : "public boolean isPlaying()",
      "info" : "MethodDeclaration[1267-1326]:MethodDeclaration[1321-1380]"
    }, {
      "left" : "protected void onHandleIntent(final Intent intent)",
      "right" : "protected void onHandleIntent(final Intent intent)",
      "info" : "MethodDeclaration[1332-1875]:MethodDeclaration[1386-2215]"
    } ],
    "mappings" : [
 {
      "left" : "com.anpmech.mpd.MPD",
      "right" : "com.anpmech.mpd.subsystem.status.MPDStatus",
      "info" : "QualifiedName[663-682]:QualifiedName[663-705]"
    }, {
      "left" : "public",
      "right" : "public",
      "info" : "Modifier[903-909]:Modifier[965-971]"
    }, {
      "left" : "class",
      "right" : "class",
      "info" : "TYPE_DECLARATION_KIND[910-915]:TYPE_DECLARATION_KIND[972-977]"
    }, {
      "left" : "WidgetHelperService",
      "right" : "WidgetHelperService",
      "info" : "SimpleName[916-935]:SimpleName[978-997]"
    }, {
      "left" : "IntentService",
      "right" : "IntentService",
      "info" : "SimpleType[944-957]:SimpleType[1006-1019]"
    }, {
      "left" : "public",
      "right" : "public",
      "info" : "Modifier[1205-1211]:Modifier[1259-1265]"
    }, {
      "left" : "WidgetHelperService",
      "right" : "WidgetHelperService",
      "info" : "SimpleName[1212-1231]:SimpleName[1266-1285]"
    }, {
      "left" : "{}",
      "right" : "{}",
      "info" : "Block[1234-1261]:Block[1288-1315]"
    }, {
      "left" : "super(TAG);",
      "right" : "super(TAG);",
      "info" : "SuperConstructorInvocation[1244-1255]:SuperConstructorInvocation[1298-1309]"
    }, {
      "left" : "public",
      "right" : "public",
      "info" : "Modifier[1267-1273]:Modifier[1321-1327]"
    }, {
      "left" : "boolean",
      "right" : "boolean",
      "info" : "PrimitiveType[1274-1281]:PrimitiveType[1328-1335]"
    }, {
      "left" : "isPlaying",
      "right" : "isPlaying",
      "info" : "SimpleName[1282-1291]:SimpleName[1336-1345]"
    }, {
      "left" : "{}",
      "right" : "{}",
      "info" : "Block[1294-1326]:Block[1348-1380]"
    }, {
      "left" : "return mPlaying;",
      "right" : "return mPlaying;",
      "info" : "ReturnStatement[1304-1320]:ReturnStatement[1358-1374]"
    }, {
      "left" : "@Override",
      "right" : "@Override",
      "info" : "MarkerAnnotation[1332-1341]:MarkerAnnotation[1386-1395]"
    }, {
      "left" : "protected",
      "right" : "protected",
      "info" : "Modifier[1346-1355]:Modifier[1400-1409]"
    }, {
      "left" : "void",
      "right" : "void",
      "info" : "PrimitiveType[1356-1360]:PrimitiveType[1410-1414]"
    }, {
      "left" : "onHandleIntent",
      "right" : "onHandleIntent",
      "info" : "SimpleName[1361-1375]:SimpleName[1415-1429]"
    }, {
      "left" : "final Intent intent",
      "right" : "final Intent intent",
      "info" : "SingleVariableDeclaration[1376-1395]:SingleVariableDeclaration[1430-1449]"
    }, {
      "left" : "{}",
      "right" : "{}",
      "info" : "Block[1397-1875]:Block[1451-2215]"
    }, {
      "left" : "final MPD mpd = mApp.getMPD();",
      "right" : "final MPDStatus status = mApp.getMPD().getStatus();",
      "info" : "VariableDeclarationStatement[1515-1545]:VariableDeclarationStatement[1511-1562]"
    }, {
      "left" : "MPD",
      "right" : "MPDStatus",
      "info" : "SimpleName[1521-1524]:SimpleName[1517-1526]"
    }, {
      "left" : "mpd",
      "right" : "status",
      "info" : "SimpleName[1525-1528]:SimpleName[1527-1533]"
    }, {
      "left" : "mApp.getMPD()",
      "right" : "mApp.getMPD()",
      "info" : "MethodInvocation[1531-1544]:MethodInvocation[1536-1549]"
    }, {
      "left" : "final String action = intent.getAction();",
      "right" : "final String action = intent.getAction();",
      "info" : "VariableDeclarationStatement[1554-1595]:VariableDeclarationStatement[1461-1502]"
    }, {
      "left" : "mApp.getAsyncHelper()",
      "right" : "mApp.getMPD().getStatus()",
      "info" : "MethodInvocation[1635-1656]:MethodInvocation[1536-1561]"
    }, {
      "left" : "mApp.getAsyncHelper()",
      "right" : "status",
      "info" : "METHOD_INVOCATION_RECEIVER[1635-1656]:METHOD_INVOCATION_RECEIVER[1832-1838]"
    }, {
      "left" : "getAsyncHelper",
      "right" : "getStatus",
      "info" : "SimpleName[1640-1654]:SimpleName[1550-1559]"
    }, {
      "left" : "execAsync",
      "right" : "isValid",
      "info" : "SimpleName[1657-1666]:SimpleName[1839-1846]"
    }, {
      "left" : "Runnable",
      "right" : "Object",
      "info" : "SimpleType[1671-1679]:SimpleType[1947-1953]"
    }, {
      "left" : "Override",
      "right" : "MPDControl",
      "info" : "SimpleName[1697-1705]:SimpleName[1962-1972]"
    }, {
      "left" : "run",
      "right" : "setupConnection",
      "info" : "SimpleName[1730-1733]:SimpleName[1973-1988]"
    }, {
      "left" : "processIntent",
      "right" : "token",
      "info" : "SimpleName[1754-1767]:SimpleName[2037-2042]"
    }, {
      "left" : "processIntent(action, mpd);",
      "right" : "MPDControl.run(action);",
      "info" : "ExpressionStatement[1754-1781]:ExpressionStatement[2078-2101]"
    }, {
      "left" : "action",
      "right" : "MPDControl",
      "info" : "SimpleName[1768-1774]:SimpleName[2078-2088]"
    }, {
      "left" : "mpd",
      "right" : "action",
      "info" : "SimpleName[1776-1779]:SimpleName[2093-2099]"
    }, {
      "left" : "mApp.removeConnectionLock(this);",
      "right" : "mApp.removeConnectionLock(token);",
      "info" : "ExpressionStatement[1837-1869]:ExpressionStatement[2126-2159]"
    }, {
      "left" : "switch (action) {\n            case CMD_UPDATE_WIDGET:\n                mPlaying = mpd.getStatus().isState(MPDStatusMap.STATE_PLAYING);\n                SimpleWidgetProvider.getInstance().notifyChange(this);\n                break;\n            default:\n                MPDControl.run(action);\n        }",
      "right" : "switch (action) {\n            case CMD_UPDATE_WIDGET:\n                mPlaying = status.isState(MPDStatusMap.STATE_PLAYING);\n                SimpleWidgetProvider.getInstance().notifyChange(this);\n                break;\n            default:\n                if (status.isValid()) {\n                    MPDControl.run(action);\n                } else {\n                    final Object token = MPDControl.setupConnection(5L, TimeUnit.SECONDS);\n\n                    if (token != null) {\n                        MPDControl.run(action);\n                        mApp.removeConnectionLock(token);\n                    }\n                }\n        }",
      "info" : "SwitchStatement[1946-2244]:SwitchStatement[1572-2209]"
    }, {
      "left" : "case CMD_UPDATE_WIDGET:",
      "right" : "case CMD_UPDATE_WIDGET:",
      "info" : "SwitchCase[1976-1999]:SwitchCase[1602-1625]"
    }, {
      "left" : "mPlaying = mpd.getStatus().isState(MPDStatusMap.STATE_PLAYING);",
      "right" : "mPlaying = status.isState(MPDStatusMap.STATE_PLAYING);",
      "info" : "ExpressionStatement[2016-2079]:ExpressionStatement[1642-1696]"
    }, {
      "left" : "mpd",
      "right" : "status",
      "info" : "METHOD_INVOCATION_RECEIVER[2027-2030]:METHOD_INVOCATION_RECEIVER[1653-1659]"
    }, {
      "left" : "SimpleWidgetProvider.getInstance().notifyChange(this);",
      "right" : "SimpleWidgetProvider.getInstance().notifyChange(this);",
      "info" : "ExpressionStatement[2096-2150]:ExpressionStatement[1713-1767]"
    }, {
      "left" : "break;",
      "right" : "break;",
      "info" : "BreakStatement[2167-2173]:BreakStatement[1784-1790]"
    }, {
      "left" : "default:",
      "right" : "default:",
      "info" : "SwitchCase[2186-2194]:SwitchCase[1803-1811]"
    }, {
      "left" : "MPDControl.run(action);",
      "right" : "MPDControl.run(action);",
      "info" : "ExpressionStatement[2211-2234]:ExpressionStatement[1872-1895]"
    } ]
  },
  "interFileMappings" : { }
}