{"PLAIN_CONFIGURATION": "HybridGumtree-bu_minsize-800-st_minprio-3-st_priocalc-height", "MATCHER": "HybridGumtree", "NRACTIONS": 260, "SIMACTIONS": 209, "NRROOTS": null, "NR_INSERT": 88.0, "NR_DELETE": 61.0, "NR_UPDATE": 62.0, "NR_MOVE": 49.0, "NR_TREEINSERT": 0.0, "NR_TREEDELETE": 0.0, "TIME": 992, "NROPTIONS": 0.0, "TIMEOUT": "0", "bu_minsim": null, "bu_minsize": 800, "st_minprio": 3, "st_priocalc": "height", "cd_labsim": null, "cd_maxleaves": null, "cd_structsim1": null, "cd_structsim2": null, "xy_minsim": null}