{
  "intraFileMappings" : {
    "matchedElements" : [
 {
      "left" : "ExtendedBufferedReader",
      "right" : "ExtendedBufferedReader",
      "info" : "TypeDeclaration[922-4677]:TypeDeclaration[922-4718]"
    }, {
      "left" : "static final int END_OF_STREAM = -1;",
      "right" : "static final int END_OF_STREAM = -1;",
      "info" : "FieldDeclaration[1250-1322]:FieldDeclaration[1250-1322]"
    }, {
      "left" : "static final int UNDEFINED = -2;",
      "right" : "static final int UNDEFINED = -2;",
      "info" : "FieldDeclaration[1328-1410]:FieldDeclaration[1328-1410]"
    }, {
      "left" : "private int lastChar = UNDEFINED;",
      "right" : "private int lastChar = UNDEFINED;",
      "info" : "FieldDeclaration[1416-1483]:FieldDeclaration[1416-1483]"
    }, {
      "left" : "private int lineCounter = 0;",
      "right" : "private int lineCounter = 0;",
      "info" : "FieldDeclaration[1489-1545]:FieldDeclaration[1489-1545]"
    }, {
      "left" : "ExtendedBufferedReader(Reader r)",
      "right" : "ExtendedBufferedReader(Reader r)",
      "info" : "MethodDeclaration[1551-1691]:MethodDeclaration[1551-1691]"
    }, {
      "left" : "public int read() throws IOException",
      "right" : "public int read() throws IOException",
      "info" : "MethodDeclaration[1697-1912]:MethodDeclaration[1697-1953]"
    }, {
      "left" : "int readAgain()",
      "right" : "int readAgain()",
      "info" : "MethodDeclaration[1918-2463]:MethodDeclaration[1959-2504]"
    }, {
      "left" : "public int read(char[] buf, int offset, int length) throws IOException",
      "right" : "public int read(char[] buf, int offset, int length) throws IOException",
      "info" : "MethodDeclaration[2469-3253]:MethodDeclaration[2510-3294]"
    }, {
      "left" : "public String readLine() throws IOException",
      "right" : "public String readLine() throws IOException",
      "info" : "MethodDeclaration[3259-4092]:MethodDeclaration[3300-4133]"
    }, {
      "left" : "int lookAhead() throws IOException",
      "right" : "int lookAhead() throws IOException",
      "info" : "MethodDeclaration[4098-4511]:MethodDeclaration[4139-4552]"
    }, {
      "left" : "int getLineNumber()",
      "right" : "int getLineNumber()",
      "info" : "MethodDeclaration[4517-4675]:MethodDeclaration[4558-4716]"
    } ],
    "mappings" : [
 {
      "left" : "class",
      "right" : "class",
      "info" : "TYPE_DECLARATION_KIND[1191-1196]:TYPE_DECLARATION_KIND[1191-1196]"
    }, {
      "left" : "ExtendedBufferedReader",
      "right" : "ExtendedBufferedReader",
      "info" : "SimpleName[1197-1219]:SimpleName[1197-1219]"
    }, {
      "left" : "BufferedReader",
      "right" : "BufferedReader",
      "info" : "SimpleType[1228-1242]:SimpleType[1228-1242]"
    }, {
      "left" : "ExtendedBufferedReader",
      "right" : "ExtendedBufferedReader",
      "info" : "SimpleName[1633-1655]:SimpleName[1633-1655]"
    }, {
      "left" : "Reader r",
      "right" : "Reader r",
      "info" : "SingleVariableDeclaration[1656-1664]:SingleVariableDeclaration[1656-1664]"
    }, {
      "left" : "{}",
      "right" : "{}",
      "info" : "Block[1666-1691]:Block[1666-1691]"
    }, {
      "left" : "super(r);",
      "right" : "super(r);",
      "info" : "SuperConstructorInvocation[1676-1685]:SuperConstructorInvocation[1676-1685]"
    }, {
      "left" : "@Override",
      "right" : "@Override",
      "info" : "MarkerAnnotation[1697-1706]:MarkerAnnotation[1697-1706]"
    }, {
      "left" : "public",
      "right" : "public",
      "info" : "Modifier[1711-1717]:Modifier[1711-1717]"
    }, {
      "left" : "int",
      "right" : "int",
      "info" : "PrimitiveType[1718-1721]:PrimitiveType[1718-1721]"
    }, {
      "left" : "read",
      "right" : "read",
      "info" : "SimpleName[1722-1726]:SimpleName[1722-1726]"
    }, {
      "left" : "IOException",
      "right" : "IOException",
      "info" : "SimpleType[1736-1747]:SimpleType[1736-1747]"
    }, {
      "left" : "{}",
      "right" : "{}",
      "info" : "Block[1748-1912]:Block[1748-1953]"
    }, {
      "left" : "int current = super.read();",
      "right" : "int current = super.read();",
      "info" : "VariableDeclarationStatement[1758-1785]:VariableDeclarationStatement[1758-1785]"
    }, {
      "left" : "if (current == '\\n')",
      "right" : "if (current == '\\r' || (current == '\\n' && lastChar != '\\r'))",
      "info" : "IfStatement[1794-1853]:IfStatement[1794-1894]"
    }, {
      "left" : "current == '\\n'",
      "right" : "current == '\\n'",
      "info" : "InfixExpression[1798-1813]:InfixExpression[1818-1833]"
    }, {
      "left" : "{}",
      "right" : "{}",
      "info" : "Block[1815-1853]:Block[1856-1894]"
    }, {
      "left" : "lineCounter++;",
      "right" : "lineCounter++;",
      "info" : "ExpressionStatement[1829-1843]:ExpressionStatement[1870-1884]"
    }, {
      "left" : "lastChar = current;",
      "right" : "lastChar = current;",
      "info" : "ExpressionStatement[1862-1881]:ExpressionStatement[1903-1922]"
    }, {
      "left" : "return lastChar;",
      "right" : "return lastChar;",
      "info" : "ReturnStatement[1890-1906]:ReturnStatement[1931-1947]"
    }, {
      "left" : "int",
      "right" : "int",
      "info" : "PrimitiveType[2415-2418]:PrimitiveType[2456-2459]"
    }, {
      "left" : "readAgain",
      "right" : "readAgain",
      "info" : "SimpleName[2419-2428]:SimpleName[2460-2469]"
    }, {
      "left" : "{}",
      "right" : "{}",
      "info" : "Block[2431-2463]:Block[2472-2504]"
    }, {
      "left" : "return lastChar;",
      "right" : "return lastChar;",
      "info" : "ReturnStatement[2441-2457]:ReturnStatement[2482-2498]"
    }, {
      "left" : "@Override",
      "right" : "@Override",
      "info" : "MarkerAnnotation[2469-2478]:MarkerAnnotation[2510-2519]"
    }, {
      "left" : "public",
      "right" : "public",
      "info" : "Modifier[2483-2489]:Modifier[2524-2530]"
    }, {
      "left" : "int",
      "right" : "int",
      "info" : "PrimitiveType[2490-2493]:PrimitiveType[2531-2534]"
    }, {
      "left" : "read",
      "right" : "read",
      "info" : "SimpleName[2494-2498]:SimpleName[2535-2539]"
    }, {
      "left" : "char[] buf",
      "right" : "char[] buf",
      "info" : "SingleVariableDeclaration[2499-2509]:SingleVariableDeclaration[2540-2550]"
    }, {
      "left" : "int offset",
      "right" : "int offset",
      "info" : "SingleVariableDeclaration[2511-2521]:SingleVariableDeclaration[2552-2562]"
    }, {
      "left" : "int length",
      "right" : "int length",
      "info" : "SingleVariableDeclaration[2523-2533]:SingleVariableDeclaration[2564-2574]"
    }, {
      "left" : "IOException",
      "right" : "IOException",
      "info" : "SimpleType[2542-2553]:SimpleType[2583-2594]"
    }, {
      "left" : "{}",
      "right" : "{}",
      "info" : "Block[2554-3253]:Block[2595-3294]"
    }, {
      "left" : "if (length == 0)",
      "right" : "if (length == 0)",
      "info" : "IfStatement[2564-2614]:IfStatement[2605-2655]"
    }, {
      "left" : "{}",
      "right" : "{}",
      "info" : "Block[2581-2614]:Block[2622-2655]"
    }, {
      "left" : "return 0;",
      "right" : "return 0;",
      "info" : "ReturnStatement[2595-2604]:ReturnStatement[2636-2645]"
    }, {
      "left" : "int len = super.read(buf, offset, length);",
      "right" : "int len = super.read(buf, offset, length);",
      "info" : "VariableDeclarationStatement[2632-2674]:VariableDeclarationStatement[2673-2715]"
    }, {
      "left" : "if (len > 0)",
      "right" : "if (len > 0)",
      "info" : "IfStatement[2692-3218]:IfStatement[2733-3259]"
    }, {
      "left" : "{}",
      "right" : "{}",
      "info" : "Block[2705-3148]:Block[2746-3189]"
    }, {
      "left" : "for (int i = offset; i < offset + len; i++)",
      "right" : "for (int i = offset; i < offset + len; i++)",
      "info" : "ForStatement[2720-3090]:ForStatement[2761-3131]"
    }, {
      "left" : "{}",
      "right" : "{}",
      "info" : "Block[2764-3090]:Block[2805-3131]"
    }, {
      "left" : "char ch = buf[i];",
      "right" : "char ch = buf[i];",
      "info" : "VariableDeclarationStatement[2782-2799]:VariableDeclarationStatement[2823-2840]"
    }, {
      "left" : "if (ch == '\\n')",
      "right" : "if (ch == '\\n')",
      "info" : "IfStatement[2816-3076]:IfStatement[2857-3117]"
    }, {
      "left" : "{}",
      "right" : "{}",
      "info" : "Block[2832-3000]:Block[2873-3041]"
    }, {
      "left" : "if ('\\r' != (i > 0 ? buf[i-1]: lastChar))",
      "right" : "if ('\\r' != (i > 0 ? buf[i-1]: lastChar))",
      "info" : "IfStatement[2854-2982]:IfStatement[2895-3023]"
    }, {
      "left" : "{}",
      "right" : "{}",
      "info" : "Block[2896-2982]:Block[2937-3023]"
    }, {
      "left" : "lineCounter++;",
      "right" : "lineCounter++;",
      "info" : "ExpressionStatement[2922-2936]:ExpressionStatement[2963-2977]"
    }, {
      "left" : "if (ch == '\\r')",
      "right" : "if (ch == '\\r')",
      "info" : "IfStatement[3006-3076]:IfStatement[3047-3117]"
    }, {
      "left" : "{}",
      "right" : "{}",
      "info" : "Block[3022-3076]:Block[3063-3117]"
    }, {
      "left" : "lineCounter++;",
      "right" : "lineCounter++;",
      "info" : "ExpressionStatement[3044-3058]:ExpressionStatement[3085-3099]"
    }, {
      "left" : "lastChar = buf[offset + len - 1];",
      "right" : "lastChar = buf[offset + len - 1];",
      "info" : "ExpressionStatement[3104-3137]:ExpressionStatement[3145-3178]"
    }, {
      "left" : "if (len == -1)",
      "right" : "if (len == -1)",
      "info" : "IfStatement[3154-3218]:IfStatement[3195-3259]"
    }, {
      "left" : "{}",
      "right" : "{}",
      "info" : "Block[3169-3218]:Block[3210-3259]"
    }, {
      "left" : "lastChar = END_OF_STREAM;",
      "right" : "lastChar = END_OF_STREAM;",
      "info" : "ExpressionStatement[3183-3208]:ExpressionStatement[3224-3249]"
    }, {
      "left" : "return len;",
      "right" : "return len;",
      "info" : "ReturnStatement[3236-3247]:ReturnStatement[3277-3288]"
    }, {
      "left" : "@Override",
      "right" : "@Override",
      "info" : "MarkerAnnotation[3734-3743]:MarkerAnnotation[3775-3784]"
    }, {
      "left" : "public",
      "right" : "public",
      "info" : "Modifier[3748-3754]:Modifier[3789-3795]"
    }, {
      "left" : "String",
      "right" : "String",
      "info" : "SimpleType[3755-3761]:SimpleType[3796-3802]"
    }, {
      "left" : "readLine",
      "right" : "readLine",
      "info" : "SimpleName[3762-3770]:SimpleName[3803-3811]"
    }, {
      "left" : "IOException",
      "right" : "IOException",
      "info" : "SimpleType[3780-3791]:SimpleType[3821-3832]"
    }, {
      "left" : "{}",
      "right" : "{}",
      "info" : "Block[3792-4092]:Block[3833-4133]"
    }, {
      "left" : "String line = super.readLine();",
      "right" : "String line = super.readLine();",
      "info" : "VariableDeclarationStatement[3802-3833]:VariableDeclarationStatement[3843-3874]"
    }, {
      "left" : "if (line != null)",
      "right" : "if (line != null)",
      "info" : "IfStatement[3843-4064]:IfStatement[3884-4105]"
    }, {
      "left" : "{}",
      "right" : "{}",
      "info" : "Block[3861-4009]:Block[3902-4050]"
    }, {
      "left" : "if (line.length() > 0)",
      "right" : "if (line.length() > 0)",
      "info" : "IfStatement[3875-3972]:IfStatement[3916-4013]"
    }, {
      "left" : "{}",
      "right" : "{}",
      "info" : "Block[3898-3972]:Block[3939-4013]"
    }, {
      "left" : "lastChar = line.charAt(line.length() - 1);",
      "right" : "lastChar = line.charAt(line.length() - 1);",
      "info" : "ExpressionStatement[3916-3958]:ExpressionStatement[3957-3999]"
    }, {
      "left" : "lineCounter++;",
      "right" : "lineCounter++;",
      "info" : "ExpressionStatement[3985-3999]:ExpressionStatement[4026-4040]"
    }, {
      "left" : "{}",
      "right" : "{}",
      "info" : "Block[4015-4064]:Block[4056-4105]"
    }, {
      "left" : "lastChar = END_OF_STREAM;",
      "right" : "lastChar = END_OF_STREAM;",
      "info" : "ExpressionStatement[4029-4054]:ExpressionStatement[4070-4095]"
    }, {
      "left" : "return line;",
      "right" : "return line;",
      "info" : "ReturnStatement[4074-4086]:ReturnStatement[4115-4127]"
    }, {
      "left" : "int",
      "right" : "int",
      "info" : "PrimitiveType[4374-4377]:PrimitiveType[4415-4418]"
    }, {
      "left" : "lookAhead",
      "right" : "lookAhead",
      "info" : "SimpleName[4378-4387]:SimpleName[4419-4428]"
    }, {
      "left" : "IOException",
      "right" : "IOException",
      "info" : "SimpleType[4397-4408]:SimpleType[4438-4449]"
    }, {
      "left" : "{}",
      "right" : "{}",
      "info" : "Block[4409-4511]:Block[4450-4552]"
    }, {
      "left" : "super.mark(1);",
      "right" : "super.mark(1);",
      "info" : "ExpressionStatement[4419-4433]:ExpressionStatement[4460-4474]"
    }, {
      "left" : "int c = super.read();",
      "right" : "int c = super.read();",
      "info" : "VariableDeclarationStatement[4442-4463]:VariableDeclarationStatement[4483-4504]"
    }, {
      "left" : "super.reset();",
      "right" : "super.reset();",
      "info" : "ExpressionStatement[4472-4486]:ExpressionStatement[4513-4527]"
    }, {
      "left" : "return c;",
      "right" : "return c;",
      "info" : "ReturnStatement[4496-4505]:ReturnStatement[4537-4546]"
    }, {
      "left" : "int",
      "right" : "int",
      "info" : "PrimitiveType[4620-4623]:PrimitiveType[4661-4664]"
    }, {
      "left" : "getLineNumber",
      "right" : "getLineNumber",
      "info" : "SimpleName[4624-4637]:SimpleName[4665-4678]"
    }, {
      "left" : "{}",
      "right" : "{}",
      "info" : "Block[4640-4675]:Block[4681-4716]"
    }, {
      "left" : "return lineCounter;",
      "right" : "return lineCounter;",
      "info" : "ReturnStatement[4650-4669]:ReturnStatement[4691-4710]"
    } ]
  },
  "interFileMappings" : { }
}