{
  "intraFileMappings" : {
    "matchedElements" : [
 {
      "left" : "AppConfig",
      "right" : "AppConfig",
      "info" : "TypeDeclaration[1692-15879]:TypeDeclaration[1692-16502]"
    }, {
      "left" : "public static final String[] HADOOP_CONF_FILENAMES = {\n    \"core-default.xml\", \"core-site.xml\", \"mapred-default.xml\", \"mapred-site.xml\", \"hdfs-site.xml\"\n  };",
      "right" : "public static final String[] HADOOP_CONF_FILENAMES = {\n    \"core-default.xml\", \"core-site.xml\", \"mapred-default.xml\", \"mapred-site.xml\", \"hdfs-site.xml\"\n  };",
      "info" : "FieldDeclaration[2882-3039]:FieldDeclaration[2882-3039]"
    }, {
      "left" : "public static final String[] HADOOP_PREFIX_VARS = {\n    \"HADOOP_PREFIX\", \"HADOOP_HOME\"\n  };",
      "right" : "public static final String[] HADOOP_PREFIX_VARS = {\n    \"HADOOP_PREFIX\", \"HADOOP_HOME\"\n  };",
      "info" : "FieldDeclaration[3043-3134]:FieldDeclaration[3043-3134]"
    }, {
      "left" : "public static final String TEMPLETON_HOME_VAR = \"TEMPLETON_HOME\";",
      "right" : "public static final String TEMPLETON_HOME_VAR = \"TEMPLETON_HOME\";",
      "info" : "FieldDeclaration[3138-3203]:FieldDeclaration[3138-3203]"
    }, {
      "left" : "public static final String WEBHCAT_CONF_DIR = \"WEBHCAT_CONF_DIR\";",
      "right" : "public static final String WEBHCAT_CONF_DIR = \"WEBHCAT_CONF_DIR\";",
      "info" : "FieldDeclaration[3206-3271]:FieldDeclaration[3206-3271]"
    }, {
      "left" : "public static final String[] TEMPLETON_CONF_FILENAMES = {\n    \"webhcat-default.xml\",\n    \"webhcat-site.xml\"\n  };",
      "right" : "public static final String[] TEMPLETON_CONF_FILENAMES = {\n    \"webhcat-default.xml\",\n    \"webhcat-site.xml\"\n  };",
      "info" : "FieldDeclaration[3275-3387]:FieldDeclaration[3275-3387]"
    }, {
      "left" : "public static final String PORT                = \"templeton.port\";",
      "right" : "public static final String PORT                = \"templeton.port\";",
      "info" : "FieldDeclaration[3391-3457]:FieldDeclaration[3391-3457]"
    }, {
      "left" : "public static final String EXEC_ENCODING_NAME  = \"templeton.exec.encoding\";",
      "right" : "public static final String EXEC_ENCODING_NAME  = \"templeton.exec.encoding\";",
      "info" : "FieldDeclaration[3460-3535]:FieldDeclaration[3460-3535]"
    }, {
      "left" : "public static final String EXEC_ENVS_NAME      = \"templeton.exec.envs\";",
      "right" : "public static final String EXEC_ENVS_NAME      = \"templeton.exec.envs\";",
      "info" : "FieldDeclaration[3538-3609]:FieldDeclaration[3538-3609]"
    }, {
      "left" : "public static final String EXEC_MAX_BYTES_NAME = \"templeton.exec.max-output-bytes\";",
      "right" : "public static final String EXEC_MAX_BYTES_NAME = \"templeton.exec.max-output-bytes\";",
      "info" : "FieldDeclaration[3612-3695]:FieldDeclaration[3612-3695]"
    }, {
      "left" : "public static final String EXEC_MAX_PROCS_NAME = \"templeton.exec.max-procs\";",
      "right" : "public static final String EXEC_MAX_PROCS_NAME = \"templeton.exec.max-procs\";",
      "info" : "FieldDeclaration[3698-3774]:FieldDeclaration[3698-3774]"
    }, {
      "left" : "public static final String EXEC_TIMEOUT_NAME   = \"templeton.exec.timeout\";",
      "right" : "public static final String EXEC_TIMEOUT_NAME   = \"templeton.exec.timeout\";",
      "info" : "FieldDeclaration[3777-3851]:FieldDeclaration[3777-3851]"
    }, {
      "left" : "public static final String HADOOP_QUEUE_NAME   = \"templeton.hadoop.queue.name\";",
      "right" : "public static final String HADOOP_QUEUE_NAME   = \"templeton.hadoop.queue.name\";",
      "info" : "FieldDeclaration[3854-3933]:FieldDeclaration[3854-3933]"
    }, {
      "left" : "public static final String ENABLE_JOB_RECONNECT_DEFAULT = \"templeton.enable.job.reconnect.default\";",
      "right" : "public static final String ENABLE_JOB_RECONNECT_DEFAULT = \"templeton.enable.job.reconnect.default\";",
      "info" : "FieldDeclaration[3936-4035]:FieldDeclaration[3936-4035]"
    }, {
      "left" : "public static final String HADOOP_NAME         = \"templeton.hadoop\";",
      "right" : "public static final String HADOOP_NAME         = \"templeton.hadoop\";",
      "info" : "FieldDeclaration[4038-4106]:FieldDeclaration[4038-4106]"
    }, {
      "left" : "public static final String HADOOP_CONF_DIR     = \"templeton.hadoop.conf.dir\";",
      "right" : "public static final String HADOOP_CONF_DIR     = \"templeton.hadoop.conf.dir\";",
      "info" : "FieldDeclaration[4109-4186]:FieldDeclaration[4109-4186]"
    }, {
      "left" : "public static final String HCAT_NAME           = \"templeton.hcat\";",
      "right" : "public static final String HCAT_NAME           = \"templeton.hcat\";",
      "info" : "FieldDeclaration[4189-4255]:FieldDeclaration[4189-4255]"
    }, {
      "left" : "public static final String PYTHON_NAME         = \"templeton.python\";",
      "right" : "public static final String PYTHON_NAME         = \"templeton.python\";",
      "info" : "FieldDeclaration[4258-4326]:FieldDeclaration[4258-4326]"
    }, {
      "left" : "public static final String HIVE_ARCHIVE_NAME   = \"templeton.hive.archive\";",
      "right" : "public static final String HIVE_ARCHIVE_NAME   = \"templeton.hive.archive\";",
      "info" : "FieldDeclaration[4329-4403]:FieldDeclaration[4329-4403]"
    }, {
      "left" : "public static final String HIVE_PATH_NAME      = \"templeton.hive.path\";",
      "right" : "public static final String HIVE_PATH_NAME      = \"templeton.hive.path\";",
      "info" : "FieldDeclaration[4406-4477]:FieldDeclaration[4406-4477]"
    }, {
      "left" : "public static final String MAPPER_MEMORY_MB    = \"templeton.mapper.memory.mb\";",
      "right" : "public static final String MAPPER_MEMORY_MB    = \"templeton.mapper.memory.mb\";",
      "info" : "FieldDeclaration[4480-4558]:FieldDeclaration[4480-4558]"
    }, {
      "left" : "public static final String MR_AM_MEMORY_MB     = \"templeton.mr.am.memory.mb\";",
      "right" : "public static final String MR_AM_MEMORY_MB     = \"templeton.mr.am.memory.mb\";",
      "info" : "FieldDeclaration[4561-4638]:FieldDeclaration[4561-4638]"
    }, {
      "left" : "public static final String HIVE_HOME_PATH      = \"templeton.hive.home\";",
      "right" : "public static final String HIVE_HOME_PATH      = \"templeton.hive.home\";",
      "info" : "FieldDeclaration[4642-4754]:FieldDeclaration[4642-4754]"
    }, {
      "left" : "public static final String HCAT_HOME_PATH      = \"templeton.hcat.home\";",
      "right" : "public static final String HCAT_HOME_PATH      = \"templeton.hcat.home\";",
      "info" : "FieldDeclaration[4757-4869]:FieldDeclaration[4757-4869]"
    }, {
      "left" : "public static final String HIVE_PROPS_NAME     = \"templeton.hive.properties\";",
      "right" : "public static final String HIVE_PROPS_NAME     = \"templeton.hive.properties\";",
      "info" : "FieldDeclaration[4872-5274]:FieldDeclaration[4872-5274]"
    }, {
      "left" : "public static final String SQOOP_ARCHIVE_NAME  = \"templeton.sqoop.archive\";",
      "right" : "public static final String SQOOP_ARCHIVE_NAME  = \"templeton.sqoop.archive\";",
      "info" : "FieldDeclaration[5277-5352]:FieldDeclaration[5277-5352]"
    }, {
      "left" : "public static final String SQOOP_PATH_NAME     = \"templeton.sqoop.path\";",
      "right" : "public static final String SQOOP_PATH_NAME     = \"templeton.sqoop.path\";",
      "info" : "FieldDeclaration[5355-5427]:FieldDeclaration[5355-5427]"
    }, {
      "left" : "public static final String SQOOP_HOME_PATH     = \"templeton.sqoop.home\";",
      "right" : "public static final String SQOOP_HOME_PATH     = \"templeton.sqoop.home\";",
      "info" : "FieldDeclaration[5430-5502]:FieldDeclaration[5430-5502]"
    }, {
      "left" : "public static final String LIB_JARS_NAME       = \"templeton.libjars\";",
      "right" : "public static final String LIB_JARS_NAME       = \"templeton.libjars\";",
      "info" : "FieldDeclaration[5505-5574]:FieldDeclaration[5505-5574]"
    }, {
      "left" : "public static final String PIG_ARCHIVE_NAME    = \"templeton.pig.archive\";",
      "right" : "public static final String PIG_ARCHIVE_NAME    = \"templeton.pig.archive\";",
      "info" : "FieldDeclaration[5577-5650]:FieldDeclaration[5577-5650]"
    }, {
      "left" : "public static final String PIG_PATH_NAME       = \"templeton.pig.path\";",
      "right" : "public static final String PIG_PATH_NAME       = \"templeton.pig.path\";",
      "info" : "FieldDeclaration[5653-5723]:FieldDeclaration[5653-5723]"
    }, {
      "left" : "public static final String STREAMING_JAR_NAME  = \"templeton.streaming.jar\";",
      "right" : "public static final String STREAMING_JAR_NAME  = \"templeton.streaming.jar\";",
      "info" : "FieldDeclaration[5726-5801]:FieldDeclaration[5726-5801]"
    }, {
      "left" : "public static final String OVERRIDE_JARS_NAME  = \"templeton.override.jars\";",
      "right" : "public static final String OVERRIDE_JARS_NAME  = \"templeton.override.jars\";",
      "info" : "FieldDeclaration[5804-5879]:FieldDeclaration[5804-5879]"
    }, {
      "left" : "public static final String OVERRIDE_JARS_ENABLED = \"templeton.override.enabled\";",
      "right" : "public static final String OVERRIDE_JARS_ENABLED = \"templeton.override.enabled\";",
      "info" : "FieldDeclaration[5882-5962]:FieldDeclaration[5882-5962]"
    }, {
      "left" : "public static final String TEMPLETON_CONTROLLER_MR_CHILD_OPTS \n    = \"templeton.controller.mr.child.opts\";",
      "right" : "public static final String TEMPLETON_CONTROLLER_MR_CHILD_OPTS \n    = \"templeton.controller.mr.child.opts\";",
      "info" : "FieldDeclaration[5965-6071]:FieldDeclaration[5965-6071]"
    }, {
      "left" : "public static final String TEMPLETON_CONTROLLER_MR_AM_JAVA_OPTS\n    = \"templeton.controller.mr.am.java.opts\";",
      "right" : "public static final String TEMPLETON_CONTROLLER_MR_AM_JAVA_OPTS\n    = \"templeton.controller.mr.am.java.opts\";",
      "info" : "FieldDeclaration[6074-6183]:FieldDeclaration[6074-6183]"
    }, {
      "left" : "public static final String KERBEROS_SECRET     = \"templeton.kerberos.secret\";",
      "right" : "public static final String KERBEROS_SECRET     = \"templeton.kerberos.secret\";",
      "info" : "FieldDeclaration[6187-6264]:FieldDeclaration[6187-6264]"
    }, {
      "left" : "public static final String KERBEROS_PRINCIPAL  = \"templeton.kerberos.principal\";",
      "right" : "public static final String KERBEROS_PRINCIPAL  = \"templeton.kerberos.principal\";",
      "info" : "FieldDeclaration[6267-6347]:FieldDeclaration[6267-6347]"
    }, {
      "left" : "public static final String KERBEROS_KEYTAB     = \"templeton.kerberos.keytab\";",
      "right" : "public static final String KERBEROS_KEYTAB     = \"templeton.kerberos.keytab\";",
      "info" : "FieldDeclaration[6350-6427]:FieldDeclaration[6350-6427]"
    }, {
      "left" : "public static final String CALLBACK_INTERVAL_NAME\n    = \"templeton.callback.retry.interval\";",
      "right" : "public static final String CALLBACK_INTERVAL_NAME\n    = \"templeton.callback.retry.interval\";",
      "info" : "FieldDeclaration[6431-6523]:FieldDeclaration[6431-6523]"
    }, {
      "left" : "public static final String CALLBACK_RETRY_NAME\n    = \"templeton.callback.retry.attempts\";",
      "right" : "public static final String CALLBACK_RETRY_NAME\n    = \"templeton.callback.retry.attempts\";",
      "info" : "FieldDeclaration[6526-6615]:FieldDeclaration[6526-6615]"
    }, {
      "left" : "public static final String HADOOP_END_INTERVAL_NAME = \"job.end.retry.interval\";",
      "right" : "public static final String HADOOP_END_INTERVAL_NAME = \"job.end.retry.interval\";",
      "info" : "FieldDeclaration[6670-6749]:FieldDeclaration[6670-6749]"
    }, {
      "left" : "public static final String HADOOP_END_RETRY_NAME    = \"job.end.retry.attempts\";",
      "right" : "public static final String HADOOP_END_RETRY_NAME    = \"job.end.retry.attempts\";",
      "info" : "FieldDeclaration[6752-6831]:FieldDeclaration[6752-6831]"
    }, {
      "left" : "public static final String HADOOP_END_URL_NAME      = \"job.end.notification.url\";",
      "right" : "public static final String HADOOP_END_URL_NAME      = \"job.end.notification.url\";",
      "info" : "FieldDeclaration[6834-6915]:FieldDeclaration[6834-6915]"
    }, {
      "left" : "public static final String HADOOP_SPECULATIVE_NAME\n    = \"mapred.map.tasks.speculative.execution\";",
      "right" : "public static final String HADOOP_SPECULATIVE_NAME\n    = \"mapred.map.tasks.speculative.execution\";",
      "info" : "FieldDeclaration[6918-7016]:FieldDeclaration[6918-7016]"
    }, {
      "left" : "public static final String HADOOP_CHILD_JAVA_OPTS = \"mapred.child.java.opts\";",
      "right" : "public static final String HADOOP_CHILD_JAVA_OPTS = \"mapred.child.java.opts\";",
      "info" : "FieldDeclaration[7019-7096]:FieldDeclaration[7019-7096]"
    }, {
      "left" : "public static final String HADOOP_MAP_MEMORY_MB = \"mapreduce.map.memory.mb\";",
      "right" : "public static final String HADOOP_MAP_MEMORY_MB = \"mapreduce.map.memory.mb\";",
      "info" : "FieldDeclaration[7099-7175]:FieldDeclaration[7099-7175]"
    }, {
      "left" : "public static final String HADOOP_MR_AM_JAVA_OPTS = \"yarn.app.mapreduce.am.command-opts\";",
      "right" : "public static final String HADOOP_MR_AM_JAVA_OPTS = \"yarn.app.mapreduce.am.command-opts\";",
      "info" : "FieldDeclaration[7178-7267]:FieldDeclaration[7178-7267]"
    }, {
      "left" : "public static final String HADOOP_MR_AM_MEMORY_MB = \"yarn.app.mapreduce.am.resource.mb\";",
      "right" : "public static final String HADOOP_MR_AM_MEMORY_MB = \"yarn.app.mapreduce.am.resource.mb\";",
      "info" : "FieldDeclaration[7270-7358]:FieldDeclaration[7270-7358]"
    }, {
      "left" : "public static final String UNIT_TEST_MODE     = \"templeton.unit.test.mode\";",
      "right" : "public static final String UNIT_TEST_MODE     = \"templeton.unit.test.mode\";",
      "info" : "FieldDeclaration[7361-7436]:FieldDeclaration[7361-7436]"
    }, {
      "left" : "public static final String HIVE_EXTRA_FILES = \"templeton.hive.extra.files\";",
      "right" : "public static final String HIVE_EXTRA_FILES = \"templeton.hive.extra.files\";",
      "info" : "FieldDeclaration[7439-7651]:FieldDeclaration[7439-7651]"
    }, {
      "left" : "private static final Log LOG = LogFactory.getLog(AppConfig.class);",
      "right" : "private static final Log LOG = LogFactory.getLog(AppConfig.class);",
      "info" : "FieldDeclaration[7656-7722]:FieldDeclaration[7656-7722]"
    }, {
      "left" : "public AppConfig()",
      "right" : "public AppConfig()",
      "info" : "MethodDeclaration[7726-7828]:MethodDeclaration[7726-7828]"
    }, {
      "left" : "private void init()",
      "right" : "private void init()",
      "info" : "MethodDeclaration[7832-8560]:MethodDeclaration[7832-8560]"
    }, {
      "left" : "private void handleHiveProperties()",
      "right" : "private void handleHiveProperties()",
      "info" : "MethodDeclaration[8563-10334]:MethodDeclaration[8563-10334]"
    }, {
      "left" : "private static void logConfigLoadAttempt(String path)",
      "right" : "private static void logConfigLoadAttempt(String path)",
      "info" : "MethodDeclaration[10338-10454]:MethodDeclaration[10338-10454]"
    }, {
      "left" : "private String dumpEnvironent()",
      "right" : "private String dumpEnvironent()",
      "info" : "MethodDeclaration[10458-12167]:MethodDeclaration[10458-11654]"
    }, {
      "left" : "public int compare(Map.Entry<String, String> ent, Map.Entry<String, String> ent2)",
      "right" : "public int compare(Map.Entry<String, String> ent, Map.Entry<String, String> ent2)",
      "info" : "MethodDeclaration[11207-11368]:MethodDeclaration[12032-12193]"
    }, {
      "left" : "public void startCleanup()",
      "right" : "public void startCleanup()",
      "info" : "MethodDeclaration[12170-12260]:MethodDeclaration[12793-12883]"
    }, {
      "left" : "public String getHadoopConfDir()",
      "right" : "public String getHadoopConfDir()",
      "info" : "MethodDeclaration[12264-12335]:MethodDeclaration[12887-12958]"
    }, {
      "left" : "public static String getTempletonDir()",
      "right" : "public static String getTempletonDir()",
      "info" : "MethodDeclaration[12339-12429]:MethodDeclaration[12962-13052]"
    }, {
      "left" : "public static String getWebhcatConfDir()",
      "right" : "public static String getWebhcatConfDir()",
      "info" : "MethodDeclaration[12432-12522]:MethodDeclaration[13055-13145]"
    }, {
      "left" : "private boolean loadOneFileConfig(String dir, String fname)",
      "right" : "private boolean loadOneFileConfig(String dir, String fname)",
      "info" : "MethodDeclaration[12526-12843]:MethodDeclaration[13149-13466]"
    }, {
      "left" : "private boolean loadOneClasspathConfig(String fname)",
      "right" : "private boolean loadOneClasspathConfig(String fname)",
      "info" : "MethodDeclaration[12847-13077]:MethodDeclaration[13470-13700]"
    }, {
      "left" : "public String libJars()",
      "right" : "public String libJars()",
      "info" : "MethodDeclaration[13081-13144]:MethodDeclaration[13704-13767]"
    }, {
      "left" : "public String hadoopQueueName()",
      "right" : "public String hadoopQueueName()",
      "info" : "MethodDeclaration[13147-13214]:MethodDeclaration[13770-13837]"
    }, {
      "left" : "public String enableJobReconnectDefault()",
      "right" : "public String enableJobReconnectDefault()",
      "info" : "MethodDeclaration[13217-13304]:MethodDeclaration[13840-13927]"
    }, {
      "left" : "public String clusterHadoop()",
      "right" : "public String clusterHadoop()",
      "info" : "MethodDeclaration[13307-13368]:MethodDeclaration[13930-13991]"
    }, {
      "left" : "public String clusterHcat()",
      "right" : "public String clusterHcat()",
      "info" : "MethodDeclaration[13371-13430]:MethodDeclaration[13994-14053]"
    }, {
      "left" : "public String clusterPython()",
      "right" : "public String clusterPython()",
      "info" : "MethodDeclaration[13433-13494]:MethodDeclaration[14056-14117]"
    }, {
      "left" : "public String pigPath()",
      "right" : "public String pigPath()",
      "info" : "MethodDeclaration[13497-13560]:MethodDeclaration[14120-14183]"
    }, {
      "left" : "public String pigArchive()",
      "right" : "public String pigArchive()",
      "info" : "MethodDeclaration[13563-13629]:MethodDeclaration[14186-14252]"
    }, {
      "left" : "public String hivePath()",
      "right" : "public String hivePath()",
      "info" : "MethodDeclaration[13632-13696]:MethodDeclaration[14255-14319]"
    }, {
      "left" : "public String hiveArchive()",
      "right" : "public String hiveArchive()",
      "info" : "MethodDeclaration[13699-13766]:MethodDeclaration[14322-14389]"
    }, {
      "left" : "public String sqoopPath()",
      "right" : "public String sqoopPath()",
      "info" : "MethodDeclaration[13769-13834]:MethodDeclaration[14392-14457]"
    }, {
      "left" : "public String sqoopArchive()",
      "right" : "public String sqoopArchive()",
      "info" : "MethodDeclaration[13837-13905]:MethodDeclaration[14460-14528]"
    }, {
      "left" : "public String sqoopHome()",
      "right" : "public String sqoopHome()",
      "info" : "MethodDeclaration[13908-13973]:MethodDeclaration[14531-14596]"
    }, {
      "left" : "public String streamingJar()",
      "right" : "public String streamingJar()",
      "info" : "MethodDeclaration[13976-14044]:MethodDeclaration[14599-14667]"
    }, {
      "left" : "public String kerberosSecret()",
      "right" : "public String kerberosSecret()",
      "info" : "MethodDeclaration[14047-14112]:MethodDeclaration[14670-14735]"
    }, {
      "left" : "public String kerberosPrincipal(",
      "right" : "public String kerberosPrincipal(",
      "info" : "MethodDeclaration[14115-14183]:MethodDeclaration[14738-14806]"
    }, {
      "left" : "public String kerberosKeytab()",
      "right" : "public String kerberosKeytab()",
      "info" : "MethodDeclaration[14186-14251]:MethodDeclaration[14809-14874]"
    }, {
      "left" : "public String controllerMRChildOpts()",
      "right" : "public String controllerMRChildOpts()",
      "info" : "MethodDeclaration[14254-14351]:MethodDeclaration[14877-14974]"
    }, {
      "left" : "public String controllerAMChildOpts()",
      "right" : "public String controllerAMChildOpts()",
      "info" : "MethodDeclaration[14354-14451]:MethodDeclaration[14977-15074]"
    }, {
      "left" : "public String mapperMemoryMb()",
      "right" : "public String mapperMemoryMb()",
      "info" : "MethodDeclaration[14454-14520]:MethodDeclaration[15077-15143]"
    }, {
      "left" : "public String amMemoryMb()",
      "right" : "public String amMemoryMb()",
      "info" : "MethodDeclaration[14523-14588]:MethodDeclaration[15146-15211]"
    }, {
      "left" : "public Collection<String> hiveProps()",
      "right" : "public Collection<String> hiveProps()",
      "info" : "MethodDeclaration[14592-15120]:MethodDeclaration[15215-15743]"
    }, {
      "left" : "public String[] overrideJars()",
      "right" : "public String[] overrideJars()",
      "info" : "MethodDeclaration[15124-15282]:MethodDeclaration[15747-15905]"
    }, {
      "left" : "public String overrideJarsString()",
      "right" : "public String overrideJarsString()",
      "info" : "MethodDeclaration[15285-15440]:MethodDeclaration[15908-16063]"
    }, {
      "left" : "public long zkCleanupInterval()",
      "right" : "public long zkCleanupInterval()",
      "info" : "MethodDeclaration[15444-15573]:MethodDeclaration[16067-16196]"
    }, {
      "left" : "public long zkMaxAge()",
      "right" : "public long zkMaxAge()",
      "info" : "MethodDeclaration[15577-15700]:MethodDeclaration[16200-16323]"
    }, {
      "left" : "public String zkHosts()",
      "right" : "public String zkHosts()",
      "info" : "MethodDeclaration[15704-15779]:MethodDeclaration[16327-16402]"
    }, {
      "left" : "public int zkSessionTimeout()",
      "right" : "public int zkSessionTimeout()",
      "info" : "MethodDeclaration[15782-15877]:MethodDeclaration[16405-16500]"
    } ],
    "mappings" : [
 {
      "left" : "public",
      "right" : "public",
      "info" : "Modifier[2833-2839]:Modifier[2833-2839]"
    }, {
      "left" : "class",
      "right" : "class",
      "info" : "TYPE_DECLARATION_KIND[2840-2845]:TYPE_DECLARATION_KIND[2840-2845]"
    }, {
      "left" : "AppConfig",
      "right" : "AppConfig",
      "info" : "SimpleName[2846-2855]:SimpleName[2846-2855]"
    }, {
      "left" : "Configuration",
      "right" : "Configuration",
      "info" : "SimpleType[2864-2877]:SimpleType[2864-2877]"
    }, {
      "left" : "public",
      "right" : "public",
      "info" : "Modifier[7726-7732]:Modifier[7726-7732]"
    }, {
      "left" : "AppConfig",
      "right" : "AppConfig",
      "info" : "SimpleName[7733-7742]:SimpleName[7733-7742]"
    }, {
      "left" : "{}",
      "right" : "{}",
      "info" : "Block[7745-7828]:Block[7745-7828]"
    }, {
      "left" : "init();",
      "right" : "init();",
      "info" : "ExpressionStatement[7751-7758]:ExpressionStatement[7751-7758]"
    }, {
      "left" : "LOG.info(\"Using Hadoop version \" + VersionInfo.getVersion());",
      "right" : "LOG.info(\"Using Hadoop version \" + VersionInfo.getVersion());",
      "info" : "ExpressionStatement[7763-7824]:ExpressionStatement[7763-7824]"
    }, {
      "left" : "private",
      "right" : "private",
      "info" : "Modifier[7832-7839]:Modifier[7832-7839]"
    }, {
      "left" : "void",
      "right" : "void",
      "info" : "PrimitiveType[7840-7844]:PrimitiveType[7840-7844]"
    }, {
      "left" : "init",
      "right" : "init",
      "info" : "SimpleName[7845-7849]:SimpleName[7845-7849]"
    }, {
      "left" : "{}",
      "right" : "{}",
      "info" : "Block[7852-8560]:Block[7852-8560]"
    }, {
      "left" : "for (Map.Entry<String, String> e : System.getenv().entrySet())\n      set(\"env.\" + e.getKey(), e.getValue());",
      "right" : "for (Map.Entry<String, String> e : System.getenv().entrySet())\n      set(\"env.\" + e.getKey(), e.getValue());",
      "info" : "EnhancedForStatement[7858-7966]:EnhancedForStatement[7858-7966]"
    }, {
      "left" : "set(\"env.\" + e.getKey(), e.getValue());",
      "right" : "set(\"env.\" + e.getKey(), e.getValue());",
      "info" : "ExpressionStatement[7927-7966]:ExpressionStatement[7927-7966]"
    }, {
      "left" : "String templetonDir = getTempletonDir();",
      "right" : "String templetonDir = getTempletonDir();",
      "info" : "VariableDeclarationStatement[7972-8012]:VariableDeclarationStatement[7972-8012]"
    }, {
      "left" : "for (String fname : TEMPLETON_CONF_FILENAMES)",
      "right" : "for (String fname : TEMPLETON_CONF_FILENAMES)",
      "info" : "EnhancedForStatement[8017-8228]:EnhancedForStatement[8017-8228]"
    }, {
      "left" : "{}",
      "right" : "{}",
      "info" : "Block[8063-8228]:Block[8063-8228]"
    }, {
      "left" : "logConfigLoadAttempt(templetonDir + File.separator + fname);",
      "right" : "logConfigLoadAttempt(templetonDir + File.separator + fname);",
      "info" : "ExpressionStatement[8071-8131]:ExpressionStatement[8071-8131]"
    }, {
      "left" : "if (! loadOneClasspathConfig(fname))",
      "right" : "if (! loadOneClasspathConfig(fname))",
      "info" : "IfStatement[8138-8222]:IfStatement[8138-8222]"
    }, {
      "left" : "loadOneFileConfig(templetonDir, fname);",
      "right" : "loadOneFileConfig(templetonDir, fname);",
      "info" : "ExpressionStatement[8183-8222]:ExpressionStatement[8183-8222]"
    }, {
      "left" : "String hadoopConfDir = getHadoopConfDir();",
      "right" : "String hadoopConfDir = getHadoopConfDir();",
      "info" : "VariableDeclarationStatement[8233-8275]:VariableDeclarationStatement[8233-8275]"
    }, {
      "left" : "for (String fname : HADOOP_CONF_FILENAMES)",
      "right" : "for (String fname : HADOOP_CONF_FILENAMES)",
      "info" : "EnhancedForStatement[8280-8445]:EnhancedForStatement[8280-8445]"
    }, {
      "left" : "{}",
      "right" : "{}",
      "info" : "Block[8323-8445]:Block[8323-8445]"
    }, {
      "left" : "logConfigLoadAttempt(hadoopConfDir + File.separator + fname);",
      "right" : "logConfigLoadAttempt(hadoopConfDir + File.separator + fname);",
      "info" : "ExpressionStatement[8331-8392]:ExpressionStatement[8331-8392]"
    }, {
      "left" : "loadOneFileConfig(hadoopConfDir, fname);",
      "right" : "loadOneFileConfig(hadoopConfDir, fname);",
      "info" : "ExpressionStatement[8399-8439]:ExpressionStatement[8399-8439]"
    }, {
      "left" : "ProxyUserSupport.processProxyuserConfig(this);",
      "right" : "ProxyUserSupport.processProxyuserConfig(this);",
      "info" : "ExpressionStatement[8450-8496]:ExpressionStatement[8450-8496]"
    }, {
      "left" : "handleHiveProperties();",
      "right" : "handleHiveProperties();",
      "info" : "ExpressionStatement[8501-8524]:ExpressionStatement[8501-8524]"
    }, {
      "left" : "LOG.info(dumpEnvironent());",
      "right" : "LOG.info(dumpEnvironent());",
      "info" : "ExpressionStatement[8529-8556]:ExpressionStatement[8529-8556]"
    }, {
      "left" : "private",
      "right" : "private",
      "info" : "Modifier[9157-9164]:Modifier[9157-9164]"
    }, {
      "left" : "void",
      "right" : "void",
      "info" : "PrimitiveType[9165-9169]:PrimitiveType[9165-9169]"
    }, {
      "left" : "handleHiveProperties",
      "right" : "handleHiveProperties",
      "info" : "SimpleName[9170-9190]:SimpleName[9170-9190]"
    }, {
      "left" : "{}",
      "right" : "{}",
      "info" : "Block[9193-10334]:Block[9193-10334]"
    }, {
      "left" : "HiveConf hiveConf = new HiveConf();",
      "right" : "HiveConf hiveConf = new HiveConf();",
      "info" : "VariableDeclarationStatement[9199-9234]:VariableDeclarationStatement[9199-9234]"
    }, {
      "left" : "List<String> interestingPropNames = Arrays.asList(\n      \"hive.metastore.uris\",\"hive.metastore.sasl.enabled\",\n      \"hive.metastore.execute.setugi\",\"hive.execution.engine\");",
      "right" : "List<String> interestingPropNames = Arrays.asList(\n      \"hive.metastore.uris\",\"hive.metastore.sasl.enabled\",\n      \"hive.metastore.execute.setugi\",\"hive.execution.engine\");",
      "info" : "VariableDeclarationStatement[9274-9447]:VariableDeclarationStatement[9274-9447]"
    }, {
      "left" : "List<String> webhcatHiveProps = new ArrayList<String>(hiveProps());",
      "right" : "List<String> webhcatHiveProps = new ArrayList<String>(hiveProps());",
      "info" : "VariableDeclarationStatement[9494-9561]:VariableDeclarationStatement[9494-9561]"
    }, {
      "left" : "for(String interestingPropName : interestingPropNames)",
      "right" : "for(String interestingPropName : interestingPropNames)",
      "info" : "EnhancedForStatement[9566-10023]:EnhancedForStatement[9566-10023]"
    }, {
      "left" : "{}",
      "right" : "{}",
      "info" : "Block[9621-10023]:Block[9621-10023]"
    }, {
      "left" : "String value = hiveConf.get(interestingPropName);",
      "right" : "String value = hiveConf.get(interestingPropName);",
      "info" : "VariableDeclarationStatement[9629-9678]:VariableDeclarationStatement[9629-9678]"
    }, {
      "left" : "if(value != null)",
      "right" : "if(value != null)",
      "info" : "IfStatement[9685-10017]:IfStatement[9685-10017]"
    }, {
      "left" : "{}",
      "right" : "{}",
      "info" : "Block[9703-10017]:Block[9703-10017]"
    }, {
      "left" : "boolean found = false;",
      "right" : "boolean found = false;",
      "info" : "VariableDeclarationStatement[9713-9735]:VariableDeclarationStatement[9713-9735]"
    }, {
      "left" : "for(String whProp : webhcatHiveProps)",
      "right" : "for(String whProp : webhcatHiveProps)",
      "info" : "EnhancedForStatement[9744-9911]:EnhancedForStatement[9744-9911]"
    }, {
      "left" : "{}",
      "right" : "{}",
      "info" : "Block[9782-9911]:Block[9782-9911]"
    }, {
      "left" : "if(whProp.startsWith(interestingPropName + \"=\"))",
      "right" : "if(whProp.startsWith(interestingPropName + \"=\"))",
      "info" : "IfStatement[9794-9901]:IfStatement[9794-9901]"
    }, {
      "left" : "{}",
      "right" : "{}",
      "info" : "Block[9843-9901]:Block[9843-9901]"
    }, {
      "left" : "found = true;",
      "right" : "found = true;",
      "info" : "ExpressionStatement[9857-9870]:ExpressionStatement[9857-9870]"
    }, {
      "left" : "break;",
      "right" : "break;",
      "info" : "BreakStatement[9883-9889]:BreakStatement[9883-9889]"
    }, {
      "left" : "if(!found)",
      "right" : "if(!found)",
      "info" : "IfStatement[9920-10009]:IfStatement[9920-10009]"
    }, {
      "left" : "{}",
      "right" : "{}",
      "info" : "Block[9931-10009]:Block[9931-10009]"
    }, {
      "left" : "webhcatHiveProps.add(interestingPropName + \"=\" + value);",
      "right" : "webhcatHiveProps.add(interestingPropName + \"=\" + value);",
      "info" : "ExpressionStatement[9943-9999]:ExpressionStatement[9943-9999]"
    }, {
      "left" : "StringBuilder hiveProps = new StringBuilder();",
      "right" : "StringBuilder hiveProps = new StringBuilder();",
      "info" : "VariableDeclarationStatement[10028-10074]:VariableDeclarationStatement[10028-10074]"
    }, {
      "left" : "for(String whProp : webhcatHiveProps)",
      "right" : "for(String whProp : webhcatHiveProps)",
      "info" : "EnhancedForStatement[10079-10282]:EnhancedForStatement[10079-10282]"
    }, {
      "left" : "{}",
      "right" : "{}",
      "info" : "Block[10117-10282]:Block[10117-10282]"
    }, {
      "left" : "hiveProps.append(hiveProps.length() > 0 ? \",\" : \"\").append(StringUtils.escapeString(whProp));",
      "right" : "hiveProps.append(hiveProps.length() > 0 ? \",\" : \"\").append(StringUtils.escapeString(whProp));",
      "info" : "ExpressionStatement[10183-10276]:ExpressionStatement[10183-10276]"
    }, {
      "left" : "set(HIVE_PROPS_NAME, hiveProps.toString());",
      "right" : "set(HIVE_PROPS_NAME, hiveProps.toString());",
      "info" : "ExpressionStatement[10287-10330]:ExpressionStatement[10287-10330]"
    }, {
      "left" : "private",
      "right" : "private",
      "info" : "Modifier[10338-10345]:Modifier[10338-10345]"
    }, {
      "left" : "static",
      "right" : "static",
      "info" : "Modifier[10346-10352]:Modifier[10346-10352]"
    }, {
      "left" : "void",
      "right" : "void",
      "info" : "PrimitiveType[10353-10357]:PrimitiveType[10353-10357]"
    }, {
      "left" : "logConfigLoadAttempt",
      "right" : "logConfigLoadAttempt",
      "info" : "SimpleName[10358-10378]:SimpleName[10358-10378]"
    }, {
      "left" : "String path",
      "right" : "String path",
      "info" : "SingleVariableDeclaration[10379-10390]:SingleVariableDeclaration[10379-10390]"
    }, {
      "left" : "{}",
      "right" : "{}",
      "info" : "Block[10392-10454]:Block[10392-10454]"
    }, {
      "left" : "LOG.info(\"Attempting to load config file: \" + path);",
      "right" : "LOG.info(\"Attempting to load config file: \" + path);",
      "info" : "ExpressionStatement[10398-10450]:ExpressionStatement[10398-10450]"
    }, {
      "left" : "private",
      "right" : "private",
      "info" : "Modifier[10660-10667]:Modifier[10660-10667]"
    }, {
      "left" : "String",
      "right" : "String",
      "info" : "SimpleType[10668-10674]:SimpleType[10668-10674]"
    }, {
      "left" : "dumpEnvironent",
      "right" : "dumpEnvironent",
      "info" : "SimpleName[10675-10689]:SimpleName[10675-10689]"
    }, {
      "left" : "{}",
      "right" : "{}",
      "info" : "Block[10692-12167]:Block[10692-11654]"
    }, {
      "left" : "StringBuilder sb = TempletonUtils.dumpPropMap(\"========WebHCat System.getenv()========\", System.getenv());",
      "right" : "StringBuilder sb = TempletonUtils.dumpPropMap(\"========WebHCat System.getenv()========\", System.getenv());",
      "info" : "VariableDeclarationStatement[10698-10804]:VariableDeclarationStatement[10698-10804]"
    }, {
      "left" : "sb.append(\"START========WebHCat AppConfig.iterator()========: \\n\");",
      "right" : "sb.append(\"START========WebHCat AppConfig.iterator()========: \\n\");",
      "info" : "ExpressionStatement[10809-10876]:ExpressionStatement[10809-10876]"
    }, {
      "left" : "Iterator<Map.Entry<String, String>> configIter = this.iterator();",
      "right" : "Iterator<Map.Entry<String, String>> configIter = conf.iterator();",
      "info" : "VariableDeclarationStatement[10881-10946]:VariableDeclarationStatement[11732-11797]"
    }, {
      "left" : "List<Map.Entry<String, String>> configVals = new ArrayList<Map.Entry<String, String>>();",
      "right" : "List<Map.Entry<String, String>>configVals = new ArrayList<>();",
      "info" : "VariableDeclarationStatement[10951-11039]:VariableDeclarationStatement[11802-11864]"
    }, {
      "left" : "while(configIter.hasNext())",
      "right" : "while(configIter.hasNext())",
      "info" : "WhileStatement[11044-11120]:WhileStatement[11869-11945]"
    }, {
      "left" : "{}",
      "right" : "{}",
      "info" : "Block[11072-11120]:Block[11897-11945]"
    }, {
      "left" : "configVals.add(configIter.next());",
      "right" : "configVals.add(configIter.next());",
      "info" : "ExpressionStatement[11080-11114]:ExpressionStatement[11905-11939]"
    }, {
      "left" : "Collections.sort(configVals, new Comparator<Map.Entry<String, String>> () {\n      @Override\n      public int compare(Map.Entry<String, String> ent, Map.Entry<String, String> ent2) {\n        return ent.getKey().compareTo(ent2.getKey());\n      }\n    });",
      "right" : "Collections.sort(configVals, new Comparator<Map.Entry<String, String>> () {\n      @Override\n      public int compare(Map.Entry<String, String> ent, Map.Entry<String, String> ent2) {\n        return ent.getKey().compareTo(ent2.getKey());\n      }\n    });",
      "info" : "ExpressionStatement[11125-11376]:ExpressionStatement[11950-12201]"
    }, {
      "left" : "@Override",
      "right" : "@Override",
      "info" : "MarkerAnnotation[11207-11216]:MarkerAnnotation[12032-12041]"
    }, {
      "left" : "public",
      "right" : "public",
      "info" : "Modifier[11223-11229]:Modifier[12048-12054]"
    }, {
      "left" : "int",
      "right" : "int",
      "info" : "PrimitiveType[11230-11233]:PrimitiveType[12055-12058]"
    }, {
      "left" : "compare",
      "right" : "compare",
      "info" : "SimpleName[11234-11241]:SimpleName[12059-12066]"
    }, {
      "left" : "Map.Entry<String, String> ent",
      "right" : "Map.Entry<String, String> ent",
      "info" : "SingleVariableDeclaration[11242-11271]:SingleVariableDeclaration[12067-12096]"
    }, {
      "left" : "Map.Entry<String, String> ent2",
      "right" : "Map.Entry<String, String> ent2",
      "info" : "SingleVariableDeclaration[11273-11303]:SingleVariableDeclaration[12098-12128]"
    }, {
      "left" : "{}",
      "right" : "{}",
      "info" : "Block[11305-11368]:Block[12130-12193]"
    }, {
      "left" : "return ent.getKey().compareTo(ent2.getKey());",
      "right" : "return ent.getKey().compareTo(ent2.getKey());",
      "info" : "ReturnStatement[11315-11360]:ReturnStatement[12140-12185]"
    }, {
      "left" : "for(Map.Entry<String, String> entry : configVals)",
      "right" : "for(Map.Entry<String, String> entry : configVals)",
      "info" : "EnhancedForStatement[11381-11950]:EnhancedForStatement[12206-12785]"
    }, {
      "left" : "{}",
      "right" : "{}",
      "info" : "Block[11431-11950]:Block[12256-12785]"
    }, {
      "left" : "if(entry.getKey().toLowerCase().contains(\"path\"))",
      "right" : "if(entry.getKey().toLowerCase().contains(\"path\"))",
      "info" : "IfStatement[11498-11944]:IfStatement[12323-12779]"
    }, {
      "left" : "{}",
      "right" : "{}",
      "info" : "Block[11548-11835]:Block[12373-12665]"
    }, {
      "left" : "StringTokenizer st = new StringTokenizer(get(entry.getKey()), File.pathSeparator);",
      "right" : "StringTokenizer st = new StringTokenizer(conf.get(entry.getKey()), File.pathSeparator);",
      "info" : "VariableDeclarationStatement[11558-11640]:VariableDeclarationStatement[12383-12470]"
    }, {
      "left" : "sb.append(entry.getKey()).append(\"=\\n\");",
      "right" : "sb.append(entry.getKey()).append(\"=\\n\");",
      "info" : "ExpressionStatement[11649-11689]:ExpressionStatement[12479-12519]"
    }, {
      "left" : "while(st.hasMoreTokens())",
      "right" : "while(st.hasMoreTokens())",
      "info" : "WhileStatement[11698-11827]:WhileStatement[12528-12657]"
    }, {
      "left" : "{}",
      "right" : "{}",
      "info" : "Block[11724-11827]:Block[12554-12657]"
    }, {
      "left" : "sb.append(\"    \").append(st.nextToken()).append(File.pathSeparator).append('\\n');",
      "right" : "sb.append(\"    \").append(st.nextToken()).append(File.pathSeparator).append('\\n');",
      "info" : "ExpressionStatement[11736-11817]:ExpressionStatement[12566-12647]"
    }, {
      "left" : "{}",
      "right" : "{}",
      "info" : "Block[11847-11944]:Block[12677-12779]"
    }, {
      "left" : "sb.append(entry.getKey()).append('=').append(get(entry.getKey())).append('\\n');",
      "right" : "sb.append(entry.getKey()).append('=').append(conf.get(entry.getKey())).append('\\n');",
      "info" : "ExpressionStatement[11857-11936]:ExpressionStatement[12687-12771]"
    }, {
      "left" : "sb.append(\"END========WebHCat AppConfig.iterator()========: \\n\");",
      "right" : "sb.append(\"END========WebHCat AppConfig.iterator()========: \\n\");",
      "info" : "ExpressionStatement[11955-12020]:ExpressionStatement[10907-10972]"
    }, {
      "left" : "sb.append(TempletonUtils.dumpPropMap(\"========WebHCat System.getProperties()========\", System.getProperties()));",
      "right" : "sb.append(TempletonUtils.dumpPropMap(\"========WebHCat System.getProperties()========\", System.getProperties()));",
      "info" : "ExpressionStatement[12025-12137]:ExpressionStatement[10978-11090]"
    }, {
      "left" : "return sb.toString();",
      "right" : "return sb.toString();",
      "info" : "ReturnStatement[12142-12163]:ReturnStatement[11629-11650]"
    }, {
      "left" : "public",
      "right" : "public",
      "info" : "Modifier[12170-12176]:Modifier[12793-12799]"
    }, {
      "left" : "void",
      "right" : "void",
      "info" : "PrimitiveType[12177-12181]:PrimitiveType[12800-12804]"
    }, {
      "left" : "startCleanup",
      "right" : "startCleanup",
      "info" : "SimpleName[12182-12194]:SimpleName[12805-12817]"
    }, {
      "left" : "{}",
      "right" : "{}",
      "info" : "Block[12197-12260]:Block[12820-12883]"
    }, {
      "left" : "JobState.getStorageInstance(this).startCleanup(this);",
      "right" : "JobState.getStorageInstance(this).startCleanup(this);",
      "info" : "ExpressionStatement[12203-12256]:ExpressionStatement[12826-12879]"
    }, {
      "left" : "public",
      "right" : "public",
      "info" : "Modifier[12264-12270]:Modifier[12887-12893]"
    }, {
      "left" : "String",
      "right" : "String",
      "info" : "SimpleType[12271-12277]:SimpleType[12894-12900]"
    }, {
      "left" : "getHadoopConfDir",
      "right" : "getHadoopConfDir",
      "info" : "SimpleName[12278-12294]:SimpleName[12901-12917]"
    }, {
      "left" : "{}",
      "right" : "{}",
      "info" : "Block[12297-12335]:Block[12920-12958]"
    }, {
      "left" : "return get(HADOOP_CONF_DIR);",
      "right" : "return get(HADOOP_CONF_DIR);",
      "info" : "ReturnStatement[12303-12331]:ReturnStatement[12926-12954]"
    }, {
      "left" : "public",
      "right" : "public",
      "info" : "Modifier[12339-12345]:Modifier[12962-12968]"
    }, {
      "left" : "static",
      "right" : "static",
      "info" : "Modifier[12346-12352]:Modifier[12969-12975]"
    }, {
      "left" : "String",
      "right" : "String",
      "info" : "SimpleType[12353-12359]:SimpleType[12976-12982]"
    }, {
      "left" : "getTempletonDir",
      "right" : "getTempletonDir",
      "info" : "SimpleName[12360-12375]:SimpleName[12983-12998]"
    }, {
      "left" : "{}",
      "right" : "{}",
      "info" : "Block[12378-12429]:Block[13001-13052]"
    }, {
      "left" : "return System.getenv(TEMPLETON_HOME_VAR);",
      "right" : "return System.getenv(TEMPLETON_HOME_VAR);",
      "info" : "ReturnStatement[12384-12425]:ReturnStatement[13007-13048]"
    }, {
      "left" : "public",
      "right" : "public",
      "info" : "Modifier[12432-12438]:Modifier[13055-13061]"
    }, {
      "left" : "static",
      "right" : "static",
      "info" : "Modifier[12439-12445]:Modifier[13062-13068]"
    }, {
      "left" : "String",
      "right" : "String",
      "info" : "SimpleType[12446-12452]:SimpleType[13069-13075]"
    }, {
      "left" : "getWebhcatConfDir",
      "right" : "getWebhcatConfDir",
      "info" : "SimpleName[12453-12470]:SimpleName[13076-13093]"
    }, {
      "left" : "{}",
      "right" : "{}",
      "info" : "Block[12473-12522]:Block[13096-13145]"
    }, {
      "left" : "return System.getenv(WEBHCAT_CONF_DIR);",
      "right" : "return System.getenv(WEBHCAT_CONF_DIR);",
      "info" : "ReturnStatement[12479-12518]:ReturnStatement[13102-13141]"
    }, {
      "left" : "private",
      "right" : "private",
      "info" : "Modifier[12526-12533]:Modifier[13149-13156]"
    }, {
      "left" : "boolean",
      "right" : "boolean",
      "info" : "PrimitiveType[12534-12541]:PrimitiveType[13157-13164]"
    }, {
      "left" : "loadOneFileConfig",
      "right" : "loadOneFileConfig",
      "info" : "SimpleName[12542-12559]:SimpleName[13165-13182]"
    }, {
      "left" : "String dir",
      "right" : "String dir",
      "info" : "SingleVariableDeclaration[12560-12570]:SingleVariableDeclaration[13183-13193]"
    }, {
      "left" : "String fname",
      "right" : "String fname",
      "info" : "SingleVariableDeclaration[12572-12584]:SingleVariableDeclaration[13195-13207]"
    }, {
      "left" : "{}",
      "right" : "{}",
      "info" : "Block[12586-12843]:Block[13209-13466]"
    }, {
      "left" : "if (dir != null)",
      "right" : "if (dir != null)",
      "info" : "IfStatement[12592-12821]:IfStatement[13215-13444]"
    }, {
      "left" : "{}",
      "right" : "{}",
      "info" : "Block[12609-12821]:Block[13232-13444]"
    }, {
      "left" : "File f = new File(dir, fname);",
      "right" : "File f = new File(dir, fname);",
      "info" : "VariableDeclarationStatement[12617-12647]:VariableDeclarationStatement[13240-13270]"
    }, {
      "left" : "if (f.exists())",
      "right" : "if (f.exists())",
      "info" : "IfStatement[12654-12815]:IfStatement[13277-13438]"
    }, {
      "left" : "{}",
      "right" : "{}",
      "info" : "Block[12670-12815]:Block[13293-13438]"
    }, {
      "left" : "addResource(new Path(f.getAbsolutePath()));",
      "right" : "addResource(new Path(f.getAbsolutePath()));",
      "info" : "ExpressionStatement[12680-12723]:ExpressionStatement[13303-13346]"
    }, {
      "left" : "LOG.info(\"loaded config file \" + f.getAbsolutePath());",
      "right" : "LOG.info(\"loaded config file \" + f.getAbsolutePath());",
      "info" : "ExpressionStatement[12732-12786]:ExpressionStatement[13355-13409]"
    }, {
      "left" : "return true;",
      "right" : "return true;",
      "info" : "ReturnStatement[12795-12807]:ReturnStatement[13418-13430]"
    }, {
      "left" : "return false;",
      "right" : "return false;",
      "info" : "ReturnStatement[12826-12839]:ReturnStatement[13449-13462]"
    }, {
      "left" : "private",
      "right" : "private",
      "info" : "Modifier[12847-12854]:Modifier[13470-13477]"
    }, {
      "left" : "boolean",
      "right" : "boolean",
      "info" : "PrimitiveType[12855-12862]:PrimitiveType[13478-13485]"
    }, {
      "left" : "loadOneClasspathConfig",
      "right" : "loadOneClasspathConfig",
      "info" : "SimpleName[12863-12885]:SimpleName[13486-13508]"
    }, {
      "left" : "String fname",
      "right" : "String fname",
      "info" : "SingleVariableDeclaration[12886-12898]:SingleVariableDeclaration[13509-13521]"
    }, {
      "left" : "{}",
      "right" : "{}",
      "info" : "Block[12900-13077]:Block[13523-13700]"
    }, {
      "left" : "URL x = getResource(fname);",
      "right" : "URL x = getResource(fname);",
      "info" : "VariableDeclarationStatement[12906-12933]:VariableDeclarationStatement[13529-13556]"
    }, {
      "left" : "if (x != null)",
      "right" : "if (x != null)",
      "info" : "IfStatement[12938-13054]:IfStatement[13561-13677]"
    }, {
      "left" : "{}",
      "right" : "{}",
      "info" : "Block[12953-13054]:Block[13576-13677]"
    }, {
      "left" : "addResource(x);",
      "right" : "addResource(x);",
      "info" : "ExpressionStatement[12961-12976]:ExpressionStatement[13584-13599]"
    }, {
      "left" : "LOG.info(\"loaded config from classpath \" + x);",
      "right" : "LOG.info(\"loaded config from classpath \" + x);",
      "info" : "ExpressionStatement[12983-13029]:ExpressionStatement[13606-13652]"
    }, {
      "left" : "return true;",
      "right" : "return true;",
      "info" : "ReturnStatement[13036-13048]:ReturnStatement[13659-13671]"
    }, {
      "left" : "return false;",
      "right" : "return false;",
      "info" : "ReturnStatement[13060-13073]:ReturnStatement[13683-13696]"
    }, {
      "left" : "public",
      "right" : "public",
      "info" : "Modifier[13081-13087]:Modifier[13704-13710]"
    }, {
      "left" : "String",
      "right" : "String",
      "info" : "SimpleType[13088-13094]:SimpleType[13711-13717]"
    }, {
      "left" : "libJars",
      "right" : "libJars",
      "info" : "SimpleName[13095-13102]:SimpleName[13718-13725]"
    }, {
      "left" : "{}",
      "right" : "{}",
      "info" : "Block[13114-13144]:Block[13737-13767]"
    }, {
      "left" : "return get(LIB_JARS_NAME);",
      "right" : "return get(LIB_JARS_NAME);",
      "info" : "ReturnStatement[13116-13142]:ReturnStatement[13739-13765]"
    }, {
      "left" : "public",
      "right" : "public",
      "info" : "Modifier[13147-13153]:Modifier[13770-13776]"
    }, {
      "left" : "String",
      "right" : "String",
      "info" : "SimpleType[13154-13160]:SimpleType[13777-13783]"
    }, {
      "left" : "hadoopQueueName",
      "right" : "hadoopQueueName",
      "info" : "SimpleName[13161-13176]:SimpleName[13784-13799]"
    }, {
      "left" : "{}",
      "right" : "{}",
      "info" : "Block[13180-13214]:Block[13803-13837]"
    }, {
      "left" : "return get(HADOOP_QUEUE_NAME);",
      "right" : "return get(HADOOP_QUEUE_NAME);",
      "info" : "ReturnStatement[13182-13212]:ReturnStatement[13805-13835]"
    }, {
      "left" : "public",
      "right" : "public",
      "info" : "Modifier[13217-13223]:Modifier[13840-13846]"
    }, {
      "left" : "String",
      "right" : "String",
      "info" : "SimpleType[13224-13230]:SimpleType[13847-13853]"
    }, {
      "left" : "enableJobReconnectDefault",
      "right" : "enableJobReconnectDefault",
      "info" : "SimpleName[13231-13256]:SimpleName[13854-13879]"
    }, {
      "left" : "{}",
      "right" : "{}",
      "info" : "Block[13259-13304]:Block[13882-13927]"
    }, {
      "left" : "return get(ENABLE_JOB_RECONNECT_DEFAULT);",
      "right" : "return get(ENABLE_JOB_RECONNECT_DEFAULT);",
      "info" : "ReturnStatement[13261-13302]:ReturnStatement[13884-13925]"
    }, {
      "left" : "public",
      "right" : "public",
      "info" : "Modifier[13307-13313]:Modifier[13930-13936]"
    }, {
      "left" : "String",
      "right" : "String",
      "info" : "SimpleType[13314-13320]:SimpleType[13937-13943]"
    }, {
      "left" : "clusterHadoop",
      "right" : "clusterHadoop",
      "info" : "SimpleName[13321-13334]:SimpleName[13944-13957]"
    }, {
      "left" : "{}",
      "right" : "{}",
      "info" : "Block[13340-13368]:Block[13963-13991]"
    }, {
      "left" : "return get(HADOOP_NAME);",
      "right" : "return get(HADOOP_NAME);",
      "info" : "ReturnStatement[13342-13366]:ReturnStatement[13965-13989]"
    }, {
      "left" : "public",
      "right" : "public",
      "info" : "Modifier[13371-13377]:Modifier[13994-14000]"
    }, {
      "left" : "String",
      "right" : "String",
      "info" : "SimpleType[13378-13384]:SimpleType[14001-14007]"
    }, {
      "left" : "clusterHcat",
      "right" : "clusterHcat",
      "info" : "SimpleName[13385-13396]:SimpleName[14008-14019]"
    }, {
      "left" : "{}",
      "right" : "{}",
      "info" : "Block[13404-13430]:Block[14027-14053]"
    }, {
      "left" : "return get(HCAT_NAME);",
      "right" : "return get(HCAT_NAME);",
      "info" : "ReturnStatement[13406-13428]:ReturnStatement[14029-14051]"
    }, {
      "left" : "public",
      "right" : "public",
      "info" : "Modifier[13433-13439]:Modifier[14056-14062]"
    }, {
      "left" : "String",
      "right" : "String",
      "info" : "SimpleType[13440-13446]:SimpleType[14063-14069]"
    }, {
      "left" : "clusterPython",
      "right" : "clusterPython",
      "info" : "SimpleName[13447-13460]:SimpleName[14070-14083]"
    }, {
      "left" : "{}",
      "right" : "{}",
      "info" : "Block[13466-13494]:Block[14089-14117]"
    }, {
      "left" : "return get(PYTHON_NAME);",
      "right" : "return get(PYTHON_NAME);",
      "info" : "ReturnStatement[13468-13492]:ReturnStatement[14091-14115]"
    }, {
      "left" : "public",
      "right" : "public",
      "info" : "Modifier[13497-13503]:Modifier[14120-14126]"
    }, {
      "left" : "String",
      "right" : "String",
      "info" : "SimpleType[13504-13510]:SimpleType[14127-14133]"
    }, {
      "left" : "pigPath",
      "right" : "pigPath",
      "info" : "SimpleName[13511-13518]:SimpleName[14134-14141]"
    }, {
      "left" : "{}",
      "right" : "{}",
      "info" : "Block[13530-13560]:Block[14153-14183]"
    }, {
      "left" : "return get(PIG_PATH_NAME);",
      "right" : "return get(PIG_PATH_NAME);",
      "info" : "ReturnStatement[13532-13558]:ReturnStatement[14155-14181]"
    }, {
      "left" : "public",
      "right" : "public",
      "info" : "Modifier[13563-13569]:Modifier[14186-14192]"
    }, {
      "left" : "String",
      "right" : "String",
      "info" : "SimpleType[13570-13576]:SimpleType[14193-14199]"
    }, {
      "left" : "pigArchive",
      "right" : "pigArchive",
      "info" : "SimpleName[13577-13587]:SimpleName[14200-14210]"
    }, {
      "left" : "{}",
      "right" : "{}",
      "info" : "Block[13596-13629]:Block[14219-14252]"
    }, {
      "left" : "return get(PIG_ARCHIVE_NAME);",
      "right" : "return get(PIG_ARCHIVE_NAME);",
      "info" : "ReturnStatement[13598-13627]:ReturnStatement[14221-14250]"
    }, {
      "left" : "public",
      "right" : "public",
      "info" : "Modifier[13632-13638]:Modifier[14255-14261]"
    }, {
      "left" : "String",
      "right" : "String",
      "info" : "SimpleType[13639-13645]:SimpleType[14262-14268]"
    }, {
      "left" : "hivePath",
      "right" : "hivePath",
      "info" : "SimpleName[13646-13654]:SimpleName[14269-14277]"
    }, {
      "left" : "{}",
      "right" : "{}",
      "info" : "Block[13665-13696]:Block[14288-14319]"
    }, {
      "left" : "return get(HIVE_PATH_NAME);",
      "right" : "return get(HIVE_PATH_NAME);",
      "info" : "ReturnStatement[13667-13694]:ReturnStatement[14290-14317]"
    }, {
      "left" : "public",
      "right" : "public",
      "info" : "Modifier[13699-13705]:Modifier[14322-14328]"
    }, {
      "left" : "String",
      "right" : "String",
      "info" : "SimpleType[13706-13712]:SimpleType[14329-14335]"
    }, {
      "left" : "hiveArchive",
      "right" : "hiveArchive",
      "info" : "SimpleName[13713-13724]:SimpleName[14336-14347]"
    }, {
      "left" : "{}",
      "right" : "{}",
      "info" : "Block[13732-13766]:Block[14355-14389]"
    }, {
      "left" : "return get(HIVE_ARCHIVE_NAME);",
      "right" : "return get(HIVE_ARCHIVE_NAME);",
      "info" : "ReturnStatement[13734-13764]:ReturnStatement[14357-14387]"
    }, {
      "left" : "public",
      "right" : "public",
      "info" : "Modifier[13769-13775]:Modifier[14392-14398]"
    }, {
      "left" : "String",
      "right" : "String",
      "info" : "SimpleType[13776-13782]:SimpleType[14399-14405]"
    }, {
      "left" : "sqoopPath",
      "right" : "sqoopPath",
      "info" : "SimpleName[13783-13792]:SimpleName[14406-14415]"
    }, {
      "left" : "{}",
      "right" : "{}",
      "info" : "Block[13802-13834]:Block[14425-14457]"
    }, {
      "left" : "return get(SQOOP_PATH_NAME);",
      "right" : "return get(SQOOP_PATH_NAME);",
      "info" : "ReturnStatement[13804-13832]:ReturnStatement[14427-14455]"
    }, {
      "left" : "public",
      "right" : "public",
      "info" : "Modifier[13837-13843]:Modifier[14460-14466]"
    }, {
      "left" : "String",
      "right" : "String",
      "info" : "SimpleType[13844-13850]:SimpleType[14467-14473]"
    }, {
      "left" : "sqoopArchive",
      "right" : "sqoopArchive",
      "info" : "SimpleName[13851-13863]:SimpleName[14474-14486]"
    }, {
      "left" : "{}",
      "right" : "{}",
      "info" : "Block[13870-13905]:Block[14493-14528]"
    }, {
      "left" : "return get(SQOOP_ARCHIVE_NAME);",
      "right" : "return get(SQOOP_ARCHIVE_NAME);",
      "info" : "ReturnStatement[13872-13903]:ReturnStatement[14495-14526]"
    }, {
      "left" : "public",
      "right" : "public",
      "info" : "Modifier[13908-13914]:Modifier[14531-14537]"
    }, {
      "left" : "String",
      "right" : "String",
      "info" : "SimpleType[13915-13921]:SimpleType[14538-14544]"
    }, {
      "left" : "sqoopHome",
      "right" : "sqoopHome",
      "info" : "SimpleName[13922-13931]:SimpleName[14545-14554]"
    }, {
      "left" : "{}",
      "right" : "{}",
      "info" : "Block[13941-13973]:Block[14564-14596]"
    }, {
      "left" : "return get(SQOOP_HOME_PATH);",
      "right" : "return get(SQOOP_HOME_PATH);",
      "info" : "ReturnStatement[13943-13971]:ReturnStatement[14566-14594]"
    }, {
      "left" : "public",
      "right" : "public",
      "info" : "Modifier[13976-13982]:Modifier[14599-14605]"
    }, {
      "left" : "String",
      "right" : "String",
      "info" : "SimpleType[13983-13989]:SimpleType[14606-14612]"
    }, {
      "left" : "streamingJar",
      "right" : "streamingJar",
      "info" : "SimpleName[13990-14002]:SimpleName[14613-14625]"
    }, {
      "left" : "{}",
      "right" : "{}",
      "info" : "Block[14009-14044]:Block[14632-14667]"
    }, {
      "left" : "return get(STREAMING_JAR_NAME);",
      "right" : "return get(STREAMING_JAR_NAME);",
      "info" : "ReturnStatement[14011-14042]:ReturnStatement[14634-14665]"
    }, {
      "left" : "public",
      "right" : "public",
      "info" : "Modifier[14047-14053]:Modifier[14670-14676]"
    }, {
      "left" : "String",
      "right" : "String",
      "info" : "SimpleType[14054-14060]:SimpleType[14677-14683]"
    }, {
      "left" : "kerberosSecret",
      "right" : "kerberosSecret",
      "info" : "SimpleName[14061-14075]:SimpleName[14684-14698]"
    }, {
      "left" : "{}",
      "right" : "{}",
      "info" : "Block[14080-14112]:Block[14703-14735]"
    }, {
      "left" : "return get(KERBEROS_SECRET);",
      "right" : "return get(KERBEROS_SECRET);",
      "info" : "ReturnStatement[14082-14110]:ReturnStatement[14705-14733]"
    }, {
      "left" : "public",
      "right" : "public",
      "info" : "Modifier[14115-14121]:Modifier[14738-14744]"
    }, {
      "left" : "String",
      "right" : "String",
      "info" : "SimpleType[14122-14128]:SimpleType[14745-14751]"
    }, {
      "left" : "kerberosPrincipal",
      "right" : "kerberosPrincipal",
      "info" : "SimpleName[14129-14146]:SimpleName[14752-14769]"
    }, {
      "left" : "{}",
      "right" : "{}",
      "info" : "Block[14148-14183]:Block[14771-14806]"
    }, {
      "left" : "return get(KERBEROS_PRINCIPAL);",
      "right" : "return get(KERBEROS_PRINCIPAL);",
      "info" : "ReturnStatement[14150-14181]:ReturnStatement[14773-14804]"
    }, {
      "left" : "public",
      "right" : "public",
      "info" : "Modifier[14186-14192]:Modifier[14809-14815]"
    }, {
      "left" : "String",
      "right" : "String",
      "info" : "SimpleType[14193-14199]:SimpleType[14816-14822]"
    }, {
      "left" : "kerberosKeytab",
      "right" : "kerberosKeytab",
      "info" : "SimpleName[14200-14214]:SimpleName[14823-14837]"
    }, {
      "left" : "{}",
      "right" : "{}",
      "info" : "Block[14219-14251]:Block[14842-14874]"
    }, {
      "left" : "return get(KERBEROS_KEYTAB);",
      "right" : "return get(KERBEROS_KEYTAB);",
      "info" : "ReturnStatement[14221-14249]:ReturnStatement[14844-14872]"
    }, {
      "left" : "public",
      "right" : "public",
      "info" : "Modifier[14254-14260]:Modifier[14877-14883]"
    }, {
      "left" : "String",
      "right" : "String",
      "info" : "SimpleType[14261-14267]:SimpleType[14884-14890]"
    }, {
      "left" : "controllerMRChildOpts",
      "right" : "controllerMRChildOpts",
      "info" : "SimpleName[14268-14289]:SimpleName[14891-14912]"
    }, {
      "left" : "{}",
      "right" : "{}",
      "info" : "Block[14292-14351]:Block[14915-14974]"
    }, {
      "left" : "return get(TEMPLETON_CONTROLLER_MR_CHILD_OPTS);",
      "right" : "return get(TEMPLETON_CONTROLLER_MR_CHILD_OPTS);",
      "info" : "ReturnStatement[14299-14346]:ReturnStatement[14922-14969]"
    }, {
      "left" : "public",
      "right" : "public",
      "info" : "Modifier[14354-14360]:Modifier[14977-14983]"
    }, {
      "left" : "String",
      "right" : "String",
      "info" : "SimpleType[14361-14367]:SimpleType[14984-14990]"
    }, {
      "left" : "controllerAMChildOpts",
      "right" : "controllerAMChildOpts",
      "info" : "SimpleName[14368-14389]:SimpleName[14991-15012]"
    }, {
      "left" : "{}",
      "right" : "{}",
      "info" : "Block[14392-14451]:Block[15015-15074]"
    }, {
      "left" : "return get(TEMPLETON_CONTROLLER_MR_AM_JAVA_OPTS);",
      "right" : "return get(TEMPLETON_CONTROLLER_MR_AM_JAVA_OPTS);",
      "info" : "ReturnStatement[14398-14447]:ReturnStatement[15021-15070]"
    }, {
      "left" : "public",
      "right" : "public",
      "info" : "Modifier[14454-14460]:Modifier[15077-15083]"
    }, {
      "left" : "String",
      "right" : "String",
      "info" : "SimpleType[14461-14467]:SimpleType[15084-15090]"
    }, {
      "left" : "mapperMemoryMb",
      "right" : "mapperMemoryMb",
      "info" : "SimpleName[14468-14482]:SimpleName[15091-15105]"
    }, {
      "left" : "{}",
      "right" : "{}",
      "info" : "Block[14487-14520]:Block[15110-15143]"
    }, {
      "left" : "return get(MAPPER_MEMORY_MB);",
      "right" : "return get(MAPPER_MEMORY_MB);",
      "info" : "ReturnStatement[14489-14518]:ReturnStatement[15112-15141]"
    }, {
      "left" : "public",
      "right" : "public",
      "info" : "Modifier[14523-14529]:Modifier[15146-15152]"
    }, {
      "left" : "String",
      "right" : "String",
      "info" : "SimpleType[14530-14536]:SimpleType[15153-15159]"
    }, {
      "left" : "amMemoryMb",
      "right" : "amMemoryMb",
      "info" : "SimpleName[14537-14547]:SimpleName[15160-15170]"
    }, {
      "left" : "{}",
      "right" : "{}",
      "info" : "Block[14550-14588]:Block[15173-15211]"
    }, {
      "left" : "return get(MR_AM_MEMORY_MB);",
      "right" : "return get(MR_AM_MEMORY_MB);",
      "info" : "ReturnStatement[14556-14584]:ReturnStatement[15179-15207]"
    }, {
      "left" : "public",
      "right" : "public",
      "info" : "Modifier[14632-14638]:Modifier[15255-15261]"
    }, {
      "left" : "Collection<String>",
      "right" : "Collection<String>",
      "info" : "ParameterizedType[14639-14657]:ParameterizedType[15262-15280]"
    }, {
      "left" : "hiveProps",
      "right" : "hiveProps",
      "info" : "SimpleName[14658-14667]:SimpleName[15281-15290]"
    }, {
      "left" : "{}",
      "right" : "{}",
      "info" : "Block[14670-15120]:Block[15293-15743]"
    }, {
      "left" : "String[] props= StringUtils.split(get(HIVE_PROPS_NAME));",
      "right" : "String[] props= StringUtils.split(get(HIVE_PROPS_NAME));",
      "info" : "VariableDeclarationStatement[14676-14732]:VariableDeclarationStatement[15299-15355]"
    }, {
      "left" : "if (props == null)",
      "right" : "if (props == null)",
      "info" : "IfStatement[14890-15116]:IfStatement[15513-15739]"
    }, {
      "left" : "{}",
      "right" : "{}",
      "info" : "Block[14909-14954]:Block[15532-15577]"
    }, {
      "left" : "return Collections.emptyList();",
      "right" : "return Collections.emptyList();",
      "info" : "ReturnStatement[14917-14948]:ReturnStatement[15540-15571]"
    }, {
      "left" : "{}",
      "right" : "{}",
      "info" : "Block[14960-15116]:Block[15583-15739]"
    }, {
      "left" : "for(int i = 0; i < props.length; i++)",
      "right" : "for(int i = 0; i < props.length; i++)",
      "info" : "ForStatement[14968-15075]:ForStatement[15591-15698]"
    }, {
      "left" : "{}",
      "right" : "{}",
      "info" : "Block[15006-15075]:Block[15629-15698]"
    }, {
      "left" : "props[i] = TempletonUtils.unEscapeString(props[i]);",
      "right" : "props[i] = TempletonUtils.unEscapeString(props[i]);",
      "info" : "ExpressionStatement[15016-15067]:ExpressionStatement[15639-15690]"
    }, {
      "left" : "return Arrays.asList(props);",
      "right" : "return Arrays.asList(props);",
      "info" : "ReturnStatement[15082-15110]:ReturnStatement[15705-15733]"
    }, {
      "left" : "public",
      "right" : "public",
      "info" : "Modifier[15124-15130]:Modifier[15747-15753]"
    }, {
      "left" : "String[]",
      "right" : "String[]",
      "info" : "ArrayType[15131-15139]:ArrayType[15754-15762]"
    }, {
      "left" : "overrideJars",
      "right" : "overrideJars",
      "info" : "SimpleName[15140-15152]:SimpleName[15763-15775]"
    }, {
      "left" : "{}",
      "right" : "{}",
      "info" : "Block[15155-15282]:Block[15778-15905]"
    }, {
      "left" : "if (getBoolean(OVERRIDE_JARS_ENABLED, true))",
      "right" : "if (getBoolean(OVERRIDE_JARS_ENABLED, true))",
      "info" : "IfStatement[15161-15278]:IfStatement[15784-15901]"
    }, {
      "left" : "return getStrings(OVERRIDE_JARS_NAME);",
      "right" : "return getStrings(OVERRIDE_JARS_NAME);",
      "info" : "ReturnStatement[15212-15250]:ReturnStatement[15835-15873]"
    }, {
      "left" : "return null;",
      "right" : "return null;",
      "info" : "ReturnStatement[15266-15278]:ReturnStatement[15889-15901]"
    }, {
      "left" : "public",
      "right" : "public",
      "info" : "Modifier[15285-15291]:Modifier[15908-15914]"
    }, {
      "left" : "String",
      "right" : "String",
      "info" : "SimpleType[15292-15298]:SimpleType[15915-15921]"
    }, {
      "left" : "overrideJarsString",
      "right" : "overrideJarsString",
      "info" : "SimpleName[15299-15317]:SimpleName[15922-15940]"
    }, {
      "left" : "{}",
      "right" : "{}",
      "info" : "Block[15320-15440]:Block[15943-16063]"
    }, {
      "left" : "if (getBoolean(OVERRIDE_JARS_ENABLED, true))",
      "right" : "if (getBoolean(OVERRIDE_JARS_ENABLED, true))",
      "info" : "IfStatement[15326-15436]:IfStatement[15949-16059]"
    }, {
      "left" : "return get(OVERRIDE_JARS_NAME);",
      "right" : "return get(OVERRIDE_JARS_NAME);",
      "info" : "ReturnStatement[15377-15408]:ReturnStatement[16000-16031]"
    }, {
      "left" : "return null;",
      "right" : "return null;",
      "info" : "ReturnStatement[15424-15436]:ReturnStatement[16047-16059]"
    }, {
      "left" : "public",
      "right" : "public",
      "info" : "Modifier[15444-15450]:Modifier[16067-16073]"
    }, {
      "left" : "long",
      "right" : "long",
      "info" : "PrimitiveType[15451-15455]:PrimitiveType[16074-16078]"
    }, {
      "left" : "zkCleanupInterval",
      "right" : "zkCleanupInterval",
      "info" : "SimpleName[15456-15473]:SimpleName[16079-16096]"
    }, {
      "left" : "{}",
      "right" : "{}",
      "info" : "Block[15477-15573]:Block[16100-16196]"
    }, {
      "left" : "return getLong(ZooKeeperCleanup.ZK_CLEANUP_INTERVAL,\n      (1000L * 60L * 60L * 12L));",
      "right" : "return getLong(ZooKeeperCleanup.ZK_CLEANUP_INTERVAL,\n      (1000L * 60L * 60L * 12L));",
      "info" : "ReturnStatement[15483-15569]:ReturnStatement[16106-16192]"
    }, {
      "left" : "public",
      "right" : "public",
      "info" : "Modifier[15577-15583]:Modifier[16200-16206]"
    }, {
      "left" : "long",
      "right" : "long",
      "info" : "PrimitiveType[15584-15588]:PrimitiveType[16207-16211]"
    }, {
      "left" : "zkMaxAge",
      "right" : "zkMaxAge",
      "info" : "SimpleName[15589-15597]:SimpleName[16212-16220]"
    }, {
      "left" : "{}",
      "right" : "{}",
      "info" : "Block[15600-15700]:Block[16223-16323]"
    }, {
      "left" : "return getLong(ZooKeeperCleanup.ZK_CLEANUP_MAX_AGE,\n      (1000L * 60L * 60L * 24L * 7L));",
      "right" : "return getLong(ZooKeeperCleanup.ZK_CLEANUP_MAX_AGE,\n      (1000L * 60L * 60L * 24L * 7L));",
      "info" : "ReturnStatement[15606-15696]:ReturnStatement[16229-16319]"
    }, {
      "left" : "public",
      "right" : "public",
      "info" : "Modifier[15704-15710]:Modifier[16327-16333]"
    }, {
      "left" : "String",
      "right" : "String",
      "info" : "SimpleType[15711-15717]:SimpleType[16334-16340]"
    }, {
      "left" : "zkHosts",
      "right" : "zkHosts",
      "info" : "SimpleName[15718-15725]:SimpleName[16341-16348]"
    }, {
      "left" : "{}",
      "right" : "{}",
      "info" : "Block[15737-15779]:Block[16360-16402]"
    }, {
      "left" : "return get(ZooKeeperStorage.ZK_HOSTS);",
      "right" : "return get(ZooKeeperStorage.ZK_HOSTS);",
      "info" : "ReturnStatement[15739-15777]:ReturnStatement[16362-16400]"
    }, {
      "left" : "public",
      "right" : "public",
      "info" : "Modifier[15782-15788]:Modifier[16405-16411]"
    }, {
      "left" : "int",
      "right" : "int",
      "info" : "PrimitiveType[15789-15792]:PrimitiveType[16412-16415]"
    }, {
      "left" : "zkSessionTimeout",
      "right" : "zkSessionTimeout",
      "info" : "SimpleName[15793-15809]:SimpleName[16416-16432]"
    }, {
      "left" : "{}",
      "right" : "{}",
      "info" : "Block[15815-15877]:Block[16438-16500]"
    }, {
      "left" : "return getInt(ZooKeeperStorage.ZK_SESSION_TIMEOUT, 30000);",
      "right" : "return getInt(ZooKeeperStorage.ZK_SESSION_TIMEOUT, 30000);",
      "info" : "ReturnStatement[15817-15875]:ReturnStatement[16440-16498]"
    } ]
  },
  "interFileMappings" : { }
}