{
  "intraFileMappings" : {
    "matchedElements" : [
 {
      "left" : "CoreOperationLessThan",
      "right" : "CoreOperationLessThan",
      "info" : "TypeDeclaration[948-1602]:TypeDeclaration[850-1328]"
    }, {
      "left" : "public CoreOperationLessThan(Expression arg1, Expression arg2)",
      "right" : "public CoreOperationLessThan(Expression arg1, Expression arg2)",
      "info" : "MethodDeclaration[1159-1277]:MethodDeclaration[1061-1179]"
    }, {
      "left" : "public String getSymbol()",
      "right" : "public String getSymbol()",
      "info" : "MethodDeclaration[1547-1600]:MethodDeclaration[1273-1326]"
    } ],
    "mappings" : [
 {
      "left" : "public",
      "right" : "public",
      "info" : "Modifier[1075-1081]:Modifier[977-983]"
    }, {
      "left" : "class",
      "right" : "class",
      "info" : "TYPE_DECLARATION_KIND[1082-1087]:TYPE_DECLARATION_KIND[984-989]"
    }, {
      "left" : "CoreOperationLessThan",
      "right" : "CoreOperationLessThan",
      "info" : "SimpleName[1088-1109]:SimpleName[990-1011]"
    }, {
      "left" : "CoreOperationRelationalExpression",
      "right" : "CoreOperationRelationalExpression",
      "info" : "SimpleType[1118-1151]:SimpleType[1020-1053]"
    }, {
      "left" : "public",
      "right" : "public",
      "info" : "Modifier[1159-1165]:Modifier[1061-1067]"
    }, {
      "left" : "CoreOperationLessThan",
      "right" : "CoreOperationLessThan",
      "info" : "SimpleName[1166-1187]:SimpleName[1068-1089]"
    }, {
      "left" : "Expression arg1",
      "right" : "Expression arg1",
      "info" : "SingleVariableDeclaration[1188-1203]:SingleVariableDeclaration[1090-1105]"
    }, {
      "left" : "Expression arg2",
      "right" : "Expression arg2",
      "info" : "SingleVariableDeclaration[1205-1220]:SingleVariableDeclaration[1107-1122]"
    }, {
      "left" : "{}",
      "right" : "{}",
      "info" : "Block[1222-1277]:Block[1124-1179]"
    }, {
      "left" : "super(new Expression[] { arg1, arg2 });",
      "right" : "super(new Expression[] { arg1, arg2 });",
      "info" : "SuperConstructorInvocation[1232-1271]:SuperConstructorInvocation[1134-1173]"
    }, {
      "left" : "public",
      "right" : "public",
      "info" : "Modifier[1547-1553]:Modifier[1273-1279]"
    }, {
      "left" : "String",
      "right" : "String",
      "info" : "SimpleType[1554-1560]:SimpleType[1280-1286]"
    }, {
      "left" : "getSymbol",
      "right" : "getSymbol",
      "info" : "SimpleName[1561-1570]:SimpleName[1287-1296]"
    }, {
      "left" : "{}",
      "right" : "{}",
      "info" : "Block[1573-1600]:Block[1299-1326]"
    }, {
      "left" : "return \"<\";",
      "right" : "return \"<\";",
      "info" : "ReturnStatement[1583-1594]:ReturnStatement[1309-1320]"
    } ]
  },
  "interFileMappings" : { }
}