{
  "intraFileMappings" : {
    "matchedElements" : [
 {
      "left" : "AbstractMessageHandler",
      "right" : "AbstractMessageHandler",
      "info" : "TypeDeclaration[1448-5195]:TypeDeclaration[1448-5292]"
    }, {
      "left" : "protected final Logger log = LoggerFactory.getLogger(getClass());",
      "right" : "protected final Logger log = LoggerFactory.getLogger(getClass());",
      "info" : "FieldDeclaration[1563-1628]:FieldDeclaration[1563-1628]"
    }, {
      "left" : "private final ExecutorService executor;",
      "right" : "private final ExecutorService executor;",
      "info" : "FieldDeclaration[1634-1673]:FieldDeclaration[1634-1673]"
    }, {
      "left" : "private SjmsEndpoint endpoint;",
      "right" : "private SjmsEndpoint endpoint;",
      "info" : "FieldDeclaration[1679-1709]:FieldDeclaration[1679-1709]"
    }, {
      "left" : "private AsyncProcessor processor;",
      "right" : "private AsyncProcessor processor;",
      "info" : "FieldDeclaration[1714-1747]:FieldDeclaration[1714-1747]"
    }, {
      "left" : "private Session session;",
      "right" : "private Session session;",
      "info" : "FieldDeclaration[1752-1776]:FieldDeclaration[1752-1776]"
    }, {
      "left" : "private boolean transacted;",
      "right" : "private boolean transacted;",
      "info" : "FieldDeclaration[1781-1808]:FieldDeclaration[1781-1808]"
    }, {
      "left" : "private boolean synchronous = true;",
      "right" : "private boolean synchronous = true;",
      "info" : "FieldDeclaration[1813-1848]:FieldDeclaration[1813-1848]"
    }, {
      "left" : "private Synchronization synchronization;",
      "right" : "private Synchronization synchronization;",
      "info" : "FieldDeclaration[1853-1893]:FieldDeclaration[1853-1893]"
    }, {
      "left" : "private boolean topic;",
      "right" : "private boolean topic;",
      "info" : "FieldDeclaration[1898-1920]:FieldDeclaration[1898-1920]"
    }, {
      "left" : "public AbstractMessageHandler(SjmsEndpoint endpoint, ExecutorService executor)",
      "right" : "public AbstractMessageHandler(SjmsEndpoint endpoint, ExecutorService executor)",
      "info" : "MethodDeclaration[1926-2080]:MethodDeclaration[1926-2080]"
    }, {
      "left" : "public AbstractMessageHandler(SjmsEndpoint endpoint, ExecutorService executor, Synchronization synchronization)",
      "right" : "public AbstractMessageHandler(SjmsEndpoint endpoint, ExecutorService executor, Synchronization synchronization)",
      "info" : "MethodDeclaration[2086-2321]:MethodDeclaration[2086-2321]"
    }, {
      "left" : "public void onMessage(Message message)",
      "right" : "public void onMessage(Message message)",
      "info" : "MethodDeclaration[2438-4142]:MethodDeclaration[2438-4239]"
    }, {
      "left" : "public void run()",
      "right" : "public void run()",
      "info" : "MethodDeclaration[3301-3611]:MethodDeclaration[3398-3708]"
    }, {
      "left" : "public abstract void handleMessage(final Exchange exchange);",
      "right" : "public abstract void handleMessage(final Exchange exchange);",
      "info" : "MethodDeclaration[4148-4247]:MethodDeclaration[4245-4344]"
    }, {
      "left" : "public abstract void close();",
      "right" : "public abstract void close();",
      "info" : "MethodDeclaration[4253-4330]:MethodDeclaration[4350-4427]"
    }, {
      "left" : "public void setTransacted(boolean transacted)",
      "right" : "public void setTransacted(boolean transacted)",
      "info" : "MethodDeclaration[4336-4427]:MethodDeclaration[4433-4524]"
    }, {
      "left" : "public boolean isTransacted()",
      "right" : "public boolean isTransacted()",
      "info" : "MethodDeclaration[4433-4497]:MethodDeclaration[4530-4594]"
    }, {
      "left" : "public SjmsEndpoint getEndpoint()",
      "right" : "public SjmsEndpoint getEndpoint()",
      "info" : "MethodDeclaration[4503-4569]:MethodDeclaration[4600-4666]"
    }, {
      "left" : "public AsyncProcessor getProcessor()",
      "right" : "public AsyncProcessor getProcessor()",
      "info" : "MethodDeclaration[4575-4645]:MethodDeclaration[4672-4742]"
    }, {
      "left" : "public void setProcessor(AsyncProcessor processor)",
      "right" : "public void setProcessor(AsyncProcessor processor)",
      "info" : "MethodDeclaration[4651-4745]:MethodDeclaration[4748-4842]"
    }, {
      "left" : "public void setSession(Session session)",
      "right" : "public void setSession(Session session)",
      "info" : "MethodDeclaration[4751-4830]:MethodDeclaration[4848-4927]"
    }, {
      "left" : "public Session getSession()",
      "right" : "public Session getSession()",
      "info" : "MethodDeclaration[4836-4895]:MethodDeclaration[4933-4992]"
    }, {
      "left" : "public void setSynchronous(boolean async)",
      "right" : "public void setSynchronous(boolean async)",
      "info" : "MethodDeclaration[4901-4984]:MethodDeclaration[4998-5081]"
    }, {
      "left" : "public boolean isSynchronous()",
      "right" : "public boolean isSynchronous()",
      "info" : "MethodDeclaration[4990-5056]:MethodDeclaration[5087-5153]"
    }, {
      "left" : "public void setTopic(boolean topic)",
      "right" : "public void setTopic(boolean topic)",
      "info" : "MethodDeclaration[5062-5133]:MethodDeclaration[5159-5230]"
    }, {
      "left" : "public boolean isTopic()",
      "right" : "public boolean isTopic()",
      "info" : "MethodDeclaration[5139-5193]:MethodDeclaration[5236-5290]"
    } ],
    "mappings" : [
 {
      "left" : "{}",
      "right" : "{}",
      "info" : "Block[2005-2080]:Block[2005-2080]"
    }, {
      "left" : "this.endpoint = endpoint;",
      "right" : "this.endpoint = endpoint;",
      "info" : "ExpressionStatement[2015-2040]:ExpressionStatement[2015-2040]"
    }, {
      "left" : "this.executor = executor;",
      "right" : "this.executor = executor;",
      "info" : "ExpressionStatement[2049-2074]:ExpressionStatement[2049-2074]"
    }, {
      "left" : "{}",
      "right" : "{}",
      "info" : "Block[2198-2321]:Block[2198-2321]"
    }, {
      "left" : "this.synchronization = synchronization;",
      "right" : "this.synchronization = synchronization;",
      "info" : "ExpressionStatement[2208-2247]:ExpressionStatement[2208-2247]"
    }, {
      "left" : "this.endpoint = endpoint;",
      "right" : "this.endpoint = endpoint;",
      "info" : "ExpressionStatement[2256-2281]:ExpressionStatement[2256-2281]"
    }, {
      "left" : "this.executor = executor;",
      "right" : "this.executor = executor;",
      "info" : "ExpressionStatement[2290-2315]:ExpressionStatement[2290-2315]"
    }, {
      "left" : "{}",
      "right" : "{}",
      "info" : "Block[2491-4142]:Block[2491-4239]"
    }, {
      "left" : "RuntimeCamelException rce = null;",
      "right" : "RuntimeCamelException rce = null;",
      "info" : "VariableDeclarationStatement[2501-2534]:VariableDeclarationStatement[2501-2534]"
    }, {
      "left" : "try{...}",
      "right" : "try{...}",
      "info" : "TryStatement[2543-4136]:TryStatement[2543-4233]"
    }, {
      "left" : "{}",
      "right" : "{}",
      "info" : "Block[2547-3964]:Block[2547-4061]"
    }, {
      "left" : "final DefaultExchange exchange = (DefaultExchange) JmsMessageHelper.createExchange(message, getEndpoint());",
      "right" : "final DefaultExchange exchange = (DefaultExchange) JmsMessageHelper.createExchange(message, endpoint, endpoint.getJmsKeyFormatStrategy());",
      "info" : "VariableDeclarationStatement[2561-2668]:VariableDeclarationStatement[2627-2765]"
    }, {
      "left" : "log.debug(\"Processing Exchange.id:{}\", exchange.getExchangeId());",
      "right" : "log.debug(\"Processing Exchange.id:{}\", exchange.getExchangeId());",
      "info" : "ExpressionStatement[2682-2747]:ExpressionStatement[2779-2844]"
    }, {
      "left" : "if (isTransacted() && synchronization != null)",
      "right" : "if (isTransacted() && synchronization != null)",
      "info" : "IfStatement[2761-2882]:IfStatement[2858-2979]"
    }, {
      "left" : "{}",
      "right" : "{}",
      "info" : "Block[2808-2882]:Block[2905-2979]"
    }, {
      "left" : "exchange.addOnCompletion(synchronization);",
      "right" : "exchange.addOnCompletion(synchronization);",
      "info" : "ExpressionStatement[2826-2868]:ExpressionStatement[2923-2965]"
    }, {
      "left" : "try{...}",
      "right" : "try{...}",
      "info" : "TryStatement[2895-3954]:TryStatement[2992-4051]"
    }, {
      "left" : "{}",
      "right" : "{}",
      "info" : "Block[2899-3667]:Block[2996-3764]"
    }, {
      "left" : "if (isTransacted() || isSynchronous())",
      "right" : "if (isTransacted() || isSynchronous())",
      "info" : "IfStatement[2917-3653]:IfStatement[3014-3750]"
    }, {
      "left" : "{}",
      "right" : "{}",
      "info" : "Block[2956-3117]:Block[3053-3214]"
    }, {
      "left" : "log.debug(\"  Handling synchronous message: {}\", exchange.getIn().getBody());",
      "right" : "log.debug(\"  Handling synchronous message: {}\", exchange.getIn().getBody());",
      "info" : "ExpressionStatement[2978-3054]:ExpressionStatement[3075-3151]"
    }, {
      "left" : "handleMessage(exchange);",
      "right" : "handleMessage(exchange);",
      "info" : "ExpressionStatement[3075-3099]:ExpressionStatement[3172-3196]"
    }, {
      "left" : "{}",
      "right" : "{}",
      "info" : "Block[3123-3653]:Block[3220-3750]"
    }, {
      "left" : "log.debug(\"  Handling asynchronous message: {}\", exchange.getIn().getBody());",
      "right" : "log.debug(\"  Handling asynchronous message: {}\", exchange.getIn().getBody());",
      "info" : "ExpressionStatement[3145-3222]:ExpressionStatement[3242-3319]"
    }, {
      "left" : "executor.execute(new Runnable() {\n                        @Override\n                        public void run() {\n                            try {\n                                handleMessage(exchange);\n                            } catch (Exception e) {\n                                exchange.setException(e);\n                            }\n                        }\n                    });",
      "right" : "executor.execute(new Runnable() {\n                        @Override\n                        public void run() {\n                            try {\n                                handleMessage(exchange);\n                            } catch (Exception e) {\n                                exchange.setException(e);\n                            }\n                        }\n                    });",
      "info" : "ExpressionStatement[3243-3635]:ExpressionStatement[3340-3732]"
    }, {
      "left" : "{}",
      "right" : "{}",
      "info" : "Block[3353-3611]:Block[3450-3708]"
    }, {
      "left" : "try{...}",
      "right" : "try{...}",
      "info" : "TryStatement[3383-3585]:TryStatement[3480-3682]"
    }, {
      "left" : "{}",
      "right" : "{}",
      "info" : "Block[3387-3475]:Block[3484-3572]"
    }, {
      "left" : "handleMessage(exchange);",
      "right" : "handleMessage(exchange);",
      "info" : "ExpressionStatement[3421-3445]:ExpressionStatement[3518-3542]"
    }, {
      "left" : "{}",
      "right" : "{}",
      "info" : "Block[3496-3585]:Block[3593-3682]"
    }, {
      "left" : "exchange.setException(e);",
      "right" : "exchange.setException(e);",
      "info" : "ExpressionStatement[3530-3555]:ExpressionStatement[3627-3652]"
    }, {
      "left" : "{}",
      "right" : "{}",
      "info" : "Block[3688-3954]:Block[3785-4051]"
    }, {
      "left" : "if (exchange != null)",
      "right" : "if (exchange != null)",
      "info" : "IfStatement[3706-3940]:IfStatement[3803-4037]"
    }, {
      "left" : "{}",
      "right" : "{}",
      "info" : "Block[3728-3940]:Block[3825-4037]"
    }, {
      "left" : "if (exchange.getException() == null)",
      "right" : "if (exchange.getException() == null)",
      "info" : "IfStatement[3750-3922]:IfStatement[3847-4019]"
    }, {
      "left" : "{}",
      "right" : "{}",
      "info" : "Block[3787-3860]:Block[3884-3957]"
    }, {
      "left" : "exchange.setException(e);",
      "right" : "exchange.setException(e);",
      "info" : "ExpressionStatement[3813-3838]:ExpressionStatement[3910-3935]"
    }, {
      "left" : "{}",
      "right" : "{}",
      "info" : "Block[3866-3922]:Block[3963-4019]"
    }, {
      "left" : "throw e;",
      "right" : "throw e;",
      "info" : "ThrowStatement[3892-3900]:ThrowStatement[3989-3997]"
    }, {
      "left" : "{}",
      "right" : "{}",
      "info" : "Block[3985-4044]:Block[4082-4141]"
    }, {
      "left" : "rce = wrapRuntimeCamelException(e);",
      "right" : "rce = wrapRuntimeCamelException(e);",
      "info" : "ExpressionStatement[3999-4034]:ExpressionStatement[4096-4131]"
    }, {
      "left" : "{}",
      "right" : "{}",
      "info" : "Block[4053-4136]:Block[4150-4233]"
    }, {
      "left" : "if (rce != null)",
      "right" : "if (rce != null)",
      "info" : "IfStatement[4067-4126]:IfStatement[4164-4223]"
    }, {
      "left" : "{}",
      "right" : "{}",
      "info" : "Block[4084-4126]:Block[4181-4223]"
    }, {
      "left" : "throw rce;",
      "right" : "throw rce;",
      "info" : "ThrowStatement[4102-4112]:ThrowStatement[4199-4209]"
    }, {
      "left" : "{}",
      "right" : "{}",
      "info" : "Block[4382-4427]:Block[4479-4524]"
    }, {
      "left" : "this.transacted = transacted;",
      "right" : "this.transacted = transacted;",
      "info" : "ExpressionStatement[4392-4421]:ExpressionStatement[4489-4518]"
    }, {
      "left" : "{}",
      "right" : "{}",
      "info" : "Block[4463-4497]:Block[4560-4594]"
    }, {
      "left" : "return transacted;",
      "right" : "return transacted;",
      "info" : "ReturnStatement[4473-4491]:ReturnStatement[4570-4588]"
    }, {
      "left" : "{}",
      "right" : "{}",
      "info" : "Block[4537-4569]:Block[4634-4666]"
    }, {
      "left" : "return endpoint;",
      "right" : "return endpoint;",
      "info" : "ReturnStatement[4547-4563]:ReturnStatement[4644-4660]"
    }, {
      "left" : "{}",
      "right" : "{}",
      "info" : "Block[4612-4645]:Block[4709-4742]"
    }, {
      "left" : "return processor;",
      "right" : "return processor;",
      "info" : "ReturnStatement[4622-4639]:ReturnStatement[4719-4736]"
    }, {
      "left" : "{}",
      "right" : "{}",
      "info" : "Block[4702-4745]:Block[4799-4842]"
    }, {
      "left" : "this.processor = processor;",
      "right" : "this.processor = processor;",
      "info" : "ExpressionStatement[4712-4739]:ExpressionStatement[4809-4836]"
    }, {
      "left" : "{}",
      "right" : "{}",
      "info" : "Block[4791-4830]:Block[4888-4927]"
    }, {
      "left" : "this.session = session;",
      "right" : "this.session = session;",
      "info" : "ExpressionStatement[4801-4824]:ExpressionStatement[4898-4921]"
    }, {
      "left" : "{}",
      "right" : "{}",
      "info" : "Block[4864-4895]:Block[4961-4992]"
    }, {
      "left" : "return session;",
      "right" : "return session;",
      "info" : "ReturnStatement[4874-4889]:ReturnStatement[4971-4986]"
    }, {
      "left" : "{}",
      "right" : "{}",
      "info" : "Block[4943-4984]:Block[5040-5081]"
    }, {
      "left" : "this.synchronous = async;",
      "right" : "this.synchronous = async;",
      "info" : "ExpressionStatement[4953-4978]:ExpressionStatement[5050-5075]"
    }, {
      "left" : "{}",
      "right" : "{}",
      "info" : "Block[5021-5056]:Block[5118-5153]"
    }, {
      "left" : "return synchronous;",
      "right" : "return synchronous;",
      "info" : "ReturnStatement[5031-5050]:ReturnStatement[5128-5147]"
    }, {
      "left" : "{}",
      "right" : "{}",
      "info" : "Block[5098-5133]:Block[5195-5230]"
    }, {
      "left" : "this.topic = topic;",
      "right" : "this.topic = topic;",
      "info" : "ExpressionStatement[5108-5127]:ExpressionStatement[5205-5224]"
    }, {
      "left" : "{}",
      "right" : "{}",
      "info" : "Block[5164-5193]:Block[5261-5290]"
    }, {
      "left" : "return topic;",
      "right" : "return topic;",
      "info" : "ReturnStatement[5174-5187]:ReturnStatement[5271-5284]"
    } ]
  },
  "interFileMappings" : { }
}