{
  "intraFileMappings" : {
    "matchedElements" : [
 {
      "left" : "ShapeUtilities",
      "right" : "ShapeUtilities",
      "info" : "TypeDeclaration[3054-19850]:TypeDeclaration[3054-19850]"
    }, {
      "left" : "private ShapeUtilities()",
      "right" : "private ShapeUtilities()",
      "info" : "MethodDeclaration[3143-3222]:MethodDeclaration[3143-3222]"
    }, {
      "left" : "public static Shape clone(Shape shape)",
      "right" : "public static Shape clone(Shape shape)",
      "info" : "MethodDeclaration[3228-4163]:MethodDeclaration[3228-4163]"
    }, {
      "left" : "public static boolean equal(Shape s1, Shape s2)",
      "right" : "public static boolean equal(Shape s1, Shape s2)",
      "info" : "MethodDeclaration[4169-5506]:MethodDeclaration[4169-5506]"
    }, {
      "left" : "public static boolean equal(Line2D l1, Line2D l2)",
      "right" : "public static boolean equal(Line2D l1, Line2D l2)",
      "info" : "MethodDeclaration[5512-6178]:MethodDeclaration[5512-6178]"
    }, {
      "left" : "public static boolean equal(Ellipse2D e1, Ellipse2D e2)",
      "right" : "public static boolean equal(Ellipse2D e1, Ellipse2D e2)",
      "info" : "MethodDeclaration[6184-6789]:MethodDeclaration[6184-6789]"
    }, {
      "left" : "public static boolean equal(Arc2D a1, Arc2D a2)",
      "right" : "public static boolean equal(Arc2D a1, Arc2D a2)",
      "info" : "MethodDeclaration[6795-7652]:MethodDeclaration[6795-7652]"
    }, {
      "left" : "public static boolean equal(Polygon p1, Polygon p2)",
      "right" : "public static boolean equal(Polygon p1, Polygon p2)",
      "info" : "MethodDeclaration[7658-8416]:MethodDeclaration[7658-8416]"
    }, {
      "left" : "public static boolean equal(GeneralPath p1, GeneralPath p2)",
      "right" : "public static boolean equal(GeneralPath p1, GeneralPath p2)",
      "info" : "MethodDeclaration[8422-9804]:MethodDeclaration[8422-9804]"
    }, {
      "left" : "public static Shape createTranslatedShape(Shape shape,\n                                              double transX,\n                                              double transY)",
      "right" : "public static Shape createTranslatedShape(Shape shape,\n                                              double transX,\n                                              double transY)",
      "info" : "MethodDeclaration[9810-10568]:MethodDeclaration[9810-10568]"
    }, {
      "left" : "public static Shape createTranslatedShape(Shape shape,\n                                              RectangleAnchor anchor,\n                                              double locationX,\n                                              double locationY)",
      "right" : "public static Shape createTranslatedShape(Shape shape,\n                                              RectangleAnchor anchor,\n                                              double locationX,\n                                              double locationY)",
      "info" : "MethodDeclaration[10574-11902]:MethodDeclaration[10574-11902]"
    }, {
      "left" : "public static Shape rotateShape(Shape base, double angle,\n                                    float x, float y)",
      "right" : "public static Shape rotateShape(Shape base, double angle,\n                                    float x, float y)",
      "info" : "MethodDeclaration[11908-12679]:MethodDeclaration[11908-12679]"
    }, {
      "left" : "public static void drawRotatedShape(Graphics2D g2, Shape shape,\n                                        double angle, float x, float y)",
      "right" : "public static void drawRotatedShape(Graphics2D g2, Shape shape,\n                                        double angle, float x, float y)",
      "info" : "MethodDeclaration[12685-13447]:MethodDeclaration[12685-13447]"
    }, {
      "left" : "private static final float SQRT2 = (float) Math.pow(2.0, 0.5);",
      "right" : "private static final float SQRT2 = (float) Math.pow(2.0, 0.5);",
      "info" : "FieldDeclaration[13453-13561]:FieldDeclaration[13453-13561]"
    }, {
      "left" : "public static Shape createDiagonalCross(float l, float t)",
      "right" : "public static Shape createDiagonalCross(float l, float t)",
      "info" : "MethodDeclaration[13567-14320]:MethodDeclaration[13567-14320]"
    }, {
      "left" : "public static Shape createRegularCross(float l, float t)",
      "right" : "public static Shape createRegularCross(float l, float t)",
      "info" : "MethodDeclaration[14326-14972]:MethodDeclaration[14326-14972]"
    }, {
      "left" : "public static Shape createDiamond(float s)",
      "right" : "public static Shape createDiamond(float s)",
      "info" : "MethodDeclaration[14978-15399]:MethodDeclaration[14978-15399]"
    }, {
      "left" : "public static Shape createUpTriangle(float s)",
      "right" : "public static Shape createUpTriangle(float s)",
      "info" : "MethodDeclaration[15405-15818]:MethodDeclaration[15405-15818]"
    }, {
      "left" : "public static Shape createDownTriangle(float s)",
      "right" : "public static Shape createDownTriangle(float s)",
      "info" : "MethodDeclaration[15824-16242]:MethodDeclaration[15824-16242]"
    }, {
      "left" : "public static Shape createLineRegion(Line2D line, float width)",
      "right" : "public static Shape createLineRegion(Line2D line, float width)",
      "info" : "MethodDeclaration[16248-17677]:MethodDeclaration[16248-17677]"
    }, {
      "left" : "public static Point2D getPointInRectangle(double x, double y,\n                                              Rectangle2D area)",
      "right" : "public static Point2D getPointInRectangle(double x, double y,\n                                              Rectangle2D area)",
      "info" : "MethodDeclaration[17683-18434]:MethodDeclaration[17683-18434]"
    }, {
      "left" : "public static boolean contains(Rectangle2D rect1, Rectangle2D rect2)",
      "right" : "public static boolean contains(Rectangle2D rect1, Rectangle2D rect2)",
      "info" : "MethodDeclaration[18440-19155]:MethodDeclaration[18440-19155]"
    }, {
      "left" : "public static boolean intersects(Rectangle2D rect1, Rectangle2D rect2)",
      "right" : "public static boolean intersects(Rectangle2D rect1, Rectangle2D rect2)",
      "info" : "MethodDeclaration[19162-19848]:MethodDeclaration[19162-19848]"
    } ],
    "mappings" : [
 {
      "left" : "public",
      "right" : "public",
      "info" : "Modifier[3108-3114]:Modifier[3108-3114]"
    }, {
      "left" : "class",
      "right" : "class",
      "info" : "TYPE_DECLARATION_KIND[3115-3120]:TYPE_DECLARATION_KIND[3115-3120]"
    }, {
      "left" : "ShapeUtilities",
      "right" : "ShapeUtilities",
      "info" : "SimpleName[3121-3135]:SimpleName[3121-3135]"
    }, {
      "left" : "private",
      "right" : "private",
      "info" : "Modifier[3190-3197]:Modifier[3190-3197]"
    }, {
      "left" : "ShapeUtilities",
      "right" : "ShapeUtilities",
      "info" : "SimpleName[3198-3212]:SimpleName[3198-3212]"
    }, {
      "left" : "{}",
      "right" : "{}",
      "info" : "Block[3215-3222]:Block[3215-3222]"
    }, {
      "left" : "public",
      "right" : "public",
      "info" : "Modifier[3852-3858]:Modifier[3852-3858]"
    }, {
      "left" : "static",
      "right" : "static",
      "info" : "Modifier[3859-3865]:Modifier[3859-3865]"
    }, {
      "left" : "Shape",
      "right" : "Shape",
      "info" : "SimpleType[3866-3871]:SimpleType[3866-3871]"
    }, {
      "left" : "clone",
      "right" : "clone",
      "info" : "SimpleName[3872-3877]:SimpleName[3872-3877]"
    }, {
      "left" : "Shape shape",
      "right" : "Shape shape",
      "info" : "SingleVariableDeclaration[3878-3889]:SingleVariableDeclaration[3878-3889]"
    }, {
      "left" : "{}",
      "right" : "{}",
      "info" : "Block[3891-4163]:Block[3891-4163]"
    }, {
      "left" : "if (shape instanceof Cloneable)",
      "right" : "if (shape instanceof Cloneable)",
      "info" : "IfStatement[3901-4105]:IfStatement[3901-4105]"
    }, {
      "left" : "{}",
      "right" : "{}",
      "info" : "Block[3933-4105]:Block[3933-4105]"
    }, {
      "left" : "try{...}",
      "right" : "try{...}",
      "info" : "TryStatement[3947-4095]:TryStatement[3947-4095]"
    }, {
      "left" : "{}",
      "right" : "{}",
      "info" : "Block[3951-4027]:Block[3951-4027]"
    }, {
      "left" : "return (Shape) ObjectUtilities.clone(shape);",
      "right" : "return (Shape) ObjectUtilities.clone(shape);",
      "info" : "ReturnStatement[3969-4013]:ReturnStatement[3969-4013]"
    }, {
      "left" : "{}",
      "right" : "{}",
      "info" : "Block[4080-4095]:Block[4080-4095]"
    }, {
      "left" : "Shape result = null;",
      "right" : "Shape result = null;",
      "info" : "VariableDeclarationStatement[4114-4134]:VariableDeclarationStatement[4114-4134]"
    }, {
      "left" : "return result;",
      "right" : "return result;",
      "info" : "ReturnStatement[4143-4157]:ReturnStatement[4143-4157]"
    }, {
      "left" : "public",
      "right" : "public",
      "info" : "Modifier[4667-4673]:Modifier[4667-4673]"
    }, {
      "left" : "static",
      "right" : "static",
      "info" : "Modifier[4674-4680]:Modifier[4674-4680]"
    }, {
      "left" : "boolean",
      "right" : "boolean",
      "info" : "PrimitiveType[4681-4688]:PrimitiveType[4681-4688]"
    }, {
      "left" : "equal",
      "right" : "equal",
      "info" : "SimpleName[4689-4694]:SimpleName[4689-4694]"
    }, {
      "left" : "Shape s1",
      "right" : "Shape s1",
      "info" : "SingleVariableDeclaration[4695-4703]:SingleVariableDeclaration[4695-4703]"
    }, {
      "left" : "Shape s2",
      "right" : "Shape s2",
      "info" : "SingleVariableDeclaration[4705-4713]:SingleVariableDeclaration[4705-4713]"
    }, {
      "left" : "{}",
      "right" : "{}",
      "info" : "Block[4715-5506]:Block[4715-5506]"
    }, {
      "left" : "if (s1 instanceof Line2D && s2 instanceof Line2D)",
      "right" : "if (s1 instanceof Line2D && s2 instanceof Line2D)",
      "info" : "IfStatement[4725-5500]:IfStatement[4725-5500]"
    }, {
      "left" : "{}",
      "right" : "{}",
      "info" : "Block[4775-4838]:Block[4775-4838]"
    }, {
      "left" : "return equal((Line2D) s1, (Line2D) s2);",
      "right" : "return equal((Line2D) s1, (Line2D) s2);",
      "info" : "ReturnStatement[4789-4828]:ReturnStatement[4789-4828]"
    }, {
      "left" : "if (s1 instanceof Ellipse2D && s2 instanceof Ellipse2D)",
      "right" : "if (s1 instanceof Ellipse2D && s2 instanceof Ellipse2D)",
      "info" : "IfStatement[4852-5500]:IfStatement[4852-5500]"
    }, {
      "left" : "{}",
      "right" : "{}",
      "info" : "Block[4908-4977]:Block[4908-4977]"
    }, {
      "left" : "return equal((Ellipse2D) s1, (Ellipse2D) s2);",
      "right" : "return equal((Ellipse2D) s1, (Ellipse2D) s2);",
      "info" : "ReturnStatement[4922-4967]:ReturnStatement[4922-4967]"
    }, {
      "left" : "if (s1 instanceof Arc2D && s2 instanceof Arc2D)",
      "right" : "if (s1 instanceof Arc2D && s2 instanceof Arc2D)",
      "info" : "IfStatement[4991-5500]:IfStatement[4991-5500]"
    }, {
      "left" : "{}",
      "right" : "{}",
      "info" : "Block[5039-5100]:Block[5039-5100]"
    }, {
      "left" : "return equal((Arc2D) s1, (Arc2D) s2);",
      "right" : "return equal((Arc2D) s1, (Arc2D) s2);",
      "info" : "ReturnStatement[5053-5090]:ReturnStatement[5053-5090]"
    }, {
      "left" : "if (s1 instanceof Polygon && s2 instanceof Polygon)",
      "right" : "if (s1 instanceof Polygon && s2 instanceof Polygon)",
      "info" : "IfStatement[5114-5500]:IfStatement[5114-5500]"
    }, {
      "left" : "{}",
      "right" : "{}",
      "info" : "Block[5166-5231]:Block[5166-5231]"
    }, {
      "left" : "return equal((Polygon) s1, (Polygon) s2);",
      "right" : "return equal((Polygon) s1, (Polygon) s2);",
      "info" : "ReturnStatement[5180-5221]:ReturnStatement[5180-5221]"
    }, {
      "left" : "if (s1 instanceof GeneralPath && s2 instanceof GeneralPath)",
      "right" : "if (s1 instanceof GeneralPath && s2 instanceof GeneralPath)",
      "info" : "IfStatement[5245-5500]:IfStatement[5245-5500]"
    }, {
      "left" : "{}",
      "right" : "{}",
      "info" : "Block[5305-5378]:Block[5305-5378]"
    }, {
      "left" : "return equal((GeneralPath) s1, (GeneralPath) s2);",
      "right" : "return equal((GeneralPath) s1, (GeneralPath) s2);",
      "info" : "ReturnStatement[5319-5368]:ReturnStatement[5319-5368]"
    }, {
      "left" : "{}",
      "right" : "{}",
      "info" : "Block[5392-5500]:Block[5392-5500]"
    }, {
      "left" : "return ObjectUtilities.equal(s1, s2);",
      "right" : "return ObjectUtilities.equal(s1, s2);",
      "info" : "ReturnStatement[5453-5490]:ReturnStatement[5453-5490]"
    }, {
      "left" : "public",
      "right" : "public",
      "info" : "Modifier[5805-5811]:Modifier[5805-5811]"
    }, {
      "left" : "static",
      "right" : "static",
      "info" : "Modifier[5812-5818]:Modifier[5812-5818]"
    }, {
      "left" : "boolean",
      "right" : "boolean",
      "info" : "PrimitiveType[5819-5826]:PrimitiveType[5819-5826]"
    }, {
      "left" : "equal",
      "right" : "equal",
      "info" : "SimpleName[5827-5832]:SimpleName[5827-5832]"
    }, {
      "left" : "Line2D l1",
      "right" : "Line2D l1",
      "info" : "SingleVariableDeclaration[5833-5842]:SingleVariableDeclaration[5833-5842]"
    }, {
      "left" : "Line2D l2",
      "right" : "Line2D l2",
      "info" : "SingleVariableDeclaration[5844-5853]:SingleVariableDeclaration[5844-5853]"
    }, {
      "left" : "{}",
      "right" : "{}",
      "info" : "Block[5855-6178]:Block[5855-6178]"
    }, {
      "left" : "if (l1 == null)",
      "right" : "if (l1 == null)",
      "info" : "IfStatement[5865-5925]:IfStatement[5865-5925]"
    }, {
      "left" : "{}",
      "right" : "{}",
      "info" : "Block[5881-5925]:Block[5881-5925]"
    }, {
      "left" : "return (l2 == null);",
      "right" : "return (l2 == null);",
      "info" : "ReturnStatement[5895-5915]:ReturnStatement[5895-5915]"
    }, {
      "left" : "if (l2 == null)",
      "right" : "if (l2 == null)",
      "info" : "IfStatement[5934-5987]:IfStatement[5934-5987]"
    }, {
      "left" : "{}",
      "right" : "{}",
      "info" : "Block[5950-5987]:Block[5950-5987]"
    }, {
      "left" : "return false;",
      "right" : "return false;",
      "info" : "ReturnStatement[5964-5977]:ReturnStatement[5964-5977]"
    }, {
      "left" : "if (!l1.getP1().equals(l2.getP1()))",
      "right" : "if (!l1.getP1().equals(l2.getP1()))",
      "info" : "IfStatement[5996-6069]:IfStatement[5996-6069]"
    }, {
      "left" : "{}",
      "right" : "{}",
      "info" : "Block[6032-6069]:Block[6032-6069]"
    }, {
      "left" : "return false;",
      "right" : "return false;",
      "info" : "ReturnStatement[6046-6059]:ReturnStatement[6046-6059]"
    }, {
      "left" : "if (!l1.getP2().equals(l2.getP2()))",
      "right" : "if (!l1.getP2().equals(l2.getP2()))",
      "info" : "IfStatement[6078-6151]:IfStatement[6078-6151]"
    }, {
      "left" : "{}",
      "right" : "{}",
      "info" : "Block[6114-6151]:Block[6114-6151]"
    }, {
      "left" : "return false;",
      "right" : "return false;",
      "info" : "ReturnStatement[6128-6141]:ReturnStatement[6128-6141]"
    }, {
      "left" : "return true;",
      "right" : "return true;",
      "info" : "ReturnStatement[6160-6172]:ReturnStatement[6160-6172]"
    }, {
      "left" : "public",
      "right" : "public",
      "info" : "Modifier[6486-6492]:Modifier[6486-6492]"
    }, {
      "left" : "static",
      "right" : "static",
      "info" : "Modifier[6493-6499]:Modifier[6493-6499]"
    }, {
      "left" : "boolean",
      "right" : "boolean",
      "info" : "PrimitiveType[6500-6507]:PrimitiveType[6500-6507]"
    }, {
      "left" : "equal",
      "right" : "equal",
      "info" : "SimpleName[6508-6513]:SimpleName[6508-6513]"
    }, {
      "left" : "Ellipse2D e1",
      "right" : "Ellipse2D e1",
      "info" : "SingleVariableDeclaration[6514-6526]:SingleVariableDeclaration[6514-6526]"
    }, {
      "left" : "Ellipse2D e2",
      "right" : "Ellipse2D e2",
      "info" : "SingleVariableDeclaration[6528-6540]:SingleVariableDeclaration[6528-6540]"
    }, {
      "left" : "{}",
      "right" : "{}",
      "info" : "Block[6542-6789]:Block[6542-6789]"
    }, {
      "left" : "if (e1 == null)",
      "right" : "if (e1 == null)",
      "info" : "IfStatement[6552-6612]:IfStatement[6552-6612]"
    }, {
      "left" : "{}",
      "right" : "{}",
      "info" : "Block[6568-6612]:Block[6568-6612]"
    }, {
      "left" : "return (e2 == null);",
      "right" : "return (e2 == null);",
      "info" : "ReturnStatement[6582-6602]:ReturnStatement[6582-6602]"
    }, {
      "left" : "if (e2 == null)",
      "right" : "if (e2 == null)",
      "info" : "IfStatement[6621-6674]:IfStatement[6621-6674]"
    }, {
      "left" : "{}",
      "right" : "{}",
      "info" : "Block[6637-6674]:Block[6637-6674]"
    }, {
      "left" : "return false;",
      "right" : "return false;",
      "info" : "ReturnStatement[6651-6664]:ReturnStatement[6651-6664]"
    }, {
      "left" : "if (!e1.getFrame().equals(e2.getFrame()))",
      "right" : "if (!e1.getFrame().equals(e2.getFrame()))",
      "info" : "IfStatement[6683-6762]:IfStatement[6683-6762]"
    }, {
      "left" : "{}",
      "right" : "{}",
      "info" : "Block[6725-6762]:Block[6725-6762]"
    }, {
      "left" : "return false;",
      "right" : "return false;",
      "info" : "ReturnStatement[6739-6752]:ReturnStatement[6739-6752]"
    }, {
      "left" : "return true;",
      "right" : "return true;",
      "info" : "ReturnStatement[6771-6783]:ReturnStatement[6771-6783]"
    }, {
      "left" : "public",
      "right" : "public",
      "info" : "Modifier[7085-7091]:Modifier[7085-7091]"
    }, {
      "left" : "static",
      "right" : "static",
      "info" : "Modifier[7092-7098]:Modifier[7092-7098]"
    }, {
      "left" : "boolean",
      "right" : "boolean",
      "info" : "PrimitiveType[7099-7106]:PrimitiveType[7099-7106]"
    }, {
      "left" : "equal",
      "right" : "equal",
      "info" : "SimpleName[7107-7112]:SimpleName[7107-7112]"
    }, {
      "left" : "Arc2D a1",
      "right" : "Arc2D a1",
      "info" : "SingleVariableDeclaration[7113-7121]:SingleVariableDeclaration[7113-7121]"
    }, {
      "left" : "Arc2D a2",
      "right" : "Arc2D a2",
      "info" : "SingleVariableDeclaration[7123-7131]:SingleVariableDeclaration[7123-7131]"
    }, {
      "left" : "{}",
      "right" : "{}",
      "info" : "Block[7133-7652]:Block[7133-7652]"
    }, {
      "left" : "if (a1 == null)",
      "right" : "if (a1 == null)",
      "info" : "IfStatement[7143-7203]:IfStatement[7143-7203]"
    }, {
      "left" : "{}",
      "right" : "{}",
      "info" : "Block[7159-7203]:Block[7159-7203]"
    }, {
      "left" : "return (a2 == null);",
      "right" : "return (a2 == null);",
      "info" : "ReturnStatement[7173-7193]:ReturnStatement[7173-7193]"
    }, {
      "left" : "if (a2 == null)",
      "right" : "if (a2 == null)",
      "info" : "IfStatement[7212-7265]:IfStatement[7212-7265]"
    }, {
      "left" : "{}",
      "right" : "{}",
      "info" : "Block[7228-7265]:Block[7228-7265]"
    }, {
      "left" : "return false;",
      "right" : "return false;",
      "info" : "ReturnStatement[7242-7255]:ReturnStatement[7242-7255]"
    }, {
      "left" : "if (!a1.getFrame().equals(a2.getFrame()))",
      "right" : "if (!a1.getFrame().equals(a2.getFrame()))",
      "info" : "IfStatement[7274-7353]:IfStatement[7274-7353]"
    }, {
      "left" : "{}",
      "right" : "{}",
      "info" : "Block[7316-7353]:Block[7316-7353]"
    }, {
      "left" : "return false;",
      "right" : "return false;",
      "info" : "ReturnStatement[7330-7343]:ReturnStatement[7330-7343]"
    }, {
      "left" : "if (a1.getAngleStart() != a2.getAngleStart())",
      "right" : "if (a1.getAngleStart() != a2.getAngleStart())",
      "info" : "IfStatement[7362-7445]:IfStatement[7362-7445]"
    }, {
      "left" : "{}",
      "right" : "{}",
      "info" : "Block[7408-7445]:Block[7408-7445]"
    }, {
      "left" : "return false;",
      "right" : "return false;",
      "info" : "ReturnStatement[7422-7435]:ReturnStatement[7422-7435]"
    }, {
      "left" : "if (a1.getAngleExtent() != a2.getAngleExtent())",
      "right" : "if (a1.getAngleExtent() != a2.getAngleExtent())",
      "info" : "IfStatement[7454-7539]:IfStatement[7454-7539]"
    }, {
      "left" : "{}",
      "right" : "{}",
      "info" : "Block[7502-7539]:Block[7502-7539]"
    }, {
      "left" : "return false;",
      "right" : "return false;",
      "info" : "ReturnStatement[7516-7529]:ReturnStatement[7516-7529]"
    }, {
      "left" : "if (a1.getArcType() != a2.getArcType())",
      "right" : "if (a1.getArcType() != a2.getArcType())",
      "info" : "IfStatement[7548-7625]:IfStatement[7548-7625]"
    }, {
      "left" : "{}",
      "right" : "{}",
      "info" : "Block[7588-7625]:Block[7588-7625]"
    }, {
      "left" : "return false;",
      "right" : "return false;",
      "info" : "ReturnStatement[7602-7615]:ReturnStatement[7602-7615]"
    }, {
      "left" : "return true;",
      "right" : "return true;",
      "info" : "ReturnStatement[7634-7646]:ReturnStatement[7634-7646]"
    }, {
      "left" : "public",
      "right" : "public",
      "info" : "Modifier[7949-7955]:Modifier[7949-7955]"
    }, {
      "left" : "static",
      "right" : "static",
      "info" : "Modifier[7956-7962]:Modifier[7956-7962]"
    }, {
      "left" : "boolean",
      "right" : "boolean",
      "info" : "PrimitiveType[7963-7970]:PrimitiveType[7963-7970]"
    }, {
      "left" : "equal",
      "right" : "equal",
      "info" : "SimpleName[7971-7976]:SimpleName[7971-7976]"
    }, {
      "left" : "Polygon p1",
      "right" : "Polygon p1",
      "info" : "SingleVariableDeclaration[7977-7987]:SingleVariableDeclaration[7977-7987]"
    }, {
      "left" : "Polygon p2",
      "right" : "Polygon p2",
      "info" : "SingleVariableDeclaration[7989-7999]:SingleVariableDeclaration[7989-7999]"
    }, {
      "left" : "{}",
      "right" : "{}",
      "info" : "Block[8001-8416]:Block[8001-8416]"
    }, {
      "left" : "if (p1 == null)",
      "right" : "if (p1 == null)",
      "info" : "IfStatement[8011-8071]:IfStatement[8011-8071]"
    }, {
      "left" : "{}",
      "right" : "{}",
      "info" : "Block[8027-8071]:Block[8027-8071]"
    }, {
      "left" : "return (p2 == null);",
      "right" : "return (p2 == null);",
      "info" : "ReturnStatement[8041-8061]:ReturnStatement[8041-8061]"
    }, {
      "left" : "if (p2 == null)",
      "right" : "if (p2 == null)",
      "info" : "IfStatement[8080-8133]:IfStatement[8080-8133]"
    }, {
      "left" : "{}",
      "right" : "{}",
      "info" : "Block[8096-8133]:Block[8096-8133]"
    }, {
      "left" : "return false;",
      "right" : "return false;",
      "info" : "ReturnStatement[8110-8123]:ReturnStatement[8110-8123]"
    }, {
      "left" : "if (p1.npoints != p2.npoints)",
      "right" : "if (p1.npoints != p2.npoints)",
      "info" : "IfStatement[8142-8209]:IfStatement[8142-8209]"
    }, {
      "left" : "{}",
      "right" : "{}",
      "info" : "Block[8172-8209]:Block[8172-8209]"
    }, {
      "left" : "return false;",
      "right" : "return false;",
      "info" : "ReturnStatement[8186-8199]:ReturnStatement[8186-8199]"
    }, {
      "left" : "if (!Arrays.equals(p1.xpoints, p2.xpoints))",
      "right" : "if (!Arrays.equals(p1.xpoints, p2.xpoints))",
      "info" : "IfStatement[8218-8299]:IfStatement[8218-8299]"
    }, {
      "left" : "{}",
      "right" : "{}",
      "info" : "Block[8262-8299]:Block[8262-8299]"
    }, {
      "left" : "return false;",
      "right" : "return false;",
      "info" : "ReturnStatement[8276-8289]:ReturnStatement[8276-8289]"
    }, {
      "left" : "if (!Arrays.equals(p1.ypoints, p2.ypoints))",
      "right" : "if (!Arrays.equals(p1.ypoints, p2.ypoints))",
      "info" : "IfStatement[8308-8389]:IfStatement[8308-8389]"
    }, {
      "left" : "{}",
      "right" : "{}",
      "info" : "Block[8352-8389]:Block[8352-8389]"
    }, {
      "left" : "return false;",
      "right" : "return false;",
      "info" : "ReturnStatement[8366-8379]:ReturnStatement[8366-8379]"
    }, {
      "left" : "return true;",
      "right" : "return true;",
      "info" : "ReturnStatement[8398-8410]:ReturnStatement[8398-8410]"
    }, {
      "left" : "public",
      "right" : "public",
      "info" : "Modifier[8707-8713]:Modifier[8707-8713]"
    }, {
      "left" : "static",
      "right" : "static",
      "info" : "Modifier[8714-8720]:Modifier[8714-8720]"
    }, {
      "left" : "boolean",
      "right" : "boolean",
      "info" : "PrimitiveType[8721-8728]:PrimitiveType[8721-8728]"
    }, {
      "left" : "equal",
      "right" : "equal",
      "info" : "SimpleName[8729-8734]:SimpleName[8729-8734]"
    }, {
      "left" : "GeneralPath p1",
      "right" : "GeneralPath p1",
      "info" : "SingleVariableDeclaration[8735-8749]:SingleVariableDeclaration[8735-8749]"
    }, {
      "left" : "GeneralPath p2",
      "right" : "GeneralPath p2",
      "info" : "SingleVariableDeclaration[8751-8765]:SingleVariableDeclaration[8751-8765]"
    }, {
      "left" : "{}",
      "right" : "{}",
      "info" : "Block[8767-9804]:Block[8767-9804]"
    }, {
      "left" : "if (p1 == null)",
      "right" : "if (p1 == null)",
      "info" : "IfStatement[8777-8837]:IfStatement[8777-8837]"
    }, {
      "left" : "{}",
      "right" : "{}",
      "info" : "Block[8793-8837]:Block[8793-8837]"
    }, {
      "left" : "return (p2 == null);",
      "right" : "return (p2 == null);",
      "info" : "ReturnStatement[8807-8827]:ReturnStatement[8807-8827]"
    }, {
      "left" : "if (p2 == null)",
      "right" : "if (p2 == null)",
      "info" : "IfStatement[8846-8899]:IfStatement[8846-8899]"
    }, {
      "left" : "{}",
      "right" : "{}",
      "info" : "Block[8862-8899]:Block[8862-8899]"
    }, {
      "left" : "return false;",
      "right" : "return false;",
      "info" : "ReturnStatement[8876-8889]:ReturnStatement[8876-8889]"
    }, {
      "left" : "if (p1.getWindingRule() != p2.getWindingRule())",
      "right" : "if (p1.getWindingRule() != p2.getWindingRule())",
      "info" : "IfStatement[8908-8993]:IfStatement[8908-8993]"
    }, {
      "left" : "{}",
      "right" : "{}",
      "info" : "Block[8956-8993]:Block[8956-8993]"
    }, {
      "left" : "return false;",
      "right" : "return false;",
      "info" : "ReturnStatement[8970-8983]:ReturnStatement[8970-8983]"
    }, {
      "left" : "PathIterator iterator1 = p1.getPathIterator(null);",
      "right" : "PathIterator iterator1 = p1.getPathIterator(null);",
      "info" : "VariableDeclarationStatement[9002-9052]:VariableDeclarationStatement[9002-9052]"
    }, {
      "left" : "PathIterator iterator2 = p1.getPathIterator(null);",
      "right" : "PathIterator iterator2 = p2.getPathIterator(null);",
      "info" : "VariableDeclarationStatement[9061-9111]:VariableDeclarationStatement[9061-9111]"
    }, {
      "left" : "p1",
      "right" : "p2",
      "info" : "SimpleName[9086-9088]:SimpleName[9086-9088]"
    }, {
      "left" : "double[] d1 = new double[6];",
      "right" : "double[] d1 = new double[6];",
      "info" : "VariableDeclarationStatement[9120-9148]:VariableDeclarationStatement[9120-9148]"
    }, {
      "left" : "double[] d2 = new double[6];",
      "right" : "double[] d2 = new double[6];",
      "info" : "VariableDeclarationStatement[9157-9185]:VariableDeclarationStatement[9157-9185]"
    }, {
      "left" : "boolean done = iterator1.isDone() && iterator2.isDone();",
      "right" : "boolean done = iterator1.isDone() && iterator2.isDone();",
      "info" : "VariableDeclarationStatement[9194-9250]:VariableDeclarationStatement[9194-9250]"
    }, {
      "left" : "while (!done)",
      "right" : "while (!done)",
      "info" : "WhileStatement[9259-9777]:WhileStatement[9259-9777]"
    }, {
      "left" : "{}",
      "right" : "{}",
      "info" : "Block[9273-9777]:Block[9273-9777]"
    }, {
      "left" : "if (iterator1.isDone() != iterator2.isDone())",
      "right" : "if (iterator1.isDone() != iterator2.isDone())",
      "info" : "IfStatement[9287-9378]:IfStatement[9287-9378]"
    }, {
      "left" : "{}",
      "right" : "{}",
      "info" : "Block[9333-9378]:Block[9333-9378]"
    }, {
      "left" : "return false;",
      "right" : "return false;",
      "info" : "ReturnStatement[9351-9364]:ReturnStatement[9351-9364]"
    }, {
      "left" : "int seg1 = iterator1.currentSegment(d1);",
      "right" : "int seg1 = iterator1.currentSegment(d1);",
      "info" : "VariableDeclarationStatement[9391-9431]:VariableDeclarationStatement[9391-9431]"
    }, {
      "left" : "int seg2 = iterator2.currentSegment(d2);",
      "right" : "int seg2 = iterator2.currentSegment(d2);",
      "info" : "VariableDeclarationStatement[9444-9484]:VariableDeclarationStatement[9444-9484]"
    }, {
      "left" : "if (seg1 != seg2)",
      "right" : "if (seg1 != seg2)",
      "info" : "IfStatement[9497-9560]:IfStatement[9497-9560]"
    }, {
      "left" : "{}",
      "right" : "{}",
      "info" : "Block[9515-9560]:Block[9515-9560]"
    }, {
      "left" : "return false;",
      "right" : "return false;",
      "info" : "ReturnStatement[9533-9546]:ReturnStatement[9533-9546]"
    }, {
      "left" : "if (!Arrays.equals(d1, d2))",
      "right" : "if (!Arrays.equals(d1, d2))",
      "info" : "IfStatement[9573-9646]:IfStatement[9573-9646]"
    }, {
      "left" : "{}",
      "right" : "{}",
      "info" : "Block[9601-9646]:Block[9601-9646]"
    }, {
      "left" : "return false;",
      "right" : "return false;",
      "info" : "ReturnStatement[9619-9632]:ReturnStatement[9619-9632]"
    }, {
      "left" : "iterator1.next();",
      "right" : "iterator1.next();",
      "info" : "ExpressionStatement[9659-9676]:ExpressionStatement[9659-9676]"
    }, {
      "left" : "iterator2.next();",
      "right" : "iterator2.next();",
      "info" : "ExpressionStatement[9689-9706]:ExpressionStatement[9689-9706]"
    }, {
      "left" : "done = iterator1.isDone() && iterator2.isDone();",
      "right" : "done = iterator1.isDone() && iterator2.isDone();",
      "info" : "ExpressionStatement[9719-9767]:ExpressionStatement[9719-9767]"
    }, {
      "left" : "return true;",
      "right" : "return true;",
      "info" : "ReturnStatement[9786-9798]:ReturnStatement[9786-9798]"
    }, {
      "left" : "public",
      "right" : "public",
      "info" : "Modifier[10108-10114]:Modifier[10108-10114]"
    }, {
      "left" : "static",
      "right" : "static",
      "info" : "Modifier[10115-10121]:Modifier[10115-10121]"
    }, {
      "left" : "Shape",
      "right" : "Shape",
      "info" : "SimpleType[10122-10127]:SimpleType[10122-10127]"
    }, {
      "left" : "createTranslatedShape",
      "right" : "createTranslatedShape",
      "info" : "SimpleName[10128-10149]:SimpleName[10128-10149]"
    }, {
      "left" : "Shape shape",
      "right" : "Shape shape",
      "info" : "SingleVariableDeclaration[10150-10161]:SingleVariableDeclaration[10150-10161]"
    }, {
      "left" : "double transX",
      "right" : "double transX",
      "info" : "SingleVariableDeclaration[10209-10222]:SingleVariableDeclaration[10209-10222]"
    }, {
      "left" : "double transY",
      "right" : "double transY",
      "info" : "SingleVariableDeclaration[10270-10283]:SingleVariableDeclaration[10270-10283]"
    }, {
      "left" : "{}",
      "right" : "{}",
      "info" : "Block[10285-10568]:Block[10285-10568]"
    }, {
      "left" : "if (shape == null)",
      "right" : "if (shape == null)",
      "info" : "IfStatement[10295-10399]:IfStatement[10295-10399]"
    }, {
      "left" : "{}",
      "right" : "{}",
      "info" : "Block[10314-10399]:Block[10314-10399]"
    }, {
      "left" : "throw new IllegalArgumentException(\"Null 'shape' argument.\");",
      "right" : "throw new IllegalArgumentException(\"Null 'shape' argument.\");",
      "info" : "ThrowStatement[10328-10389]:ThrowStatement[10328-10389]"
    }, {
      "left" : "AffineTransform transform = AffineTransform.getTranslateInstance(\n                transX, transY);",
      "right" : "AffineTransform transform = AffineTransform.getTranslateInstance(\n                transX, transY);",
      "info" : "VariableDeclarationStatement[10408-10506]:VariableDeclarationStatement[10408-10506]"
    }, {
      "left" : "return transform.createTransformedShape(shape);",
      "right" : "return transform.createTransformedShape(shape);",
      "info" : "ReturnStatement[10515-10562]:ReturnStatement[10515-10562]"
    }, {
      "left" : "public",
      "right" : "public",
      "info" : "Modifier[11099-11105]:Modifier[11099-11105]"
    }, {
      "left" : "static",
      "right" : "static",
      "info" : "Modifier[11106-11112]:Modifier[11106-11112]"
    }, {
      "left" : "Shape",
      "right" : "Shape",
      "info" : "SimpleType[11113-11118]:SimpleType[11113-11118]"
    }, {
      "left" : "createTranslatedShape",
      "right" : "createTranslatedShape",
      "info" : "SimpleName[11119-11140]:SimpleName[11119-11140]"
    }, {
      "left" : "Shape shape",
      "right" : "Shape shape",
      "info" : "SingleVariableDeclaration[11141-11152]:SingleVariableDeclaration[11141-11152]"
    }, {
      "left" : "RectangleAnchor anchor",
      "right" : "RectangleAnchor anchor",
      "info" : "SingleVariableDeclaration[11200-11222]:SingleVariableDeclaration[11200-11222]"
    }, {
      "left" : "double locationX",
      "right" : "double locationX",
      "info" : "SingleVariableDeclaration[11270-11286]:SingleVariableDeclaration[11270-11286]"
    }, {
      "left" : "double locationY",
      "right" : "double locationY",
      "info" : "SingleVariableDeclaration[11334-11350]:SingleVariableDeclaration[11334-11350]"
    }, {
      "left" : "{}",
      "right" : "{}",
      "info" : "Block[11352-11902]:Block[11352-11902]"
    }, {
      "left" : "if (shape == null)",
      "right" : "if (shape == null)",
      "info" : "IfStatement[11362-11466]:IfStatement[11362-11466]"
    }, {
      "left" : "{}",
      "right" : "{}",
      "info" : "Block[11381-11466]:Block[11381-11466]"
    }, {
      "left" : "throw new IllegalArgumentException(\"Null 'shape' argument.\");",
      "right" : "throw new IllegalArgumentException(\"Null 'shape' argument.\");",
      "info" : "ThrowStatement[11395-11456]:ThrowStatement[11395-11456]"
    }, {
      "left" : "if (anchor == null)",
      "right" : "if (anchor == null)",
      "info" : "IfStatement[11475-11581]:IfStatement[11475-11581]"
    }, {
      "left" : "{}",
      "right" : "{}",
      "info" : "Block[11495-11581]:Block[11495-11581]"
    }, {
      "left" : "throw new IllegalArgumentException(\"Null 'anchor' argument.\");",
      "right" : "throw new IllegalArgumentException(\"Null 'anchor' argument.\");",
      "info" : "ThrowStatement[11509-11571]:ThrowStatement[11509-11571]"
    }, {
      "left" : "Point2D anchorPoint = RectangleAnchor.coordinates(shape.getBounds2D(),\n                anchor);",
      "right" : "Point2D anchorPoint = RectangleAnchor.coordinates(shape.getBounds2D(),\n                anchor);",
      "info" : "VariableDeclarationStatement[11590-11685]:VariableDeclarationStatement[11590-11685]"
    }, {
      "left" : "AffineTransform transform = AffineTransform.getTranslateInstance(\n                locationX - anchorPoint.getX(), locationY - anchorPoint.getY());",
      "right" : "AffineTransform transform = AffineTransform.getTranslateInstance(\n                locationX - anchorPoint.getX(), locationY - anchorPoint.getY());",
      "info" : "VariableDeclarationStatement[11694-11840]:VariableDeclarationStatement[11694-11840]"
    }, {
      "left" : "return transform.createTransformedShape(shape);",
      "right" : "return transform.createTransformedShape(shape);",
      "info" : "ReturnStatement[11849-11896]:ReturnStatement[11849-11896]"
    }, {
      "left" : "public",
      "right" : "public",
      "info" : "Modifier[12333-12339]:Modifier[12333-12339]"
    }, {
      "left" : "static",
      "right" : "static",
      "info" : "Modifier[12340-12346]:Modifier[12340-12346]"
    }, {
      "left" : "Shape",
      "right" : "Shape",
      "info" : "SimpleType[12347-12352]:SimpleType[12347-12352]"
    }, {
      "left" : "rotateShape",
      "right" : "rotateShape",
      "info" : "SimpleName[12353-12364]:SimpleName[12353-12364]"
    }, {
      "left" : "Shape base",
      "right" : "Shape base",
      "info" : "SingleVariableDeclaration[12365-12375]:SingleVariableDeclaration[12365-12375]"
    }, {
      "left" : "double angle",
      "right" : "double angle",
      "info" : "SingleVariableDeclaration[12377-12389]:SingleVariableDeclaration[12377-12389]"
    }, {
      "left" : "float x",
      "right" : "float x",
      "info" : "SingleVariableDeclaration[12427-12434]:SingleVariableDeclaration[12427-12434]"
    }, {
      "left" : "float y",
      "right" : "float y",
      "info" : "SingleVariableDeclaration[12436-12443]:SingleVariableDeclaration[12436-12443]"
    }, {
      "left" : "{}",
      "right" : "{}",
      "info" : "Block[12445-12679]:Block[12445-12679]"
    }, {
      "left" : "if (base == null)",
      "right" : "if (base == null)",
      "info" : "IfStatement[12455-12509]:IfStatement[12455-12509]"
    }, {
      "left" : "{}",
      "right" : "{}",
      "info" : "Block[12473-12509]:Block[12473-12509]"
    }, {
      "left" : "return null;",
      "right" : "return null;",
      "info" : "ReturnStatement[12487-12499]:ReturnStatement[12487-12499]"
    }, {
      "left" : "AffineTransform rotate = AffineTransform.getRotateInstance(angle, x, y);",
      "right" : "AffineTransform rotate = AffineTransform.getRotateInstance(angle, x, y);",
      "info" : "VariableDeclarationStatement[12518-12590]:VariableDeclarationStatement[12518-12590]"
    }, {
      "left" : "Shape result = rotate.createTransformedShape(base);",
      "right" : "Shape result = rotate.createTransformedShape(base);",
      "info" : "VariableDeclarationStatement[12599-12650]:VariableDeclarationStatement[12599-12650]"
    }, {
      "left" : "return result;",
      "right" : "return result;",
      "info" : "ReturnStatement[12659-12673]:ReturnStatement[12659-12673]"
    }, {
      "left" : "public",
      "right" : "public",
      "info" : "Modifier[13084-13090]:Modifier[13084-13090]"
    }, {
      "left" : "static",
      "right" : "static",
      "info" : "Modifier[13091-13097]:Modifier[13091-13097]"
    }, {
      "left" : "void",
      "right" : "void",
      "info" : "PrimitiveType[13098-13102]:PrimitiveType[13098-13102]"
    }, {
      "left" : "drawRotatedShape",
      "right" : "drawRotatedShape",
      "info" : "SimpleName[13103-13119]:SimpleName[13103-13119]"
    }, {
      "left" : "Graphics2D g2",
      "right" : "Graphics2D g2",
      "info" : "SingleVariableDeclaration[13120-13133]:SingleVariableDeclaration[13120-13133]"
    }, {
      "left" : "Shape shape",
      "right" : "Shape shape",
      "info" : "SingleVariableDeclaration[13135-13146]:SingleVariableDeclaration[13135-13146]"
    }, {
      "left" : "double angle",
      "right" : "double angle",
      "info" : "SingleVariableDeclaration[13188-13200]:SingleVariableDeclaration[13188-13200]"
    }, {
      "left" : "float x",
      "right" : "float x",
      "info" : "SingleVariableDeclaration[13202-13209]:SingleVariableDeclaration[13202-13209]"
    }, {
      "left" : "float y",
      "right" : "float y",
      "info" : "SingleVariableDeclaration[13211-13218]:SingleVariableDeclaration[13211-13218]"
    }, {
      "left" : "{}",
      "right" : "{}",
      "info" : "Block[13220-13447]:Block[13220-13447]"
    }, {
      "left" : "AffineTransform saved = g2.getTransform();",
      "right" : "AffineTransform saved = g2.getTransform();",
      "info" : "VariableDeclarationStatement[13231-13273]:VariableDeclarationStatement[13231-13273]"
    }, {
      "left" : "AffineTransform rotate = AffineTransform.getRotateInstance(angle, x, y);",
      "right" : "AffineTransform rotate = AffineTransform.getRotateInstance(angle, x, y);",
      "info" : "VariableDeclarationStatement[13282-13354]:VariableDeclarationStatement[13282-13354]"
    }, {
      "left" : "g2.transform(rotate);",
      "right" : "g2.transform(rotate);",
      "info" : "ExpressionStatement[13363-13384]:ExpressionStatement[13363-13384]"
    }, {
      "left" : "g2.draw(shape);",
      "right" : "g2.draw(shape);",
      "info" : "ExpressionStatement[13393-13408]:ExpressionStatement[13393-13408]"
    }, {
      "left" : "g2.setTransform(saved);",
      "right" : "g2.setTransform(saved);",
      "info" : "ExpressionStatement[13417-13440]:ExpressionStatement[13417-13440]"
    }, {
      "left" : "public",
      "right" : "public",
      "info" : "Modifier[13750-13756]:Modifier[13750-13756]"
    }, {
      "left" : "static",
      "right" : "static",
      "info" : "Modifier[13757-13763]:Modifier[13757-13763]"
    }, {
      "left" : "Shape",
      "right" : "Shape",
      "info" : "SimpleType[13764-13769]:SimpleType[13764-13769]"
    }, {
      "left" : "createDiagonalCross",
      "right" : "createDiagonalCross",
      "info" : "SimpleName[13770-13789]:SimpleName[13770-13789]"
    }, {
      "left" : "float l",
      "right" : "float l",
      "info" : "SingleVariableDeclaration[13790-13797]:SingleVariableDeclaration[13790-13797]"
    }, {
      "left" : "float t",
      "right" : "float t",
      "info" : "SingleVariableDeclaration[13799-13806]:SingleVariableDeclaration[13799-13806]"
    }, {
      "left" : "{}",
      "right" : "{}",
      "info" : "Block[13808-14320]:Block[13808-14320]"
    }, {
      "left" : "GeneralPath p0 = new GeneralPath();",
      "right" : "GeneralPath p0 = new GeneralPath();",
      "info" : "VariableDeclarationStatement[13818-13853]:VariableDeclarationStatement[13818-13853]"
    }, {
      "left" : "p0.moveTo(-l - t, -l + t);",
      "right" : "p0.moveTo(-l - t, -l + t);",
      "info" : "ExpressionStatement[13862-13888]:ExpressionStatement[13862-13888]"
    }, {
      "left" : "p0.lineTo(-l + t, -l - t);",
      "right" : "p0.lineTo(-l + t, -l - t);",
      "info" : "ExpressionStatement[13897-13923]:ExpressionStatement[13897-13923]"
    }, {
      "left" : "p0.lineTo(0.0f, -t * SQRT2);",
      "right" : "p0.lineTo(0.0f, -t * SQRT2);",
      "info" : "ExpressionStatement[13932-13960]:ExpressionStatement[13932-13960]"
    }, {
      "left" : "p0.lineTo(l - t, -l - t);",
      "right" : "p0.lineTo(l - t, -l - t);",
      "info" : "ExpressionStatement[13969-13994]:ExpressionStatement[13969-13994]"
    }, {
      "left" : "p0.lineTo(l + t, -l + t);",
      "right" : "p0.lineTo(l + t, -l + t);",
      "info" : "ExpressionStatement[14003-14028]:ExpressionStatement[14003-14028]"
    }, {
      "left" : "p0.lineTo(t * SQRT2, 0.0f);",
      "right" : "p0.lineTo(t * SQRT2, 0.0f);",
      "info" : "ExpressionStatement[14037-14064]:ExpressionStatement[14037-14064]"
    }, {
      "left" : "p0.lineTo(l + t, l - t);",
      "right" : "p0.lineTo(l + t, l - t);",
      "info" : "ExpressionStatement[14073-14097]:ExpressionStatement[14073-14097]"
    }, {
      "left" : "p0.lineTo(l - t, l + t);",
      "right" : "p0.lineTo(l - t, l + t);",
      "info" : "ExpressionStatement[14106-14130]:ExpressionStatement[14106-14130]"
    }, {
      "left" : "p0.lineTo(0.0f, t * SQRT2);",
      "right" : "p0.lineTo(0.0f, t * SQRT2);",
      "info" : "ExpressionStatement[14139-14166]:ExpressionStatement[14139-14166]"
    }, {
      "left" : "p0.lineTo(-l + t, l + t);",
      "right" : "p0.lineTo(-l + t, l + t);",
      "info" : "ExpressionStatement[14175-14200]:ExpressionStatement[14175-14200]"
    }, {
      "left" : "p0.lineTo(-l - t, l - t);",
      "right" : "p0.lineTo(-l - t, l - t);",
      "info" : "ExpressionStatement[14209-14234]:ExpressionStatement[14209-14234]"
    }, {
      "left" : "p0.lineTo(-t * SQRT2, 0.0f);",
      "right" : "p0.lineTo(-t * SQRT2, 0.0f);",
      "info" : "ExpressionStatement[14243-14271]:ExpressionStatement[14243-14271]"
    }, {
      "left" : "p0.closePath();",
      "right" : "p0.closePath();",
      "info" : "ExpressionStatement[14280-14295]:ExpressionStatement[14280-14295]"
    }, {
      "left" : "return p0;",
      "right" : "return p0;",
      "info" : "ReturnStatement[14304-14314]:ReturnStatement[14304-14314]"
    }, {
      "left" : "public",
      "right" : "public",
      "info" : "Modifier[14509-14515]:Modifier[14509-14515]"
    }, {
      "left" : "static",
      "right" : "static",
      "info" : "Modifier[14516-14522]:Modifier[14516-14522]"
    }, {
      "left" : "Shape",
      "right" : "Shape",
      "info" : "SimpleType[14523-14528]:SimpleType[14523-14528]"
    }, {
      "left" : "createRegularCross",
      "right" : "createRegularCross",
      "info" : "SimpleName[14529-14547]:SimpleName[14529-14547]"
    }, {
      "left" : "float l",
      "right" : "float l",
      "info" : "SingleVariableDeclaration[14548-14555]:SingleVariableDeclaration[14548-14555]"
    }, {
      "left" : "float t",
      "right" : "float t",
      "info" : "SingleVariableDeclaration[14557-14564]:SingleVariableDeclaration[14557-14564]"
    }, {
      "left" : "{}",
      "right" : "{}",
      "info" : "Block[14566-14972]:Block[14566-14972]"
    }, {
      "left" : "GeneralPath p0 = new GeneralPath();",
      "right" : "GeneralPath p0 = new GeneralPath();",
      "info" : "VariableDeclarationStatement[14576-14611]:VariableDeclarationStatement[14576-14611]"
    }, {
      "left" : "p0.moveTo(-l, t);",
      "right" : "p0.moveTo(-l, t);",
      "info" : "ExpressionStatement[14620-14637]:ExpressionStatement[14620-14637]"
    }, {
      "left" : "p0.lineTo(-t, t);",
      "right" : "p0.lineTo(-t, t);",
      "info" : "ExpressionStatement[14646-14663]:ExpressionStatement[14646-14663]"
    }, {
      "left" : "p0.lineTo(-t, l);",
      "right" : "p0.lineTo(-t, l);",
      "info" : "ExpressionStatement[14672-14689]:ExpressionStatement[14672-14689]"
    }, {
      "left" : "p0.lineTo(t, l);",
      "right" : "p0.lineTo(t, l);",
      "info" : "ExpressionStatement[14698-14714]:ExpressionStatement[14698-14714]"
    }, {
      "left" : "p0.lineTo(t, t);",
      "right" : "p0.lineTo(t, t);",
      "info" : "ExpressionStatement[14723-14739]:ExpressionStatement[14723-14739]"
    }, {
      "left" : "p0.lineTo(l, t);",
      "right" : "p0.lineTo(l, t);",
      "info" : "ExpressionStatement[14748-14764]:ExpressionStatement[14748-14764]"
    }, {
      "left" : "p0.lineTo(l, -t);",
      "right" : "p0.lineTo(l, -t);",
      "info" : "ExpressionStatement[14773-14790]:ExpressionStatement[14773-14790]"
    }, {
      "left" : "p0.lineTo(t, -t);",
      "right" : "p0.lineTo(t, -t);",
      "info" : "ExpressionStatement[14799-14816]:ExpressionStatement[14799-14816]"
    }, {
      "left" : "p0.lineTo(t, -l);",
      "right" : "p0.lineTo(t, -l);",
      "info" : "ExpressionStatement[14825-14842]:ExpressionStatement[14825-14842]"
    }, {
      "left" : "p0.lineTo(-t, -l);",
      "right" : "p0.lineTo(-t, -l);",
      "info" : "ExpressionStatement[14851-14869]:ExpressionStatement[14851-14869]"
    }, {
      "left" : "p0.lineTo(-t, -t);",
      "right" : "p0.lineTo(-t, -t);",
      "info" : "ExpressionStatement[14878-14896]:ExpressionStatement[14878-14896]"
    }, {
      "left" : "p0.lineTo(-l, -t);",
      "right" : "p0.lineTo(-l, -t);",
      "info" : "ExpressionStatement[14905-14923]:ExpressionStatement[14905-14923]"
    }, {
      "left" : "p0.closePath();",
      "right" : "p0.closePath();",
      "info" : "ExpressionStatement[14932-14947]:ExpressionStatement[14932-14947]"
    }, {
      "left" : "return p0;",
      "right" : "return p0;",
      "info" : "ReturnStatement[14956-14966]:ReturnStatement[14956-14966]"
    }, {
      "left" : "public",
      "right" : "public",
      "info" : "Modifier[15148-15154]:Modifier[15148-15154]"
    }, {
      "left" : "static",
      "right" : "static",
      "info" : "Modifier[15155-15161]:Modifier[15155-15161]"
    }, {
      "left" : "Shape",
      "right" : "Shape",
      "info" : "SimpleType[15162-15167]:SimpleType[15162-15167]"
    }, {
      "left" : "createDiamond",
      "right" : "createDiamond",
      "info" : "SimpleName[15168-15181]:SimpleName[15168-15181]"
    }, {
      "left" : "float s",
      "right" : "float s",
      "info" : "SingleVariableDeclaration[15182-15189]:SingleVariableDeclaration[15182-15189]"
    }, {
      "left" : "{}",
      "right" : "{}",
      "info" : "Block[15191-15399]:Block[15191-15399]"
    }, {
      "left" : "GeneralPath p0 = new GeneralPath();",
      "right" : "GeneralPath p0 = new GeneralPath();",
      "info" : "VariableDeclarationStatement[15201-15236]:VariableDeclarationStatement[15201-15236]"
    }, {
      "left" : "p0.moveTo(0.0f, -s);",
      "right" : "p0.moveTo(0.0f, -s);",
      "info" : "ExpressionStatement[15245-15265]:ExpressionStatement[15245-15265]"
    }, {
      "left" : "p0.lineTo(s, 0.0f);",
      "right" : "p0.lineTo(s, 0.0f);",
      "info" : "ExpressionStatement[15274-15293]:ExpressionStatement[15274-15293]"
    }, {
      "left" : "p0.lineTo(0.0f, s);",
      "right" : "p0.lineTo(0.0f, s);",
      "info" : "ExpressionStatement[15302-15321]:ExpressionStatement[15302-15321]"
    }, {
      "left" : "p0.lineTo(-s, 0.0f);",
      "right" : "p0.lineTo(-s, 0.0f);",
      "info" : "ExpressionStatement[15330-15350]:ExpressionStatement[15330-15350]"
    }, {
      "left" : "p0.closePath();",
      "right" : "p0.closePath();",
      "info" : "ExpressionStatement[15359-15374]:ExpressionStatement[15359-15374]"
    }, {
      "left" : "return p0;",
      "right" : "return p0;",
      "info" : "ReturnStatement[15383-15393]:ReturnStatement[15383-15393]"
    }, {
      "left" : "public",
      "right" : "public",
      "info" : "Modifier[15598-15604]:Modifier[15598-15604]"
    }, {
      "left" : "static",
      "right" : "static",
      "info" : "Modifier[15605-15611]:Modifier[15605-15611]"
    }, {
      "left" : "Shape",
      "right" : "Shape",
      "info" : "SimpleType[15612-15617]:SimpleType[15612-15617]"
    }, {
      "left" : "createUpTriangle",
      "right" : "createUpTriangle",
      "info" : "SimpleName[15618-15634]:SimpleName[15618-15634]"
    }, {
      "left" : "float s",
      "right" : "float s",
      "info" : "SingleVariableDeclaration[15635-15642]:SingleVariableDeclaration[15635-15642]"
    }, {
      "left" : "{}",
      "right" : "{}",
      "info" : "Block[15644-15818]:Block[15644-15818]"
    }, {
      "left" : "GeneralPath p0 = new GeneralPath();",
      "right" : "GeneralPath p0 = new GeneralPath();",
      "info" : "VariableDeclarationStatement[15654-15689]:VariableDeclarationStatement[15654-15689]"
    }, {
      "left" : "p0.moveTo(0.0f, -s);",
      "right" : "p0.moveTo(0.0f, -s);",
      "info" : "ExpressionStatement[15698-15718]:ExpressionStatement[15698-15718]"
    }, {
      "left" : "p0.lineTo(s, s);",
      "right" : "p0.lineTo(s, s);",
      "info" : "ExpressionStatement[15727-15743]:ExpressionStatement[15727-15743]"
    }, {
      "left" : "p0.lineTo(-s, s);",
      "right" : "p0.lineTo(-s, s);",
      "info" : "ExpressionStatement[15752-15769]:ExpressionStatement[15752-15769]"
    }, {
      "left" : "p0.closePath();",
      "right" : "p0.closePath();",
      "info" : "ExpressionStatement[15778-15793]:ExpressionStatement[15778-15793]"
    }, {
      "left" : "return p0;",
      "right" : "return p0;",
      "info" : "ReturnStatement[15802-15812]:ReturnStatement[15802-15812]"
    }, {
      "left" : "public",
      "right" : "public",
      "info" : "Modifier[16019-16025]:Modifier[16019-16025]"
    }, {
      "left" : "static",
      "right" : "static",
      "info" : "Modifier[16026-16032]:Modifier[16026-16032]"
    }, {
      "left" : "Shape",
      "right" : "Shape",
      "info" : "SimpleType[16033-16038]:SimpleType[16033-16038]"
    }, {
      "left" : "createDownTriangle",
      "right" : "createDownTriangle",
      "info" : "SimpleName[16039-16057]:SimpleName[16039-16057]"
    }, {
      "left" : "float s",
      "right" : "float s",
      "info" : "SingleVariableDeclaration[16058-16065]:SingleVariableDeclaration[16058-16065]"
    }, {
      "left" : "{}",
      "right" : "{}",
      "info" : "Block[16067-16242]:Block[16067-16242]"
    }, {
      "left" : "GeneralPath p0 = new GeneralPath();",
      "right" : "GeneralPath p0 = new GeneralPath();",
      "info" : "VariableDeclarationStatement[16077-16112]:VariableDeclarationStatement[16077-16112]"
    }, {
      "left" : "p0.moveTo(0.0f, s);",
      "right" : "p0.moveTo(0.0f, s);",
      "info" : "ExpressionStatement[16121-16140]:ExpressionStatement[16121-16140]"
    }, {
      "left" : "p0.lineTo(s, -s);",
      "right" : "p0.lineTo(s, -s);",
      "info" : "ExpressionStatement[16149-16166]:ExpressionStatement[16149-16166]"
    }, {
      "left" : "p0.lineTo(-s, -s);",
      "right" : "p0.lineTo(-s, -s);",
      "info" : "ExpressionStatement[16175-16193]:ExpressionStatement[16175-16193]"
    }, {
      "left" : "p0.closePath();",
      "right" : "p0.closePath();",
      "info" : "ExpressionStatement[16202-16217]:ExpressionStatement[16202-16217]"
    }, {
      "left" : "return p0;",
      "right" : "return p0;",
      "info" : "ReturnStatement[16226-16236]:ReturnStatement[16226-16236]"
    }, {
      "left" : "public",
      "right" : "public",
      "info" : "Modifier[16645-16651]:Modifier[16645-16651]"
    }, {
      "left" : "static",
      "right" : "static",
      "info" : "Modifier[16652-16658]:Modifier[16652-16658]"
    }, {
      "left" : "Shape",
      "right" : "Shape",
      "info" : "SimpleType[16659-16664]:SimpleType[16659-16664]"
    }, {
      "left" : "createLineRegion",
      "right" : "createLineRegion",
      "info" : "SimpleName[16665-16681]:SimpleName[16665-16681]"
    }, {
      "left" : "Line2D line",
      "right" : "Line2D line",
      "info" : "SingleVariableDeclaration[16682-16693]:SingleVariableDeclaration[16682-16693]"
    }, {
      "left" : "float width",
      "right" : "float width",
      "info" : "SingleVariableDeclaration[16695-16706]:SingleVariableDeclaration[16695-16706]"
    }, {
      "left" : "{}",
      "right" : "{}",
      "info" : "Block[16708-17677]:Block[16708-17677]"
    }, {
      "left" : "GeneralPath result = new GeneralPath();",
      "right" : "GeneralPath result = new GeneralPath();",
      "info" : "VariableDeclarationStatement[16718-16757]:VariableDeclarationStatement[16718-16757]"
    }, {
      "left" : "float x1 = (float) line.getX1();",
      "right" : "float x1 = (float) line.getX1();",
      "info" : "VariableDeclarationStatement[16766-16798]:VariableDeclarationStatement[16766-16798]"
    }, {
      "left" : "float x2 = (float) line.getX2();",
      "right" : "float x2 = (float) line.getX2();",
      "info" : "VariableDeclarationStatement[16807-16839]:VariableDeclarationStatement[16807-16839]"
    }, {
      "left" : "float y1 = (float) line.getY1();",
      "right" : "float y1 = (float) line.getY1();",
      "info" : "VariableDeclarationStatement[16848-16880]:VariableDeclarationStatement[16848-16880]"
    }, {
      "left" : "float y2 = (float) line.getY2();",
      "right" : "float y2 = (float) line.getY2();",
      "info" : "VariableDeclarationStatement[16889-16921]:VariableDeclarationStatement[16889-16921]"
    }, {
      "left" : "if ((x2 - x1) != 0.0)",
      "right" : "if ((x2 - x1) != 0.0)",
      "info" : "IfStatement[16930-17648]:IfStatement[16930-17648]"
    }, {
      "left" : "{}",
      "right" : "{}",
      "info" : "Block[16952-17348]:Block[16952-17348]"
    }, {
      "left" : "double theta = Math.atan((y2 - y1) / (x2 - x1));",
      "right" : "double theta = Math.atan((y2 - y1) / (x2 - x1));",
      "info" : "VariableDeclarationStatement[16966-17014]:VariableDeclarationStatement[16966-17014]"
    }, {
      "left" : "float dx = (float) Math.sin(theta) * width;",
      "right" : "float dx = (float) Math.sin(theta) * width;",
      "info" : "VariableDeclarationStatement[17027-17070]:VariableDeclarationStatement[17027-17070]"
    }, {
      "left" : "float dy = (float) Math.cos(theta) * width;",
      "right" : "float dy = (float) Math.cos(theta) * width;",
      "info" : "VariableDeclarationStatement[17083-17126]:VariableDeclarationStatement[17083-17126]"
    }, {
      "left" : "result.moveTo(x1 - dx, y1 + dy);",
      "right" : "result.moveTo(x1 - dx, y1 + dy);",
      "info" : "ExpressionStatement[17139-17171]:ExpressionStatement[17139-17171]"
    }, {
      "left" : "result.lineTo(x1 + dx, y1 - dy);",
      "right" : "result.lineTo(x1 + dx, y1 - dy);",
      "info" : "ExpressionStatement[17184-17216]:ExpressionStatement[17184-17216]"
    }, {
      "left" : "result.lineTo(x2 + dx, y2 - dy);",
      "right" : "result.lineTo(x2 + dx, y2 - dy);",
      "info" : "ExpressionStatement[17229-17261]:ExpressionStatement[17229-17261]"
    }, {
      "left" : "result.lineTo(x2 - dx, y2 + dy);",
      "right" : "result.lineTo(x2 - dx, y2 + dy);",
      "info" : "ExpressionStatement[17274-17306]:ExpressionStatement[17274-17306]"
    }, {
      "left" : "result.closePath();",
      "right" : "result.closePath();",
      "info" : "ExpressionStatement[17319-17338]:ExpressionStatement[17319-17338]"
    }, {
      "left" : "{}",
      "right" : "{}",
      "info" : "Block[17362-17648]:Block[17362-17648]"
    }, {
      "left" : "result.moveTo(x1 - width / 2.0f, y1);",
      "right" : "result.moveTo(x1 - width / 2.0f, y1);",
      "info" : "ExpressionStatement[17419-17456]:ExpressionStatement[17419-17456]"
    }, {
      "left" : "result.lineTo(x1 + width / 2.0f, y1);",
      "right" : "result.lineTo(x1 + width / 2.0f, y1);",
      "info" : "ExpressionStatement[17469-17506]:ExpressionStatement[17469-17506]"
    }, {
      "left" : "result.lineTo(x2 + width / 2.0f, y2);",
      "right" : "result.lineTo(x2 + width / 2.0f, y2);",
      "info" : "ExpressionStatement[17519-17556]:ExpressionStatement[17519-17556]"
    }, {
      "left" : "result.lineTo(x2 - width / 2.0f, y2);",
      "right" : "result.lineTo(x2 - width / 2.0f, y2);",
      "info" : "ExpressionStatement[17569-17606]:ExpressionStatement[17569-17606]"
    }, {
      "left" : "result.closePath();",
      "right" : "result.closePath();",
      "info" : "ExpressionStatement[17619-17638]:ExpressionStatement[17619-17638]"
    }, {
      "left" : "return result;",
      "right" : "return result;",
      "info" : "ReturnStatement[17657-17671]:ReturnStatement[17657-17671]"
    }, {
      "left" : "public",
      "right" : "public",
      "info" : "Modifier[18124-18130]:Modifier[18124-18130]"
    }, {
      "left" : "static",
      "right" : "static",
      "info" : "Modifier[18131-18137]:Modifier[18131-18137]"
    }, {
      "left" : "Point2D",
      "right" : "Point2D",
      "info" : "SimpleType[18138-18145]:SimpleType[18138-18145]"
    }, {
      "left" : "getPointInRectangle",
      "right" : "getPointInRectangle",
      "info" : "SimpleName[18146-18165]:SimpleName[18146-18165]"
    }, {
      "left" : "double x",
      "right" : "double x",
      "info" : "SingleVariableDeclaration[18166-18174]:SingleVariableDeclaration[18166-18174]"
    }, {
      "left" : "double y",
      "right" : "double y",
      "info" : "SingleVariableDeclaration[18176-18184]:SingleVariableDeclaration[18176-18184]"
    }, {
      "left" : "Rectangle2D area",
      "right" : "Rectangle2D area",
      "info" : "SingleVariableDeclaration[18232-18248]:SingleVariableDeclaration[18232-18248]"
    }, {
      "left" : "{}",
      "right" : "{}",
      "info" : "Block[18250-18434]:Block[18250-18434]"
    }, {
      "left" : "x = Math.max(area.getMinX(), Math.min(x, area.getMaxX()));",
      "right" : "x = Math.max(area.getMinX(), Math.min(x, area.getMaxX()));",
      "info" : "ExpressionStatement[18261-18319]:ExpressionStatement[18261-18319]"
    }, {
      "left" : "y = Math.max(area.getMinY(), Math.min(y, area.getMaxY()));",
      "right" : "y = Math.max(area.getMinY(), Math.min(y, area.getMaxY()));",
      "info" : "ExpressionStatement[18328-18386]:ExpressionStatement[18328-18386]"
    }, {
      "left" : "return new Point2D.Double(x, y);",
      "right" : "return new Point2D.Double(x, y);",
      "info" : "ReturnStatement[18395-18427]:ReturnStatement[18395-18427]"
    }, {
      "left" : "public",
      "right" : "public",
      "info" : "Modifier[18713-18719]:Modifier[18713-18719]"
    }, {
      "left" : "static",
      "right" : "static",
      "info" : "Modifier[18720-18726]:Modifier[18720-18726]"
    }, {
      "left" : "boolean",
      "right" : "boolean",
      "info" : "PrimitiveType[18727-18734]:PrimitiveType[18727-18734]"
    }, {
      "left" : "contains",
      "right" : "contains",
      "info" : "SimpleName[18735-18743]:SimpleName[18735-18743]"
    }, {
      "left" : "Rectangle2D rect1",
      "right" : "Rectangle2D rect1",
      "info" : "SingleVariableDeclaration[18744-18761]:SingleVariableDeclaration[18744-18761]"
    }, {
      "left" : "Rectangle2D rect2",
      "right" : "Rectangle2D rect2",
      "info" : "SingleVariableDeclaration[18763-18780]:SingleVariableDeclaration[18763-18780]"
    }, {
      "left" : "{}",
      "right" : "{}",
      "info" : "Block[18782-19155]:Block[18782-19155]"
    }, {
      "left" : "double x0 = rect1.getX();",
      "right" : "double x0 = rect1.getX();",
      "info" : "VariableDeclarationStatement[18793-18818]:VariableDeclarationStatement[18793-18818]"
    }, {
      "left" : "double y0 = rect1.getY();",
      "right" : "double y0 = rect1.getY();",
      "info" : "VariableDeclarationStatement[18827-18852]:VariableDeclarationStatement[18827-18852]"
    }, {
      "left" : "double x = rect2.getX();",
      "right" : "double x = rect2.getX();",
      "info" : "VariableDeclarationStatement[18861-18885]:VariableDeclarationStatement[18861-18885]"
    }, {
      "left" : "double y = rect2.getY();",
      "right" : "double y = rect2.getY();",
      "info" : "VariableDeclarationStatement[18894-18918]:VariableDeclarationStatement[18894-18918]"
    }, {
      "left" : "double w = rect2.getWidth();",
      "right" : "double w = rect2.getWidth();",
      "info" : "VariableDeclarationStatement[18927-18955]:VariableDeclarationStatement[18927-18955]"
    }, {
      "left" : "double h = rect2.getHeight();",
      "right" : "double h = rect2.getHeight();",
      "info" : "VariableDeclarationStatement[18964-18993]:VariableDeclarationStatement[18964-18993]"
    }, {
      "left" : "return ((x >= x0) && (y >= y0)\n                && ((x + w) <= (x0 + rect1.getWidth()))\n                && ((y + h) <= (y0 + rect1.getHeight())));",
      "right" : "return ((x >= x0) && (y >= y0)\n                && ((x + w) <= (x0 + rect1.getWidth()))\n                && ((y + h) <= (y0 + rect1.getHeight())));",
      "info" : "ReturnStatement[19003-19148]:ReturnStatement[19003-19148]"
    }, {
      "left" : "public",
      "right" : "public",
      "info" : "Modifier[19435-19441]:Modifier[19435-19441]"
    }, {
      "left" : "static",
      "right" : "static",
      "info" : "Modifier[19442-19448]:Modifier[19442-19448]"
    }, {
      "left" : "boolean",
      "right" : "boolean",
      "info" : "PrimitiveType[19449-19456]:PrimitiveType[19449-19456]"
    }, {
      "left" : "intersects",
      "right" : "intersects",
      "info" : "SimpleName[19457-19467]:SimpleName[19457-19467]"
    }, {
      "left" : "Rectangle2D rect1",
      "right" : "Rectangle2D rect1",
      "info" : "SingleVariableDeclaration[19468-19485]:SingleVariableDeclaration[19468-19485]"
    }, {
      "left" : "Rectangle2D rect2",
      "right" : "Rectangle2D rect2",
      "info" : "SingleVariableDeclaration[19487-19504]:SingleVariableDeclaration[19487-19504]"
    }, {
      "left" : "{}",
      "right" : "{}",
      "info" : "Block[19506-19848]:Block[19506-19848]"
    }, {
      "left" : "double x0 = rect1.getX();",
      "right" : "double x0 = rect1.getX();",
      "info" : "VariableDeclarationStatement[19515-19540]:VariableDeclarationStatement[19515-19540]"
    }, {
      "left" : "double y0 = rect1.getY();",
      "right" : "double y0 = rect1.getY();",
      "info" : "VariableDeclarationStatement[19547-19572]:VariableDeclarationStatement[19547-19572]"
    }, {
      "left" : "double x = rect2.getX();",
      "right" : "double x = rect2.getX();",
      "info" : "VariableDeclarationStatement[19580-19604]:VariableDeclarationStatement[19580-19604]"
    }, {
      "left" : "double width = rect2.getWidth();",
      "right" : "double width = rect2.getWidth();",
      "info" : "VariableDeclarationStatement[19611-19643]:VariableDeclarationStatement[19611-19643]"
    }, {
      "left" : "double y = rect2.getY();",
      "right" : "double y = rect2.getY();",
      "info" : "VariableDeclarationStatement[19650-19674]:VariableDeclarationStatement[19650-19674]"
    }, {
      "left" : "double height = rect2.getHeight();",
      "right" : "double height = rect2.getHeight();",
      "info" : "VariableDeclarationStatement[19681-19715]:VariableDeclarationStatement[19681-19715]"
    }, {
      "left" : "return (x + width >= x0 && y + height >= y0 && x <= x0 + rect1.getWidth()\n              && y <= y0 + rect1.getHeight());",
      "right" : "return (x + width >= x0 && y + height >= y0 && x <= x0 + rect1.getWidth()\n              && y <= y0 + rect1.getHeight());",
      "info" : "ReturnStatement[19722-19842]:ReturnStatement[19722-19842]"
    } ]
  },
  "interFileMappings" : { }
}