{"PLAIN_CONFIGURATION": "ClassicGumtree-bu_minsim-0.2-bu_minsize-100-st_minprio-1-st_priocalc-size", "MATCHER": "ClassicGumtree", "NRACTIONS": 47, "SIMACTIONS": 2, "NRROOTS": null, "NR_INSERT": 47, "NR_DELETE": 0, "NR_UPDATE": 0, "NR_MOVE": 0, "NR_TREEINSERT": 0, "NR_TREEDELETE": 0, "TIME": 3, "NROPTIONS": 0, "TIMEOUT": 0, "bu_minsim": 0.2, "bu_minsize": 100, "st_minprio": 1, "st_priocalc": "size", "cd_labsim": null, "cd_maxleaves": null, "cd_structsim1": null, "cd_structsim2": null, "xy_minsim": null}