{"PLAIN_CONFIGURATION": "ClassicGumtree-bu_minsim-0.7-bu_minsize-1100-st_minprio-3-st_priocalc-size", "MATCHER": "ClassicGumtree", "NRACTIONS": 184, "SIMACTIONS": 25, "NRROOTS": null, "NR_INSERT": 0, "NR_DELETE": 178, "NR_UPDATE": 2, "NR_MOVE": 4, "NR_TREEINSERT": 0, "NR_TREEDELETE": 0, "TIME": 580, "NROPTIONS": 0, "TIMEOUT": 0, "bu_minsim": 0.7, "bu_minsize": 1100, "st_minprio": 3, "st_priocalc": "size", "cd_labsim": null, "cd_maxleaves": null, "cd_structsim1": null, "cd_structsim2": null, "xy_minsim": null}