{"PLAIN_CONFIGURATION": "ClassicGumtree-bu_minsim-0.1-bu_minsize-400-st_minprio-1-st_priocalc-size", "MATCHER": "ClassicGumtree", "NRACTIONS": 352, "SIMACTIONS": 151, "NRROOTS": null, "NR_INSERT": 37.0, "NR_DELETE": 275.0, "NR_UPDATE": 15.0, "NR_MOVE": 25.0, "NR_TREEINSERT": 0.0, "NR_TREEDELETE": 0.0, "TIME": 28, "NROPTIONS": 0.0, "TIMEOUT": "0", "bu_minsim": 0.1, "bu_minsize": 400, "st_minprio": 1, "st_priocalc": "size", "cd_labsim": null, "cd_maxleaves": null, "cd_structsim1": null, "cd_structsim2": null, "xy_minsim": null}