{
  "intraFileMappings" : {
    "matchedElements" : [
 {
      "left" : "DefaultBoxAndWhiskerCategoryDataset",
      "right" : "DefaultBoxAndWhiskerCategoryDataset",
      "info" : "TypeDeclaration[2966-23898]:TypeDeclaration[2966-25669]"
    }, {
      "left" : "protected KeyedObjects2D data;",
      "right" : "protected KeyedObjects2D data;",
      "info" : "FieldDeclaration[3257-3321]:FieldDeclaration[3257-3321]"
    }, {
      "left" : "private double minimumRangeValue;",
      "right" : "private double minimumRangeValue;",
      "info" : "FieldDeclaration[3329-3399]:FieldDeclaration[3329-3399]"
    }, {
      "left" : "private int minimumRangeValueRow;",
      "right" : "private int minimumRangeValueRow;",
      "info" : "FieldDeclaration[3411-3524]:FieldDeclaration[3411-3524]"
    }, {
      "left" : "private int minimumRangeValueColumn;",
      "right" : "private int minimumRangeValueColumn;",
      "info" : "FieldDeclaration[3536-3671]:FieldDeclaration[3536-3671]"
    }, {
      "left" : "private double maximumRangeValue;",
      "right" : "private double maximumRangeValue;",
      "info" : "FieldDeclaration[3679-3749]:FieldDeclaration[3679-3749]"
    }, {
      "left" : "private int maximumRangeValueRow;",
      "right" : "private int maximumRangeValueRow;",
      "info" : "FieldDeclaration[3757-3870]:FieldDeclaration[3757-3870]"
    }, {
      "left" : "private int maximumRangeValueColumn;",
      "right" : "private int maximumRangeValueColumn;",
      "info" : "FieldDeclaration[3882-4017]:FieldDeclaration[3882-4017]"
    }, {
      "left" : "private Range rangeBounds;",
      "right" : "private Range rangeBounds;",
      "info" : "FieldDeclaration[4029-4088]:FieldDeclaration[4029-4088]"
    }, {
      "left" : "public DefaultBoxAndWhiskerCategoryDataset()",
      "right" : "public DefaultBoxAndWhiskerCategoryDataset()",
      "info" : "MethodDeclaration[4096-4552]:MethodDeclaration[4096-4552]"
    }, {
      "left" : "public void add(List list, Comparable rowKey, Comparable columnKey)",
      "right" : "public void add(List list, Comparable rowKey, Comparable columnKey)",
      "info" : "MethodDeclaration[4560-5285]:MethodDeclaration[4560-5285]"
    }, {
      "left" : "public void add(BoxAndWhiskerItem item, Comparable rowKey, \r\n            Comparable columnKey)",
      "right" : "public void add(BoxAndWhiskerItem item, Comparable rowKey, \r\n            Comparable columnKey)",
      "info" : "MethodDeclaration[5297-7686]:MethodDeclaration[5297-7713]"
    }, {
      "left" : "public BoxAndWhiskerItem getItem(int row, int column)",
      "right" : "public BoxAndWhiskerItem getItem(int row, int column)",
      "info" : "MethodDeclaration[7694-8014]:MethodDeclaration[7721-8041]"
    }, {
      "left" : "public Number getValue(int row, int column)",
      "right" : "public Number getValue(int row, int column)",
      "info" : "MethodDeclaration[8022-8390]:MethodDeclaration[8049-8417]"
    }, {
      "left" : "public Number getValue(Comparable rowKey, Comparable columnKey)",
      "right" : "public Number getValue(Comparable rowKey, Comparable columnKey)",
      "info" : "MethodDeclaration[8398-8793]:MethodDeclaration[8425-8820]"
    }, {
      "left" : "public Number getMeanValue(int row, int column)",
      "right" : "public Number getMeanValue(int row, int column)",
      "info" : "MethodDeclaration[8801-9355]:MethodDeclaration[8828-9382]"
    }, {
      "left" : "public Number getMeanValue(Comparable rowKey, Comparable columnKey)",
      "right" : "public Number getMeanValue(Comparable rowKey, Comparable columnKey)",
      "info" : "MethodDeclaration[9363-9915]:MethodDeclaration[9390-9942]"
    }, {
      "left" : "public Number getMedianValue(int row, int column)",
      "right" : "public Number getMedianValue(int row, int column)",
      "info" : "MethodDeclaration[9923-10479]:MethodDeclaration[9950-10506]"
    }, {
      "left" : "public Number getMedianValue(Comparable rowKey, Comparable columnKey)",
      "right" : "public Number getMedianValue(Comparable rowKey, Comparable columnKey)",
      "info" : "MethodDeclaration[10487-11044]:MethodDeclaration[10514-11071]"
    }, {
      "left" : "public Number getQ1Value(int row, int column)",
      "right" : "public Number getQ1Value(int row, int column)",
      "info" : "MethodDeclaration[11052-11606]:MethodDeclaration[11079-11633]"
    }, {
      "left" : "public Number getQ1Value(Comparable rowKey, Comparable columnKey)",
      "right" : "public Number getQ1Value(Comparable rowKey, Comparable columnKey)",
      "info" : "MethodDeclaration[11614-12170]:MethodDeclaration[11641-12197]"
    }, {
      "left" : "public Number getQ3Value(int row, int column)",
      "right" : "public Number getQ3Value(int row, int column)",
      "info" : "MethodDeclaration[12178-12732]:MethodDeclaration[12205-12759]"
    }, {
      "left" : "public Number getQ3Value(Comparable rowKey, Comparable columnKey)",
      "right" : "public Number getQ3Value(Comparable rowKey, Comparable columnKey)",
      "info" : "MethodDeclaration[12740-13296]:MethodDeclaration[12767-13323]"
    }, {
      "left" : "public int getColumnIndex(Comparable key)",
      "right" : "public int getColumnIndex(Comparable key)",
      "info" : "MethodDeclaration[13304-13596]:MethodDeclaration[13331-13623]"
    }, {
      "left" : "public Comparable getColumnKey(int column)",
      "right" : "public Comparable getColumnKey(int column)",
      "info" : "MethodDeclaration[13604-13903]:MethodDeclaration[13631-13930]"
    }, {
      "left" : "public List getColumnKeys()",
      "right" : "public List getColumnKeys()",
      "info" : "MethodDeclaration[13911-14111]:MethodDeclaration[13938-14138]"
    }, {
      "left" : "public int getRowIndex(Comparable key)",
      "right" : "public int getRowIndex(Comparable key)",
      "info" : "MethodDeclaration[14119-14393]:MethodDeclaration[14146-14420]"
    }, {
      "left" : "public Comparable getRowKey(int row)",
      "right" : "public Comparable getRowKey(int row)",
      "info" : "MethodDeclaration[14401-14673]:MethodDeclaration[14428-14700]"
    }, {
      "left" : "public List getRowKeys()",
      "right" : "public List getRowKeys()",
      "info" : "MethodDeclaration[14681-14875]:MethodDeclaration[14708-14902]"
    }, {
      "left" : "public int getRowCount()",
      "right" : "public int getRowCount()",
      "info" : "MethodDeclaration[14883-15103]:MethodDeclaration[14910-15130]"
    }, {
      "left" : "public int getColumnCount()",
      "right" : "public int getColumnCount()",
      "info" : "MethodDeclaration[15111-15340]:MethodDeclaration[15138-15367]"
    }, {
      "left" : "public double getRangeLowerBound(boolean includeInterval)",
      "right" : "public double getRangeLowerBound(boolean includeInterval)",
      "info" : "MethodDeclaration[15348-15767]:MethodDeclaration[15375-15794]"
    }, {
      "left" : "public double getRangeUpperBound(boolean includeInterval)",
      "right" : "public double getRangeUpperBound(boolean includeInterval)",
      "info" : "MethodDeclaration[15775-16194]:MethodDeclaration[15802-16221]"
    }, {
      "left" : "public Range getRangeBounds(boolean includeInterval)",
      "right" : "public Range getRangeBounds(boolean includeInterval)",
      "info" : "MethodDeclaration[16202-16564]:MethodDeclaration[16229-16591]"
    }, {
      "left" : "public Number getMinRegularValue(int row, int column)",
      "right" : "public Number getMinRegularValue(int row, int column)",
      "info" : "MethodDeclaration[16576-17179]:MethodDeclaration[16603-17206]"
    }, {
      "left" : "public Number getMinRegularValue(Comparable rowKey, Comparable columnKey)",
      "right" : "public Number getMinRegularValue(Comparable rowKey, Comparable columnKey)",
      "info" : "MethodDeclaration[17187-17792]:MethodDeclaration[17214-17819]"
    }, {
      "left" : "public Number getMaxRegularValue(int row, int column)",
      "right" : "public Number getMaxRegularValue(int row, int column)",
      "info" : "MethodDeclaration[17800-18403]:MethodDeclaration[17827-18430]"
    }, {
      "left" : "public Number getMaxRegularValue(Comparable rowKey, Comparable columnKey)",
      "right" : "public Number getMaxRegularValue(Comparable rowKey, Comparable columnKey)",
      "info" : "MethodDeclaration[18411-19016]:MethodDeclaration[18438-19043]"
    }, {
      "left" : "public Number getMinOutlier(int row, int column)",
      "right" : "public Number getMinOutlier(int row, int column)",
      "info" : "MethodDeclaration[19024-19610]:MethodDeclaration[19051-19637]"
    }, {
      "left" : "public Number getMinOutlier(Comparable rowKey, Comparable columnKey)",
      "right" : "public Number getMinOutlier(Comparable rowKey, Comparable columnKey)",
      "info" : "MethodDeclaration[19618-20206]:MethodDeclaration[19645-20233]"
    }, {
      "left" : "public Number getMaxOutlier(int row, int column)",
      "right" : "public Number getMaxOutlier(int row, int column)",
      "info" : "MethodDeclaration[20214-20800]:MethodDeclaration[20241-20827]"
    }, {
      "left" : "public Number getMaxOutlier(Comparable rowKey, Comparable columnKey)",
      "right" : "public Number getMaxOutlier(Comparable rowKey, Comparable columnKey)",
      "info" : "MethodDeclaration[20808-21396]:MethodDeclaration[20835-21423]"
    }, {
      "left" : "public List getOutliers(int row, int column)",
      "right" : "public List getOutliers(int row, int column)",
      "info" : "MethodDeclaration[21404-21973]:MethodDeclaration[21431-22000]"
    }, {
      "left" : "public List getOutliers(Comparable rowKey, Comparable columnKey)",
      "right" : "public List getOutliers(Comparable rowKey, Comparable columnKey)",
      "info" : "MethodDeclaration[21981-22552]:MethodDeclaration[22008-22579]"
    }, {
      "left" : "private void updateBounds()",
      "right" : "private void updateBounds()",
      "info" : "MethodDeclaration[22564-22817]:MethodDeclaration[22591-24588]"
    }, {
      "left" : "public boolean equals(Object obj)",
      "right" : "public boolean equals(Object obj)",
      "info" : "MethodDeclaration[22829-23439]:MethodDeclaration[24600-25210]"
    }, {
      "left" : "public Object clone() throws CloneNotSupportedException",
      "right" : "public Object clone() throws CloneNotSupportedException",
      "info" : "MethodDeclaration[23451-23893]:MethodDeclaration[25222-25664]"
    } ],
    "mappings" : [
 {
      "left" : "{}",
      "right" : "{}",
      "info" : "Block[4190-4552]:Block[4190-4552]"
    }, {
      "left" : "this.data = new KeyedObjects2D();",
      "right" : "this.data = new KeyedObjects2D();",
      "info" : "ExpressionStatement[4201-4234]:ExpressionStatement[4201-4234]"
    }, {
      "left" : "this.minimumRangeValue = Double.NaN;",
      "right" : "this.minimumRangeValue = Double.NaN;",
      "info" : "ExpressionStatement[4244-4280]:ExpressionStatement[4244-4280]"
    }, {
      "left" : "this.minimumRangeValueRow = -1;",
      "right" : "this.minimumRangeValueRow = -1;",
      "info" : "ExpressionStatement[4290-4321]:ExpressionStatement[4290-4321]"
    }, {
      "left" : "this.minimumRangeValueColumn = -1;",
      "right" : "this.minimumRangeValueColumn = -1;",
      "info" : "ExpressionStatement[4331-4365]:ExpressionStatement[4331-4365]"
    }, {
      "left" : "this.maximumRangeValue = Double.NaN;",
      "right" : "this.maximumRangeValue = Double.NaN;",
      "info" : "ExpressionStatement[4375-4411]:ExpressionStatement[4375-4411]"
    }, {
      "left" : "this.maximumRangeValueRow = -1;",
      "right" : "this.maximumRangeValueRow = -1;",
      "info" : "ExpressionStatement[4421-4452]:ExpressionStatement[4421-4452]"
    }, {
      "left" : "this.maximumRangeValueColumn = -1;",
      "right" : "this.maximumRangeValueColumn = -1;",
      "info" : "ExpressionStatement[4462-4496]:ExpressionStatement[4462-4496]"
    }, {
      "left" : "this.rangeBounds = new Range(0.0, 0.0);",
      "right" : "this.rangeBounds = new Range(0.0, 0.0);",
      "info" : "ExpressionStatement[4506-4545]:ExpressionStatement[4506-4545]"
    }, {
      "left" : "{}",
      "right" : "{}",
      "info" : "Block[5122-5285]:Block[5122-5285]"
    }, {
      "left" : "BoxAndWhiskerItem item = BoxAndWhiskerCalculator\r\n                .calculateBoxAndWhiskerStatistics(list);",
      "right" : "BoxAndWhiskerItem item = BoxAndWhiskerCalculator\r\n                .calculateBoxAndWhiskerStatistics(list);",
      "info" : "VariableDeclarationStatement[5133-5239]:VariableDeclarationStatement[5133-5239]"
    }, {
      "left" : "add(item, rowKey, columnKey);",
      "right" : "add(item, rowKey, columnKey);",
      "info" : "ExpressionStatement[5249-5278]:ExpressionStatement[5249-5278]"
    }, {
      "left" : "{}",
      "right" : "{}",
      "info" : "Block[5835-7686]:Block[5835-7713]"
    }, {
      "left" : "this.data.addObject(item, rowKey, columnKey);",
      "right" : "this.data.addObject(item, rowKey, columnKey);",
      "info" : "ExpressionStatement[5848-5893]:ExpressionStatement[5848-5893]"
    }, {
      "left" : "int r = this.data.getRowIndex(rowKey);",
      "right" : "int r = this.data.getRowIndex(rowKey);",
      "info" : "VariableDeclarationStatement[5958-5996]:VariableDeclarationStatement[5958-5996]"
    }, {
      "left" : "int c = this.data.getColumnIndex(columnKey);",
      "right" : "int c = this.data.getColumnIndex(columnKey);",
      "info" : "VariableDeclarationStatement[6006-6050]:VariableDeclarationStatement[6006-6050]"
    }, {
      "left" : "if ((this.maximumRangeValueRow == r && this.maximumRangeValueColumn \r\n                == c) || (this.minimumRangeValueRow == r \r\n                && this.minimumRangeValueColumn == c))",
      "right" : "if ((this.maximumRangeValueRow == r && this.maximumRangeValueColumn \r\n                == c) || (this.minimumRangeValueRow == r \r\n                && this.minimumRangeValueColumn == c))",
      "info" : "IfStatement[6060-6286]:IfStatement[6060-7561]"
    }, {
      "left" : "{}",
      "right" : "{}",
      "info" : "Block[6245-6286]:Block[6245-6286]"
    }, {
      "left" : "updateBounds();",
      "right" : "updateBounds();",
      "info" : "ExpressionStatement[6260-6275]:ExpressionStatement[6260-6275]"
    }, {
      "left" : "double minval = Double.NaN;",
      "right" : "double minval = Double.NaN;",
      "info" : "VariableDeclarationStatement[6310-6337]:VariableDeclarationStatement[6326-6353]"
    }, {
      "left" : "if (item.getMinOutlier() != null)",
      "right" : "if (item.getMinOutlier() != null)",
      "info" : "IfStatement[6351-6463]:IfStatement[6367-6479]"
    }, {
      "left" : "{}",
      "right" : "{}",
      "info" : "Block[6385-6463]:Block[6401-6479]"
    }, {
      "left" : "minval = item.getMinOutlier().doubleValue();",
      "right" : "minval = item.getMinOutlier().doubleValue();",
      "info" : "ExpressionStatement[6404-6448]:ExpressionStatement[6420-6464]"
    }, {
      "left" : "double maxval = Double.NaN;",
      "right" : "double maxval = Double.NaN;",
      "info" : "VariableDeclarationStatement[6477-6504]:VariableDeclarationStatement[6493-6520]"
    }, {
      "left" : "if (item.getMaxOutlier() != null)",
      "right" : "if (item.getMaxOutlier() != null)",
      "info" : "IfStatement[6518-6630]:IfStatement[6534-6646]"
    }, {
      "left" : "{}",
      "right" : "{}",
      "info" : "Block[6552-6630]:Block[6568-6646]"
    }, {
      "left" : "maxval = item.getMaxOutlier().doubleValue();",
      "right" : "maxval = item.getMaxOutlier().doubleValue();",
      "info" : "ExpressionStatement[6571-6615]:ExpressionStatement[6587-6631]"
    }, {
      "left" : "if (Double.isNaN(this.maximumRangeValue))",
      "right" : "if (Double.isNaN(this.maximumRangeValue))",
      "info" : "IfStatement[6654-7082]:IfStatement[6670-7098]"
    }, {
      "left" : "{}",
      "right" : "{}",
      "info" : "Block[6696-6861]:Block[6712-6877]"
    }, {
      "left" : "this.maximumRangeValue = maxval;",
      "right" : "this.maximumRangeValue = maxval;",
      "info" : "ExpressionStatement[6715-6747]:ExpressionStatement[6731-6763]"
    }, {
      "left" : "this.maximumRangeValueRow = r;",
      "right" : "this.maximumRangeValueRow = r;",
      "info" : "ExpressionStatement[6765-6795]:ExpressionStatement[6781-6811]"
    }, {
      "left" : "this.maximumRangeValueColumn = c;",
      "right" : "this.maximumRangeValueColumn = c;",
      "info" : "ExpressionStatement[6813-6846]:ExpressionStatement[6829-6862]"
    }, {
      "left" : "if (maxval > this.maximumRangeValue)",
      "right" : "if (maxval > this.maximumRangeValue)",
      "info" : "IfStatement[6880-7082]:IfStatement[6896-7098]"
    }, {
      "left" : "{}",
      "right" : "{}",
      "info" : "Block[6917-7082]:Block[6933-7098]"
    }, {
      "left" : "this.maximumRangeValue = maxval;",
      "right" : "this.maximumRangeValue = maxval;",
      "info" : "ExpressionStatement[6936-6968]:ExpressionStatement[6952-6984]"
    }, {
      "left" : "this.maximumRangeValueRow = r;",
      "right" : "this.maximumRangeValueRow = r;",
      "info" : "ExpressionStatement[6986-7016]:ExpressionStatement[7002-7032]"
    }, {
      "left" : "this.maximumRangeValueColumn = c;",
      "right" : "this.maximumRangeValueColumn = c;",
      "info" : "ExpressionStatement[7034-7067]:ExpressionStatement[7050-7083]"
    }, {
      "left" : "if (Double.isNaN(this.minimumRangeValue))",
      "right" : "if (Double.isNaN(this.minimumRangeValue))",
      "info" : "IfStatement[7106-7534]:IfStatement[7122-7550]"
    }, {
      "left" : "{}",
      "right" : "{}",
      "info" : "Block[7148-7313]:Block[7164-7329]"
    }, {
      "left" : "this.minimumRangeValue = minval;",
      "right" : "this.minimumRangeValue = minval;",
      "info" : "ExpressionStatement[7167-7199]:ExpressionStatement[7183-7215]"
    }, {
      "left" : "this.minimumRangeValueRow = r;",
      "right" : "this.minimumRangeValueRow = r;",
      "info" : "ExpressionStatement[7217-7247]:ExpressionStatement[7233-7263]"
    }, {
      "left" : "this.minimumRangeValueColumn = c;",
      "right" : "this.minimumRangeValueColumn = c;",
      "info" : "ExpressionStatement[7265-7298]:ExpressionStatement[7281-7314]"
    }, {
      "left" : "if (minval < this.minimumRangeValue)",
      "right" : "if (minval < this.minimumRangeValue)",
      "info" : "IfStatement[7332-7534]:IfStatement[7348-7550]"
    }, {
      "left" : "{}",
      "right" : "{}",
      "info" : "Block[7369-7534]:Block[7385-7550]"
    }, {
      "left" : "this.minimumRangeValue = minval;",
      "right" : "this.minimumRangeValue = minval;",
      "info" : "ExpressionStatement[7388-7420]:ExpressionStatement[7404-7436]"
    }, {
      "left" : "this.minimumRangeValueRow = r;",
      "right" : "this.minimumRangeValueRow = r;",
      "info" : "ExpressionStatement[7438-7468]:ExpressionStatement[7454-7484]"
    }, {
      "left" : "this.minimumRangeValueColumn = c;",
      "right" : "this.minimumRangeValueColumn = c;",
      "info" : "ExpressionStatement[7486-7519]:ExpressionStatement[7502-7535]"
    }, {
      "left" : "this.rangeBounds = new Range(this.minimumRangeValue,\r\n              this.maximumRangeValue);",
      "right" : "this.rangeBounds = new Range(this.minimumRangeValue,\r\n              this.maximumRangeValue);",
      "info" : "ExpressionStatement[7554-7646]:ExpressionStatement[7581-7673]"
    }, {
      "left" : "fireDatasetChanged();",
      "right" : "fireDatasetChanged();",
      "info" : "ExpressionStatement[7656-7677]:ExpressionStatement[7683-7704]"
    }, {
      "left" : "{}",
      "right" : "{}",
      "info" : "Block[7934-8014]:Block[7961-8041]"
    }, {
      "left" : "return (BoxAndWhiskerItem) this.data.getObject(row, column);",
      "right" : "return (BoxAndWhiskerItem) this.data.getObject(row, column);",
      "info" : "ReturnStatement[7945-8005]:ReturnStatement[7972-8032]"
    }, {
      "left" : "{}",
      "right" : "{}",
      "info" : "Block[8337-8390]:Block[8364-8417]"
    }, {
      "left" : "return getMedianValue(row, column);",
      "right" : "return getMedianValue(row, column);",
      "info" : "ReturnStatement[8348-8383]:ReturnStatement[8375-8410]"
    }, {
      "left" : "{}",
      "right" : "{}",
      "info" : "Block[8734-8793]:Block[8761-8820]"
    }, {
      "left" : "return getMedianValue(rowKey, columnKey);",
      "right" : "return getMedianValue(rowKey, columnKey);",
      "info" : "ReturnStatement[8745-8786]:ReturnStatement[8772-8813]"
    }, {
      "left" : "{}",
      "right" : "{}",
      "info" : "Block[9104-9355]:Block[9131-9382]"
    }, {
      "left" : "Number result = null;",
      "right" : "Number result = null;",
      "info" : "VariableDeclarationStatement[9117-9138]:VariableDeclarationStatement[9144-9165]"
    }, {
      "left" : "BoxAndWhiskerItem item = (BoxAndWhiskerItem) this.data.getObject(row, \r\n                column);",
      "right" : "BoxAndWhiskerItem item = (BoxAndWhiskerItem) this.data.getObject(row, \r\n                column);",
      "info" : "VariableDeclarationStatement[9148-9244]:VariableDeclarationStatement[9175-9271]"
    }, {
      "left" : "if (item != null)",
      "right" : "if (item != null)",
      "info" : "IfStatement[9254-9322]:IfStatement[9281-9349]"
    }, {
      "left" : "{}",
      "right" : "{}",
      "info" : "Block[9272-9322]:Block[9299-9349]"
    }, {
      "left" : "result = item.getMean();",
      "right" : "result = item.getMean();",
      "info" : "ExpressionStatement[9287-9311]:ExpressionStatement[9314-9338]"
    }, {
      "left" : "return result;",
      "right" : "return result;",
      "info" : "ReturnStatement[9332-9346]:ReturnStatement[9359-9373]"
    }, {
      "left" : "{}",
      "right" : "{}",
      "info" : "Block[9662-9915]:Block[9689-9942]"
    }, {
      "left" : "Number result = null;",
      "right" : "Number result = null;",
      "info" : "VariableDeclarationStatement[9673-9694]:VariableDeclarationStatement[9700-9721]"
    }, {
      "left" : "BoxAndWhiskerItem item = (BoxAndWhiskerItem) this.data.getObject(\r\n                rowKey, columnKey);",
      "right" : "BoxAndWhiskerItem item = (BoxAndWhiskerItem) this.data.getObject(\r\n                rowKey, columnKey);",
      "info" : "VariableDeclarationStatement[9704-9806]:VariableDeclarationStatement[9731-9833]"
    }, {
      "left" : "if (item != null)",
      "right" : "if (item != null)",
      "info" : "IfStatement[9816-9884]:IfStatement[9843-9911]"
    }, {
      "left" : "{}",
      "right" : "{}",
      "info" : "Block[9834-9884]:Block[9861-9911]"
    }, {
      "left" : "result = item.getMean();",
      "right" : "result = item.getMean();",
      "info" : "ExpressionStatement[9849-9873]:ExpressionStatement[9876-9900]"
    }, {
      "left" : "return result;",
      "right" : "return result;",
      "info" : "ReturnStatement[9894-9908]:ReturnStatement[9921-9935]"
    }, {
      "left" : "{}",
      "right" : "{}",
      "info" : "Block[10230-10479]:Block[10257-10506]"
    }, {
      "left" : "Number result = null;",
      "right" : "Number result = null;",
      "info" : "VariableDeclarationStatement[10241-10262]:VariableDeclarationStatement[10268-10289]"
    }, {
      "left" : "BoxAndWhiskerItem item = (BoxAndWhiskerItem) this.data.getObject(row, \r\n                column);",
      "right" : "BoxAndWhiskerItem item = (BoxAndWhiskerItem) this.data.getObject(row, \r\n                column);",
      "info" : "VariableDeclarationStatement[10272-10368]:VariableDeclarationStatement[10299-10395]"
    }, {
      "left" : "if (item != null)",
      "right" : "if (item != null)",
      "info" : "IfStatement[10378-10448]:IfStatement[10405-10475]"
    }, {
      "left" : "{}",
      "right" : "{}",
      "info" : "Block[10396-10448]:Block[10423-10475]"
    }, {
      "left" : "result = item.getMedian();",
      "right" : "result = item.getMedian();",
      "info" : "ExpressionStatement[10411-10437]:ExpressionStatement[10438-10464]"
    }, {
      "left" : "return result;",
      "right" : "return result;",
      "info" : "ReturnStatement[10458-10472]:ReturnStatement[10485-10499]"
    }, {
      "left" : "{}",
      "right" : "{}",
      "info" : "Block[10789-11044]:Block[10816-11071]"
    }, {
      "left" : "Number result = null;",
      "right" : "Number result = null;",
      "info" : "VariableDeclarationStatement[10800-10821]:VariableDeclarationStatement[10827-10848]"
    }, {
      "left" : "BoxAndWhiskerItem item = (BoxAndWhiskerItem) this.data.getObject(\r\n                rowKey, columnKey);",
      "right" : "BoxAndWhiskerItem item = (BoxAndWhiskerItem) this.data.getObject(\r\n                rowKey, columnKey);",
      "info" : "VariableDeclarationStatement[10831-10933]:VariableDeclarationStatement[10858-10960]"
    }, {
      "left" : "if (item != null)",
      "right" : "if (item != null)",
      "info" : "IfStatement[10943-11013]:IfStatement[10970-11040]"
    }, {
      "left" : "{}",
      "right" : "{}",
      "info" : "Block[10961-11013]:Block[10988-11040]"
    }, {
      "left" : "result = item.getMedian();",
      "right" : "result = item.getMedian();",
      "info" : "ExpressionStatement[10976-11002]:ExpressionStatement[11003-11029]"
    }, {
      "left" : "return result;",
      "right" : "return result;",
      "info" : "ReturnStatement[11023-11037]:ReturnStatement[11050-11064]"
    }, {
      "left" : "{}",
      "right" : "{}",
      "info" : "Block[11361-11606]:Block[11388-11633]"
    }, {
      "left" : "Number result = null;",
      "right" : "Number result = null;",
      "info" : "VariableDeclarationStatement[11372-11393]:VariableDeclarationStatement[11399-11420]"
    }, {
      "left" : "BoxAndWhiskerItem item = (BoxAndWhiskerItem) this.data.getObject(\r\n                row, column);",
      "right" : "BoxAndWhiskerItem item = (BoxAndWhiskerItem) this.data.getObject(\r\n                row, column);",
      "info" : "VariableDeclarationStatement[11403-11499]:VariableDeclarationStatement[11430-11526]"
    }, {
      "left" : "if (item != null)",
      "right" : "if (item != null)",
      "info" : "IfStatement[11509-11575]:IfStatement[11536-11602]"
    }, {
      "left" : "{}",
      "right" : "{}",
      "info" : "Block[11527-11575]:Block[11554-11602]"
    }, {
      "left" : "result = item.getQ1();",
      "right" : "result = item.getQ1();",
      "info" : "ExpressionStatement[11542-11564]:ExpressionStatement[11569-11591]"
    }, {
      "left" : "return result;",
      "right" : "return result;",
      "info" : "ReturnStatement[11585-11599]:ReturnStatement[11612-11626]"
    }, {
      "left" : "{}",
      "right" : "{}",
      "info" : "Block[11919-12170]:Block[11946-12197]"
    }, {
      "left" : "Number result = null;",
      "right" : "Number result = null;",
      "info" : "VariableDeclarationStatement[11930-11951]:VariableDeclarationStatement[11957-11978]"
    }, {
      "left" : "BoxAndWhiskerItem item = (BoxAndWhiskerItem) this.data.getObject(\r\n                rowKey, columnKey);",
      "right" : "BoxAndWhiskerItem item = (BoxAndWhiskerItem) this.data.getObject(\r\n                rowKey, columnKey);",
      "info" : "VariableDeclarationStatement[11961-12063]:VariableDeclarationStatement[11988-12090]"
    }, {
      "left" : "if (item != null)",
      "right" : "if (item != null)",
      "info" : "IfStatement[12073-12139]:IfStatement[12100-12166]"
    }, {
      "left" : "{}",
      "right" : "{}",
      "info" : "Block[12091-12139]:Block[12118-12166]"
    }, {
      "left" : "result = item.getQ1();",
      "right" : "result = item.getQ1();",
      "info" : "ExpressionStatement[12106-12128]:ExpressionStatement[12133-12155]"
    }, {
      "left" : "return result;",
      "right" : "return result;",
      "info" : "ReturnStatement[12149-12163]:ReturnStatement[12176-12190]"
    }, {
      "left" : "{}",
      "right" : "{}",
      "info" : "Block[12487-12732]:Block[12514-12759]"
    }, {
      "left" : "Number result = null;",
      "right" : "Number result = null;",
      "info" : "VariableDeclarationStatement[12498-12519]:VariableDeclarationStatement[12525-12546]"
    }, {
      "left" : "BoxAndWhiskerItem item = (BoxAndWhiskerItem) this.data.getObject(\r\n                row, column);",
      "right" : "BoxAndWhiskerItem item = (BoxAndWhiskerItem) this.data.getObject(\r\n                row, column);",
      "info" : "VariableDeclarationStatement[12529-12625]:VariableDeclarationStatement[12556-12652]"
    }, {
      "left" : "if (item != null)",
      "right" : "if (item != null)",
      "info" : "IfStatement[12635-12701]:IfStatement[12662-12728]"
    }, {
      "left" : "{}",
      "right" : "{}",
      "info" : "Block[12653-12701]:Block[12680-12728]"
    }, {
      "left" : "result = item.getQ3();",
      "right" : "result = item.getQ3();",
      "info" : "ExpressionStatement[12668-12690]:ExpressionStatement[12695-12717]"
    }, {
      "left" : "return result;",
      "right" : "return result;",
      "info" : "ReturnStatement[12711-12725]:ReturnStatement[12738-12752]"
    }, {
      "left" : "{}",
      "right" : "{}",
      "info" : "Block[13045-13296]:Block[13072-13323]"
    }, {
      "left" : "Number result = null;",
      "right" : "Number result = null;",
      "info" : "VariableDeclarationStatement[13056-13077]:VariableDeclarationStatement[13083-13104]"
    }, {
      "left" : "BoxAndWhiskerItem item = (BoxAndWhiskerItem) this.data.getObject(\r\n                rowKey, columnKey);",
      "right" : "BoxAndWhiskerItem item = (BoxAndWhiskerItem) this.data.getObject(\r\n                rowKey, columnKey);",
      "info" : "VariableDeclarationStatement[13087-13189]:VariableDeclarationStatement[13114-13216]"
    }, {
      "left" : "if (item != null)",
      "right" : "if (item != null)",
      "info" : "IfStatement[13199-13265]:IfStatement[13226-13292]"
    }, {
      "left" : "{}",
      "right" : "{}",
      "info" : "Block[13217-13265]:Block[13244-13292]"
    }, {
      "left" : "result = item.getQ3();",
      "right" : "result = item.getQ3();",
      "info" : "ExpressionStatement[13232-13254]:ExpressionStatement[13259-13281]"
    }, {
      "left" : "return result;",
      "right" : "return result;",
      "info" : "ReturnStatement[13275-13289]:ReturnStatement[13302-13316]"
    }, {
      "left" : "{}",
      "right" : "{}",
      "info" : "Block[13541-13596]:Block[13568-13623]"
    }, {
      "left" : "return this.data.getColumnIndex(key);",
      "right" : "return this.data.getColumnIndex(key);",
      "info" : "ReturnStatement[13552-13589]:ReturnStatement[13579-13616]"
    }, {
      "left" : "{}",
      "right" : "{}",
      "info" : "Block[13847-13903]:Block[13874-13930]"
    }, {
      "left" : "return this.data.getColumnKey(column);",
      "right" : "return this.data.getColumnKey(column);",
      "info" : "ReturnStatement[13858-13896]:ReturnStatement[13885-13923]"
    }, {
      "left" : "{}",
      "right" : "{}",
      "info" : "Block[14060-14111]:Block[14087-14138]"
    }, {
      "left" : "return this.data.getColumnKeys();",
      "right" : "return this.data.getColumnKeys();",
      "info" : "ReturnStatement[14071-14104]:ReturnStatement[14098-14131]"
    }, {
      "left" : "{}",
      "right" : "{}",
      "info" : "Block[14341-14393]:Block[14368-14420]"
    }, {
      "left" : "return this.data.getRowIndex(key);",
      "right" : "return this.data.getRowIndex(key);",
      "info" : "ReturnStatement[14352-14386]:ReturnStatement[14379-14413]"
    }, {
      "left" : "{}",
      "right" : "{}",
      "info" : "Block[14623-14673]:Block[14650-14700]"
    }, {
      "left" : "return this.data.getRowKey(row);",
      "right" : "return this.data.getRowKey(row);",
      "info" : "ReturnStatement[14634-14666]:ReturnStatement[14661-14693]"
    }, {
      "left" : "{}",
      "right" : "{}",
      "info" : "Block[14827-14875]:Block[14854-14902]"
    }, {
      "left" : "return this.data.getRowKeys();",
      "right" : "return this.data.getRowKeys();",
      "info" : "ReturnStatement[14838-14868]:ReturnStatement[14865-14895]"
    }, {
      "left" : "{}",
      "right" : "{}",
      "info" : "Block[15054-15103]:Block[15081-15130]"
    }, {
      "left" : "return this.data.getRowCount();",
      "right" : "return this.data.getRowCount();",
      "info" : "ReturnStatement[15065-15096]:ReturnStatement[15092-15123]"
    }, {
      "left" : "{}",
      "right" : "{}",
      "info" : "Block[15288-15340]:Block[15315-15367]"
    }, {
      "left" : "return this.data.getColumnCount();",
      "right" : "return this.data.getColumnCount();",
      "info" : "ReturnStatement[15299-15333]:ReturnStatement[15326-15360]"
    }, {
      "left" : "{}",
      "right" : "{}",
      "info" : "Block[15719-15767]:Block[15746-15794]"
    }, {
      "left" : "return this.minimumRangeValue;",
      "right" : "return this.minimumRangeValue;",
      "info" : "ReturnStatement[15730-15760]:ReturnStatement[15757-15787]"
    }, {
      "left" : "{}",
      "right" : "{}",
      "info" : "Block[16146-16194]:Block[16173-16221]"
    }, {
      "left" : "return this.maximumRangeValue;",
      "right" : "return this.maximumRangeValue;",
      "info" : "ReturnStatement[16157-16187]:ReturnStatement[16184-16214]"
    }, {
      "left" : "{}",
      "right" : "{}",
      "info" : "Block[16522-16564]:Block[16549-16591]"
    }, {
      "left" : "return this.rangeBounds;",
      "right" : "return this.rangeBounds;",
      "info" : "ReturnStatement[16533-16557]:ReturnStatement[16560-16584]"
    }, {
      "left" : "{}",
      "right" : "{}",
      "info" : "Block[16921-17179]:Block[16948-17206]"
    }, {
      "left" : "Number result = null;",
      "right" : "Number result = null;",
      "info" : "VariableDeclarationStatement[16932-16953]:VariableDeclarationStatement[16959-16980]"
    }, {
      "left" : "BoxAndWhiskerItem item = (BoxAndWhiskerItem) this.data.getObject(\r\n                row, column);",
      "right" : "BoxAndWhiskerItem item = (BoxAndWhiskerItem) this.data.getObject(\r\n                row, column);",
      "info" : "VariableDeclarationStatement[16963-17059]:VariableDeclarationStatement[16990-17086]"
    }, {
      "left" : "if (item != null)",
      "right" : "if (item != null)",
      "info" : "IfStatement[17069-17148]:IfStatement[17096-17175]"
    }, {
      "left" : "{}",
      "right" : "{}",
      "info" : "Block[17087-17148]:Block[17114-17175]"
    }, {
      "left" : "result = item.getMinRegularValue();",
      "right" : "result = item.getMinRegularValue();",
      "info" : "ExpressionStatement[17102-17137]:ExpressionStatement[17129-17164]"
    }, {
      "left" : "return result;",
      "right" : "return result;",
      "info" : "ReturnStatement[17158-17172]:ReturnStatement[17185-17199]"
    }, {
      "left" : "{}",
      "right" : "{}",
      "info" : "Block[17528-17792]:Block[17555-17819]"
    }, {
      "left" : "Number result = null;",
      "right" : "Number result = null;",
      "info" : "VariableDeclarationStatement[17539-17560]:VariableDeclarationStatement[17566-17587]"
    }, {
      "left" : "BoxAndWhiskerItem item = (BoxAndWhiskerItem) this.data.getObject(\r\n                rowKey, columnKey);",
      "right" : "BoxAndWhiskerItem item = (BoxAndWhiskerItem) this.data.getObject(\r\n                rowKey, columnKey);",
      "info" : "VariableDeclarationStatement[17570-17672]:VariableDeclarationStatement[17597-17699]"
    }, {
      "left" : "if (item != null)",
      "right" : "if (item != null)",
      "info" : "IfStatement[17682-17761]:IfStatement[17709-17788]"
    }, {
      "left" : "{}",
      "right" : "{}",
      "info" : "Block[17700-17761]:Block[17727-17788]"
    }, {
      "left" : "result = item.getMinRegularValue();",
      "right" : "result = item.getMinRegularValue();",
      "info" : "ExpressionStatement[17715-17750]:ExpressionStatement[17742-17777]"
    }, {
      "left" : "return result;",
      "right" : "return result;",
      "info" : "ReturnStatement[17771-17785]:ReturnStatement[17798-17812]"
    }, {
      "left" : "{}",
      "right" : "{}",
      "info" : "Block[18145-18403]:Block[18172-18430]"
    }, {
      "left" : "Number result = null;",
      "right" : "Number result = null;",
      "info" : "VariableDeclarationStatement[18156-18177]:VariableDeclarationStatement[18183-18204]"
    }, {
      "left" : "BoxAndWhiskerItem item = (BoxAndWhiskerItem) this.data.getObject(\r\n                row, column);",
      "right" : "BoxAndWhiskerItem item = (BoxAndWhiskerItem) this.data.getObject(\r\n                row, column);",
      "info" : "VariableDeclarationStatement[18187-18283]:VariableDeclarationStatement[18214-18310]"
    }, {
      "left" : "if (item != null)",
      "right" : "if (item != null)",
      "info" : "IfStatement[18293-18372]:IfStatement[18320-18399]"
    }, {
      "left" : "{}",
      "right" : "{}",
      "info" : "Block[18311-18372]:Block[18338-18399]"
    }, {
      "left" : "result = item.getMaxRegularValue();",
      "right" : "result = item.getMaxRegularValue();",
      "info" : "ExpressionStatement[18326-18361]:ExpressionStatement[18353-18388]"
    }, {
      "left" : "return result;",
      "right" : "return result;",
      "info" : "ReturnStatement[18382-18396]:ReturnStatement[18409-18423]"
    }, {
      "left" : "{}",
      "right" : "{}",
      "info" : "Block[18752-19016]:Block[18779-19043]"
    }, {
      "left" : "Number result = null;",
      "right" : "Number result = null;",
      "info" : "VariableDeclarationStatement[18763-18784]:VariableDeclarationStatement[18790-18811]"
    }, {
      "left" : "BoxAndWhiskerItem item = (BoxAndWhiskerItem) this.data.getObject(\r\n                rowKey, columnKey);",
      "right" : "BoxAndWhiskerItem item = (BoxAndWhiskerItem) this.data.getObject(\r\n                rowKey, columnKey);",
      "info" : "VariableDeclarationStatement[18794-18896]:VariableDeclarationStatement[18821-18923]"
    }, {
      "left" : "if (item != null)",
      "right" : "if (item != null)",
      "info" : "IfStatement[18906-18985]:IfStatement[18933-19012]"
    }, {
      "left" : "{}",
      "right" : "{}",
      "info" : "Block[18924-18985]:Block[18951-19012]"
    }, {
      "left" : "result = item.getMaxRegularValue();",
      "right" : "result = item.getMaxRegularValue();",
      "info" : "ExpressionStatement[18939-18974]:ExpressionStatement[18966-19001]"
    }, {
      "left" : "return result;",
      "right" : "return result;",
      "info" : "ReturnStatement[18995-19009]:ReturnStatement[19022-19036]"
    }, {
      "left" : "{}",
      "right" : "{}",
      "info" : "Block[19357-19610]:Block[19384-19637]"
    }, {
      "left" : "Number result = null;",
      "right" : "Number result = null;",
      "info" : "VariableDeclarationStatement[19368-19389]:VariableDeclarationStatement[19395-19416]"
    }, {
      "left" : "BoxAndWhiskerItem item = (BoxAndWhiskerItem) this.data.getObject(\r\n                row, column);",
      "right" : "BoxAndWhiskerItem item = (BoxAndWhiskerItem) this.data.getObject(\r\n                row, column);",
      "info" : "VariableDeclarationStatement[19399-19495]:VariableDeclarationStatement[19426-19522]"
    }, {
      "left" : "if (item != null)",
      "right" : "if (item != null)",
      "info" : "IfStatement[19505-19579]:IfStatement[19532-19606]"
    }, {
      "left" : "{}",
      "right" : "{}",
      "info" : "Block[19523-19579]:Block[19550-19606]"
    }, {
      "left" : "result = item.getMinOutlier();",
      "right" : "result = item.getMinOutlier();",
      "info" : "ExpressionStatement[19538-19568]:ExpressionStatement[19565-19595]"
    }, {
      "left" : "return result;",
      "right" : "return result;",
      "info" : "ReturnStatement[19589-19603]:ReturnStatement[19616-19630]"
    }, {
      "left" : "{}",
      "right" : "{}",
      "info" : "Block[19947-20206]:Block[19974-20233]"
    }, {
      "left" : "Number result = null;",
      "right" : "Number result = null;",
      "info" : "VariableDeclarationStatement[19958-19979]:VariableDeclarationStatement[19985-20006]"
    }, {
      "left" : "BoxAndWhiskerItem item = (BoxAndWhiskerItem) this.data.getObject(\r\n                rowKey, columnKey);",
      "right" : "BoxAndWhiskerItem item = (BoxAndWhiskerItem) this.data.getObject(\r\n                rowKey, columnKey);",
      "info" : "VariableDeclarationStatement[19989-20091]:VariableDeclarationStatement[20016-20118]"
    }, {
      "left" : "if (item != null)",
      "right" : "if (item != null)",
      "info" : "IfStatement[20101-20175]:IfStatement[20128-20202]"
    }, {
      "left" : "{}",
      "right" : "{}",
      "info" : "Block[20119-20175]:Block[20146-20202]"
    }, {
      "left" : "result = item.getMinOutlier();",
      "right" : "result = item.getMinOutlier();",
      "info" : "ExpressionStatement[20134-20164]:ExpressionStatement[20161-20191]"
    }, {
      "left" : "return result;",
      "right" : "return result;",
      "info" : "ReturnStatement[20185-20199]:ReturnStatement[20212-20226]"
    }, {
      "left" : "{}",
      "right" : "{}",
      "info" : "Block[20547-20800]:Block[20574-20827]"
    }, {
      "left" : "Number result = null;",
      "right" : "Number result = null;",
      "info" : "VariableDeclarationStatement[20558-20579]:VariableDeclarationStatement[20585-20606]"
    }, {
      "left" : "BoxAndWhiskerItem item = (BoxAndWhiskerItem) this.data.getObject(\r\n                row, column);",
      "right" : "BoxAndWhiskerItem item = (BoxAndWhiskerItem) this.data.getObject(\r\n                row, column);",
      "info" : "VariableDeclarationStatement[20589-20685]:VariableDeclarationStatement[20616-20712]"
    }, {
      "left" : "if (item != null)",
      "right" : "if (item != null)",
      "info" : "IfStatement[20695-20769]:IfStatement[20722-20796]"
    }, {
      "left" : "{}",
      "right" : "{}",
      "info" : "Block[20713-20769]:Block[20740-20796]"
    }, {
      "left" : "result = item.getMaxOutlier();",
      "right" : "result = item.getMaxOutlier();",
      "info" : "ExpressionStatement[20728-20758]:ExpressionStatement[20755-20785]"
    }, {
      "left" : "return result;",
      "right" : "return result;",
      "info" : "ReturnStatement[20779-20793]:ReturnStatement[20806-20820]"
    }, {
      "left" : "{}",
      "right" : "{}",
      "info" : "Block[21137-21396]:Block[21164-21423]"
    }, {
      "left" : "Number result = null;",
      "right" : "Number result = null;",
      "info" : "VariableDeclarationStatement[21148-21169]:VariableDeclarationStatement[21175-21196]"
    }, {
      "left" : "BoxAndWhiskerItem item = (BoxAndWhiskerItem) this.data.getObject(\r\n                rowKey, columnKey);",
      "right" : "BoxAndWhiskerItem item = (BoxAndWhiskerItem) this.data.getObject(\r\n                rowKey, columnKey);",
      "info" : "VariableDeclarationStatement[21179-21281]:VariableDeclarationStatement[21206-21308]"
    }, {
      "left" : "if (item != null)",
      "right" : "if (item != null)",
      "info" : "IfStatement[21291-21365]:IfStatement[21318-21392]"
    }, {
      "left" : "{}",
      "right" : "{}",
      "info" : "Block[21309-21365]:Block[21336-21392]"
    }, {
      "left" : "result = item.getMaxOutlier();",
      "right" : "result = item.getMaxOutlier();",
      "info" : "ExpressionStatement[21324-21354]:ExpressionStatement[21351-21381]"
    }, {
      "left" : "return result;",
      "right" : "return result;",
      "info" : "ReturnStatement[21375-21389]:ReturnStatement[21402-21416]"
    }, {
      "left" : "{}",
      "right" : "{}",
      "info" : "Block[21724-21973]:Block[21751-22000]"
    }, {
      "left" : "List result = null;",
      "right" : "List result = null;",
      "info" : "VariableDeclarationStatement[21735-21754]:VariableDeclarationStatement[21762-21781]"
    }, {
      "left" : "BoxAndWhiskerItem item = (BoxAndWhiskerItem) this.data.getObject(\r\n                row, column);",
      "right" : "BoxAndWhiskerItem item = (BoxAndWhiskerItem) this.data.getObject(\r\n                row, column);",
      "info" : "VariableDeclarationStatement[21764-21860]:VariableDeclarationStatement[21791-21887]"
    }, {
      "left" : "if (item != null)",
      "right" : "if (item != null)",
      "info" : "IfStatement[21870-21942]:IfStatement[21897-21969]"
    }, {
      "left" : "{}",
      "right" : "{}",
      "info" : "Block[21888-21942]:Block[21915-21969]"
    }, {
      "left" : "result = item.getOutliers();",
      "right" : "result = item.getOutliers();",
      "info" : "ExpressionStatement[21903-21931]:ExpressionStatement[21930-21958]"
    }, {
      "left" : "return result;",
      "right" : "return result;",
      "info" : "ReturnStatement[21952-21966]:ReturnStatement[21979-21993]"
    }, {
      "left" : "{}",
      "right" : "{}",
      "info" : "Block[22297-22552]:Block[22324-22579]"
    }, {
      "left" : "List result = null;",
      "right" : "List result = null;",
      "info" : "VariableDeclarationStatement[22308-22327]:VariableDeclarationStatement[22335-22354]"
    }, {
      "left" : "BoxAndWhiskerItem item = (BoxAndWhiskerItem) this.data.getObject(\r\n                rowKey, columnKey);",
      "right" : "BoxAndWhiskerItem item = (BoxAndWhiskerItem) this.data.getObject(\r\n                rowKey, columnKey);",
      "info" : "VariableDeclarationStatement[22337-22439]:VariableDeclarationStatement[22364-22466]"
    }, {
      "left" : "if (item != null)",
      "right" : "if (item != null)",
      "info" : "IfStatement[22449-22521]:IfStatement[22476-22548]"
    }, {
      "left" : "{}",
      "right" : "{}",
      "info" : "Block[22467-22521]:Block[22494-22548]"
    }, {
      "left" : "result = item.getOutliers();",
      "right" : "result = item.getOutliers();",
      "info" : "ExpressionStatement[22482-22510]:ExpressionStatement[22509-22537]"
    }, {
      "left" : "return result;",
      "right" : "return result;",
      "info" : "ReturnStatement[22531-22545]:ReturnStatement[22558-22572]"
    }, {
      "left" : "{}",
      "right" : "{}",
      "info" : "Block[22717-22817]:Block[22744-24588]"
    }, {
      "left" : "this.minimumRangeValue = Double.NaN;",
      "right" : "this.minimumRangeValue = Double.NaN;",
      "info" : "ExpressionStatement[22728-22764]:ExpressionStatement[22755-22791]"
    }, {
      "left" : "this.maximumRangeValue = Double.NaN;",
      "right" : "this.maximumRangeValue = Double.NaN;",
      "info" : "ExpressionStatement[22774-22810]:ExpressionStatement[22886-22922]"
    }, {
      "left" : "{}",
      "right" : "{}",
      "info" : "Block[23070-23439]:Block[24841-25210]"
    }, {
      "left" : "if (obj == this)",
      "right" : "if (obj == this)",
      "info" : "IfStatement[23081-23139]:IfStatement[24852-24910]"
    }, {
      "left" : "{}",
      "right" : "{}",
      "info" : "Block[23098-23139]:Block[24869-24910]"
    }, {
      "left" : "return true;",
      "right" : "return true;",
      "info" : "ReturnStatement[23113-23125]:ReturnStatement[24884-24896]"
    }, {
      "left" : "if (obj instanceof DefaultBoxAndWhiskerCategoryDataset)",
      "right" : "if (obj instanceof DefaultBoxAndWhiskerCategoryDataset)",
      "info" : "IfStatement[23149-23409]:IfStatement[24920-25180]"
    }, {
      "left" : "{}",
      "right" : "{}",
      "info" : "Block[23205-23409]:Block[24976-25180]"
    }, {
      "left" : "DefaultBoxAndWhiskerCategoryDataset dataset \r\n                    = (DefaultBoxAndWhiskerCategoryDataset) obj;",
      "right" : "DefaultBoxAndWhiskerCategoryDataset dataset \r\n                    = (DefaultBoxAndWhiskerCategoryDataset) obj;",
      "info" : "VariableDeclarationStatement[23220-23330]:VariableDeclarationStatement[24991-25101]"
    }, {
      "left" : "return ObjectUtilities.equal(this.data, dataset.data);",
      "right" : "return ObjectUtilities.equal(this.data, dataset.data);",
      "info" : "ReturnStatement[23344-23398]:ReturnStatement[25115-25169]"
    }, {
      "left" : "return false;",
      "right" : "return false;",
      "info" : "ReturnStatement[23419-23432]:ReturnStatement[25190-25203]"
    }, {
      "left" : "{}",
      "right" : "{}",
      "info" : "Block[23680-23893]:Block[25451-25664]"
    }, {
      "left" : "DefaultBoxAndWhiskerCategoryDataset clone \r\n                = (DefaultBoxAndWhiskerCategoryDataset) super.clone();",
      "right" : "DefaultBoxAndWhiskerCategoryDataset clone \r\n                = (DefaultBoxAndWhiskerCategoryDataset) super.clone();",
      "info" : "VariableDeclarationStatement[23691-23805]:VariableDeclarationStatement[25462-25576]"
    }, {
      "left" : "clone.data = (KeyedObjects2D) this.data.clone();",
      "right" : "clone.data = (KeyedObjects2D) this.data.clone();",
      "info" : "ExpressionStatement[23815-23863]:ExpressionStatement[25586-25634]"
    }, {
      "left" : "return clone;",
      "right" : "return clone;",
      "info" : "ReturnStatement[23873-23886]:ReturnStatement[25644-25657]"
    } ]
  },
  "interFileMappings" : { }
}