{"PLAIN_CONFIGURATION": "HybridGumtree-bu_minsize-1400-st_minprio-2-st_priocalc-height", "MATCHER": "HybridGumtree", "NRACTIONS": 93, "SIMACTIONS": 24, "NRROOTS": null, "NR_INSERT": 0, "NR_DELETE": 88, "NR_UPDATE": 3, "NR_MOVE": 2, "NR_TREEINSERT": 0, "NR_TREEDELETE": 0, "TIME": 14, "NROPTIONS": 0, "TIMEOUT": 0, "bu_minsim": null, "bu_minsize": 1400, "st_minprio": 2, "st_priocalc": "height", "cd_labsim": null, "cd_maxleaves": null, "cd_structsim1": null, "cd_structsim2": null, "xy_minsim": null}