{
  "intraFileMappings" : {
    "matchedElements" : [
 {
      "left" : "CoreOperationLessThanOrEqual",
      "right" : "CoreOperationLessThanOrEqual",
      "info" : "TypeDeclaration[948-1627]:TypeDeclaration[850-1353]"
    }, {
      "left" : "public CoreOperationLessThanOrEqual(Expression arg1, Expression arg2)",
      "right" : "public CoreOperationLessThanOrEqual(Expression arg1, Expression arg2)",
      "info" : "MethodDeclaration[1175-1300]:MethodDeclaration[1077-1202]"
    }, {
      "left" : "public String getSymbol()",
      "right" : "public String getSymbol()",
      "info" : "MethodDeclaration[1571-1625]:MethodDeclaration[1297-1351]"
    } ],
    "mappings" : [
 {
      "left" : "public",
      "right" : "public",
      "info" : "Modifier[1076-1082]:Modifier[978-984]"
    }, {
      "left" : "class",
      "right" : "class",
      "info" : "TYPE_DECLARATION_KIND[1083-1088]:TYPE_DECLARATION_KIND[985-990]"
    }, {
      "left" : "CoreOperationLessThanOrEqual",
      "right" : "CoreOperationLessThanOrEqual",
      "info" : "SimpleName[1089-1117]:SimpleName[991-1019]"
    }, {
      "left" : "CoreOperationRelationalExpression",
      "right" : "CoreOperationRelationalExpression",
      "info" : "SimpleType[1134-1167]:SimpleType[1036-1069]"
    }, {
      "left" : "public",
      "right" : "public",
      "info" : "Modifier[1175-1181]:Modifier[1077-1083]"
    }, {
      "left" : "CoreOperationLessThanOrEqual",
      "right" : "CoreOperationLessThanOrEqual",
      "info" : "SimpleName[1182-1210]:SimpleName[1084-1112]"
    }, {
      "left" : "Expression arg1",
      "right" : "Expression arg1",
      "info" : "SingleVariableDeclaration[1211-1226]:SingleVariableDeclaration[1113-1128]"
    }, {
      "left" : "Expression arg2",
      "right" : "Expression arg2",
      "info" : "SingleVariableDeclaration[1228-1243]:SingleVariableDeclaration[1130-1145]"
    }, {
      "left" : "{}",
      "right" : "{}",
      "info" : "Block[1245-1300]:Block[1147-1202]"
    }, {
      "left" : "super(new Expression[] { arg1, arg2 });",
      "right" : "super(new Expression[] { arg1, arg2 });",
      "info" : "SuperConstructorInvocation[1255-1294]:SuperConstructorInvocation[1157-1196]"
    }, {
      "left" : "public",
      "right" : "public",
      "info" : "Modifier[1571-1577]:Modifier[1297-1303]"
    }, {
      "left" : "String",
      "right" : "String",
      "info" : "SimpleType[1578-1584]:SimpleType[1304-1310]"
    }, {
      "left" : "getSymbol",
      "right" : "getSymbol",
      "info" : "SimpleName[1585-1594]:SimpleName[1311-1320]"
    }, {
      "left" : "{}",
      "right" : "{}",
      "info" : "Block[1597-1625]:Block[1323-1351]"
    }, {
      "left" : "return \"<=\";",
      "right" : "return \"<=\";",
      "info" : "ReturnStatement[1607-1619]:ReturnStatement[1333-1345]"
    } ]
  },
  "interFileMappings" : { }
}