{"PLAIN_CONFIGURATION": "SimpleGumtree-st_minprio-5-st_priocalc-height", "MATCHER": "SimpleGumtree", "NRACTIONS": 50, "SIMACTIONS": 15, "NRROOTS": null, "NR_INSERT": 31.0, "NR_DELETE": 15.0, "NR_UPDATE": 2.0, "NR_MOVE": 2.0, "NR_TREEINSERT": 0.0, "NR_TREEDELETE": 0.0, "TIME": 2, "NROPTIONS": 0.0, "TIMEOUT": "0", "bu_minsim": null, "bu_minsize": null, "st_minprio": 5, "st_priocalc": "height", "cd_labsim": null, "cd_maxleaves": null, "cd_structsim1": null, "cd_structsim2": null, "xy_minsim": null}