{"PLAIN_CONFIGURATION": "ClassicGumtree-bu_minsim-0.2-bu_minsize-1400-st_minprio-1-st_priocalc-size", "MATCHER": "ClassicGumtree", "NRACTIONS": 186, "SIMACTIONS": 63, "NRROOTS": null, "NR_INSERT": 175, "NR_DELETE": 2, "NR_UPDATE": 1, "NR_MOVE": 8, "NR_TREEINSERT": 0, "NR_TREEDELETE": 0, "TIME": 16, "NROPTIONS": 0, "TIMEOUT": 0, "bu_minsim": 0.2, "bu_minsize": 1400, "st_minprio": 1, "st_priocalc": "size", "cd_labsim": null, "cd_maxleaves": null, "cd_structsim1": null, "cd_structsim2": null, "xy_minsim": null}