{"PLAIN_CONFIGURATION": "ClassicGumtree-bu_minsim-0.1-bu_minsize-1900-st_minprio-2-st_priocalc-size", "MATCHER": "ClassicGumtree", "NRACTIONS": 176, "SIMACTIONS": 71, "NRROOTS": null, "NR_INSERT": 156, "NR_DELETE": 4, "NR_UPDATE": 4, "NR_MOVE": 12, "NR_TREEINSERT": 0, "NR_TREEDELETE": 0, "TIME": 383, "NROPTIONS": 0, "TIMEOUT": 0, "bu_minsim": 0.1, "bu_minsize": 1900, "st_minprio": 2, "st_priocalc": "size", "cd_labsim": null, "cd_maxleaves": null, "cd_structsim1": null, "cd_structsim2": null, "xy_minsim": null}