{
  "intraFileMappings" : {
    "matchedElements" : [
 {
      "left" : "IOContext",
      "right" : "IOContext",
      "info" : "TypeDeclaration[195-9687]:TypeDeclaration[195-9689]"
    }, {
      "left" : "protected final Object _sourceRef;",
      "right" : "protected final Object _sourceRef;",
      "info" : "FieldDeclaration[696-846]:FieldDeclaration[696-846]"
    }, {
      "left" : "protected JsonEncoding _encoding;",
      "right" : "protected JsonEncoding _encoding;",
      "info" : "FieldDeclaration[852-958]:FieldDeclaration[852-958]"
    }, {
      "left" : "protected final boolean _managedResource;",
      "right" : "protected final boolean _managedResource;",
      "info" : "FieldDeclaration[964-1427]:FieldDeclaration[964-1427]"
    }, {
      "left" : "protected final BufferRecycler _bufferRecycler;",
      "right" : "protected final BufferRecycler _bufferRecycler;",
      "info" : "FieldDeclaration[1611-1736]:FieldDeclaration[1611-1736]"
    }, {
      "left" : "protected byte[] _readIOBuffer;",
      "right" : "protected byte[] _readIOBuffer;",
      "info" : "FieldDeclaration[1742-1888]:FieldDeclaration[1742-1888]"
    }, {
      "left" : "protected byte[] _writeEncodingBuffer;",
      "right" : "protected byte[] _writeEncodingBuffer;",
      "info" : "FieldDeclaration[1894-2047]:FieldDeclaration[1894-2047]"
    }, {
      "left" : "protected byte[] _base64Buffer;",
      "right" : "protected byte[] _base64Buffer;",
      "info" : "FieldDeclaration[2057-2204]:FieldDeclaration[2057-2204]"
    }, {
      "left" : "protected char[] _tokenCBuffer;",
      "right" : "protected char[] _tokenCBuffer;",
      "info" : "FieldDeclaration[2210-2416]:FieldDeclaration[2210-2416]"
    }, {
      "left" : "protected char[] _concatCBuffer;",
      "right" : "protected char[] _concatCBuffer;",
      "info" : "FieldDeclaration[2422-2655]:FieldDeclaration[2422-2655]"
    }, {
      "left" : "protected char[] _nameCopyBuffer;",
      "right" : "protected char[] _nameCopyBuffer;",
      "info" : "FieldDeclaration[2661-2963]:FieldDeclaration[2661-2963]"
    }, {
      "left" : "public IOContext(BufferRecycler br, Object sourceRef, boolean managedResource)",
      "right" : "public IOContext(BufferRecycler br, Object sourceRef, boolean managedResource)",
      "info" : "MethodDeclaration[3131-3327]:MethodDeclaration[3131-3327]"
    }, {
      "left" : "public void setEncoding(JsonEncoding enc)",
      "right" : "public void setEncoding(JsonEncoding enc)",
      "info" : "MethodDeclaration[3333-3407]:MethodDeclaration[3333-3407]"
    }, {
      "left" : "public IOContext withEncoding(JsonEncoding enc)",
      "right" : "public IOContext withEncoding(JsonEncoding enc)",
      "info" : "MethodDeclaration[3413-3548]:MethodDeclaration[3413-3548]"
    }, {
      "left" : "public Object getSourceReference()",
      "right" : "public Object getSourceReference()",
      "info" : "MethodDeclaration[3731-3788]:MethodDeclaration[3731-3788]"
    }, {
      "left" : "public JsonEncoding getEncoding()",
      "right" : "public JsonEncoding getEncoding()",
      "info" : "MethodDeclaration[3793-3848]:MethodDeclaration[3793-3848]"
    }, {
      "left" : "public boolean isResourceManaged()",
      "right" : "public boolean isResourceManaged()",
      "info" : "MethodDeclaration[3853-3916]:MethodDeclaration[3853-3916]"
    }, {
      "left" : "public TextBuffer constructTextBuffer()",
      "right" : "public TextBuffer constructTextBuffer()",
      "info" : "MethodDeclaration[4103-4198]:MethodDeclaration[4103-4198]"
    }, {
      "left" : "public byte[] allocReadIOBuffer()",
      "right" : "public byte[] allocReadIOBuffer()",
      "info" : "MethodDeclaration[4204-4535]:MethodDeclaration[4204-4535]"
    }, {
      "left" : "public byte[] allocReadIOBuffer(int minSize)",
      "right" : "public byte[] allocReadIOBuffer(int minSize)",
      "info" : "MethodDeclaration[4541-4775]:MethodDeclaration[4541-4775]"
    }, {
      "left" : "public byte[] allocWriteEncodingBuffer()",
      "right" : "public byte[] allocWriteEncodingBuffer()",
      "info" : "MethodDeclaration[4785-4993]:MethodDeclaration[4785-4993]"
    }, {
      "left" : "public byte[] allocWriteEncodingBuffer(int minSize)",
      "right" : "public byte[] allocWriteEncodingBuffer(int minSize)",
      "info" : "MethodDeclaration[4999-5261]:MethodDeclaration[4999-5261]"
    }, {
      "left" : "public byte[] allocBase64Buffer()",
      "right" : "public byte[] allocBase64Buffer()",
      "info" : "MethodDeclaration[5271-5490]:MethodDeclaration[5271-5490]"
    }, {
      "left" : "public char[] allocTokenBuffer()",
      "right" : "public char[] allocTokenBuffer()",
      "info" : "MethodDeclaration[5500-5677]:MethodDeclaration[5500-5677]"
    }, {
      "left" : "public char[] allocTokenBuffer(int minSize)",
      "right" : "public char[] allocTokenBuffer(int minSize)",
      "info" : "MethodDeclaration[5683-5914]:MethodDeclaration[5683-5914]"
    }, {
      "left" : "public char[] allocConcatBuffer()",
      "right" : "public char[] allocConcatBuffer()",
      "info" : "MethodDeclaration[5924-6105]:MethodDeclaration[5924-6105]"
    }, {
      "left" : "public char[] allocNameCopyBuffer(int minSize)",
      "right" : "public char[] allocNameCopyBuffer(int minSize)",
      "info" : "MethodDeclaration[6111-6319]:MethodDeclaration[6111-6319]"
    }, {
      "left" : "public void releaseReadIOBuffer(byte[] buf)",
      "right" : "public void releaseReadIOBuffer(byte[] buf)",
      "info" : "MethodDeclaration[6325-6847]:MethodDeclaration[6325-6847]"
    }, {
      "left" : "public void releaseWriteEncodingBuffer(byte[] buf)",
      "right" : "public void releaseWriteEncodingBuffer(byte[] buf)",
      "info" : "MethodDeclaration[6853-7302]:MethodDeclaration[6853-7302]"
    }, {
      "left" : "public void releaseBase64Buffer(byte[] buf)",
      "right" : "public void releaseBase64Buffer(byte[] buf)",
      "info" : "MethodDeclaration[7308-7635]:MethodDeclaration[7308-7635]"
    }, {
      "left" : "public void releaseTokenBuffer(char[] buf)",
      "right" : "public void releaseTokenBuffer(char[] buf)",
      "info" : "MethodDeclaration[7645-7900]:MethodDeclaration[7645-7900]"
    }, {
      "left" : "public void releaseConcatBuffer(char[] buf)",
      "right" : "public void releaseConcatBuffer(char[] buf)",
      "info" : "MethodDeclaration[7906-8252]:MethodDeclaration[7906-8252]"
    }, {
      "left" : "public void releaseNameCopyBuffer(char[] buf)",
      "right" : "public void releaseNameCopyBuffer(char[] buf)",
      "info" : "MethodDeclaration[8258-8611]:MethodDeclaration[8258-8611]"
    }, {
      "left" : "protected final void _verifyAlloc(Object buffer)",
      "right" : "protected final void _verifyAlloc(Object buffer)",
      "info" : "MethodDeclaration[8785-8959]:MethodDeclaration[8785-8959]"
    }, {
      "left" : "protected final void _verifyRelease(byte[] toRelease, byte[] src)",
      "right" : "protected final void _verifyRelease(byte[] toRelease, byte[] src)",
      "info" : "MethodDeclaration[8965-9210]:MethodDeclaration[8965-9209]"
    }, {
      "left" : "protected final void _verifyRelease(char[] toRelease, char[] src)",
      "right" : "protected final void _verifyRelease(char[] toRelease, char[] src)",
      "info" : "MethodDeclaration[9216-9461]:MethodDeclaration[9215-9459]"
    }, {
      "left" : "private IllegalArgumentException wrongBuf()",
      "right" : "private IllegalArgumentException wrongBuf()",
      "info" : "MethodDeclaration[9467-9685]:MethodDeclaration[9465-9687]"
    } ],
    "mappings" : [
 {
      "left" : "{}",
      "right" : "{}",
      "info" : "Block[3214-3327]:Block[3214-3327]"
    }, {
      "left" : "_bufferRecycler = br;",
      "right" : "_bufferRecycler = br;",
      "info" : "ExpressionStatement[3224-3245]:ExpressionStatement[3224-3245]"
    }, {
      "left" : "_sourceRef = sourceRef;",
      "right" : "_sourceRef = sourceRef;",
      "info" : "ExpressionStatement[3254-3277]:ExpressionStatement[3254-3277]"
    }, {
      "left" : "_managedResource = managedResource;",
      "right" : "_managedResource = managedResource;",
      "info" : "ExpressionStatement[3286-3321]:ExpressionStatement[3286-3321]"
    }, {
      "left" : "{}",
      "right" : "{}",
      "info" : "Block[3375-3407]:Block[3375-3407]"
    }, {
      "left" : "_encoding = enc;",
      "right" : "_encoding = enc;",
      "info" : "ExpressionStatement[3385-3401]:ExpressionStatement[3385-3401]"
    }, {
      "left" : "{}",
      "right" : "{}",
      "info" : "Block[3495-3548]:Block[3495-3548]"
    }, {
      "left" : "_encoding = enc;",
      "right" : "_encoding = enc;",
      "info" : "ExpressionStatement[3505-3521]:ExpressionStatement[3505-3521]"
    }, {
      "left" : "return this;",
      "right" : "return this;",
      "info" : "ReturnStatement[3530-3542]:ReturnStatement[3530-3542]"
    }, {
      "left" : "{}",
      "right" : "{}",
      "info" : "Block[3766-3788]:Block[3766-3788]"
    }, {
      "left" : "return _sourceRef;",
      "right" : "return _sourceRef;",
      "info" : "ReturnStatement[3768-3786]:ReturnStatement[3768-3786]"
    }, {
      "left" : "{}",
      "right" : "{}",
      "info" : "Block[3827-3848]:Block[3827-3848]"
    }, {
      "left" : "return _encoding;",
      "right" : "return _encoding;",
      "info" : "ReturnStatement[3829-3846]:ReturnStatement[3829-3846]"
    }, {
      "left" : "{}",
      "right" : "{}",
      "info" : "Block[3888-3916]:Block[3888-3916]"
    }, {
      "left" : "return _managedResource;",
      "right" : "return _managedResource;",
      "info" : "ReturnStatement[3890-3914]:ReturnStatement[3890-3914]"
    }, {
      "left" : "{}",
      "right" : "{}",
      "info" : "Block[4143-4198]:Block[4143-4198]"
    }, {
      "left" : "return new TextBuffer(_bufferRecycler);",
      "right" : "return new TextBuffer(_bufferRecycler);",
      "info" : "ReturnStatement[4153-4192]:ReturnStatement[4153-4192]"
    }, {
      "left" : "{}",
      "right" : "{}",
      "info" : "Block[4389-4535]:Block[4389-4535]"
    }, {
      "left" : "_verifyAlloc(_readIOBuffer);",
      "right" : "_verifyAlloc(_readIOBuffer);",
      "info" : "ExpressionStatement[4399-4427]:ExpressionStatement[4399-4427]"
    }, {
      "left" : "return (_readIOBuffer = _bufferRecycler.allocByteBuffer(BufferRecycler.BYTE_READ_IO_BUFFER));",
      "right" : "return (_readIOBuffer = _bufferRecycler.allocByteBuffer(BufferRecycler.BYTE_READ_IO_BUFFER));",
      "info" : "ReturnStatement[4436-4529]:ReturnStatement[4436-4529]"
    }, {
      "left" : "{}",
      "right" : "{}",
      "info" : "Block[4620-4775]:Block[4620-4775]"
    }, {
      "left" : "_verifyAlloc(_readIOBuffer);",
      "right" : "_verifyAlloc(_readIOBuffer);",
      "info" : "ExpressionStatement[4630-4658]:ExpressionStatement[4630-4658]"
    }, {
      "left" : "return (_readIOBuffer = _bufferRecycler.allocByteBuffer(BufferRecycler.BYTE_READ_IO_BUFFER, minSize));",
      "right" : "return (_readIOBuffer = _bufferRecycler.allocByteBuffer(BufferRecycler.BYTE_READ_IO_BUFFER, minSize));",
      "info" : "ReturnStatement[4667-4769]:ReturnStatement[4667-4769]"
    }, {
      "left" : "{}",
      "right" : "{}",
      "info" : "Block[4826-4993]:Block[4826-4993]"
    }, {
      "left" : "_verifyAlloc(_writeEncodingBuffer);",
      "right" : "_verifyAlloc(_writeEncodingBuffer);",
      "info" : "ExpressionStatement[4836-4871]:ExpressionStatement[4836-4871]"
    }, {
      "left" : "return (_writeEncodingBuffer = _bufferRecycler.allocByteBuffer(BufferRecycler.BYTE_WRITE_ENCODING_BUFFER));",
      "right" : "return (_writeEncodingBuffer = _bufferRecycler.allocByteBuffer(BufferRecycler.BYTE_WRITE_ENCODING_BUFFER));",
      "info" : "ReturnStatement[4880-4987]:ReturnStatement[4880-4987]"
    }, {
      "left" : "{}",
      "right" : "{}",
      "info" : "Block[5085-5261]:Block[5085-5261]"
    }, {
      "left" : "_verifyAlloc(_writeEncodingBuffer);",
      "right" : "_verifyAlloc(_writeEncodingBuffer);",
      "info" : "ExpressionStatement[5095-5130]:ExpressionStatement[5095-5130]"
    }, {
      "left" : "return (_writeEncodingBuffer = _bufferRecycler.allocByteBuffer(BufferRecycler.BYTE_WRITE_ENCODING_BUFFER, minSize));",
      "right" : "return (_writeEncodingBuffer = _bufferRecycler.allocByteBuffer(BufferRecycler.BYTE_WRITE_ENCODING_BUFFER, minSize));",
      "info" : "ReturnStatement[5139-5255]:ReturnStatement[5139-5255]"
    }, {
      "left" : "{}",
      "right" : "{}",
      "info" : "Block[5339-5490]:Block[5339-5490]"
    }, {
      "left" : "_verifyAlloc(_base64Buffer);",
      "right" : "_verifyAlloc(_base64Buffer);",
      "info" : "ExpressionStatement[5349-5377]:ExpressionStatement[5349-5377]"
    }, {
      "left" : "return (_base64Buffer = _bufferRecycler.allocByteBuffer(BufferRecycler.BYTE_BASE64_CODEC_BUFFER));",
      "right" : "return (_base64Buffer = _bufferRecycler.allocByteBuffer(BufferRecycler.BYTE_BASE64_CODEC_BUFFER));",
      "info" : "ReturnStatement[5386-5484]:ReturnStatement[5386-5484]"
    }, {
      "left" : "{}",
      "right" : "{}",
      "info" : "Block[5533-5677]:Block[5533-5677]"
    }, {
      "left" : "_verifyAlloc(_tokenCBuffer);",
      "right" : "_verifyAlloc(_tokenCBuffer);",
      "info" : "ExpressionStatement[5543-5571]:ExpressionStatement[5543-5571]"
    }, {
      "left" : "return (_tokenCBuffer = _bufferRecycler.allocCharBuffer(BufferRecycler.CHAR_TOKEN_BUFFER));",
      "right" : "return (_tokenCBuffer = _bufferRecycler.allocCharBuffer(BufferRecycler.CHAR_TOKEN_BUFFER));",
      "info" : "ReturnStatement[5580-5671]:ReturnStatement[5580-5671]"
    }, {
      "left" : "{}",
      "right" : "{}",
      "info" : "Block[5761-5914]:Block[5761-5914]"
    }, {
      "left" : "_verifyAlloc(_tokenCBuffer);",
      "right" : "_verifyAlloc(_tokenCBuffer);",
      "info" : "ExpressionStatement[5771-5799]:ExpressionStatement[5771-5799]"
    }, {
      "left" : "return (_tokenCBuffer = _bufferRecycler.allocCharBuffer(BufferRecycler.CHAR_TOKEN_BUFFER, minSize));",
      "right" : "return (_tokenCBuffer = _bufferRecycler.allocCharBuffer(BufferRecycler.CHAR_TOKEN_BUFFER, minSize));",
      "info" : "ReturnStatement[5808-5908]:ReturnStatement[5808-5908]"
    }, {
      "left" : "{}",
      "right" : "{}",
      "info" : "Block[5958-6105]:Block[5958-6105]"
    }, {
      "left" : "_verifyAlloc(_concatCBuffer);",
      "right" : "_verifyAlloc(_concatCBuffer);",
      "info" : "ExpressionStatement[5968-5997]:ExpressionStatement[5968-5997]"
    }, {
      "left" : "return (_concatCBuffer = _bufferRecycler.allocCharBuffer(BufferRecycler.CHAR_CONCAT_BUFFER));",
      "right" : "return (_concatCBuffer = _bufferRecycler.allocCharBuffer(BufferRecycler.CHAR_CONCAT_BUFFER));",
      "info" : "ReturnStatement[6006-6099]:ReturnStatement[6006-6099]"
    }, {
      "left" : "{}",
      "right" : "{}",
      "info" : "Block[6158-6319]:Block[6158-6319]"
    }, {
      "left" : "_verifyAlloc(_nameCopyBuffer);",
      "right" : "_verifyAlloc(_nameCopyBuffer);",
      "info" : "ExpressionStatement[6168-6198]:ExpressionStatement[6168-6198]"
    }, {
      "left" : "return (_nameCopyBuffer = _bufferRecycler.allocCharBuffer(BufferRecycler.CHAR_NAME_COPY_BUFFER, minSize));",
      "right" : "return (_nameCopyBuffer = _bufferRecycler.allocCharBuffer(BufferRecycler.CHAR_NAME_COPY_BUFFER, minSize));",
      "info" : "ReturnStatement[6207-6313]:ReturnStatement[6207-6313]"
    }, {
      "left" : "{}",
      "right" : "{}",
      "info" : "Block[6470-6847]:Block[6470-6847]"
    }, {
      "left" : "if (buf != null)",
      "right" : "if (buf != null)",
      "info" : "IfStatement[6480-6841]:IfStatement[6480-6841]"
    }, {
      "left" : "{}",
      "right" : "{}",
      "info" : "Block[6497-6841]:Block[6497-6841]"
    }, {
      "left" : "_verifyRelease(buf, _readIOBuffer);",
      "right" : "_verifyRelease(buf, _readIOBuffer);",
      "info" : "ExpressionStatement[6674-6709]:ExpressionStatement[6674-6709]"
    }, {
      "left" : "_readIOBuffer = null;",
      "right" : "_readIOBuffer = null;",
      "info" : "ExpressionStatement[6722-6743]:ExpressionStatement[6722-6743]"
    }, {
      "left" : "_bufferRecycler.releaseByteBuffer(BufferRecycler.BYTE_READ_IO_BUFFER, buf);",
      "right" : "_bufferRecycler.releaseByteBuffer(BufferRecycler.BYTE_READ_IO_BUFFER, buf);",
      "info" : "ExpressionStatement[6756-6831]:ExpressionStatement[6756-6831]"
    }, {
      "left" : "{}",
      "right" : "{}",
      "info" : "Block[6904-7302]:Block[6904-7302]"
    }, {
      "left" : "if (buf != null)",
      "right" : "if (buf != null)",
      "info" : "IfStatement[6914-7296]:IfStatement[6914-7296]"
    }, {
      "left" : "{}",
      "right" : "{}",
      "info" : "Block[6931-7296]:Block[6931-7296]"
    }, {
      "left" : "_verifyRelease(buf, _writeEncodingBuffer);",
      "right" : "_verifyRelease(buf, _writeEncodingBuffer);",
      "info" : "ExpressionStatement[7108-7150]:ExpressionStatement[7108-7150]"
    }, {
      "left" : "_writeEncodingBuffer = null;",
      "right" : "_writeEncodingBuffer = null;",
      "info" : "ExpressionStatement[7163-7191]:ExpressionStatement[7163-7191]"
    }, {
      "left" : "_bufferRecycler.releaseByteBuffer(BufferRecycler.BYTE_WRITE_ENCODING_BUFFER, buf);",
      "right" : "_bufferRecycler.releaseByteBuffer(BufferRecycler.BYTE_WRITE_ENCODING_BUFFER, buf);",
      "info" : "ExpressionStatement[7204-7286]:ExpressionStatement[7204-7286]"
    }, {
      "left" : "{}",
      "right" : "{}",
      "info" : "Block[7352-7635]:Block[7352-7635]"
    }, {
      "left" : "if (buf != null)",
      "right" : "if (buf != null)",
      "info" : "IfStatement[7362-7629]:IfStatement[7362-7629]"
    }, {
      "left" : "{}",
      "right" : "{}",
      "info" : "Block[7379-7629]:Block[7379-7629]"
    }, {
      "left" : "_verifyRelease(buf, _base64Buffer);",
      "right" : "_verifyRelease(buf, _base64Buffer);",
      "info" : "ExpressionStatement[7457-7492]:ExpressionStatement[7457-7492]"
    }, {
      "left" : "_base64Buffer = null;",
      "right" : "_base64Buffer = null;",
      "info" : "ExpressionStatement[7505-7526]:ExpressionStatement[7505-7526]"
    }, {
      "left" : "_bufferRecycler.releaseByteBuffer(BufferRecycler.BYTE_BASE64_CODEC_BUFFER, buf);",
      "right" : "_bufferRecycler.releaseByteBuffer(BufferRecycler.BYTE_BASE64_CODEC_BUFFER, buf);",
      "info" : "ExpressionStatement[7539-7619]:ExpressionStatement[7539-7619]"
    }, {
      "left" : "{}",
      "right" : "{}",
      "info" : "Block[7688-7900]:Block[7688-7900]"
    }, {
      "left" : "if (buf != null)",
      "right" : "if (buf != null)",
      "info" : "IfStatement[7698-7894]:IfStatement[7698-7894]"
    }, {
      "left" : "{}",
      "right" : "{}",
      "info" : "Block[7715-7894]:Block[7715-7894]"
    }, {
      "left" : "_verifyRelease(buf, _tokenCBuffer);",
      "right" : "_verifyRelease(buf, _tokenCBuffer);",
      "info" : "ExpressionStatement[7729-7764]:ExpressionStatement[7729-7764]"
    }, {
      "left" : "_tokenCBuffer = null;",
      "right" : "_tokenCBuffer = null;",
      "info" : "ExpressionStatement[7777-7798]:ExpressionStatement[7777-7798]"
    }, {
      "left" : "_bufferRecycler.releaseCharBuffer(BufferRecycler.CHAR_TOKEN_BUFFER, buf);",
      "right" : "_bufferRecycler.releaseCharBuffer(BufferRecycler.CHAR_TOKEN_BUFFER, buf);",
      "info" : "ExpressionStatement[7811-7884]:ExpressionStatement[7811-7884]"
    }, {
      "left" : "{}",
      "right" : "{}",
      "info" : "Block[7950-8252]:Block[7950-8252]"
    }, {
      "left" : "if (buf != null)",
      "right" : "if (buf != null)",
      "info" : "IfStatement[7960-8246]:IfStatement[7960-8246]"
    }, {
      "left" : "{}",
      "right" : "{}",
      "info" : "Block[7977-8246]:Block[7977-8246]"
    }, {
      "left" : "_verifyRelease(buf, _concatCBuffer);",
      "right" : "_verifyRelease(buf, _concatCBuffer);",
      "info" : "ExpressionStatement[8078-8114]:ExpressionStatement[8078-8114]"
    }, {
      "left" : "_concatCBuffer = null;",
      "right" : "_concatCBuffer = null;",
      "info" : "ExpressionStatement[8127-8149]:ExpressionStatement[8127-8149]"
    }, {
      "left" : "_bufferRecycler.releaseCharBuffer(BufferRecycler.CHAR_CONCAT_BUFFER, buf);",
      "right" : "_bufferRecycler.releaseCharBuffer(BufferRecycler.CHAR_CONCAT_BUFFER, buf);",
      "info" : "ExpressionStatement[8162-8236]:ExpressionStatement[8162-8236]"
    }, {
      "left" : "{}",
      "right" : "{}",
      "info" : "Block[8304-8611]:Block[8304-8611]"
    }, {
      "left" : "if (buf != null)",
      "right" : "if (buf != null)",
      "info" : "IfStatement[8314-8605]:IfStatement[8314-8605]"
    }, {
      "left" : "{}",
      "right" : "{}",
      "info" : "Block[8331-8605]:Block[8331-8605]"
    }, {
      "left" : "_verifyRelease(buf, _nameCopyBuffer);",
      "right" : "_verifyRelease(buf, _nameCopyBuffer);",
      "info" : "ExpressionStatement[8432-8469]:ExpressionStatement[8432-8469]"
    }, {
      "left" : "_nameCopyBuffer = null;",
      "right" : "_nameCopyBuffer = null;",
      "info" : "ExpressionStatement[8482-8505]:ExpressionStatement[8482-8505]"
    }, {
      "left" : "_bufferRecycler.releaseCharBuffer(BufferRecycler.CHAR_NAME_COPY_BUFFER, buf);",
      "right" : "_bufferRecycler.releaseCharBuffer(BufferRecycler.CHAR_NAME_COPY_BUFFER, buf);",
      "info" : "ExpressionStatement[8518-8595]:ExpressionStatement[8518-8595]"
    }, {
      "left" : "{}",
      "right" : "{}",
      "info" : "Block[8834-8959]:Block[8834-8959]"
    }, {
      "left" : "if (buffer != null)",
      "right" : "if (buffer != null)",
      "info" : "IfStatement[8844-8953]:IfStatement[8844-8953]"
    }, {
      "left" : "{}",
      "right" : "{}",
      "info" : "Block[8864-8953]:Block[8864-8953]"
    }, {
      "left" : "throw new IllegalStateException(\"Trying to call same allocXxx() method second time\");",
      "right" : "throw new IllegalStateException(\"Trying to call same allocXxx() method second time\");",
      "info" : "ThrowStatement[8866-8951]:ThrowStatement[8866-8951]"
    }, {
      "left" : "{}",
      "right" : "{}",
      "info" : "Block[9031-9210]:Block[9031-9209]"
    }, {
      "left" : "if ((toRelease != src) && (toRelease.length <= src.length))",
      "right" : "if ((toRelease != src) && (toRelease.length < src.length))",
      "info" : "IfStatement[9123-9204]:IfStatement[9123-9203]"
    }, {
      "left" : "{}",
      "right" : "{}",
      "info" : "Block[9183-9204]:Block[9182-9203]"
    }, {
      "left" : "throw wrongBuf();",
      "right" : "throw wrongBuf();",
      "info" : "ThrowStatement[9185-9202]:ThrowStatement[9184-9201]"
    }, {
      "left" : "{}",
      "right" : "{}",
      "info" : "Block[9282-9461]:Block[9281-9459]"
    }, {
      "left" : "if ((toRelease != src) && (toRelease.length <= src.length))",
      "right" : "if ((toRelease != src) && (toRelease.length < src.length))",
      "info" : "IfStatement[9374-9455]:IfStatement[9373-9453]"
    }, {
      "left" : "{}",
      "right" : "{}",
      "info" : "Block[9434-9455]:Block[9432-9453]"
    }, {
      "left" : "throw wrongBuf();",
      "right" : "throw wrongBuf();",
      "info" : "ThrowStatement[9436-9453]:ThrowStatement[9434-9451]"
    }, {
      "left" : "{}",
      "right" : "{}",
      "info" : "Block[9511-9685]:Block[9509-9687]"
    }, {
      "left" : "return new IllegalArgumentException(\"Trying to release buffer not owned by the context\");",
      "right" : "return new IllegalArgumentException(\"Trying to release buffer smaller than original\");",
      "info" : "ReturnStatement[9589-9678]:ReturnStatement[9595-9681]"
    } ]
  },
  "interFileMappings" : { }
}