{"PLAIN_CONFIGURATION": "HybridGumtree-bu_minsize-100-st_minprio-4-st_priocalc-height", "MATCHER": "HybridGumtree", "NRACTIONS": 45, "SIMACTIONS": 4, "NRROOTS": null, "NR_INSERT": 0.0, "NR_DELETE": 43.0, "NR_UPDATE": 2.0, "NR_MOVE": 0.0, "NR_TREEINSERT": 0.0, "NR_TREEDELETE": 0.0, "TIME": 176, "NROPTIONS": 0.0, "TIMEOUT": "0", "bu_minsim": null, "bu_minsize": 100, "st_minprio": 4, "st_priocalc": "height", "cd_labsim": null, "cd_maxleaves": null, "cd_structsim1": null, "cd_structsim2": null, "xy_minsim": null}