{"PLAIN_CONFIGURATION": "ClassicGumtree-bu_minsim-0.1-bu_minsize-1100-st_minprio-1-st_priocalc-size", "MATCHER": "ClassicGumtree", "NRACTIONS": 128, "SIMACTIONS": 70, "NRROOTS": null, "NR_INSERT": 98, "NR_DELETE": 9, "NR_UPDATE": 9, "NR_MOVE": 12, "NR_TREEINSERT": 0, "NR_TREEDELETE": 0, "TIME": 170, "NROPTIONS": 0, "TIMEOUT": 0, "bu_minsim": 0.1, "bu_minsize": 1100, "st_minprio": 1, "st_priocalc": "size", "cd_labsim": null, "cd_maxleaves": null, "cd_structsim1": null, "cd_structsim2": null, "xy_minsim": null}