{"PLAIN_CONFIGURATION": "HybridGumtree-bu_minsize-300-st_minprio-4-st_priocalc-height", "MATCHER": "HybridGumtree", "NRACTIONS": 105, "SIMACTIONS": 13, "NRROOTS": null, "NR_INSERT": 101, "NR_DELETE": 2, "NR_UPDATE": 1, "NR_MOVE": 1, "NR_TREEINSERT": 0, "NR_TREEDELETE": 0, "TIME": 18, "NROPTIONS": 0, "TIMEOUT": 0, "bu_minsim": null, "bu_minsize": 300, "st_minprio": 4, "st_priocalc": "height", "cd_labsim": null, "cd_maxleaves": null, "cd_structsim1": null, "cd_structsim2": null, "xy_minsim": null}