{
  "intraFileMappings" : {
    "matchedElements" : [
 {
      "left" : "DefaultKeyedValues2D",
      "right" : "DefaultKeyedValues2D",
      "info" : "TypeDeclaration[2700-17960]:TypeDeclaration[2700-18297]"
    }, {
      "left" : "private static final long serialVersionUID = -5514169970951994748L;",
      "right" : "private static final long serialVersionUID = -5514169970951994748L;",
      "info" : "FieldDeclaration[3139-3237]:FieldDeclaration[3139-3237]"
    }, {
      "left" : "private List rowKeys;",
      "right" : "private List rowKeys;",
      "info" : "FieldDeclaration[3249-3296]:FieldDeclaration[3249-3296]"
    }, {
      "left" : "private List columnKeys;",
      "right" : "private List columnKeys;",
      "info" : "FieldDeclaration[3304-3357]:FieldDeclaration[3304-3357]"
    }, {
      "left" : "private List rows;",
      "right" : "private List rows;",
      "info" : "FieldDeclaration[3365-3409]:FieldDeclaration[3365-3409]"
    }, {
      "left" : "private boolean sortRowKeys;",
      "right" : "private boolean sortRowKeys;",
      "info" : "FieldDeclaration[3421-3521]:FieldDeclaration[3421-3521]"
    }, {
      "left" : "public DefaultKeyedValues2D()",
      "right" : "public DefaultKeyedValues2D()",
      "info" : "MethodDeclaration[3529-3657]:MethodDeclaration[3529-3657]"
    }, {
      "left" : "public DefaultKeyedValues2D(boolean sortRowKeys)",
      "right" : "public DefaultKeyedValues2D(boolean sortRowKeys)",
      "info" : "MethodDeclaration[3665-4055]:MethodDeclaration[3665-4055]"
    }, {
      "left" : "public int getRowCount()",
      "right" : "public int getRowCount()",
      "info" : "MethodDeclaration[4063-4261]:MethodDeclaration[4063-4261]"
    }, {
      "left" : "public int getColumnCount()",
      "right" : "public int getColumnCount()",
      "info" : "MethodDeclaration[4269-4476]:MethodDeclaration[4269-4476]"
    }, {
      "left" : "public Number getValue(int row, int column)",
      "right" : "public Number getValue(int row, int column)",
      "info" : "MethodDeclaration[4484-5305]:MethodDeclaration[4484-5305]"
    }, {
      "left" : "public Comparable getRowKey(int row)",
      "right" : "public Comparable getRowKey(int row)",
      "info" : "MethodDeclaration[5313-5675]:MethodDeclaration[5313-5675]"
    }, {
      "left" : "public int getRowIndex(Comparable key)",
      "right" : "public int getRowIndex(Comparable key)",
      "info" : "MethodDeclaration[5683-6279]:MethodDeclaration[5683-6279]"
    }, {
      "left" : "public List getRowKeys()",
      "right" : "public List getRowKeys()",
      "info" : "MethodDeclaration[6287-6529]:MethodDeclaration[6287-6529]"
    }, {
      "left" : "public Comparable getColumnKey(int column)",
      "right" : "public Comparable getColumnKey(int column)",
      "info" : "MethodDeclaration[6537-6926]:MethodDeclaration[6537-6926]"
    }, {
      "left" : "public int getColumnIndex(Comparable key)",
      "right" : "public int getColumnIndex(Comparable key)",
      "info" : "MethodDeclaration[6934-7402]:MethodDeclaration[6934-7402]"
    }, {
      "left" : "public List getColumnKeys()",
      "right" : "public List getColumnKeys()",
      "info" : "MethodDeclaration[7410-7661]:MethodDeclaration[7410-7661]"
    }, {
      "left" : "public Number getValue(Comparable rowKey, Comparable columnKey)",
      "right" : "public Number getValue(Comparable rowKey, Comparable columnKey)",
      "info" : "MethodDeclaration[7669-9398]:MethodDeclaration[7669-9398]"
    }, {
      "left" : "public void addValue(Number value, Comparable rowKey, \r\n                         Comparable columnKey)",
      "right" : "public void addValue(Number value, Comparable rowKey, \r\n                         Comparable columnKey)",
      "info" : "MethodDeclaration[9406-10065]:MethodDeclaration[9406-10065]"
    }, {
      "left" : "public void setValue(Number value, Comparable rowKey, \r\n                         Comparable columnKey)",
      "right" : "public void setValue(Number value, Comparable rowKey, \r\n                         Comparable columnKey)",
      "info" : "MethodDeclaration[10073-11346]:MethodDeclaration[10073-11346]"
    }, {
      "left" : "public void removeValue(Comparable rowKey, Comparable columnKey)",
      "right" : "public void removeValue(Comparable rowKey, Comparable columnKey)",
      "info" : "MethodDeclaration[11354-13498]:MethodDeclaration[11354-13498]"
    }, {
      "left" : "public void removeRow(int rowIndex)",
      "right" : "public void removeRow(int rowIndex)",
      "info" : "MethodDeclaration[13506-13793]:MethodDeclaration[13506-13793]"
    }, {
      "left" : "public void removeRow(Comparable rowKey)",
      "right" : "public void removeRow(Comparable rowKey)",
      "info" : "MethodDeclaration[13801-14087]:MethodDeclaration[13801-14087]"
    }, {
      "left" : "public void removeColumn(int columnIndex)",
      "right" : "public void removeColumn(int columnIndex)",
      "info" : "MethodDeclaration[14095-14413]:MethodDeclaration[14095-14413]"
    }, {
      "left" : "public void removeColumn(Comparable columnKey)",
      "right" : "public void removeColumn(Comparable columnKey)",
      "info" : "MethodDeclaration[14421-15191]:MethodDeclaration[14421-15528]"
    }, {
      "left" : "public void clear()",
      "right" : "public void clear()",
      "info" : "MethodDeclaration[15199-15387]:MethodDeclaration[15536-15724]"
    }, {
      "left" : "public boolean equals(Object o)",
      "right" : "public boolean equals(Object o)",
      "info" : "MethodDeclaration[15399-16874]:MethodDeclaration[15736-17211]"
    }, {
      "left" : "public int hashCode()",
      "right" : "public int hashCode()",
      "info" : "MethodDeclaration[16882-17199]:MethodDeclaration[17219-17536]"
    }, {
      "left" : "public Object clone() throws CloneNotSupportedException",
      "right" : "public Object clone() throws CloneNotSupportedException",
      "info" : "MethodDeclaration[17207-17955]:MethodDeclaration[17544-18292]"
    } ],
    "mappings" : [
 {
      "left" : "public",
      "right" : "public",
      "info" : "Modifier[2935-2941]:Modifier[2935-2941]"
    }, {
      "left" : "class",
      "right" : "class",
      "info" : "TYPE_DECLARATION_KIND[2942-2947]:TYPE_DECLARATION_KIND[2942-2947]"
    }, {
      "left" : "DefaultKeyedValues2D",
      "right" : "DefaultKeyedValues2D",
      "info" : "SimpleName[2948-2968]:SimpleName[2948-2968]"
    }, {
      "left" : "KeyedValues2D",
      "right" : "KeyedValues2D",
      "info" : "SimpleType[2980-2993]:SimpleType[2980-2993]"
    }, {
      "left" : "PublicCloneable",
      "right" : "PublicCloneable",
      "info" : "SimpleType[3042-3057]:SimpleType[3042-3057]"
    }, {
      "left" : "Cloneable",
      "right" : "Cloneable",
      "info" : "SimpleType[3059-3068]:SimpleType[3059-3068]"
    }, {
      "left" : "Serializable",
      "right" : "Serializable",
      "info" : "SimpleType[3117-3129]:SimpleType[3117-3129]"
    }, {
      "left" : "public",
      "right" : "public",
      "info" : "Modifier[3597-3603]:Modifier[3597-3603]"
    }, {
      "left" : "DefaultKeyedValues2D",
      "right" : "DefaultKeyedValues2D",
      "info" : "SimpleName[3604-3624]:SimpleName[3604-3624]"
    }, {
      "left" : "{}",
      "right" : "{}",
      "info" : "Block[3627-3657]:Block[3627-3657]"
    }, {
      "left" : "this(false);",
      "right" : "this(false);",
      "info" : "ConstructorInvocation[3638-3650]:ConstructorInvocation[3638-3650]"
    }, {
      "left" : "public",
      "right" : "public",
      "info" : "Modifier[3804-3810]:Modifier[3804-3810]"
    }, {
      "left" : "DefaultKeyedValues2D",
      "right" : "DefaultKeyedValues2D",
      "info" : "SimpleName[3811-3831]:SimpleName[3811-3831]"
    }, {
      "left" : "boolean sortRowKeys",
      "right" : "boolean sortRowKeys",
      "info" : "SingleVariableDeclaration[3832-3851]:SingleVariableDeclaration[3832-3851]"
    }, {
      "left" : "{}",
      "right" : "{}",
      "info" : "Block[3853-4055]:Block[3853-4055]"
    }, {
      "left" : "this.rowKeys = new java.util.ArrayList();",
      "right" : "this.rowKeys = new java.util.ArrayList();",
      "info" : "ExpressionStatement[3864-3905]:ExpressionStatement[3864-3905]"
    }, {
      "left" : "this.columnKeys = new java.util.ArrayList();",
      "right" : "this.columnKeys = new java.util.ArrayList();",
      "info" : "ExpressionStatement[3915-3959]:ExpressionStatement[3915-3959]"
    }, {
      "left" : "this.rows = new java.util.ArrayList();",
      "right" : "this.rows = new java.util.ArrayList();",
      "info" : "ExpressionStatement[3969-4007]:ExpressionStatement[3969-4007]"
    }, {
      "left" : "this.sortRowKeys = sortRowKeys;",
      "right" : "this.sortRowKeys = sortRowKeys;",
      "info" : "ExpressionStatement[4017-4048]:ExpressionStatement[4017-4048]"
    }, {
      "left" : "public",
      "right" : "public",
      "info" : "Modifier[4191-4197]:Modifier[4191-4197]"
    }, {
      "left" : "int",
      "right" : "int",
      "info" : "PrimitiveType[4198-4201]:PrimitiveType[4198-4201]"
    }, {
      "left" : "getRowCount",
      "right" : "getRowCount",
      "info" : "SimpleName[4202-4213]:SimpleName[4202-4213]"
    }, {
      "left" : "{}",
      "right" : "{}",
      "info" : "Block[4216-4261]:Block[4216-4261]"
    }, {
      "left" : "return this.rowKeys.size();",
      "right" : "return this.rowKeys.size();",
      "info" : "ReturnStatement[4227-4254]:ReturnStatement[4227-4254]"
    }, {
      "left" : "public",
      "right" : "public",
      "info" : "Modifier[4400-4406]:Modifier[4400-4406]"
    }, {
      "left" : "int",
      "right" : "int",
      "info" : "PrimitiveType[4407-4410]:PrimitiveType[4407-4410]"
    }, {
      "left" : "getColumnCount",
      "right" : "getColumnCount",
      "info" : "SimpleName[4411-4425]:SimpleName[4411-4425]"
    }, {
      "left" : "{}",
      "right" : "{}",
      "info" : "Block[4428-4476]:Block[4428-4476]"
    }, {
      "left" : "return this.columnKeys.size();",
      "right" : "return this.columnKeys.size();",
      "info" : "ReturnStatement[4439-4469]:ReturnStatement[4439-4469]"
    }, {
      "left" : "public",
      "right" : "public",
      "info" : "Modifier[4731-4737]:Modifier[4731-4737]"
    }, {
      "left" : "Number",
      "right" : "Number",
      "info" : "SimpleType[4738-4744]:SimpleType[4738-4744]"
    }, {
      "left" : "getValue",
      "right" : "getValue",
      "info" : "SimpleName[4745-4753]:SimpleName[4745-4753]"
    }, {
      "left" : "int row",
      "right" : "int row",
      "info" : "SingleVariableDeclaration[4754-4761]:SingleVariableDeclaration[4754-4761]"
    }, {
      "left" : "int column",
      "right" : "int column",
      "info" : "SingleVariableDeclaration[4763-4773]:SingleVariableDeclaration[4763-4773]"
    }, {
      "left" : "{}",
      "right" : "{}",
      "info" : "Block[4775-5305]:Block[4775-5305]"
    }, {
      "left" : "Number result = null;",
      "right" : "Number result = null;",
      "info" : "VariableDeclarationStatement[4786-4807]:VariableDeclarationStatement[4786-4807]"
    }, {
      "left" : "DefaultKeyedValues rowData = (DefaultKeyedValues) this.rows.get(row);",
      "right" : "DefaultKeyedValues rowData = (DefaultKeyedValues) this.rows.get(row);",
      "info" : "VariableDeclarationStatement[4817-4886]:VariableDeclarationStatement[4817-4886]"
    }, {
      "left" : "if (rowData != null)",
      "right" : "if (rowData != null)",
      "info" : "IfStatement[4896-5274]:IfStatement[4896-5274]"
    }, {
      "left" : "{}",
      "right" : "{}",
      "info" : "Block[4917-5274]:Block[4917-5274]"
    }, {
      "left" : "Comparable columnKey = (Comparable) this.columnKeys.get(column);",
      "right" : "Comparable columnKey = (Comparable) this.columnKeys.get(column);",
      "info" : "VariableDeclarationStatement[4932-4996]:VariableDeclarationStatement[4932-4996]"
    }, {
      "left" : "int index = rowData.getIndex(columnKey);",
      "right" : "int index = rowData.getIndex(columnKey);",
      "info" : "VariableDeclarationStatement[5126-5166]:VariableDeclarationStatement[5126-5166]"
    }, {
      "left" : "if (index >= 0)",
      "right" : "if (index >= 0)",
      "info" : "IfStatement[5180-5263]:IfStatement[5180-5263]"
    }, {
      "left" : "{}",
      "right" : "{}",
      "info" : "Block[5196-5263]:Block[5196-5263]"
    }, {
      "left" : "result = rowData.getValue(index);",
      "right" : "result = rowData.getValue(index);",
      "info" : "ExpressionStatement[5215-5248]:ExpressionStatement[5215-5248]"
    }, {
      "left" : "return result;",
      "right" : "return result;",
      "info" : "ReturnStatement[5284-5298]:ReturnStatement[5284-5298]"
    }, {
      "left" : "public",
      "right" : "public",
      "info" : "Modifier[5578-5584]:Modifier[5578-5584]"
    }, {
      "left" : "Comparable",
      "right" : "Comparable",
      "info" : "SimpleType[5585-5595]:SimpleType[5585-5595]"
    }, {
      "left" : "getRowKey",
      "right" : "getRowKey",
      "info" : "SimpleName[5596-5605]:SimpleName[5596-5605]"
    }, {
      "left" : "int row",
      "right" : "int row",
      "info" : "SingleVariableDeclaration[5606-5613]:SingleVariableDeclaration[5606-5613]"
    }, {
      "left" : "{}",
      "right" : "{}",
      "info" : "Block[5615-5675]:Block[5615-5675]"
    }, {
      "left" : "return (Comparable) this.rowKeys.get(row);",
      "right" : "return (Comparable) this.rowKeys.get(row);",
      "info" : "ReturnStatement[5626-5668]:ReturnStatement[5626-5668]"
    }, {
      "left" : "public",
      "right" : "public",
      "info" : "Modifier[5937-5943]:Modifier[5937-5943]"
    }, {
      "left" : "int",
      "right" : "int",
      "info" : "PrimitiveType[5944-5947]:PrimitiveType[5944-5947]"
    }, {
      "left" : "getRowIndex",
      "right" : "getRowIndex",
      "info" : "SimpleName[5948-5959]:SimpleName[5948-5959]"
    }, {
      "left" : "Comparable key",
      "right" : "Comparable key",
      "info" : "SingleVariableDeclaration[5960-5974]:SingleVariableDeclaration[5960-5974]"
    }, {
      "left" : "{}",
      "right" : "{}",
      "info" : "Block[5976-6279]:Block[5976-6279]"
    }, {
      "left" : "if (key == null)",
      "right" : "if (key == null)",
      "info" : "IfStatement[5987-6089]:IfStatement[5987-6089]"
    }, {
      "left" : "{}",
      "right" : "{}",
      "info" : "Block[6004-6089]:Block[6004-6089]"
    }, {
      "left" : "throw new IllegalArgumentException(\"Null 'key' argument.\");",
      "right" : "throw new IllegalArgumentException(\"Null 'key' argument.\");",
      "info" : "ThrowStatement[6019-6078]:ThrowStatement[6019-6078]"
    }, {
      "left" : "if (this.sortRowKeys)",
      "right" : "if (this.sortRowKeys)",
      "info" : "IfStatement[6099-6272]:IfStatement[6099-6272]"
    }, {
      "left" : "{}",
      "right" : "{}",
      "info" : "Block[6121-6198]:Block[6121-6198]"
    }, {
      "left" : "return Collections.binarySearch(this.rowKeys, key);",
      "right" : "return Collections.binarySearch(this.rowKeys, key);",
      "info" : "ReturnStatement[6136-6187]:ReturnStatement[6136-6187]"
    }, {
      "left" : "{}",
      "right" : "{}",
      "info" : "Block[6213-6272]:Block[6213-6272]"
    }, {
      "left" : "return this.rowKeys.indexOf(key);",
      "right" : "return this.rowKeys.indexOf(key);",
      "info" : "ReturnStatement[6228-6261]:ReturnStatement[6228-6261]"
    }, {
      "left" : "public",
      "right" : "public",
      "info" : "Modifier[6436-6442]:Modifier[6436-6442]"
    }, {
      "left" : "List",
      "right" : "List",
      "info" : "SimpleType[6443-6447]:SimpleType[6443-6447]"
    }, {
      "left" : "getRowKeys",
      "right" : "getRowKeys",
      "info" : "SimpleName[6448-6458]:SimpleName[6448-6458]"
    }, {
      "left" : "{}",
      "right" : "{}",
      "info" : "Block[6461-6529]:Block[6461-6529]"
    }, {
      "left" : "return Collections.unmodifiableList(this.rowKeys);",
      "right" : "return Collections.unmodifiableList(this.rowKeys);",
      "info" : "ReturnStatement[6472-6522]:ReturnStatement[6472-6522]"
    }, {
      "left" : "public",
      "right" : "public",
      "info" : "Modifier[6817-6823]:Modifier[6817-6823]"
    }, {
      "left" : "Comparable",
      "right" : "Comparable",
      "info" : "SimpleType[6824-6834]:SimpleType[6824-6834]"
    }, {
      "left" : "getColumnKey",
      "right" : "getColumnKey",
      "info" : "SimpleName[6835-6847]:SimpleName[6835-6847]"
    }, {
      "left" : "int column",
      "right" : "int column",
      "info" : "SingleVariableDeclaration[6848-6858]:SingleVariableDeclaration[6848-6858]"
    }, {
      "left" : "{}",
      "right" : "{}",
      "info" : "Block[6860-6926]:Block[6860-6926]"
    }, {
      "left" : "return (Comparable) this.columnKeys.get(column);",
      "right" : "return (Comparable) this.columnKeys.get(column);",
      "info" : "ReturnStatement[6871-6919]:ReturnStatement[6871-6919]"
    }, {
      "left" : "public",
      "right" : "public",
      "info" : "Modifier[7194-7200]:Modifier[7194-7200]"
    }, {
      "left" : "int",
      "right" : "int",
      "info" : "PrimitiveType[7201-7204]:PrimitiveType[7201-7204]"
    }, {
      "left" : "getColumnIndex",
      "right" : "getColumnIndex",
      "info" : "SimpleName[7205-7219]:SimpleName[7205-7219]"
    }, {
      "left" : "Comparable key",
      "right" : "Comparable key",
      "info" : "SingleVariableDeclaration[7220-7234]:SingleVariableDeclaration[7220-7234]"
    }, {
      "left" : "{}",
      "right" : "{}",
      "info" : "Block[7236-7402]:Block[7236-7402]"
    }, {
      "left" : "if (key == null)",
      "right" : "if (key == null)",
      "info" : "IfStatement[7247-7349]:IfStatement[7247-7349]"
    }, {
      "left" : "{}",
      "right" : "{}",
      "info" : "Block[7264-7349]:Block[7264-7349]"
    }, {
      "left" : "throw new IllegalArgumentException(\"Null 'key' argument.\");",
      "right" : "throw new IllegalArgumentException(\"Null 'key' argument.\");",
      "info" : "ThrowStatement[7279-7338]:ThrowStatement[7279-7338]"
    }, {
      "left" : "return this.columnKeys.indexOf(key);",
      "right" : "return this.columnKeys.indexOf(key);",
      "info" : "ReturnStatement[7359-7395]:ReturnStatement[7359-7395]"
    }, {
      "left" : "public",
      "right" : "public",
      "info" : "Modifier[7562-7568]:Modifier[7562-7568]"
    }, {
      "left" : "List",
      "right" : "List",
      "info" : "SimpleType[7569-7573]:SimpleType[7569-7573]"
    }, {
      "left" : "getColumnKeys",
      "right" : "getColumnKeys",
      "info" : "SimpleName[7574-7587]:SimpleName[7574-7587]"
    }, {
      "left" : "{}",
      "right" : "{}",
      "info" : "Block[7590-7661]:Block[7590-7661]"
    }, {
      "left" : "return Collections.unmodifiableList(this.columnKeys);",
      "right" : "return Collections.unmodifiableList(this.columnKeys);",
      "info" : "ReturnStatement[7601-7654]:ReturnStatement[7601-7654]"
    }, {
      "left" : "public",
      "right" : "public",
      "info" : "Modifier[8203-8209]:Modifier[8203-8209]"
    }, {
      "left" : "Number",
      "right" : "Number",
      "info" : "SimpleType[8210-8216]:SimpleType[8210-8216]"
    }, {
      "left" : "getValue",
      "right" : "getValue",
      "info" : "SimpleName[8217-8225]:SimpleName[8217-8225]"
    }, {
      "left" : "Comparable rowKey",
      "right" : "Comparable rowKey",
      "info" : "SingleVariableDeclaration[8226-8243]:SingleVariableDeclaration[8226-8243]"
    }, {
      "left" : "Comparable columnKey",
      "right" : "Comparable columnKey",
      "info" : "SingleVariableDeclaration[8245-8265]:SingleVariableDeclaration[8245-8265]"
    }, {
      "left" : "{}",
      "right" : "{}",
      "info" : "Block[8267-9398]:Block[8267-9398]"
    }, {
      "left" : "if (rowKey == null)",
      "right" : "if (rowKey == null)",
      "info" : "IfStatement[8278-8386]:IfStatement[8278-8386]"
    }, {
      "left" : "{}",
      "right" : "{}",
      "info" : "Block[8298-8386]:Block[8298-8386]"
    }, {
      "left" : "throw new IllegalArgumentException(\"Null 'rowKey' argument.\");",
      "right" : "throw new IllegalArgumentException(\"Null 'rowKey' argument.\");",
      "info" : "ThrowStatement[8313-8375]:ThrowStatement[8313-8375]"
    }, {
      "left" : "if (columnKey == null)",
      "right" : "if (columnKey == null)",
      "info" : "IfStatement[8396-8510]:IfStatement[8396-8510]"
    }, {
      "left" : "{}",
      "right" : "{}",
      "info" : "Block[8419-8510]:Block[8419-8510]"
    }, {
      "left" : "throw new IllegalArgumentException(\"Null 'columnKey' argument.\");",
      "right" : "throw new IllegalArgumentException(\"Null 'columnKey' argument.\");",
      "info" : "ThrowStatement[8434-8499]:ThrowStatement[8434-8499]"
    }, {
      "left" : "if (!(this.columnKeys.contains(columnKey)))",
      "right" : "if (!(this.columnKeys.contains(columnKey)))",
      "info" : "IfStatement[8599-8761]:IfStatement[8599-8761]"
    }, {
      "left" : "{}",
      "right" : "{}",
      "info" : "Block[8643-8761]:Block[8643-8761]"
    }, {
      "left" : "throw new UnknownKeyException(\"Unrecognised columnKey: \" \r\n                    + columnKey);",
      "right" : "throw new UnknownKeyException(\"Unrecognised columnKey: \" \r\n                    + columnKey);",
      "info" : "ThrowStatement[8658-8750]:ThrowStatement[8658-8750]"
    }, {
      "left" : "int row = getRowIndex(rowKey);",
      "right" : "int row = getRowIndex(rowKey);",
      "info" : "VariableDeclarationStatement[9004-9034]:VariableDeclarationStatement[9004-9034]"
    }, {
      "left" : "if (row >= 0)",
      "right" : "if (row >= 0)",
      "info" : "IfStatement[9044-9391]:IfStatement[9044-9391]"
    }, {
      "left" : "{}",
      "right" : "{}",
      "info" : "Block[9058-9286]:Block[9058-9286]"
    }, {
      "left" : "DefaultKeyedValues rowData \r\n                = (DefaultKeyedValues) this.rows.get(row);",
      "right" : "DefaultKeyedValues rowData \r\n                = (DefaultKeyedValues) this.rows.get(row);",
      "info" : "VariableDeclarationStatement[9073-9160]:VariableDeclarationStatement[9073-9160]"
    }, {
      "left" : "int col = rowData.getIndex(columnKey);",
      "right" : "int col = rowData.getIndex(columnKey);",
      "info" : "VariableDeclarationStatement[9174-9212]:VariableDeclarationStatement[9174-9212]"
    }, {
      "left" : "return (col >= 0 ? rowData.getValue(col) : null);",
      "right" : "return (col >= 0 ? rowData.getValue(col) : null);",
      "info" : "ReturnStatement[9226-9275]:ReturnStatement[9226-9275]"
    }, {
      "left" : "{}",
      "right" : "{}",
      "info" : "Block[9301-9391]:Block[9301-9391]"
    }, {
      "left" : "throw new UnknownKeyException(\"Unrecognised rowKey: \" + rowKey);",
      "right" : "throw new UnknownKeyException(\"Unrecognised rowKey: \" + rowKey);",
      "info" : "ThrowStatement[9316-9380]:ThrowStatement[9316-9380]"
    }, {
      "left" : "public",
      "right" : "public",
      "info" : "Modifier[9873-9879]:Modifier[9873-9879]"
    }, {
      "left" : "void",
      "right" : "void",
      "info" : "PrimitiveType[9880-9884]:PrimitiveType[9880-9884]"
    }, {
      "left" : "addValue",
      "right" : "addValue",
      "info" : "SimpleName[9885-9893]:SimpleName[9885-9893]"
    }, {
      "left" : "Number value",
      "right" : "Number value",
      "info" : "SingleVariableDeclaration[9894-9906]:SingleVariableDeclaration[9894-9906]"
    }, {
      "left" : "Comparable rowKey",
      "right" : "Comparable rowKey",
      "info" : "SingleVariableDeclaration[9908-9925]:SingleVariableDeclaration[9908-9925]"
    }, {
      "left" : "Comparable columnKey",
      "right" : "Comparable columnKey",
      "info" : "SingleVariableDeclaration[9954-9974]:SingleVariableDeclaration[9954-9974]"
    }, {
      "left" : "{}",
      "right" : "{}",
      "info" : "Block[9976-10065]:Block[9976-10065]"
    }, {
      "left" : "setValue(value, rowKey, columnKey);",
      "right" : "setValue(value, rowKey, columnKey);",
      "info" : "ExpressionStatement[10023-10058]:ExpressionStatement[10023-10058]"
    }, {
      "left" : "public",
      "right" : "public",
      "info" : "Modifier[10455-10461]:Modifier[10455-10461]"
    }, {
      "left" : "void",
      "right" : "void",
      "info" : "PrimitiveType[10462-10466]:PrimitiveType[10462-10466]"
    }, {
      "left" : "setValue",
      "right" : "setValue",
      "info" : "SimpleName[10467-10475]:SimpleName[10467-10475]"
    }, {
      "left" : "Number value",
      "right" : "Number value",
      "info" : "SingleVariableDeclaration[10476-10488]:SingleVariableDeclaration[10476-10488]"
    }, {
      "left" : "Comparable rowKey",
      "right" : "Comparable rowKey",
      "info" : "SingleVariableDeclaration[10490-10507]:SingleVariableDeclaration[10490-10507]"
    }, {
      "left" : "Comparable columnKey",
      "right" : "Comparable columnKey",
      "info" : "SingleVariableDeclaration[10536-10556]:SingleVariableDeclaration[10536-10556]"
    }, {
      "left" : "{}",
      "right" : "{}",
      "info" : "Block[10558-11346]:Block[10558-11346]"
    }, {
      "left" : "DefaultKeyedValues row;",
      "right" : "DefaultKeyedValues row;",
      "info" : "VariableDeclarationStatement[10571-10594]:VariableDeclarationStatement[10571-10594]"
    }, {
      "left" : "int rowIndex = getRowIndex(rowKey);",
      "right" : "int rowIndex = getRowIndex(rowKey);",
      "info" : "VariableDeclarationStatement[10604-10639]:VariableDeclarationStatement[10604-10639]"
    }, {
      "left" : "if (rowIndex >= 0)",
      "right" : "if (rowIndex >= 0)",
      "info" : "IfStatement[10659-11137]:IfStatement[10659-11137]"
    }, {
      "left" : "{}",
      "right" : "{}",
      "info" : "Block[10678-10755]:Block[10678-10755]"
    }, {
      "left" : "row = (DefaultKeyedValues) this.rows.get(rowIndex);",
      "right" : "row = (DefaultKeyedValues) this.rows.get(rowIndex);",
      "info" : "ExpressionStatement[10693-10744]:ExpressionStatement[10693-10744]"
    }, {
      "left" : "{}",
      "right" : "{}",
      "info" : "Block[10770-11137]:Block[10770-11137]"
    }, {
      "left" : "row = new DefaultKeyedValues();",
      "right" : "row = new DefaultKeyedValues();",
      "info" : "ExpressionStatement[10785-10816]:ExpressionStatement[10785-10816]"
    }, {
      "left" : "if (this.sortRowKeys)",
      "right" : "if (this.sortRowKeys)",
      "info" : "IfStatement[10830-11126]:IfStatement[10830-11126]"
    }, {
      "left" : "{}",
      "right" : "{}",
      "info" : "Block[10852-11011]:Block[10852-11011]"
    }, {
      "left" : "rowIndex = -rowIndex - 1;",
      "right" : "rowIndex = -rowIndex - 1;",
      "info" : "ExpressionStatement[10871-10896]:ExpressionStatement[10871-10896]"
    }, {
      "left" : "this.rowKeys.add(rowIndex, rowKey);",
      "right" : "this.rowKeys.add(rowIndex, rowKey);",
      "info" : "ExpressionStatement[10914-10949]:ExpressionStatement[10914-10949]"
    }, {
      "left" : "this.rows.add(rowIndex, row);",
      "right" : "this.rows.add(rowIndex, row);",
      "info" : "ExpressionStatement[10967-10996]:ExpressionStatement[10967-10996]"
    }, {
      "left" : "{}",
      "right" : "{}",
      "info" : "Block[11030-11126]:Block[11030-11126]"
    }, {
      "left" : "this.rowKeys.add(rowKey);",
      "right" : "this.rowKeys.add(rowKey);",
      "info" : "ExpressionStatement[11049-11074]:ExpressionStatement[11049-11074]"
    }, {
      "left" : "this.rows.add(row);",
      "right" : "this.rows.add(row);",
      "info" : "ExpressionStatement[11092-11111]:ExpressionStatement[11092-11111]"
    }, {
      "left" : "row.setValue(columnKey, value);",
      "right" : "row.setValue(columnKey, value);",
      "info" : "ExpressionStatement[11147-11178]:ExpressionStatement[11147-11178]"
    }, {
      "left" : "int columnIndex = this.columnKeys.indexOf(columnKey);",
      "right" : "int columnIndex = this.columnKeys.indexOf(columnKey);",
      "info" : "VariableDeclarationStatement[11198-11251]:VariableDeclarationStatement[11198-11251]"
    }, {
      "left" : "if (columnIndex < 0)",
      "right" : "if (columnIndex < 0)",
      "info" : "IfStatement[11261-11339]:IfStatement[11261-11339]"
    }, {
      "left" : "{}",
      "right" : "{}",
      "info" : "Block[11282-11339]:Block[11282-11339]"
    }, {
      "left" : "this.columnKeys.add(columnKey);",
      "right" : "this.columnKeys.add(columnKey);",
      "info" : "ExpressionStatement[11297-11328]:ExpressionStatement[11297-11328]"
    }, {
      "left" : "public",
      "right" : "public",
      "info" : "Modifier[11812-11818]:Modifier[11812-11818]"
    }, {
      "left" : "void",
      "right" : "void",
      "info" : "PrimitiveType[11819-11823]:PrimitiveType[11819-11823]"
    }, {
      "left" : "removeValue",
      "right" : "removeValue",
      "info" : "SimpleName[11824-11835]:SimpleName[11824-11835]"
    }, {
      "left" : "Comparable rowKey",
      "right" : "Comparable rowKey",
      "info" : "SingleVariableDeclaration[11836-11853]:SingleVariableDeclaration[11836-11853]"
    }, {
      "left" : "Comparable columnKey",
      "right" : "Comparable columnKey",
      "info" : "SingleVariableDeclaration[11855-11875]:SingleVariableDeclaration[11855-11875]"
    }, {
      "left" : "{}",
      "right" : "{}",
      "info" : "Block[11877-13498]:Block[11877-13498]"
    }, {
      "left" : "setValue(null, rowKey, columnKey);",
      "right" : "setValue(null, rowKey, columnKey);",
      "info" : "ExpressionStatement[11888-11922]:ExpressionStatement[11888-11922]"
    }, {
      "left" : "boolean allNull = true;",
      "right" : "boolean allNull = true;",
      "info" : "VariableDeclarationStatement[11993-12016]:VariableDeclarationStatement[11993-12016]"
    }, {
      "left" : "int rowIndex = getRowIndex(rowKey);",
      "right" : "int rowIndex = getRowIndex(rowKey);",
      "info" : "VariableDeclarationStatement[12026-12061]:VariableDeclarationStatement[12026-12061]"
    }, {
      "left" : "DefaultKeyedValues row = (DefaultKeyedValues) this.rows.get(rowIndex);",
      "right" : "DefaultKeyedValues row = (DefaultKeyedValues) this.rows.get(rowIndex);",
      "info" : "VariableDeclarationStatement[12071-12141]:VariableDeclarationStatement[12071-12141]"
    }, {
      "left" : "for (int item = 0, itemCount = row.getItemCount(); item < itemCount; \r\n             item++)",
      "right" : "for (int item = 0, itemCount = row.getItemCount(); item < itemCount; \r\n             item++)",
      "info" : "ForStatement[12153-12377]:ForStatement[12153-12377]"
    }, {
      "left" : "{}",
      "right" : "{}",
      "info" : "Block[12245-12377]:Block[12245-12377]"
    }, {
      "left" : "if (row.getValue(item) != null)",
      "right" : "if (row.getValue(item) != null)",
      "info" : "IfStatement[12260-12366]:IfStatement[12260-12366]"
    }, {
      "left" : "{}",
      "right" : "{}",
      "info" : "Block[12292-12366]:Block[12292-12366]"
    }, {
      "left" : "allNull = false;",
      "right" : "allNull = false;",
      "info" : "ExpressionStatement[12311-12327]:ExpressionStatement[12311-12327]"
    }, {
      "left" : "break;",
      "right" : "break;",
      "info" : "BreakStatement[12345-12351]:BreakStatement[12345-12351]"
    }, {
      "left" : "if (allNull)",
      "right" : "if (allNull)",
      "info" : "IfStatement[12397-12507]:IfStatement[12397-12507]"
    }, {
      "left" : "{}",
      "right" : "{}",
      "info" : "Block[12410-12507]:Block[12410-12507]"
    }, {
      "left" : "this.rowKeys.remove(rowIndex);",
      "right" : "this.rowKeys.remove(rowIndex);",
      "info" : "ExpressionStatement[12425-12455]:ExpressionStatement[12425-12455]"
    }, {
      "left" : "this.rows.remove(rowIndex);",
      "right" : "this.rows.remove(rowIndex);",
      "info" : "ExpressionStatement[12469-12496]:ExpressionStatement[12469-12496]"
    }, {
      "left" : "allNull = true;",
      "right" : "allNull = true;",
      "info" : "ExpressionStatement[12581-12596]:ExpressionStatement[12581-12596]"
    }, {
      "left" : "for (int item = 0, itemCount = this.rows.size(); item < itemCount; \r\n             item++)",
      "right" : "for (int item = 0, itemCount = this.rows.size(); item < itemCount; \r\n             item++)",
      "info" : "ForStatement[12672-13038]:ForStatement[12672-13038]"
    }, {
      "left" : "{}",
      "right" : "{}",
      "info" : "Block[12762-13038]:Block[12762-13038]"
    }, {
      "left" : "row = (DefaultKeyedValues) this.rows.get(item);",
      "right" : "row = (DefaultKeyedValues) this.rows.get(item);",
      "info" : "ExpressionStatement[12777-12824]:ExpressionStatement[12777-12824]"
    }, {
      "left" : "int columnIndex = row.getIndex(columnKey);",
      "right" : "int columnIndex = row.getIndex(columnKey);",
      "info" : "VariableDeclarationStatement[12838-12880]:VariableDeclarationStatement[12838-12880]"
    }, {
      "left" : "if (columnIndex >= 0 && row.getValue(columnIndex) != null)",
      "right" : "if (columnIndex >= 0 && row.getValue(columnIndex) != null)",
      "info" : "IfStatement[12894-13027]:IfStatement[12894-13027]"
    }, {
      "left" : "{}",
      "right" : "{}",
      "info" : "Block[12953-13027]:Block[12953-13027]"
    }, {
      "left" : "allNull = false;",
      "right" : "allNull = false;",
      "info" : "ExpressionStatement[12972-12988]:ExpressionStatement[12972-12988]"
    }, {
      "left" : "break;",
      "right" : "break;",
      "info" : "BreakStatement[13006-13012]:BreakStatement[13006-13012]"
    }, {
      "left" : "if (allNull)",
      "right" : "if (allNull)",
      "info" : "IfStatement[13058-13491]:IfStatement[13058-13491]"
    }, {
      "left" : "{}",
      "right" : "{}",
      "info" : "Block[13071-13491]:Block[13071-13491]"
    }, {
      "left" : "for (int item = 0, itemCount = this.rows.size(); item < itemCount; \r\n                 item++)",
      "right" : "for (int item = 0, itemCount = this.rows.size(); item < itemCount; \r\n                 item++)",
      "info" : "ForStatement[13086-13432]:ForStatement[13086-13432]"
    }, {
      "left" : "{}",
      "right" : "{}",
      "info" : "Block[13180-13432]:Block[13180-13432]"
    }, {
      "left" : "row = (DefaultKeyedValues) this.rows.get(item);",
      "right" : "row = (DefaultKeyedValues) this.rows.get(item);",
      "info" : "ExpressionStatement[13199-13246]:ExpressionStatement[13199-13246]"
    }, {
      "left" : "int columnIndex = row.getIndex(columnKey);",
      "right" : "int columnIndex = row.getIndex(columnKey);",
      "info" : "VariableDeclarationStatement[13264-13306]:VariableDeclarationStatement[13264-13306]"
    }, {
      "left" : "if (columnIndex >= 0)",
      "right" : "if (columnIndex >= 0)",
      "info" : "IfStatement[13324-13417]:IfStatement[13324-13417]"
    }, {
      "left" : "{}",
      "right" : "{}",
      "info" : "Block[13346-13417]:Block[13346-13417]"
    }, {
      "left" : "row.removeValue(columnIndex);",
      "right" : "row.removeValue(columnIndex);",
      "info" : "ExpressionStatement[13369-13398]:ExpressionStatement[13369-13398]"
    }, {
      "left" : "this.columnKeys.remove(columnKey);",
      "right" : "this.columnKeys.remove(columnKey);",
      "info" : "ExpressionStatement[13446-13480]:ExpressionStatement[13446-13480]"
    }, {
      "left" : "public",
      "right" : "public",
      "info" : "Modifier[13672-13678]:Modifier[13672-13678]"
    }, {
      "left" : "void",
      "right" : "void",
      "info" : "PrimitiveType[13679-13683]:PrimitiveType[13679-13683]"
    }, {
      "left" : "removeRow",
      "right" : "removeRow",
      "info" : "SimpleName[13684-13693]:SimpleName[13684-13693]"
    }, {
      "left" : "int rowIndex",
      "right" : "int rowIndex",
      "info" : "SingleVariableDeclaration[13694-13706]:SingleVariableDeclaration[13694-13706]"
    }, {
      "left" : "{}",
      "right" : "{}",
      "info" : "Block[13708-13793]:Block[13708-13793]"
    }, {
      "left" : "this.rowKeys.remove(rowIndex);",
      "right" : "this.rowKeys.remove(rowIndex);",
      "info" : "ExpressionStatement[13719-13749]:ExpressionStatement[13719-13749]"
    }, {
      "left" : "this.rows.remove(rowIndex);",
      "right" : "this.rows.remove(rowIndex);",
      "info" : "ExpressionStatement[13759-13786]:ExpressionStatement[13759-13786]"
    }, {
      "left" : "public",
      "right" : "public",
      "info" : "Modifier[13997-14003]:Modifier[13997-14003]"
    }, {
      "left" : "void",
      "right" : "void",
      "info" : "PrimitiveType[14004-14008]:PrimitiveType[14004-14008]"
    }, {
      "left" : "removeRow",
      "right" : "removeRow",
      "info" : "SimpleName[14009-14018]:SimpleName[14009-14018]"
    }, {
      "left" : "Comparable rowKey",
      "right" : "Comparable rowKey",
      "info" : "SingleVariableDeclaration[14019-14036]:SingleVariableDeclaration[14019-14036]"
    }, {
      "left" : "{}",
      "right" : "{}",
      "info" : "Block[14038-14087]:Block[14038-14087]"
    }, {
      "left" : "removeRow(getRowIndex(rowKey));",
      "right" : "removeRow(getRowIndex(rowKey));",
      "info" : "ExpressionStatement[14049-14080]:ExpressionStatement[14049-14080]"
    }, {
      "left" : "public",
      "right" : "public",
      "info" : "Modifier[14270-14276]:Modifier[14270-14276]"
    }, {
      "left" : "void",
      "right" : "void",
      "info" : "PrimitiveType[14277-14281]:PrimitiveType[14277-14281]"
    }, {
      "left" : "removeColumn",
      "right" : "removeColumn",
      "info" : "SimpleName[14282-14294]:SimpleName[14282-14294]"
    }, {
      "left" : "int columnIndex",
      "right" : "int columnIndex",
      "info" : "SingleVariableDeclaration[14295-14310]:SingleVariableDeclaration[14295-14310]"
    }, {
      "left" : "{}",
      "right" : "{}",
      "info" : "Block[14312-14413]:Block[14312-14413]"
    }, {
      "left" : "Comparable columnKey = getColumnKey(columnIndex);",
      "right" : "Comparable columnKey = getColumnKey(columnIndex);",
      "info" : "VariableDeclarationStatement[14323-14372]:VariableDeclarationStatement[14323-14372]"
    }, {
      "left" : "removeColumn(columnKey);",
      "right" : "removeColumn(columnKey);",
      "info" : "ExpressionStatement[14382-14406]:ExpressionStatement[14382-14406]"
    }, {
      "left" : "public",
      "right" : "public",
      "info" : "Modifier[14863-14869]:Modifier[14863-14869]"
    }, {
      "left" : "void",
      "right" : "void",
      "info" : "PrimitiveType[14870-14874]:PrimitiveType[14870-14874]"
    }, {
      "left" : "removeColumn",
      "right" : "removeColumn",
      "info" : "SimpleName[14875-14887]:SimpleName[14875-14887]"
    }, {
      "left" : "Comparable columnKey",
      "right" : "Comparable columnKey",
      "info" : "SingleVariableDeclaration[14888-14908]:SingleVariableDeclaration[14888-14908]"
    }, {
      "left" : "{}",
      "right" : "{}",
      "info" : "Block[14910-15191]:Block[14910-15528]"
    }, {
      "left" : "Iterator iterator = this.rows.iterator();",
      "right" : "Iterator iterator = this.rows.iterator();",
      "info" : "VariableDeclarationStatement[14921-14962]:VariableDeclarationStatement[15158-15199]"
    }, {
      "left" : "while (iterator.hasNext())",
      "right" : "while (iterator.hasNext())",
      "info" : "WhileStatement[14972-15140]:WhileStatement[15209-15477]"
    }, {
      "left" : "{}",
      "right" : "{}",
      "info" : "Block[14999-15140]:Block[15236-15477]"
    }, {
      "left" : "DefaultKeyedValues rowData = (DefaultKeyedValues) iterator.next();",
      "right" : "DefaultKeyedValues rowData = (DefaultKeyedValues) iterator.next();",
      "info" : "VariableDeclarationStatement[15014-15080]:VariableDeclarationStatement[15251-15317]"
    }, {
      "left" : "rowData.removeValue(columnKey);",
      "right" : "rowData.removeValue(columnKey);",
      "info" : "ExpressionStatement[15098-15129]:ExpressionStatement[15420-15451]"
    }, {
      "left" : "this.columnKeys.remove(columnKey);",
      "right" : "this.columnKeys.remove(columnKey);",
      "info" : "ExpressionStatement[15150-15184]:ExpressionStatement[15487-15521]"
    }, {
      "left" : "public",
      "right" : "public",
      "info" : "Modifier[15266-15272]:Modifier[15603-15609]"
    }, {
      "left" : "void",
      "right" : "void",
      "info" : "PrimitiveType[15273-15277]:PrimitiveType[15610-15614]"
    }, {
      "left" : "clear",
      "right" : "clear",
      "info" : "SimpleName[15278-15283]:SimpleName[15615-15620]"
    }, {
      "left" : "{}",
      "right" : "{}",
      "info" : "Block[15286-15387]:Block[15623-15724]"
    }, {
      "left" : "this.rowKeys.clear();",
      "right" : "this.rowKeys.clear();",
      "info" : "ExpressionStatement[15297-15318]:ExpressionStatement[15634-15655]"
    }, {
      "left" : "this.columnKeys.clear();",
      "right" : "this.columnKeys.clear();",
      "info" : "ExpressionStatement[15328-15352]:ExpressionStatement[15665-15689]"
    }, {
      "left" : "this.rows.clear();",
      "right" : "this.rows.clear();",
      "info" : "ExpressionStatement[15362-15380]:ExpressionStatement[15699-15717]"
    }, {
      "left" : "public",
      "right" : "public",
      "info" : "Modifier[15576-15582]:Modifier[15913-15919]"
    }, {
      "left" : "boolean",
      "right" : "boolean",
      "info" : "PrimitiveType[15583-15590]:PrimitiveType[15920-15927]"
    }, {
      "left" : "equals",
      "right" : "equals",
      "info" : "SimpleName[15591-15597]:SimpleName[15928-15934]"
    }, {
      "left" : "Object o",
      "right" : "Object o",
      "info" : "SingleVariableDeclaration[15598-15606]:SingleVariableDeclaration[15935-15943]"
    }, {
      "left" : "{}",
      "right" : "{}",
      "info" : "Block[15608-16874]:Block[15945-17211]"
    }, {
      "left" : "if (o == null)",
      "right" : "if (o == null)",
      "info" : "IfStatement[15621-15675]:IfStatement[15958-16012]"
    }, {
      "left" : "{}",
      "right" : "{}",
      "info" : "Block[15636-15675]:Block[15973-16012]"
    }, {
      "left" : "return false;",
      "right" : "return false;",
      "info" : "ReturnStatement[15651-15664]:ReturnStatement[15988-16001]"
    }, {
      "left" : "if (o == this)",
      "right" : "if (o == this)",
      "info" : "IfStatement[15685-15738]:IfStatement[16022-16075]"
    }, {
      "left" : "{}",
      "right" : "{}",
      "info" : "Block[15700-15738]:Block[16037-16075]"
    }, {
      "left" : "return true;",
      "right" : "return true;",
      "info" : "ReturnStatement[15715-15727]:ReturnStatement[16052-16064]"
    }, {
      "left" : "if (!(o instanceof KeyedValues2D))",
      "right" : "if (!(o instanceof KeyedValues2D))",
      "info" : "IfStatement[15750-15824]:IfStatement[16087-16161]"
    }, {
      "left" : "{}",
      "right" : "{}",
      "info" : "Block[15785-15824]:Block[16122-16161]"
    }, {
      "left" : "return false;",
      "right" : "return false;",
      "info" : "ReturnStatement[15800-15813]:ReturnStatement[16137-16150]"
    }, {
      "left" : "KeyedValues2D kv2D = (KeyedValues2D) o;",
      "right" : "KeyedValues2D kv2D = (KeyedValues2D) o;",
      "info" : "VariableDeclarationStatement[15834-15873]:VariableDeclarationStatement[16171-16210]"
    }, {
      "left" : "if (!getRowKeys().equals(kv2D.getRowKeys()))",
      "right" : "if (!getRowKeys().equals(kv2D.getRowKeys()))",
      "info" : "IfStatement[15883-15967]:IfStatement[16220-16304]"
    }, {
      "left" : "{}",
      "right" : "{}",
      "info" : "Block[15928-15967]:Block[16265-16304]"
    }, {
      "left" : "return false;",
      "right" : "return false;",
      "info" : "ReturnStatement[15943-15956]:ReturnStatement[16280-16293]"
    }, {
      "left" : "if (!getColumnKeys().equals(kv2D.getColumnKeys()))",
      "right" : "if (!getColumnKeys().equals(kv2D.getColumnKeys()))",
      "info" : "IfStatement[15977-16067]:IfStatement[16314-16404]"
    }, {
      "left" : "{}",
      "right" : "{}",
      "info" : "Block[16028-16067]:Block[16365-16404]"
    }, {
      "left" : "return false;",
      "right" : "return false;",
      "info" : "ReturnStatement[16043-16056]:ReturnStatement[16380-16393]"
    }, {
      "left" : "int rowCount = getRowCount();",
      "right" : "int rowCount = getRowCount();",
      "info" : "VariableDeclarationStatement[16077-16106]:VariableDeclarationStatement[16414-16443]"
    }, {
      "left" : "if (rowCount != kv2D.getRowCount())",
      "right" : "if (rowCount != kv2D.getRowCount())",
      "info" : "IfStatement[16116-16191]:IfStatement[16453-16528]"
    }, {
      "left" : "{}",
      "right" : "{}",
      "info" : "Block[16152-16191]:Block[16489-16528]"
    }, {
      "left" : "return false;",
      "right" : "return false;",
      "info" : "ReturnStatement[16167-16180]:ReturnStatement[16504-16517]"
    }, {
      "left" : "int colCount = getColumnCount();",
      "right" : "int colCount = getColumnCount();",
      "info" : "VariableDeclarationStatement[16203-16235]:VariableDeclarationStatement[16540-16572]"
    }, {
      "left" : "if (colCount != kv2D.getColumnCount())",
      "right" : "if (colCount != kv2D.getColumnCount())",
      "info" : "IfStatement[16245-16323]:IfStatement[16582-16660]"
    }, {
      "left" : "{}",
      "right" : "{}",
      "info" : "Block[16284-16323]:Block[16621-16660]"
    }, {
      "left" : "return false;",
      "right" : "return false;",
      "info" : "ReturnStatement[16299-16312]:ReturnStatement[16636-16649]"
    }, {
      "left" : "for (int r = 0; r < rowCount; r++)",
      "right" : "for (int r = 0; r < rowCount; r++)",
      "info" : "ForStatement[16335-16845]:ForStatement[16672-17182]"
    }, {
      "left" : "{}",
      "right" : "{}",
      "info" : "Block[16370-16845]:Block[16707-17182]"
    }, {
      "left" : "for (int c = 0; c < colCount; c++)",
      "right" : "for (int c = 0; c < colCount; c++)",
      "info" : "ForStatement[16385-16834]:ForStatement[16722-17171]"
    }, {
      "left" : "{}",
      "right" : "{}",
      "info" : "Block[16420-16834]:Block[16757-17171]"
    }, {
      "left" : "Number v1 = getValue(r, c);",
      "right" : "Number v1 = getValue(r, c);",
      "info" : "VariableDeclarationStatement[16439-16466]:VariableDeclarationStatement[16776-16803]"
    }, {
      "left" : "Number v2 = kv2D.getValue(r, c);",
      "right" : "Number v2 = kv2D.getValue(r, c);",
      "info" : "VariableDeclarationStatement[16484-16516]:VariableDeclarationStatement[16821-16853]"
    }, {
      "left" : "if (v1 == null)",
      "right" : "if (v1 == null)",
      "info" : "IfStatement[16534-16819]:IfStatement[16871-17156]"
    }, {
      "left" : "{}",
      "right" : "{}",
      "info" : "Block[16550-16671]:Block[16887-17008]"
    }, {
      "left" : "if (v2 != null)",
      "right" : "if (v2 != null)",
      "info" : "IfStatement[16573-16652]:IfStatement[16910-16989]"
    }, {
      "left" : "{}",
      "right" : "{}",
      "info" : "Block[16589-16652]:Block[16926-16989]"
    }, {
      "left" : "return false;",
      "right" : "return false;",
      "info" : "ReturnStatement[16616-16629]:ReturnStatement[16953-16966]"
    }, {
      "left" : "{}",
      "right" : "{}",
      "info" : "Block[16694-16819]:Block[17031-17156]"
    }, {
      "left" : "if (!v1.equals(v2))",
      "right" : "if (!v1.equals(v2))",
      "info" : "IfStatement[16717-16800]:IfStatement[17054-17137]"
    }, {
      "left" : "{}",
      "right" : "{}",
      "info" : "Block[16737-16800]:Block[17074-17137]"
    }, {
      "left" : "return false;",
      "right" : "return false;",
      "info" : "ReturnStatement[16764-16777]:ReturnStatement[17101-17114]"
    }, {
      "left" : "return true;",
      "right" : "return true;",
      "info" : "ReturnStatement[16855-16867]:ReturnStatement[17192-17204]"
    }, {
      "left" : "public",
      "right" : "public",
      "info" : "Modifier[16967-16973]:Modifier[17304-17310]"
    }, {
      "left" : "int",
      "right" : "int",
      "info" : "PrimitiveType[16974-16977]:PrimitiveType[17311-17314]"
    }, {
      "left" : "hashCode",
      "right" : "hashCode",
      "info" : "SimpleName[16978-16986]:SimpleName[17315-17323]"
    }, {
      "left" : "{}",
      "right" : "{}",
      "info" : "Block[16989-17199]:Block[17326-17536]"
    }, {
      "left" : "int result;",
      "right" : "int result;",
      "info" : "VariableDeclarationStatement[17000-17011]:VariableDeclarationStatement[17337-17348]"
    }, {
      "left" : "result = this.rowKeys.hashCode();",
      "right" : "result = this.rowKeys.hashCode();",
      "info" : "ExpressionStatement[17021-17054]:ExpressionStatement[17358-17391]"
    }, {
      "left" : "result = 29 * result + this.columnKeys.hashCode();",
      "right" : "result = 29 * result + this.columnKeys.hashCode();",
      "info" : "ExpressionStatement[17064-17114]:ExpressionStatement[17401-17451]"
    }, {
      "left" : "result = 29 * result + this.rows.hashCode();",
      "right" : "result = 29 * result + this.rows.hashCode();",
      "info" : "ExpressionStatement[17124-17168]:ExpressionStatement[17461-17505]"
    }, {
      "left" : "return result;",
      "right" : "return result;",
      "info" : "ReturnStatement[17178-17192]:ReturnStatement[17515-17529]"
    }, {
      "left" : "public",
      "right" : "public",
      "info" : "Modifier[17427-17433]:Modifier[17764-17770]"
    }, {
      "left" : "Object",
      "right" : "Object",
      "info" : "SimpleType[17434-17440]:SimpleType[17771-17777]"
    }, {
      "left" : "clone",
      "right" : "clone",
      "info" : "SimpleName[17441-17446]:SimpleName[17778-17783]"
    }, {
      "left" : "CloneNotSupportedException",
      "right" : "CloneNotSupportedException",
      "info" : "SimpleType[17456-17482]:SimpleType[17793-17819]"
    }, {
      "left" : "{}",
      "right" : "{}",
      "info" : "Block[17483-17955]:Block[17820-18292]"
    }, {
      "left" : "DefaultKeyedValues2D clone = (DefaultKeyedValues2D) super.clone();",
      "right" : "DefaultKeyedValues2D clone = (DefaultKeyedValues2D) super.clone();",
      "info" : "VariableDeclarationStatement[17494-17560]:VariableDeclarationStatement[17831-17897]"
    }, {
      "left" : "clone.columnKeys = new java.util.ArrayList(this.columnKeys);",
      "right" : "clone.columnKeys = new java.util.ArrayList(this.columnKeys);",
      "info" : "ExpressionStatement[17674-17734]:ExpressionStatement[18011-18071]"
    }, {
      "left" : "clone.rowKeys = new java.util.ArrayList(this.rowKeys);",
      "right" : "clone.rowKeys = new java.util.ArrayList(this.rowKeys);",
      "info" : "ExpressionStatement[17744-17798]:ExpressionStatement[18081-18135]"
    }, {
      "left" : "clone.rows = (List) ObjectUtilities.deepClone(this.rows);",
      "right" : "clone.rows = (List) ObjectUtilities.deepClone(this.rows);",
      "info" : "ExpressionStatement[17868-17925]:ExpressionStatement[18205-18262]"
    }, {
      "left" : "return clone;",
      "right" : "return clone;",
      "info" : "ReturnStatement[17935-17948]:ReturnStatement[18272-18285]"
    } ]
  },
  "interFileMappings" : { }
}