{
  "intraFileMappings" : {
    "matchedElements" : [
 {
      "left" : "PropertyPointer",
      "right" : "PropertyPointer",
      "info" : "TypeDeclaration[1218-7452]:TypeDeclaration[1218-7514]"
    }, {
      "left" : "public static final int UNSPECIFIED_PROPERTY = Integer.MIN_VALUE;",
      "right" : "public static final int UNSPECIFIED_PROPERTY = Integer.MIN_VALUE;",
      "info" : "FieldDeclaration[1462-1527]:FieldDeclaration[1462-1527]"
    }, {
      "left" : "protected int propertyIndex = UNSPECIFIED_PROPERTY;",
      "right" : "protected int propertyIndex = UNSPECIFIED_PROPERTY;",
      "info" : "FieldDeclaration[1533-1610]:FieldDeclaration[1533-1610]"
    }, {
      "left" : "protected Object bean;",
      "right" : "protected Object bean;",
      "info" : "FieldDeclaration[1616-1663]:FieldDeclaration[1616-1663]"
    }, {
      "left" : "public PropertyPointer(NodePointer parent)",
      "right" : "public PropertyPointer(NodePointer parent)",
      "info" : "MethodDeclaration[1669-1922]:MethodDeclaration[1669-1922]"
    }, {
      "left" : "public int getPropertyIndex()",
      "right" : "public int getPropertyIndex()",
      "info" : "MethodDeclaration[1928-2067]:MethodDeclaration[1928-2067]"
    }, {
      "left" : "public void setPropertyIndex(int index)",
      "right" : "public void setPropertyIndex(int index)",
      "info" : "MethodDeclaration[2073-2325]:MethodDeclaration[2073-2325]"
    }, {
      "left" : "public Object getBean()",
      "right" : "public Object getBean()",
      "info" : "MethodDeclaration[2331-2545]:MethodDeclaration[2331-2545]"
    }, {
      "left" : "public QName getName()",
      "right" : "public QName getName()",
      "info" : "MethodDeclaration[2551-2632]:MethodDeclaration[2551-2632]"
    }, {
      "left" : "public abstract String getPropertyName();",
      "right" : "public abstract String getPropertyName();",
      "info" : "MethodDeclaration[2638-2762]:MethodDeclaration[2638-2762]"
    }, {
      "left" : "public abstract void setPropertyName(String propertyName);",
      "right" : "public abstract void setPropertyName(String propertyName);",
      "info" : "MethodDeclaration[2768-2921]:MethodDeclaration[2768-2921]"
    }, {
      "left" : "public abstract int getPropertyCount();",
      "right" : "public abstract int getPropertyCount();",
      "info" : "MethodDeclaration[2927-3052]:MethodDeclaration[2927-3052]"
    }, {
      "left" : "public abstract String[] getPropertyNames();",
      "right" : "public abstract String[] getPropertyNames();",
      "info" : "MethodDeclaration[3058-3191]:MethodDeclaration[3058-3191]"
    }, {
      "left" : "protected abstract boolean isActualProperty();",
      "right" : "protected abstract boolean isActualProperty();",
      "info" : "MethodDeclaration[3197-3354]:MethodDeclaration[3197-3354]"
    }, {
      "left" : "public boolean isActual()",
      "right" : "public boolean isActual()",
      "info" : "MethodDeclaration[3360-3498]:MethodDeclaration[3360-3498]"
    }, {
      "left" : "private static final Object UNINITIALIZED = new Object();",
      "right" : "private static final Object UNINITIALIZED = new Object();",
      "info" : "FieldDeclaration[3504-3561]:FieldDeclaration[3504-3561]"
    }, {
      "left" : "private Object value = UNINITIALIZED;",
      "right" : "private Object value = UNINITIALIZED;",
      "info" : "FieldDeclaration[3567-3604]:FieldDeclaration[3567-3604]"
    }, {
      "left" : "public Object getImmediateNode()",
      "right" : "public Object getImmediateNode()",
      "info" : "MethodDeclaration[3610-3870]:MethodDeclaration[3610-3870]"
    }, {
      "left" : "public boolean isCollection()",
      "right" : "public boolean isCollection()",
      "info" : "MethodDeclaration[3876-4016]:MethodDeclaration[3876-4016]"
    }, {
      "left" : "public boolean isLeaf()",
      "right" : "public boolean isLeaf()",
      "info" : "MethodDeclaration[4022-4180]:MethodDeclaration[4022-4180]"
    }, {
      "left" : "public int getLength()",
      "right" : "public int getLength()",
      "info" : "MethodDeclaration[4186-4415]:MethodDeclaration[4186-4477]"
    }, {
      "left" : "public NodePointer getImmediateValuePointer()",
      "right" : "public NodePointer getImmediateValuePointer()",
      "info" : "MethodDeclaration[4421-4763]:MethodDeclaration[4483-4825]"
    }, {
      "left" : "public NodePointer createPath(JXPathContext context)",
      "right" : "public NodePointer createPath(JXPathContext context)",
      "info" : "MethodDeclaration[4769-5451]:MethodDeclaration[4831-5513]"
    }, {
      "left" : "public NodePointer createPath(JXPathContext context, Object value)",
      "right" : "public NodePointer createPath(JXPathContext context, Object value)",
      "info" : "MethodDeclaration[5457-5729]:MethodDeclaration[5519-5791]"
    }, {
      "left" : "public NodePointer createChild(\n        JXPathContext context,\n        QName name,\n        int index,\n        Object value)",
      "right" : "public NodePointer createChild(\n        JXPathContext context,\n        QName name,\n        int index,\n        Object value)",
      "info" : "MethodDeclaration[5735-6091]:MethodDeclaration[5797-6153]"
    }, {
      "left" : "public NodePointer createChild(\n        JXPathContext context,\n        QName name,\n        int index)",
      "right" : "public NodePointer createChild(\n        JXPathContext context,\n        QName name,\n        int index)",
      "info" : "MethodDeclaration[6097-6424]:MethodDeclaration[6159-6486]"
    }, {
      "left" : "public int hashCode()",
      "right" : "public int hashCode()",
      "info" : "MethodDeclaration[6430-6538]:MethodDeclaration[6492-6600]"
    }, {
      "left" : "public boolean equals(Object object)",
      "right" : "public boolean equals(Object object)",
      "info" : "MethodDeclaration[6544-7260]:MethodDeclaration[6606-7322]"
    }, {
      "left" : "public int compareChildNodePointers(\n        NodePointer pointer1,\n        NodePointer pointer2)",
      "right" : "public int compareChildNodePointers(\n        NodePointer pointer1,\n        NodePointer pointer2)",
      "info" : "MethodDeclaration[7266-7449]:MethodDeclaration[7328-7511]"
    } ],
    "mappings" : [
 {
      "left" : "public",
      "right" : "public",
      "info" : "Modifier[1398-1404]:Modifier[1398-1404]"
    }, {
      "left" : "abstract",
      "right" : "abstract",
      "info" : "Modifier[1405-1413]:Modifier[1405-1413]"
    }, {
      "left" : "class",
      "right" : "class",
      "info" : "TYPE_DECLARATION_KIND[1414-1419]:TYPE_DECLARATION_KIND[1414-1419]"
    }, {
      "left" : "PropertyPointer",
      "right" : "PropertyPointer",
      "info" : "SimpleName[1420-1435]:SimpleName[1420-1435]"
    }, {
      "left" : "NodePointer",
      "right" : "NodePointer",
      "info" : "SimpleType[1444-1455]:SimpleType[1444-1455]"
    }, {
      "left" : "public",
      "right" : "public",
      "info" : "Modifier[1849-1855]:Modifier[1849-1855]"
    }, {
      "left" : "PropertyPointer",
      "right" : "PropertyPointer",
      "info" : "SimpleName[1856-1871]:SimpleName[1856-1871]"
    }, {
      "left" : "NodePointer parent",
      "right" : "NodePointer parent",
      "info" : "SingleVariableDeclaration[1872-1890]:SingleVariableDeclaration[1872-1890]"
    }, {
      "left" : "{}",
      "right" : "{}",
      "info" : "Block[1892-1922]:Block[1892-1922]"
    }, {
      "left" : "super(parent);",
      "right" : "super(parent);",
      "info" : "SuperConstructorInvocation[1902-1916]:SuperConstructorInvocation[1902-1916]"
    }, {
      "left" : "public",
      "right" : "public",
      "info" : "Modifier[2000-2006]:Modifier[2000-2006]"
    }, {
      "left" : "int",
      "right" : "int",
      "info" : "PrimitiveType[2007-2010]:PrimitiveType[2007-2010]"
    }, {
      "left" : "getPropertyIndex",
      "right" : "getPropertyIndex",
      "info" : "SimpleName[2011-2027]:SimpleName[2011-2027]"
    }, {
      "left" : "{}",
      "right" : "{}",
      "info" : "Block[2030-2067]:Block[2030-2067]"
    }, {
      "left" : "return propertyIndex;",
      "right" : "return propertyIndex;",
      "info" : "ReturnStatement[2040-2061]:ReturnStatement[2040-2061]"
    }, {
      "left" : "public",
      "right" : "public",
      "info" : "Modifier[2155-2161]:Modifier[2155-2161]"
    }, {
      "left" : "void",
      "right" : "void",
      "info" : "PrimitiveType[2162-2166]:PrimitiveType[2162-2166]"
    }, {
      "left" : "setPropertyIndex",
      "right" : "setPropertyIndex",
      "info" : "SimpleName[2167-2183]:SimpleName[2167-2183]"
    }, {
      "left" : "int index",
      "right" : "int index",
      "info" : "SingleVariableDeclaration[2184-2193]:SingleVariableDeclaration[2184-2193]"
    }, {
      "left" : "{}",
      "right" : "{}",
      "info" : "Block[2195-2325]:Block[2195-2325]"
    }, {
      "left" : "if (propertyIndex != index)",
      "right" : "if (propertyIndex != index)",
      "info" : "IfStatement[2205-2319]:IfStatement[2205-2319]"
    }, {
      "left" : "{}",
      "right" : "{}",
      "info" : "Block[2233-2319]:Block[2233-2319]"
    }, {
      "left" : "propertyIndex = index;",
      "right" : "propertyIndex = index;",
      "info" : "ExpressionStatement[2247-2269]:ExpressionStatement[2247-2269]"
    }, {
      "left" : "setIndex(WHOLE_COLLECTION);",
      "right" : "setIndex(WHOLE_COLLECTION);",
      "info" : "ExpressionStatement[2282-2309]:ExpressionStatement[2282-2309]"
    }, {
      "left" : "public",
      "right" : "public",
      "info" : "Modifier[2397-2403]:Modifier[2397-2403]"
    }, {
      "left" : "Object",
      "right" : "Object",
      "info" : "SimpleType[2404-2410]:SimpleType[2404-2410]"
    }, {
      "left" : "getBean",
      "right" : "getBean",
      "info" : "SimpleName[2411-2418]:SimpleName[2411-2418]"
    }, {
      "left" : "{}",
      "right" : "{}",
      "info" : "Block[2421-2545]:Block[2421-2545]"
    }, {
      "left" : "if (bean == null)",
      "right" : "if (bean == null)",
      "info" : "IfStatement[2431-2518]:IfStatement[2431-2518]"
    }, {
      "left" : "{}",
      "right" : "{}",
      "info" : "Block[2449-2518]:Block[2449-2518]"
    }, {
      "left" : "bean = getImmediateParentPointer().getNode();",
      "right" : "bean = getImmediateParentPointer().getNode();",
      "info" : "ExpressionStatement[2463-2508]:ExpressionStatement[2463-2508]"
    }, {
      "left" : "return bean;",
      "right" : "return bean;",
      "info" : "ReturnStatement[2527-2539]:ReturnStatement[2527-2539]"
    }, {
      "left" : "public",
      "right" : "public",
      "info" : "Modifier[2551-2557]:Modifier[2551-2557]"
    }, {
      "left" : "QName",
      "right" : "QName",
      "info" : "SimpleType[2558-2563]:SimpleType[2558-2563]"
    }, {
      "left" : "getName",
      "right" : "getName",
      "info" : "SimpleName[2564-2571]:SimpleName[2564-2571]"
    }, {
      "left" : "{}",
      "right" : "{}",
      "info" : "Block[2574-2632]:Block[2574-2632]"
    }, {
      "left" : "return new QName(null, getPropertyName());",
      "right" : "return new QName(null, getPropertyName());",
      "info" : "ReturnStatement[2584-2626]:ReturnStatement[2584-2626]"
    }, {
      "left" : "public",
      "right" : "public",
      "info" : "Modifier[2721-2727]:Modifier[2721-2727]"
    }, {
      "left" : "abstract",
      "right" : "abstract",
      "info" : "Modifier[2728-2736]:Modifier[2728-2736]"
    }, {
      "left" : "String",
      "right" : "String",
      "info" : "SimpleType[2737-2743]:SimpleType[2737-2743]"
    }, {
      "left" : "getPropertyName",
      "right" : "getPropertyName",
      "info" : "SimpleName[2744-2759]:SimpleName[2744-2759]"
    }, {
      "left" : "public",
      "right" : "public",
      "info" : "Modifier[2863-2869]:Modifier[2863-2869]"
    }, {
      "left" : "abstract",
      "right" : "abstract",
      "info" : "Modifier[2870-2878]:Modifier[2870-2878]"
    }, {
      "left" : "void",
      "right" : "void",
      "info" : "PrimitiveType[2879-2883]:PrimitiveType[2879-2883]"
    }, {
      "left" : "setPropertyName",
      "right" : "setPropertyName",
      "info" : "SimpleName[2884-2899]:SimpleName[2884-2899]"
    }, {
      "left" : "String propertyName",
      "right" : "String propertyName",
      "info" : "SingleVariableDeclaration[2900-2919]:SingleVariableDeclaration[2900-2919]"
    }, {
      "left" : "public",
      "right" : "public",
      "info" : "Modifier[3013-3019]:Modifier[3013-3019]"
    }, {
      "left" : "abstract",
      "right" : "abstract",
      "info" : "Modifier[3020-3028]:Modifier[3020-3028]"
    }, {
      "left" : "int",
      "right" : "int",
      "info" : "PrimitiveType[3029-3032]:PrimitiveType[3029-3032]"
    }, {
      "left" : "getPropertyCount",
      "right" : "getPropertyCount",
      "info" : "SimpleName[3033-3049]:SimpleName[3033-3049]"
    }, {
      "left" : "public",
      "right" : "public",
      "info" : "Modifier[3147-3153]:Modifier[3147-3153]"
    }, {
      "left" : "abstract",
      "right" : "abstract",
      "info" : "Modifier[3154-3162]:Modifier[3154-3162]"
    }, {
      "left" : "String[]",
      "right" : "String[]",
      "info" : "ArrayType[3163-3171]:ArrayType[3163-3171]"
    }, {
      "left" : "getPropertyNames",
      "right" : "getPropertyNames",
      "info" : "SimpleName[3172-3188]:SimpleName[3172-3188]"
    }, {
      "left" : "protected",
      "right" : "protected",
      "info" : "Modifier[3308-3317]:Modifier[3308-3317]"
    }, {
      "left" : "abstract",
      "right" : "abstract",
      "info" : "Modifier[3318-3326]:Modifier[3318-3326]"
    }, {
      "left" : "boolean",
      "right" : "boolean",
      "info" : "PrimitiveType[3327-3334]:PrimitiveType[3327-3334]"
    }, {
      "left" : "isActualProperty",
      "right" : "isActualProperty",
      "info" : "SimpleName[3335-3351]:SimpleName[3335-3351]"
    }, {
      "left" : "public",
      "right" : "public",
      "info" : "Modifier[3360-3366]:Modifier[3360-3366]"
    }, {
      "left" : "boolean",
      "right" : "boolean",
      "info" : "PrimitiveType[3367-3374]:PrimitiveType[3367-3374]"
    }, {
      "left" : "isActual",
      "right" : "isActual",
      "info" : "SimpleName[3375-3383]:SimpleName[3375-3383]"
    }, {
      "left" : "{}",
      "right" : "{}",
      "info" : "Block[3386-3498]:Block[3386-3498]"
    }, {
      "left" : "if (!isActualProperty())",
      "right" : "if (!isActualProperty())",
      "info" : "IfStatement[3396-3458]:IfStatement[3396-3458]"
    }, {
      "left" : "{}",
      "right" : "{}",
      "info" : "Block[3421-3458]:Block[3421-3458]"
    }, {
      "left" : "return false;",
      "right" : "return false;",
      "info" : "ReturnStatement[3435-3448]:ReturnStatement[3435-3448]"
    }, {
      "left" : "return super.isActual();",
      "right" : "return super.isActual();",
      "info" : "ReturnStatement[3468-3492]:ReturnStatement[3468-3492]"
    }, {
      "left" : "public",
      "right" : "public",
      "info" : "Modifier[3610-3616]:Modifier[3610-3616]"
    }, {
      "left" : "Object",
      "right" : "Object",
      "info" : "SimpleType[3617-3623]:SimpleType[3617-3623]"
    }, {
      "left" : "getImmediateNode",
      "right" : "getImmediateNode",
      "info" : "SimpleName[3624-3640]:SimpleName[3624-3640]"
    }, {
      "left" : "{}",
      "right" : "{}",
      "info" : "Block[3643-3870]:Block[3643-3870]"
    }, {
      "left" : "if (value == UNINITIALIZED)",
      "right" : "if (value == UNINITIALIZED)",
      "info" : "IfStatement[3653-3842]:IfStatement[3653-3842]"
    }, {
      "left" : "{}",
      "right" : "{}",
      "info" : "Block[3681-3842]:Block[3681-3842]"
    }, {
      "left" : "value = index == WHOLE_COLLECTION ? ValueUtils.getValue(getBaseValue())\n                    : ValueUtils.getValue(getBaseValue(), index);",
      "right" : "value = index == WHOLE_COLLECTION ? ValueUtils.getValue(getBaseValue())\n                    : ValueUtils.getValue(getBaseValue(), index);",
      "info" : "ExpressionStatement[3695-3832]:ExpressionStatement[3695-3832]"
    }, {
      "left" : "return value;",
      "right" : "return value;",
      "info" : "ReturnStatement[3851-3864]:ReturnStatement[3851-3864]"
    }, {
      "left" : "public",
      "right" : "public",
      "info" : "Modifier[3876-3882]:Modifier[3876-3882]"
    }, {
      "left" : "boolean",
      "right" : "boolean",
      "info" : "PrimitiveType[3883-3890]:PrimitiveType[3883-3890]"
    }, {
      "left" : "isCollection",
      "right" : "isCollection",
      "info" : "SimpleName[3891-3903]:SimpleName[3891-3903]"
    }, {
      "left" : "{}",
      "right" : "{}",
      "info" : "Block[3906-4016]:Block[3906-4016]"
    }, {
      "left" : "Object value = getBaseValue();",
      "right" : "Object value = getBaseValue();",
      "info" : "VariableDeclarationStatement[3916-3946]:VariableDeclarationStatement[3916-3946]"
    }, {
      "left" : "return value != null && ValueUtils.isCollection(value);",
      "right" : "return value != null && ValueUtils.isCollection(value);",
      "info" : "ReturnStatement[3955-4010]:ReturnStatement[3955-4010]"
    }, {
      "left" : "public",
      "right" : "public",
      "info" : "Modifier[4022-4028]:Modifier[4022-4028]"
    }, {
      "left" : "boolean",
      "right" : "boolean",
      "info" : "PrimitiveType[4029-4036]:PrimitiveType[4029-4036]"
    }, {
      "left" : "isLeaf",
      "right" : "isLeaf",
      "info" : "SimpleName[4037-4043]:SimpleName[4037-4043]"
    }, {
      "left" : "{}",
      "right" : "{}",
      "info" : "Block[4046-4180]:Block[4046-4180]"
    }, {
      "left" : "Object value = getNode();",
      "right" : "Object value = getNode();",
      "info" : "VariableDeclarationStatement[4056-4081]:VariableDeclarationStatement[4056-4081]"
    }, {
      "left" : "return value == null || JXPathIntrospector.getBeanInfo(value.getClass()).isAtomic();",
      "right" : "return value == null || JXPathIntrospector.getBeanInfo(value.getClass()).isAtomic();",
      "info" : "ReturnStatement[4090-4174]:ReturnStatement[4090-4174]"
    }, {
      "left" : "public",
      "right" : "public",
      "info" : "Modifier[4332-4338]:Modifier[4332-4338]"
    }, {
      "left" : "int",
      "right" : "int",
      "info" : "PrimitiveType[4339-4342]:PrimitiveType[4339-4342]"
    }, {
      "left" : "getLength",
      "right" : "getLength",
      "info" : "SimpleName[4343-4352]:SimpleName[4343-4352]"
    }, {
      "left" : "{}",
      "right" : "{}",
      "info" : "Block[4355-4415]:Block[4355-4477]"
    }, {
      "left" : "return ValueUtils.getLength(getBaseValue());",
      "right" : "return baseValue == null ? 1 : ValueUtils.getLength(baseValue);",
      "info" : "ReturnStatement[4365-4409]:ReturnStatement[4408-4471]"
    }, {
      "left" : "ValueUtils.getLength(getBaseValue())",
      "right" : "ValueUtils.getLength(baseValue)",
      "info" : "MethodInvocation[4372-4408]:MethodInvocation[4439-4470]"
    }, {
      "left" : "getBaseValue()",
      "right" : "getBaseValue()",
      "info" : "MethodInvocation[4393-4407]:MethodInvocation[4384-4398]"
    }, {
      "left" : "public",
      "right" : "public",
      "info" : "Modifier[4566-4572]:Modifier[4628-4634]"
    }, {
      "left" : "NodePointer",
      "right" : "NodePointer",
      "info" : "SimpleType[4573-4584]:SimpleType[4635-4646]"
    }, {
      "left" : "getImmediateValuePointer",
      "right" : "getImmediateValuePointer",
      "info" : "SimpleName[4585-4609]:SimpleName[4647-4671]"
    }, {
      "left" : "{}",
      "right" : "{}",
      "info" : "Block[4612-4763]:Block[4674-4825]"
    }, {
      "left" : "return NodePointer.newChildNodePointer(\n            (NodePointer) this.clone(),\n            getName(),\n            getImmediateNode());",
      "right" : "return NodePointer.newChildNodePointer(\n            (NodePointer) this.clone(),\n            getName(),\n            getImmediateNode());",
      "info" : "ReturnStatement[4622-4757]:ReturnStatement[4684-4819]"
    }, {
      "left" : "public",
      "right" : "public",
      "info" : "Modifier[4769-4775]:Modifier[4831-4837]"
    }, {
      "left" : "NodePointer",
      "right" : "NodePointer",
      "info" : "SimpleType[4776-4787]:SimpleType[4838-4849]"
    }, {
      "left" : "createPath",
      "right" : "createPath",
      "info" : "SimpleName[4788-4798]:SimpleName[4850-4860]"
    }, {
      "left" : "JXPathContext context",
      "right" : "JXPathContext context",
      "info" : "SingleVariableDeclaration[4799-4820]:SingleVariableDeclaration[4861-4882]"
    }, {
      "left" : "{}",
      "right" : "{}",
      "info" : "Block[4822-5451]:Block[4884-5513]"
    }, {
      "left" : "if (getImmediateNode() == null)",
      "right" : "if (getImmediateNode() == null)",
      "info" : "IfStatement[4832-5424]:IfStatement[4894-5486]"
    }, {
      "left" : "{}",
      "right" : "{}",
      "info" : "Block[4864-5424]:Block[4926-5486]"
    }, {
      "left" : "AbstractFactory factory = getAbstractFactory(context);",
      "right" : "AbstractFactory factory = getAbstractFactory(context);",
      "info" : "VariableDeclarationStatement[4878-4932]:VariableDeclarationStatement[4940-4994]"
    }, {
      "left" : "int inx = (index == WHOLE_COLLECTION ? 0 : index);",
      "right" : "int inx = (index == WHOLE_COLLECTION ? 0 : index);",
      "info" : "VariableDeclarationStatement[4945-4995]:VariableDeclarationStatement[5007-5057]"
    }, {
      "left" : "boolean success =\n                factory.createObject(\n                    context,\n                    this,\n                    getBean(),\n                    getPropertyName(),\n                    inx);",
      "right" : "boolean success =\n                factory.createObject(\n                    context,\n                    this,\n                    getBean(),\n                    getPropertyName(),\n                    inx);",
      "info" : "VariableDeclarationStatement[5008-5214]:VariableDeclarationStatement[5070-5276]"
    }, {
      "left" : "if (!success)",
      "right" : "if (!success)",
      "info" : "IfStatement[5227-5414]:IfStatement[5289-5476]"
    }, {
      "left" : "{}",
      "right" : "{}",
      "info" : "Block[5241-5414]:Block[5303-5476]"
    }, {
      "left" : "throw new JXPathAbstractFactoryException(\"Factory \" + factory\n                        + \" could not create an object for path: \" + asPath());",
      "right" : "throw new JXPathAbstractFactoryException(\"Factory \" + factory\n                        + \" could not create an object for path: \" + asPath());",
      "info" : "ThrowStatement[5259-5400]:ThrowStatement[5321-5462]"
    }, {
      "left" : "return this;",
      "right" : "return this;",
      "info" : "ReturnStatement[5433-5445]:ReturnStatement[5495-5507]"
    }, {
      "left" : "public",
      "right" : "public",
      "info" : "Modifier[5457-5463]:Modifier[5519-5525]"
    }, {
      "left" : "NodePointer",
      "right" : "NodePointer",
      "info" : "SimpleType[5464-5475]:SimpleType[5526-5537]"
    }, {
      "left" : "createPath",
      "right" : "createPath",
      "info" : "SimpleName[5476-5486]:SimpleName[5538-5548]"
    }, {
      "left" : "JXPathContext context",
      "right" : "JXPathContext context",
      "info" : "SingleVariableDeclaration[5487-5508]:SingleVariableDeclaration[5549-5570]"
    }, {
      "left" : "Object value",
      "right" : "Object value",
      "info" : "SingleVariableDeclaration[5510-5522]:SingleVariableDeclaration[5572-5584]"
    }, {
      "left" : "{}",
      "right" : "{}",
      "info" : "Block[5524-5729]:Block[5586-5791]"
    }, {
      "left" : "if (index != WHOLE_COLLECTION && index >= getLength())",
      "right" : "if (index != WHOLE_COLLECTION && index >= getLength())",
      "info" : "IfStatement[5578-5677]:IfStatement[5640-5739]"
    }, {
      "left" : "{}",
      "right" : "{}",
      "info" : "Block[5633-5677]:Block[5695-5739]"
    }, {
      "left" : "createPath(context);",
      "right" : "createPath(context);",
      "info" : "ExpressionStatement[5647-5667]:ExpressionStatement[5709-5729]"
    }, {
      "left" : "setValue(value);",
      "right" : "setValue(value);",
      "info" : "ExpressionStatement[5686-5702]:ExpressionStatement[5748-5764]"
    }, {
      "left" : "return this;",
      "right" : "return this;",
      "info" : "ReturnStatement[5711-5723]:ReturnStatement[5773-5785]"
    }, {
      "left" : "public",
      "right" : "public",
      "info" : "Modifier[5735-5741]:Modifier[5797-5803]"
    }, {
      "left" : "NodePointer",
      "right" : "NodePointer",
      "info" : "SimpleType[5742-5753]:SimpleType[5804-5815]"
    }, {
      "left" : "createChild",
      "right" : "createChild",
      "info" : "SimpleName[5754-5765]:SimpleName[5816-5827]"
    }, {
      "left" : "JXPathContext context",
      "right" : "JXPathContext context",
      "info" : "SingleVariableDeclaration[5775-5796]:SingleVariableDeclaration[5837-5858]"
    }, {
      "left" : "QName name",
      "right" : "QName name",
      "info" : "SingleVariableDeclaration[5806-5816]:SingleVariableDeclaration[5868-5878]"
    }, {
      "left" : "int index",
      "right" : "int index",
      "info" : "SingleVariableDeclaration[5826-5835]:SingleVariableDeclaration[5888-5897]"
    }, {
      "left" : "Object value",
      "right" : "Object value",
      "info" : "SingleVariableDeclaration[5845-5857]:SingleVariableDeclaration[5907-5919]"
    }, {
      "left" : "{}",
      "right" : "{}",
      "info" : "Block[5859-6091]:Block[5921-6153]"
    }, {
      "left" : "PropertyPointer prop = (PropertyPointer) clone();",
      "right" : "PropertyPointer prop = (PropertyPointer) clone();",
      "info" : "VariableDeclarationStatement[5869-5918]:VariableDeclarationStatement[5931-5980]"
    }, {
      "left" : "if (name != null)",
      "right" : "if (name != null)",
      "info" : "IfStatement[5927-6007]:IfStatement[5989-6069]"
    }, {
      "left" : "{}",
      "right" : "{}",
      "info" : "Block[5945-6007]:Block[6007-6069]"
    }, {
      "left" : "prop.setPropertyName(name.toString());",
      "right" : "prop.setPropertyName(name.toString());",
      "info" : "ExpressionStatement[5959-5997]:ExpressionStatement[6021-6059]"
    }, {
      "left" : "prop.setIndex(index);",
      "right" : "prop.setIndex(index);",
      "info" : "ExpressionStatement[6016-6037]:ExpressionStatement[6078-6099]"
    }, {
      "left" : "return prop.createPath(context, value);",
      "right" : "return prop.createPath(context, value);",
      "info" : "ReturnStatement[6046-6085]:ReturnStatement[6108-6147]"
    }, {
      "left" : "public",
      "right" : "public",
      "info" : "Modifier[6097-6103]:Modifier[6159-6165]"
    }, {
      "left" : "NodePointer",
      "right" : "NodePointer",
      "info" : "SimpleType[6104-6115]:SimpleType[6166-6177]"
    }, {
      "left" : "createChild",
      "right" : "createChild",
      "info" : "SimpleName[6116-6127]:SimpleName[6178-6189]"
    }, {
      "left" : "JXPathContext context",
      "right" : "JXPathContext context",
      "info" : "SingleVariableDeclaration[6137-6158]:SingleVariableDeclaration[6199-6220]"
    }, {
      "left" : "QName name",
      "right" : "QName name",
      "info" : "SingleVariableDeclaration[6168-6178]:SingleVariableDeclaration[6230-6240]"
    }, {
      "left" : "int index",
      "right" : "int index",
      "info" : "SingleVariableDeclaration[6188-6197]:SingleVariableDeclaration[6250-6259]"
    }, {
      "left" : "{}",
      "right" : "{}",
      "info" : "Block[6199-6424]:Block[6261-6486]"
    }, {
      "left" : "PropertyPointer prop = (PropertyPointer) clone();",
      "right" : "PropertyPointer prop = (PropertyPointer) clone();",
      "info" : "VariableDeclarationStatement[6209-6258]:VariableDeclarationStatement[6271-6320]"
    }, {
      "left" : "if (name != null)",
      "right" : "if (name != null)",
      "info" : "IfStatement[6267-6347]:IfStatement[6329-6409]"
    }, {
      "left" : "{}",
      "right" : "{}",
      "info" : "Block[6285-6347]:Block[6347-6409]"
    }, {
      "left" : "prop.setPropertyName(name.toString());",
      "right" : "prop.setPropertyName(name.toString());",
      "info" : "ExpressionStatement[6299-6337]:ExpressionStatement[6361-6399]"
    }, {
      "left" : "prop.setIndex(index);",
      "right" : "prop.setIndex(index);",
      "info" : "ExpressionStatement[6356-6377]:ExpressionStatement[6418-6439]"
    }, {
      "left" : "return prop.createPath(context);",
      "right" : "return prop.createPath(context);",
      "info" : "ReturnStatement[6386-6418]:ReturnStatement[6448-6480]"
    }, {
      "left" : "public",
      "right" : "public",
      "info" : "Modifier[6430-6436]:Modifier[6492-6498]"
    }, {
      "left" : "int",
      "right" : "int",
      "info" : "PrimitiveType[6437-6440]:PrimitiveType[6499-6502]"
    }, {
      "left" : "hashCode",
      "right" : "hashCode",
      "info" : "SimpleName[6441-6449]:SimpleName[6503-6511]"
    }, {
      "left" : "{}",
      "right" : "{}",
      "info" : "Block[6452-6538]:Block[6514-6600]"
    }, {
      "left" : "return getImmediateParentPointer().hashCode() + propertyIndex + index;",
      "right" : "return getImmediateParentPointer().hashCode() + propertyIndex + index;",
      "info" : "ReturnStatement[6462-6532]:ReturnStatement[6524-6594]"
    }, {
      "left" : "public",
      "right" : "public",
      "info" : "Modifier[6544-6550]:Modifier[6606-6612]"
    }, {
      "left" : "boolean",
      "right" : "boolean",
      "info" : "PrimitiveType[6551-6558]:PrimitiveType[6613-6620]"
    }, {
      "left" : "equals",
      "right" : "equals",
      "info" : "SimpleName[6559-6565]:SimpleName[6621-6627]"
    }, {
      "left" : "Object object",
      "right" : "Object object",
      "info" : "SingleVariableDeclaration[6566-6579]:SingleVariableDeclaration[6628-6641]"
    }, {
      "left" : "{}",
      "right" : "{}",
      "info" : "Block[6581-7260]:Block[6643-7322]"
    }, {
      "left" : "if (object == this)",
      "right" : "if (object == this)",
      "info" : "IfStatement[6591-6647]:IfStatement[6653-6709]"
    }, {
      "left" : "{}",
      "right" : "{}",
      "info" : "Block[6611-6647]:Block[6673-6709]"
    }, {
      "left" : "return true;",
      "right" : "return true;",
      "info" : "ReturnStatement[6625-6637]:ReturnStatement[6687-6699]"
    }, {
      "left" : "if (!(object instanceof PropertyPointer))",
      "right" : "if (!(object instanceof PropertyPointer))",
      "info" : "IfStatement[6657-6736]:IfStatement[6719-6798]"
    }, {
      "left" : "{}",
      "right" : "{}",
      "info" : "Block[6699-6736]:Block[6761-6798]"
    }, {
      "left" : "return false;",
      "right" : "return false;",
      "info" : "ReturnStatement[6713-6726]:ReturnStatement[6775-6788]"
    }, {
      "left" : "PropertyPointer other = (PropertyPointer) object;",
      "right" : "PropertyPointer other = (PropertyPointer) object;",
      "info" : "VariableDeclarationStatement[6746-6795]:VariableDeclarationStatement[6808-6857]"
    }, {
      "left" : "if (parent != other.parent && (parent == null || !parent.equals(other.parent)))",
      "right" : "if (parent != other.parent && (parent == null || !parent.equals(other.parent)))",
      "info" : "IfStatement[6804-6921]:IfStatement[6866-6983]"
    }, {
      "left" : "{}",
      "right" : "{}",
      "info" : "Block[6884-6921]:Block[6946-6983]"
    }, {
      "left" : "return false;",
      "right" : "return false;",
      "info" : "ReturnStatement[6898-6911]:ReturnStatement[6960-6973]"
    }, {
      "left" : "if (getPropertyIndex() != other.getPropertyIndex()\n            || !getPropertyName().equals(other.getPropertyName()))",
      "right" : "if (getPropertyIndex() != other.getPropertyIndex()\n            || !getPropertyName().equals(other.getPropertyName()))",
      "info" : "IfStatement[6931-7086]:IfStatement[6993-7148]"
    }, {
      "left" : "{}",
      "right" : "{}",
      "info" : "Block[7049-7086]:Block[7111-7148]"
    }, {
      "left" : "return false;",
      "right" : "return false;",
      "info" : "ReturnStatement[7063-7076]:ReturnStatement[7125-7138]"
    }, {
      "left" : "int iThis = (index == WHOLE_COLLECTION ? 0 : index);",
      "right" : "int iThis = (index == WHOLE_COLLECTION ? 0 : index);",
      "info" : "VariableDeclarationStatement[7096-7148]:VariableDeclarationStatement[7158-7210]"
    }, {
      "left" : "int iOther = (other.index == WHOLE_COLLECTION ? 0 : other.index);",
      "right" : "int iOther = (other.index == WHOLE_COLLECTION ? 0 : other.index);",
      "info" : "VariableDeclarationStatement[7157-7222]:VariableDeclarationStatement[7219-7284]"
    }, {
      "left" : "return iThis == iOther;",
      "right" : "return iThis == iOther;",
      "info" : "ReturnStatement[7231-7254]:ReturnStatement[7293-7316]"
    }, {
      "left" : "public",
      "right" : "public",
      "info" : "Modifier[7266-7272]:Modifier[7328-7334]"
    }, {
      "left" : "int",
      "right" : "int",
      "info" : "PrimitiveType[7273-7276]:PrimitiveType[7335-7338]"
    }, {
      "left" : "compareChildNodePointers",
      "right" : "compareChildNodePointers",
      "info" : "SimpleName[7277-7301]:SimpleName[7339-7363]"
    }, {
      "left" : "NodePointer pointer1",
      "right" : "NodePointer pointer1",
      "info" : "SingleVariableDeclaration[7311-7331]:SingleVariableDeclaration[7373-7393]"
    }, {
      "left" : "NodePointer pointer2",
      "right" : "NodePointer pointer2",
      "info" : "SingleVariableDeclaration[7341-7361]:SingleVariableDeclaration[7403-7423]"
    }, {
      "left" : "{}",
      "right" : "{}",
      "info" : "Block[7363-7449]:Block[7425-7511]"
    }, {
      "left" : "return getValuePointer().compareChildNodePointers(pointer1, pointer2);",
      "right" : "return getValuePointer().compareChildNodePointers(pointer1, pointer2);",
      "info" : "ReturnStatement[7373-7443]:ReturnStatement[7435-7505]"
    } ]
  },
  "interFileMappings" : { }
}