{
  "intraFileMappings" : {
    "matchedElements" : [
 {
      "left" : "Expression",
      "right" : "Expression",
      "info" : "TypeDeclaration[1173-4823]:TypeDeclaration[1215-5263]"
    }, {
      "left" : "protected static final Double ZERO = new Double(0);",
      "right" : "protected static final Double ZERO = new Double(0);",
      "info" : "FieldDeclaration[1609-1660]:FieldDeclaration[1651-1702]"
    }, {
      "left" : "protected static final Double ONE = new Double(1);",
      "right" : "protected static final Double ONE = new Double(1);",
      "info" : "FieldDeclaration[1665-1715]:FieldDeclaration[1707-1757]"
    }, {
      "left" : "protected static final Double NOT_A_NUMBER = new Double(Double.NaN);",
      "right" : "protected static final Double NOT_A_NUMBER = new Double(Double.NaN);",
      "info" : "FieldDeclaration[1720-1788]:FieldDeclaration[1762-1830]"
    }, {
      "left" : "private boolean contextDependencyKnown = false;",
      "right" : "private boolean contextDependencyKnown = false;",
      "info" : "FieldDeclaration[1794-1841]:FieldDeclaration[1836-1883]"
    }, {
      "left" : "private boolean contextDependent;",
      "right" : "private boolean contextDependent;",
      "info" : "FieldDeclaration[1846-1879]:FieldDeclaration[1888-1921]"
    }, {
      "left" : "public boolean isContextDependent()",
      "right" : "public boolean isContextDependent()",
      "info" : "MethodDeclaration[1885-2251]:MethodDeclaration[1927-2293]"
    }, {
      "left" : "public abstract boolean computeContextDependent();",
      "right" : "public abstract boolean computeContextDependent();",
      "info" : "MethodDeclaration[2257-2401]:MethodDeclaration[2299-2443]"
    }, {
      "left" : "public abstract Object computeValue(EvalContext context);",
      "right" : "public abstract Object computeValue(EvalContext context);",
      "info" : "MethodDeclaration[2407-2592]:MethodDeclaration[2449-2634]"
    }, {
      "left" : "public abstract Object compute(EvalContext context);",
      "right" : "public abstract Object compute(EvalContext context);",
      "info" : "MethodDeclaration[2597-2649]:MethodDeclaration[2639-2691]"
    }, {
      "left" : "public Iterator iterate(EvalContext context)",
      "right" : "public Iterator iterate(EvalContext context)",
      "info" : "MethodDeclaration[2655-2907]:MethodDeclaration[2697-3083]"
    }, {
      "left" : "public Iterator iteratePointers(EvalContext context)",
      "right" : "public Iterator iteratePointers(EvalContext context)",
      "info" : "MethodDeclaration[2913-3389]:MethodDeclaration[3089-3829]"
    }, {
      "left" : "PointerIterator",
      "right" : "PointerIterator",
      "info" : "TypeDeclaration[3395-4243]:TypeDeclaration[3835-4683]"
    }, {
      "left" : "private Iterator iterator;",
      "right" : "private Iterator iterator;",
      "info" : "FieldDeclaration[3461-3487]:FieldDeclaration[3901-3927]"
    }, {
      "left" : "private QName qname;",
      "right" : "private QName qname;",
      "info" : "FieldDeclaration[3496-3516]:FieldDeclaration[3936-3956]"
    }, {
      "left" : "private Locale locale;",
      "right" : "private Locale locale;",
      "info" : "FieldDeclaration[3525-3547]:FieldDeclaration[3965-3987]"
    }, {
      "left" : "public PointerIterator(Iterator it, QName qname, Locale locale)",
      "right" : "public PointerIterator(Iterator it, QName qname, Locale locale)",
      "info" : "MethodDeclaration[3616-3881]:MethodDeclaration[4056-4321]"
    }, {
      "left" : "public boolean hasNext()",
      "right" : "public boolean hasNext()",
      "info" : "MethodDeclaration[3891-3966]:MethodDeclaration[4331-4406]"
    }, {
      "left" : "public Object next()",
      "right" : "public Object next()",
      "info" : "MethodDeclaration[3976-4140]:MethodDeclaration[4416-4580]"
    }, {
      "left" : "public void remove()",
      "right" : "public void remove()",
      "info" : "MethodDeclaration[4150-4237]:MethodDeclaration[4590-4677]"
    }, {
      "left" : "ValueIterator",
      "right" : "ValueIterator",
      "info" : "TypeDeclaration[4249-4821]:TypeDeclaration[4689-5261]"
    }, {
      "left" : "private Iterator iterator;",
      "right" : "private Iterator iterator;",
      "info" : "FieldDeclaration[4313-4339]:FieldDeclaration[4753-4779]"
    }, {
      "left" : "public ValueIterator(Iterator it)",
      "right" : "public ValueIterator(Iterator it)",
      "info" : "MethodDeclaration[4349-4426]:MethodDeclaration[4789-4866]"
    }, {
      "left" : "public boolean hasNext()",
      "right" : "public boolean hasNext()",
      "info" : "MethodDeclaration[4436-4511]:MethodDeclaration[4876-4951]"
    }, {
      "left" : "public Object next()",
      "right" : "public Object next()",
      "info" : "MethodDeclaration[4521-4718]:MethodDeclaration[4961-5158]"
    }, {
      "left" : "public void remove()",
      "right" : "public void remove()",
      "info" : "MethodDeclaration[4728-4815]:MethodDeclaration[5168-5255]"
    } ],
    "mappings" : [
 {
      "left" : "public",
      "right" : "public",
      "info" : "Modifier[1569-1575]:Modifier[1611-1617]"
    }, {
      "left" : "abstract",
      "right" : "abstract",
      "info" : "Modifier[1576-1584]:Modifier[1618-1626]"
    }, {
      "left" : "class",
      "right" : "class",
      "info" : "TYPE_DECLARATION_KIND[1585-1590]:TYPE_DECLARATION_KIND[1627-1632]"
    }, {
      "left" : "Expression",
      "right" : "Expression",
      "info" : "SimpleName[1591-1601]:SimpleName[1633-1643]"
    }, {
      "left" : "public",
      "right" : "public",
      "info" : "Modifier[2025-2031]:Modifier[2067-2073]"
    }, {
      "left" : "boolean",
      "right" : "boolean",
      "info" : "PrimitiveType[2032-2039]:PrimitiveType[2074-2081]"
    }, {
      "left" : "isContextDependent",
      "right" : "isContextDependent",
      "info" : "SimpleName[2040-2058]:SimpleName[2082-2100]"
    }, {
      "left" : "{}",
      "right" : "{}",
      "info" : "Block[2061-2251]:Block[2103-2293]"
    }, {
      "left" : "if (!contextDependencyKnown)",
      "right" : "if (!contextDependencyKnown)",
      "info" : "IfStatement[2071-2212]:IfStatement[2113-2254]"
    }, {
      "left" : "{}",
      "right" : "{}",
      "info" : "Block[2100-2212]:Block[2142-2254]"
    }, {
      "left" : "contextDependent = computeContextDependent();",
      "right" : "contextDependent = computeContextDependent();",
      "info" : "ExpressionStatement[2114-2159]:ExpressionStatement[2156-2201]"
    }, {
      "left" : "contextDependencyKnown = true;",
      "right" : "contextDependencyKnown = true;",
      "info" : "ExpressionStatement[2172-2202]:ExpressionStatement[2214-2244]"
    }, {
      "left" : "return contextDependent;",
      "right" : "return contextDependent;",
      "info" : "ReturnStatement[2221-2245]:ReturnStatement[2263-2287]"
    }, {
      "left" : "public",
      "right" : "public",
      "info" : "Modifier[2351-2357]:Modifier[2393-2399]"
    }, {
      "left" : "abstract",
      "right" : "abstract",
      "info" : "Modifier[2358-2366]:Modifier[2400-2408]"
    }, {
      "left" : "boolean",
      "right" : "boolean",
      "info" : "PrimitiveType[2367-2374]:PrimitiveType[2409-2416]"
    }, {
      "left" : "computeContextDependent",
      "right" : "computeContextDependent",
      "info" : "SimpleName[2375-2398]:SimpleName[2417-2440]"
    }, {
      "left" : "public",
      "right" : "public",
      "info" : "Modifier[2535-2541]:Modifier[2577-2583]"
    }, {
      "left" : "abstract",
      "right" : "abstract",
      "info" : "Modifier[2542-2550]:Modifier[2584-2592]"
    }, {
      "left" : "Object",
      "right" : "Object",
      "info" : "SimpleType[2551-2557]:SimpleType[2593-2599]"
    }, {
      "left" : "computeValue",
      "right" : "computeValue",
      "info" : "SimpleName[2558-2570]:SimpleName[2600-2612]"
    }, {
      "left" : "EvalContext context",
      "right" : "EvalContext context",
      "info" : "SingleVariableDeclaration[2571-2590]:SingleVariableDeclaration[2613-2632]"
    }, {
      "left" : "public",
      "right" : "public",
      "info" : "Modifier[2597-2603]:Modifier[2639-2645]"
    }, {
      "left" : "abstract",
      "right" : "abstract",
      "info" : "Modifier[2604-2612]:Modifier[2646-2654]"
    }, {
      "left" : "Object",
      "right" : "Object",
      "info" : "SimpleType[2613-2619]:SimpleType[2655-2661]"
    }, {
      "left" : "compute",
      "right" : "compute",
      "info" : "SimpleName[2620-2627]:SimpleName[2662-2669]"
    }, {
      "left" : "EvalContext context",
      "right" : "EvalContext context",
      "info" : "SingleVariableDeclaration[2628-2647]:SingleVariableDeclaration[2670-2689]"
    }, {
      "left" : "public",
      "right" : "public",
      "info" : "Modifier[2655-2661]:Modifier[2697-2703]"
    }, {
      "left" : "Iterator",
      "right" : "Iterator",
      "info" : "SimpleType[2662-2670]:SimpleType[2704-2712]"
    }, {
      "left" : "iterate",
      "right" : "iterate",
      "info" : "SimpleName[2671-2678]:SimpleName[2713-2720]"
    }, {
      "left" : "EvalContext context",
      "right" : "EvalContext context",
      "info" : "SingleVariableDeclaration[2679-2698]:SingleVariableDeclaration[2721-2740]"
    }, {
      "left" : "{}",
      "right" : "{}",
      "info" : "Block[2700-2907]:Block[2742-3083]"
    }, {
      "left" : "Object result = compute(context);",
      "right" : "Object result = compute(context);",
      "info" : "VariableDeclarationStatement[2710-2743]:VariableDeclarationStatement[2752-2785]"
    }, {
      "left" : "if (result instanceof EvalContext)",
      "right" : "if (result instanceof EvalContext)",
      "info" : "IfStatement[2752-2858]:IfStatement[2794-2900]"
    }, {
      "left" : "{}",
      "right" : "{}",
      "info" : "Block[2787-2858]:Block[2829-2900]"
    }, {
      "left" : "return new ValueIterator((EvalContext) result);",
      "right" : "return new ValueIterator((EvalContext) result);",
      "info" : "ReturnStatement[2801-2848]:ReturnStatement[2843-2890]"
    }, {
      "left" : "return ValueUtils.iterate(result);",
      "right" : "return ValueUtils.iterate(result);",
      "info" : "ReturnStatement[2867-2901]:ReturnStatement[3043-3077]"
    }, {
      "left" : "public",
      "right" : "public",
      "info" : "Modifier[2913-2919]:Modifier[3089-3095]"
    }, {
      "left" : "Iterator",
      "right" : "Iterator",
      "info" : "SimpleType[2920-2928]:SimpleType[3096-3104]"
    }, {
      "left" : "iteratePointers",
      "right" : "iteratePointers",
      "info" : "SimpleName[2929-2944]:SimpleName[3105-3120]"
    }, {
      "left" : "EvalContext context",
      "right" : "EvalContext context",
      "info" : "SingleVariableDeclaration[2945-2964]:SingleVariableDeclaration[3121-3140]"
    }, {
      "left" : "{}",
      "right" : "{}",
      "info" : "Block[2966-3389]:Block[3142-3829]"
    }, {
      "left" : "Object result = compute(context);",
      "right" : "Object result = compute(context);",
      "info" : "VariableDeclarationStatement[2976-3009]:VariableDeclarationStatement[3152-3185]"
    }, {
      "left" : "if (result == null)",
      "right" : "if (result == null)",
      "info" : "IfStatement[3018-3103]:IfStatement[3194-3279]"
    }, {
      "left" : "{}",
      "right" : "{}",
      "info" : "Block[3038-3103]:Block[3214-3279]"
    }, {
      "left" : "return Collections.EMPTY_LIST.iterator();",
      "right" : "return Collections.EMPTY_LIST.iterator();",
      "info" : "ReturnStatement[3052-3093]:ReturnStatement[3228-3269]"
    }, {
      "left" : "if (result instanceof EvalContext)",
      "right" : "if (result instanceof EvalContext)",
      "info" : "IfStatement[3112-3199]:IfStatement[3288-3375]"
    }, {
      "left" : "{}",
      "right" : "{}",
      "info" : "Block[3147-3199]:Block[3323-3375]"
    }, {
      "left" : "return (EvalContext) result;",
      "right" : "return (EvalContext) result;",
      "info" : "ReturnStatement[3161-3189]:ReturnStatement[3337-3365]"
    }, {
      "left" : "return new PointerIterator(ValueUtils.iterate(result),\n                new QName(null, \"value\"),\n                context.getRootContext().getCurrentNodePointer().getLocale());",
      "right" : "return new PointerIterator(ValueUtils.iterate(result),\n                new QName(null, \"value\"),\n                context.getRootContext().getCurrentNodePointer().getLocale());",
      "info" : "ReturnStatement[3208-3383]:ReturnStatement[3648-3823]"
    }, {
      "left" : "public",
      "right" : "public",
      "info" : "Modifier[3395-3401]:Modifier[3835-3841]"
    }, {
      "left" : "static",
      "right" : "static",
      "info" : "Modifier[3402-3408]:Modifier[3842-3848]"
    }, {
      "left" : "class",
      "right" : "class",
      "info" : "TYPE_DECLARATION_KIND[3409-3414]:TYPE_DECLARATION_KIND[3849-3854]"
    }, {
      "left" : "PointerIterator",
      "right" : "PointerIterator",
      "info" : "SimpleName[3415-3430]:SimpleName[3855-3870]"
    }, {
      "left" : "Iterator",
      "right" : "Iterator",
      "info" : "SimpleType[3442-3450]:SimpleType[3882-3890]"
    }, {
      "left" : "public",
      "right" : "public",
      "info" : "Modifier[3708-3714]:Modifier[4148-4154]"
    }, {
      "left" : "PointerIterator",
      "right" : "PointerIterator",
      "info" : "SimpleName[3715-3730]:SimpleName[4155-4170]"
    }, {
      "left" : "Iterator it",
      "right" : "Iterator it",
      "info" : "SingleVariableDeclaration[3731-3742]:SingleVariableDeclaration[4171-4182]"
    }, {
      "left" : "QName qname",
      "right" : "QName qname",
      "info" : "SingleVariableDeclaration[3744-3755]:SingleVariableDeclaration[4184-4195]"
    }, {
      "left" : "Locale locale",
      "right" : "Locale locale",
      "info" : "SingleVariableDeclaration[3757-3770]:SingleVariableDeclaration[4197-4210]"
    }, {
      "left" : "{}",
      "right" : "{}",
      "info" : "Block[3772-3881]:Block[4212-4321]"
    }, {
      "left" : "this.iterator = it;",
      "right" : "this.iterator = it;",
      "info" : "ExpressionStatement[3786-3805]:ExpressionStatement[4226-4245]"
    }, {
      "left" : "this.qname = qname;",
      "right" : "this.qname = qname;",
      "info" : "ExpressionStatement[3818-3837]:ExpressionStatement[4258-4277]"
    }, {
      "left" : "this.locale = locale;",
      "right" : "this.locale = locale;",
      "info" : "ExpressionStatement[3850-3871]:ExpressionStatement[4290-4311]"
    }, {
      "left" : "public",
      "right" : "public",
      "info" : "Modifier[3891-3897]:Modifier[4331-4337]"
    }, {
      "left" : "boolean",
      "right" : "boolean",
      "info" : "PrimitiveType[3898-3905]:PrimitiveType[4338-4345]"
    }, {
      "left" : "hasNext",
      "right" : "hasNext",
      "info" : "SimpleName[3906-3913]:SimpleName[4346-4353]"
    }, {
      "left" : "{}",
      "right" : "{}",
      "info" : "Block[3916-3966]:Block[4356-4406]"
    }, {
      "left" : "return iterator.hasNext();",
      "right" : "return iterator.hasNext();",
      "info" : "ReturnStatement[3930-3956]:ReturnStatement[4370-4396]"
    }, {
      "left" : "public",
      "right" : "public",
      "info" : "Modifier[3976-3982]:Modifier[4416-4422]"
    }, {
      "left" : "Object",
      "right" : "Object",
      "info" : "SimpleType[3983-3989]:SimpleType[4423-4429]"
    }, {
      "left" : "next",
      "right" : "next",
      "info" : "SimpleName[3990-3994]:SimpleName[4430-4434]"
    }, {
      "left" : "{}",
      "right" : "{}",
      "info" : "Block[3997-4140]:Block[4437-4580]"
    }, {
      "left" : "Object o = iterator.next();",
      "right" : "Object o = iterator.next();",
      "info" : "VariableDeclarationStatement[4011-4038]:VariableDeclarationStatement[4451-4478]"
    }, {
      "left" : "return o instanceof Pointer ? o : NodePointer.newNodePointer(qname, o, locale);",
      "right" : "return o instanceof Pointer ? o : NodePointer.newNodePointer(qname, o, locale);",
      "info" : "ReturnStatement[4051-4130]:ReturnStatement[4491-4570]"
    }, {
      "left" : "public",
      "right" : "public",
      "info" : "Modifier[4150-4156]:Modifier[4590-4596]"
    }, {
      "left" : "void",
      "right" : "void",
      "info" : "PrimitiveType[4157-4161]:PrimitiveType[4597-4601]"
    }, {
      "left" : "remove",
      "right" : "remove",
      "info" : "SimpleName[4162-4168]:SimpleName[4602-4608]"
    }, {
      "left" : "{}",
      "right" : "{}",
      "info" : "Block[4171-4237]:Block[4611-4677]"
    }, {
      "left" : "throw new UnsupportedOperationException();",
      "right" : "throw new UnsupportedOperationException();",
      "info" : "ThrowStatement[4185-4227]:ThrowStatement[4625-4667]"
    }, {
      "left" : "public",
      "right" : "public",
      "info" : "Modifier[4249-4255]:Modifier[4689-4695]"
    }, {
      "left" : "static",
      "right" : "static",
      "info" : "Modifier[4256-4262]:Modifier[4696-4702]"
    }, {
      "left" : "class",
      "right" : "class",
      "info" : "TYPE_DECLARATION_KIND[4263-4268]:TYPE_DECLARATION_KIND[4703-4708]"
    }, {
      "left" : "ValueIterator",
      "right" : "ValueIterator",
      "info" : "SimpleName[4269-4282]:SimpleName[4709-4722]"
    }, {
      "left" : "Iterator",
      "right" : "Iterator",
      "info" : "SimpleType[4294-4302]:SimpleType[4734-4742]"
    }, {
      "left" : "public",
      "right" : "public",
      "info" : "Modifier[4349-4355]:Modifier[4789-4795]"
    }, {
      "left" : "ValueIterator",
      "right" : "ValueIterator",
      "info" : "SimpleName[4356-4369]:SimpleName[4796-4809]"
    }, {
      "left" : "Iterator it",
      "right" : "Iterator it",
      "info" : "SingleVariableDeclaration[4370-4381]:SingleVariableDeclaration[4810-4821]"
    }, {
      "left" : "{}",
      "right" : "{}",
      "info" : "Block[4383-4426]:Block[4823-4866]"
    }, {
      "left" : "this.iterator = it;",
      "right" : "this.iterator = it;",
      "info" : "ExpressionStatement[4397-4416]:ExpressionStatement[4837-4856]"
    }, {
      "left" : "public",
      "right" : "public",
      "info" : "Modifier[4436-4442]:Modifier[4876-4882]"
    }, {
      "left" : "boolean",
      "right" : "boolean",
      "info" : "PrimitiveType[4443-4450]:PrimitiveType[4883-4890]"
    }, {
      "left" : "hasNext",
      "right" : "hasNext",
      "info" : "SimpleName[4451-4458]:SimpleName[4891-4898]"
    }, {
      "left" : "{}",
      "right" : "{}",
      "info" : "Block[4461-4511]:Block[4901-4951]"
    }, {
      "left" : "return iterator.hasNext();",
      "right" : "return iterator.hasNext();",
      "info" : "ReturnStatement[4475-4501]:ReturnStatement[4915-4941]"
    }, {
      "left" : "public",
      "right" : "public",
      "info" : "Modifier[4521-4527]:Modifier[4961-4967]"
    }, {
      "left" : "Object",
      "right" : "Object",
      "info" : "SimpleType[4528-4534]:SimpleType[4968-4974]"
    }, {
      "left" : "next",
      "right" : "next",
      "info" : "SimpleName[4535-4539]:SimpleName[4975-4979]"
    }, {
      "left" : "{}",
      "right" : "{}",
      "info" : "Block[4542-4718]:Block[4982-5158]"
    }, {
      "left" : "Object o = iterator.next();",
      "right" : "Object o = iterator.next();",
      "info" : "VariableDeclarationStatement[4556-4583]:VariableDeclarationStatement[4996-5023]"
    }, {
      "left" : "if (o instanceof Pointer)",
      "right" : "if (o instanceof Pointer)",
      "info" : "IfStatement[4596-4686]:IfStatement[5036-5126]"
    }, {
      "left" : "{}",
      "right" : "{}",
      "info" : "Block[4622-4686]:Block[5062-5126]"
    }, {
      "left" : "return ((Pointer) o).getValue();",
      "right" : "return ((Pointer) o).getValue();",
      "info" : "ReturnStatement[4640-4672]:ReturnStatement[5080-5112]"
    }, {
      "left" : "return o;",
      "right" : "return o;",
      "info" : "ReturnStatement[4699-4708]:ReturnStatement[5139-5148]"
    }, {
      "left" : "public",
      "right" : "public",
      "info" : "Modifier[4728-4734]:Modifier[5168-5174]"
    }, {
      "left" : "void",
      "right" : "void",
      "info" : "PrimitiveType[4735-4739]:PrimitiveType[5175-5179]"
    }, {
      "left" : "remove",
      "right" : "remove",
      "info" : "SimpleName[4740-4746]:SimpleName[5180-5186]"
    }, {
      "left" : "{}",
      "right" : "{}",
      "info" : "Block[4749-4815]:Block[5189-5255]"
    }, {
      "left" : "throw new UnsupportedOperationException();",
      "right" : "throw new UnsupportedOperationException();",
      "info" : "ThrowStatement[4763-4805]:ThrowStatement[5203-5245]"
    } ]
  },
  "interFileMappings" : { }
}