{"PLAIN_CONFIGURATION": "ClassicGumtree-bu_minsim-0.1-bu_minsize-1400-st_minprio-1-st_priocalc-size", "MATCHER": "ClassicGumtree", "NRACTIONS": 134, "SIMACTIONS": 68, "NRROOTS": null, "NR_INSERT": 82, "NR_DELETE": 33, "NR_UPDATE": 5, "NR_MOVE": 14, "NR_TREEINSERT": 0, "NR_TREEDELETE": 0, "TIME": 42, "NROPTIONS": 0, "TIMEOUT": 0, "bu_minsim": 0.1, "bu_minsize": 1400, "st_minprio": 1, "st_priocalc": "size", "cd_labsim": null, "cd_maxleaves": null, "cd_structsim1": null, "cd_structsim2": null, "xy_minsim": null}