[
  {
    "oid": "eee3dc6c494f4b9685edd6acba2950d5f10d4efa",
    "message": "change readme for v5",
    "date": "2024-06-02T08:28:00Z",
    "url": "https://github.com/alibaba/COLA/commit/eee3dc6c494f4b9685edd6acba2950d5f10d4efa"
  },
  {
    "oid": "5231d82e34359e7aaec74913763c9721ca45dd55",
    "message": "test: skip `cola-component-unittest` tests temporarily",
    "date": "2024-06-02T07:48:22Z",
    "url": "https://github.com/alibaba/COLA/commit/5231d82e34359e7aaec74913763c9721ca45dd55"
  },
  {
    "oid": "3590bc900aaedc120f14e3cc9ef932a179e807b1",
    "message": "Merge branch 'master' into jdk17-dev",
    "date": "2024-06-02T06:35:16Z",
    "url": "https://github.com/alibaba/COLA/commit/3590bc900aaedc120f14e3cc9ef932a179e807b1"
  },
  {
    "oid": "8c1d2eebd6d10107d5d5efac83be0780ede64116",
    "message": "Merge pull request #492 from heihei180/bugfix_490\n\nbugfix:  更新cola拓展点的查找方式",
    "date": "2024-05-07T01:16:16Z",
    "url": "https://github.com/alibaba/COLA/commit/8c1d2eebd6d10107d5d5efac83be0780ede64116"
  },
  {
    "oid": "9532cb5db86b0d7866aaaa1c62f025608ffdf7cf",
    "message": "bugfix: #490",
    "date": "2024-05-06T10:38:07Z",
    "url": "https://github.com/alibaba/COLA/commit/9532cb5db86b0d7866aaaa1c62f025608ffdf7cf"
  },
  {
    "oid": "a4a1f2b009732ce83e197e7eaaeeb36273ad16d9",
    "message": "fix parallel state junit test issue",
    "date": "2024-04-21T03:16:57Z",
    "url": "https://github.com/alibaba/COLA/commit/a4a1f2b009732ce83e197e7eaaeeb36273ad16d9"
  },
  {
    "oid": "22f63675858d5684e4d6043763a2b4f953982e50",
    "message": "Merge pull request #326 from hnxiaoyuan/master\n\nfix aop use jdk dynamic proxy NPE issue",
    "date": "2024-04-16T08:01:35Z",
    "url": "https://github.com/alibaba/COLA/commit/22f63675858d5684e4d6043763a2b4f953982e50"
  },
  {
    "oid": "7bb9be7546df1c451cee20f51cf3cd958cf7c26a",
    "message": "chore(deps): bump org.apache.maven.plugins:maven-enforcer-plugin (#450)\n\nBumps [org.apache.maven.plugins:maven-enforcer-plugin](https://github.com/apache/maven-enforcer) from 3.4.0 to 3.4.1.\r\n- [Release notes](https://github.com/apache/maven-enforcer/releases)\r\n- [Commits](https://github.com/apache/maven-enforcer/compare/enforcer-3.4.0...enforcer-3.4.1)\r\n\r\n---\r\nupdated-dependencies:\r\n- dependency-name: org.apache.maven.plugins:maven-enforcer-plugin\r\n  dependency-type: direct:production\r\n  update-type: version-update:semver-patch\r\n...\r\n\r\nSigned-off-by: dependabot[bot] <support@github.com>\r\nCo-authored-by: dependabot[bot] <49699333+dependabot[bot]@users.noreply.github.com>",
    "date": "2023-09-12T02:33:40Z",
    "url": "https://github.com/alibaba/COLA/commit/7bb9be7546df1c451cee20f51cf3cd958cf7c26a"
  },
  {
    "oid": "3be2fcd69586019d33b99dbebcd8c91455ec2510",
    "message": "chore(deps): bump org.apache.maven.plugins:maven-enforcer-plugin (#444)\n\nBumps [org.apache.maven.plugins:maven-enforcer-plugin](https://github.com/apache/maven-enforcer) from 3.3.0 to 3.4.0.\r\n- [Release notes](https://github.com/apache/maven-enforcer/releases)\r\n- [Commits](https://github.com/apache/maven-enforcer/compare/enforcer-3.3.0...enforcer-3.4.0)\r\n\r\n---\r\nupdated-dependencies:\r\n- dependency-name: org.apache.maven.plugins:maven-enforcer-plugin\r\n  dependency-type: direct:production\r\n  update-type: version-update:semver-minor\r\n...\r\n\r\nSigned-off-by: dependabot[bot] <support@github.com>\r\nCo-authored-by: dependabot[bot] <49699333+dependabot[bot]@users.noreply.github.com>",
    "date": "2023-08-23T03:29:06Z",
    "url": "https://github.com/alibaba/COLA/commit/3be2fcd69586019d33b99dbebcd8c91455ec2510"
  },
  {
    "oid": "aa7f604e85678a66531571926f0132e9e08c24b5",
    "message": "chore(deps): bump maven-surefire-plugin from 3.1.0 to 3.1.2 (#433)\n\nBumps [maven-surefire-plugin](https://github.com/apache/maven-surefire) from 3.1.0 to 3.1.2.\r\n- [Release notes](https://github.com/apache/maven-surefire/releases)\r\n- [Commits](https://github.com/apache/maven-surefire/compare/surefire-3.1.0...surefire-3.1.2)\r\n\r\n---\r\nupdated-dependencies:\r\n- dependency-name: org.apache.maven.plugins:maven-surefire-plugin\r\n  dependency-type: direct:production\r\n  update-type: version-update:semver-patch\r\n...\r\n\r\nSigned-off-by: dependabot[bot] <support@github.com>\r\nCo-authored-by: dependabot[bot] <49699333+dependabot[bot]@users.noreply.github.com>",
    "date": "2023-07-03T08:23:34Z",
    "url": "https://github.com/alibaba/COLA/commit/aa7f604e85678a66531571926f0132e9e08c24b5"
  },
  {
    "oid": "d4ee5efc193a71dd05dbb140e1afe0d59eb90844",
    "message": "chore(deps): bump versions-maven-plugin from 2.15.0 to 2.16.0 (#434)\n\nBumps [versions-maven-plugin](https://github.com/mojohaus/versions) from 2.15.0 to 2.16.0.\r\n- [Release notes](https://github.com/mojohaus/versions/releases)\r\n- [Changelog](https://github.com/mojohaus/versions/blob/master/ReleaseNotes.md)\r\n- [Commits](https://github.com/mojohaus/versions/compare/2.15.0...2.16.0)\r\n\r\n---\r\nupdated-dependencies:\r\n- dependency-name: org.codehaus.mojo:versions-maven-plugin\r\n  dependency-type: direct:production\r\n  update-type: version-update:semver-minor\r\n...\r\n\r\nSigned-off-by: dependabot[bot] <support@github.com>\r\nCo-authored-by: dependabot[bot] <49699333+dependabot[bot]@users.noreply.github.com>",
    "date": "2023-07-03T08:23:19Z",
    "url": "https://github.com/alibaba/COLA/commit/d4ee5efc193a71dd05dbb140e1afe0d59eb90844"
  },
  {
    "oid": "c2abec92b2c7eba44d6ff197b90061e1b0292bb9",
    "message": "chore(deps): bump maven-surefire-plugin from 3.0.0 to 3.1.0 (#425)\n\nBumps [maven-surefire-plugin](https://github.com/apache/maven-surefire) from 3.0.0 to 3.1.0.\r\n- [Release notes](https://github.com/apache/maven-surefire/releases)\r\n- [Commits](https://github.com/apache/maven-surefire/compare/surefire-3.0.0...surefire-3.1.0)\r\n\r\n---\r\nupdated-dependencies:\r\n- dependency-name: org.apache.maven.plugins:maven-surefire-plugin\r\n  dependency-type: direct:production\r\n  update-type: version-update:semver-minor\r\n...\r\n\r\nSigned-off-by: dependabot[bot] <support@github.com>\r\nCo-authored-by: dependabot[bot] <49699333+dependabot[bot]@users.noreply.github.com>",
    "date": "2023-05-08T20:38:34Z",
    "url": "https://github.com/alibaba/COLA/commit/c2abec92b2c7eba44d6ff197b90061e1b0292bb9"
  },
  {
    "oid": "b35e515b1e9db72b1d0c888c62ccfe0bd1c9bc36",
    "message": "docs: improve badges and image format in `README`; remove bootstrap/start link of aliyun because of stale",
    "date": "2023-04-09T05:46:53Z",
    "url": "https://github.com/alibaba/COLA/commit/b35e515b1e9db72b1d0c888c62ccfe0bd1c9bc36"
  },
  {
    "oid": "0bb88533e5e0cbd76c811eca73ea142d0366d76b",
    "message": "Merge pull request #412 from alibaba/dependabot/maven/org.apache.maven.plugins-maven-surefire-plugin-3.0.0\n\nchore(deps): bump maven-surefire-plugin from 2.22.2 to 3.0.0",
    "date": "2023-04-07T01:22:29Z",
    "url": "https://github.com/alibaba/COLA/commit/0bb88533e5e0cbd76c811eca73ea142d0366d76b"
  },
  {
    "oid": "3c309d0f522eff25b7e2efad864903ffb651dca2",
    "message": "chore(deps): bump maven-surefire-plugin from 2.22.2 to 3.0.0\n\nBumps [maven-surefire-plugin](https://github.com/apache/maven-surefire) from 2.22.2 to 3.0.0.\n- [Release notes](https://github.com/apache/maven-surefire/releases)\n- [Commits](https://github.com/apache/maven-surefire/compare/surefire-2.22.2...surefire-3.0.0)\n\n---\nupdated-dependencies:\n- dependency-name: org.apache.maven.plugins:maven-surefire-plugin\n  dependency-type: direct:production\n  update-type: version-update:semver-major\n...\n\nSigned-off-by: dependabot[bot] <support@github.com>",
    "date": "2023-04-06T20:02:49Z",
    "url": "https://github.com/alibaba/COLA/commit/3c309d0f522eff25b7e2efad864903ffb651dca2"
  },
  {
    "oid": "f6c2b32616ef6722f00f57b73d30cbc17add4563",
    "message": "Merge pull request #409 from eltociear/patch-1\n\nchore: fix typo in maven-deploy.md",
    "date": "2023-04-06T08:08:49Z",
    "url": "https://github.com/alibaba/COLA/commit/f6c2b32616ef6722f00f57b73d30cbc17add4563"
  },
  {
    "oid": "e6a28af221c3a679415552f6097b8dec5a6492a1",
    "message": "chore: fix typo in maven-deploy.md\n\nsettting.xml -> setting.xml",
    "date": "2023-04-06T05:44:52Z",
    "url": "https://github.com/alibaba/COLA/commit/e6a28af221c3a679415552f6097b8dec5a6492a1"
  },
  {
    "oid": "ca2074c9c23e89112fee3bcfde350e0ed920a850",
    "message": "chore(deps): bump maven-enforcer-plugin from 3.1.0 to 3.3.0 (#407)\n\nBumps [maven-enforcer-plugin](https://github.com/apache/maven-enforcer) from 3.1.0 to 3.3.0.\r\n- [Release notes](https://github.com/apache/maven-enforcer/releases)\r\n- [Commits](https://github.com/apache/maven-enforcer/compare/enforcer-3.1.0...enforcer-3.3.0)\r\n\r\n---\r\nupdated-dependencies:\r\n- dependency-name: org.apache.maven.plugins:maven-enforcer-plugin\r\n  dependency-type: direct:production\r\n  update-type: version-update:semver-minor\r\n...\r\n\r\nSigned-off-by: dependabot[bot] <support@github.com>\r\nCo-authored-by: dependabot[bot] <49699333+dependabot[bot]@users.noreply.github.com>",
    "date": "2023-04-06T04:10:58Z",
    "url": "https://github.com/alibaba/COLA/commit/ca2074c9c23e89112fee3bcfde350e0ed920a850"
  },
  {
    "oid": "9fe18a7181d2690fc44c5c3c576c940394ad5494",
    "message": "chore(deps): bump versions-maven-plugin from 2.13.0 to 2.15.0 (#403)\n\nBumps [versions-maven-plugin](https://github.com/mojohaus/versions) from 2.13.0 to 2.15.0.\r\n- [Release notes](https://github.com/mojohaus/versions/releases)\r\n- [Changelog](https://github.com/mojohaus/versions/blob/master/ReleaseNotes.md)\r\n- [Commits](https://github.com/mojohaus/versions/compare/2.13.0...2.15.0)\r\n\r\n---\r\nupdated-dependencies:\r\n- dependency-name: org.codehaus.mojo:versions-maven-plugin\r\n  dependency-type: direct:production\r\n  update-type: version-update:semver-minor\r\n...\r\n\r\nSigned-off-by: dependabot[bot] <support@github.com>\r\nCo-authored-by: dependabot[bot] <49699333+dependabot[bot]@users.noreply.github.com>",
    "date": "2023-04-05T04:58:18Z",
    "url": "https://github.com/alibaba/COLA/commit/9fe18a7181d2690fc44c5c3c576c940394ad5494"
  },
  {
    "oid": "152ab9e011f10de10070174f065feeb75c10917f",
    "message": "chore(ci): improve `integration_test`, support `CI_MORE_MVN_OPTS`",
    "date": "2023-04-04T12:56:19Z",
    "url": "https://github.com/alibaba/COLA/commit/152ab9e011f10de10070174f065feeb75c10917f"
  },
  {
    "oid": "0e73da07f43c88107cf285fc4df26265eab317ef",
    "message": "chore(ci): exclude test failed module `cola-samples/charge`; a test failed module is better to get out",
    "date": "2023-04-04T12:55:40Z",
    "url": "https://github.com/alibaba/COLA/commit/0e73da07f43c88107cf285fc4df26265eab317ef"
  },
  {
    "oid": "a5b280ad476da6d23dfe11266f7be09020b38d4e",
    "message": "Update ExtensionCoordinate.java\n\n[李小平] #N/A refactor: 修订坏味道",
    "date": "2023-01-20T02:04:56Z",
    "url": "https://github.com/alibaba/COLA/commit/a5b280ad476da6d23dfe11266f7be09020b38d4e"
  },
  {
    "oid": "ac8cecdc589d7ec339a11ef5449ce8a36bbaf718",
    "message": "Update CatchLogAspect.java\n\n[李小平] #N/A feat: Catching and Logging,修订坏味道",
    "date": "2023-01-20T01:36:16Z",
    "url": "https://github.com/alibaba/COLA/commit/ac8cecdc589d7ec339a11ef5449ce8a36bbaf718"
  },
  {
    "oid": "b034b9ddea171607b138918b9f7eeaac5efe5e43",
    "message": "Update CatchLogAspect.java\n\n[李小平] #N/A feat: Catching and Logging,修订坏味道",
    "date": "2023-01-20T01:31:21Z",
    "url": "https://github.com/alibaba/COLA/commit/b034b9ddea171607b138918b9f7eeaac5efe5e43"
  },
  {
    "oid": "3d73836e19ca0245964cba6af3349c6c3b53fedf",
    "message": "Update CatchLogAspect.java\n\n[李小平] #N/A feat: Catching and Logging,修订坏",
    "date": "2023-01-20T01:25:09Z",
    "url": "https://github.com/alibaba/COLA/commit/3d73836e19ca0245964cba6af3349c6c3b53fedf"
  },
  {
    "oid": "15af415639dfe9ecbe9c3a2bbf4bdb1aa7877401",
    "message": "Update CatchLogAspect.java\n\n[李小平] #N/A feat: Catching and Logging,修订坏味道",
    "date": "2023-01-20T01:22:44Z",
    "url": "https://github.com/alibaba/COLA/commit/15af415639dfe9ecbe9c3a2bbf4bdb1aa7877401"
  },
  {
    "oid": "7049a1d5a7a3b3e7d925aa26bb4e053d484f0c25",
    "message": "docs: fix github action badges\n\nhttps://github.com/badges/shields/issues/8671",
    "date": "2022-12-17T11:12:15Z",
    "url": "https://github.com/alibaba/COLA/commit/7049a1d5a7a3b3e7d925aa26bb4e053d484f0c25"
  },
  {
    "oid": "9713cee1f10b67370d4aab96b6580705a59c3939",
    "message": "chore(deps): bump versions-maven-plugin from 2.12.0 to 2.13.0 (#360)\n\nBumps [versions-maven-plugin](https://github.com/mojohaus/versions-maven-plugin) from 2.12.0 to 2.13.0.\r\n- [Release notes](https://github.com/mojohaus/versions-maven-plugin/releases)\r\n- [Changelog](https://github.com/mojohaus/versions-maven-plugin/blob/master/ReleaseNotes.md)\r\n- [Commits](https://github.com/mojohaus/versions-maven-plugin/compare/versions-maven-plugin-2.12.0...2.13.0)\r\n\r\n---\r\nupdated-dependencies:\r\n- dependency-name: org.codehaus.mojo:versions-maven-plugin\r\n  dependency-type: direct:production\r\n  update-type: version-update:semver-minor\r\n...\r\n\r\nSigned-off-by: dependabot[bot] <support@github.com>\r\n\r\nSigned-off-by: dependabot[bot] <support@github.com>\r\nCo-authored-by: dependabot[bot] <49699333+dependabot[bot]@users.noreply.github.com>",
    "date": "2022-10-25T03:35:07Z",
    "url": "https://github.com/alibaba/COLA/commit/9713cee1f10b67370d4aab96b6580705a59c3939"
  },
  {
    "oid": "5d21306a0ad590ee91577569ffa7c838efbfeb6c",
    "message": "fix UT failure after upgrade `ArchUnit` to `1.0.0` from `0.23.1`\n\nmore info about incompatibility and how to fix:\n\n- https://github.com/TNG/ArchUnit/releases/tag/v1.0.0-rc1\n- https://github.com/TNG/ArchUnit/releases/tag/v1.0.0",
    "date": "2022-10-23T14:45:30Z",
    "url": "https://github.com/alibaba/COLA/commit/5d21306a0ad590ee91577569ffa7c838efbfeb6c"
  },
  {
    "oid": "82d4a01395a8a7474ee8dd1442b5ef9603717588",
    "message": "chore(deps): bump archunit from 0.23.1 to 1.0.0\n\nBumps [archunit](https://github.com/TNG/ArchUnit) from 0.23.1 to 1.0.0.\n- [Release notes](https://github.com/TNG/ArchUnit/releases)\n- [Commits](https://github.com/TNG/ArchUnit/compare/v0.23.1...v1.0.0)\n\n---\nupdated-dependencies:\n- dependency-name: com.tngtech.archunit:archunit\n  dependency-type: direct:production\n  update-type: version-update:semver-major\n...\n\nSigned-off-by: dependabot[bot] <support@github.com>",
    "date": "2022-10-23T14:41:25Z",
    "url": "https://github.com/alibaba/COLA/commit/82d4a01395a8a7474ee8dd1442b5ef9603717588"
  },
  {
    "oid": "2f8c4b19e9a3b2c3e41fe18e678391a996e18eab",
    "message": "chore(deps): bump spring.boot.version from 2.7.4 to 2.7.5\n\nBumps `spring.boot.version` from 2.7.4 to 2.7.5.\n\nUpdates `spring-boot-dependencies` from 2.7.4 to 2.7.5\n- [Release notes](https://github.com/spring-projects/spring-boot/releases)\n- [Commits](https://github.com/spring-projects/spring-boot/compare/v2.7.4...v2.7.5)\n\nUpdates `spring-boot-maven-plugin` from 2.7.4 to 2.7.5\n- [Release notes](https://github.com/spring-projects/spring-boot/releases)\n- [Commits](https://github.com/spring-projects/spring-boot/compare/v2.7.4...v2.7.5)\n\n---\nupdated-dependencies:\n- dependency-name: org.springframework.boot:spring-boot-dependencies\n  dependency-type: direct:production\n  update-type: version-update:semver-patch\n- dependency-name: org.springframework.boot:spring-boot-maven-plugin\n  dependency-type: direct:production\n  update-type: version-update:semver-patch\n...\n\nSigned-off-by: dependabot[bot] <support@github.com>",
    "date": "2022-10-20T21:39:46Z",
    "url": "https://github.com/alibaba/COLA/commit/2f8c4b19e9a3b2c3e41fe18e678391a996e18eab"
  },
  {
    "oid": "4c5d63a4cbd30eb8797072df43afaac8f080119f",
    "message": "chore(ci): update ci jdks",
    "date": "2022-10-14T12:34:34Z",
    "url": "https://github.com/alibaba/COLA/commit/4c5d63a4cbd30eb8797072df43afaac8f080119f"
  },
  {
    "oid": "d7f15aae063b4c5a4c3a1e67bd30dd9f83926d5d",
    "message": "docs: remove outdated version column of `cola` components",
    "date": "2022-10-14T12:34:33Z",
    "url": "https://github.com/alibaba/COLA/commit/d7f15aae063b4c5a4c3a1e67bd30dd9f83926d5d"
  },
  {
    "oid": "a58e69078fc2e4bdf787ba4831aff5910a363675",
    "message": "chore(deps): bump spring-boot-maven-plugin from 2.7.3 to 2.7.4\n\nBumps [spring-boot-maven-plugin](https://github.com/spring-projects/spring-boot) from 2.7.3 to 2.7.4.\n- [Release notes](https://github.com/spring-projects/spring-boot/releases)\n- [Commits](https://github.com/spring-projects/spring-boot/compare/v2.7.3...v2.7.4)\n\n---\nupdated-dependencies:\n- dependency-name: org.springframework.boot:spring-boot-maven-plugin\n  dependency-type: direct:production\n  update-type: version-update:semver-patch\n...\n\nSigned-off-by: dependabot[bot] <support@github.com>",
    "date": "2022-10-08T15:27:10Z",
    "url": "https://github.com/alibaba/COLA/commit/a58e69078fc2e4bdf787ba4831aff5910a363675"
  },
  {
    "oid": "f4aec6c283a5845e6339b1c12d92098e772a7838",
    "message": "chore(deps): bump maven-jar-plugin from 3.2.2 to 3.3.0\n\nBumps [maven-jar-plugin](https://github.com/apache/maven-jar-plugin) from 3.2.2 to 3.3.0.\n- [Release notes](https://github.com/apache/maven-jar-plugin/releases)\n- [Commits](https://github.com/apache/maven-jar-plugin/compare/maven-jar-plugin-3.2.2...maven-jar-plugin-3.3.0)\n\n---\nupdated-dependencies:\n- dependency-name: org.apache.maven.plugins:maven-jar-plugin\n  dependency-type: direct:production\n  update-type: version-update:semver-minor\n...\n\nSigned-off-by: dependabot[bot] <support@github.com>",
    "date": "2022-09-18T10:08:47Z",
    "url": "https://github.com/alibaba/COLA/commit/f4aec6c283a5845e6339b1c12d92098e772a7838"
  },
  {
    "oid": "e4da4602c6a68206d246290351eb86d0900fe12e",
    "message": "[TEST]:[fix testVerify tc]",
    "date": "2022-09-15T06:15:39Z",
    "url": "https://github.com/alibaba/COLA/commit/e4da4602c6a68206d246290351eb86d0900fe12e"
  },
  {
    "oid": "be83fad92b461edcc4a73a4cf363a8a476591816",
    "message": "[CHORE]:[no need to change version]",
    "date": "2022-09-15T05:55:34Z",
    "url": "https://github.com/alibaba/COLA/commit/be83fad92b461edcc4a73a4cf363a8a476591816"
  },
  {
    "oid": "01fb3b38f8f55ee0a7d639df498468de8fd204a5",
    "message": "Merge remote-tracking branch 'origin/master'",
    "date": "2022-09-15T05:54:07Z",
    "url": "https://github.com/alibaba/COLA/commit/01fb3b38f8f55ee0a7d639df498468de8fd204a5"
  },
  {
    "oid": "3ac5b4edce756470acb94e080c5fe20dd78548f7",
    "message": "chore(deps): bump versions-maven-plugin from 2.11.0 to 2.12.0\n\nBumps [versions-maven-plugin](https://github.com/mojohaus/versions-maven-plugin) from 2.11.0 to 2.12.0.\n- [Release notes](https://github.com/mojohaus/versions-maven-plugin/releases)\n- [Changelog](https://github.com/mojohaus/versions-maven-plugin/blob/master/ReleaseNotes.md)\n- [Commits](https://github.com/mojohaus/versions-maven-plugin/compare/versions-maven-plugin-2.11.0...versions-maven-plugin-2.12.0)\n\n---\nupdated-dependencies:\n- dependency-name: org.codehaus.mojo:versions-maven-plugin\n  dependency-type: direct:production\n  update-type: version-update:semver-minor\n...\n\nSigned-off-by: dependabot[bot] <support@github.com>",
    "date": "2022-09-07T05:14:02Z",
    "url": "https://github.com/alibaba/COLA/commit/3ac5b4edce756470acb94e080c5fe20dd78548f7"
  },
  {
    "oid": "36f72160b3c1d317d03e6c4ffcfc49e5691b3380",
    "message": "chore(deps): remove `logback` dependency declaration which is existed in `dependencyManagement` of `spring-boot-dependencies`",
    "date": "2022-09-01T05:02:47Z",
    "url": "https://github.com/alibaba/COLA/commit/36f72160b3c1d317d03e6c4ffcfc49e5691b3380"
  },
  {
    "oid": "f7601d9944cd550f39787c98ca42743dc5cc7482",
    "message": "chore(deps): bump spring-boot-maven-plugin from 2.7.2 to 2.7.3\n\nBumps [spring-boot-maven-plugin](https://github.com/spring-projects/spring-boot) from 2.7.2 to 2.7.3.\n- [Release notes](https://github.com/spring-projects/spring-boot/releases)\n- [Commits](https://github.com/spring-projects/spring-boot/compare/v2.7.2...v2.7.3)\n\n---\nupdated-dependencies:\n- dependency-name: org.springframework.boot:spring-boot-maven-plugin\n  dependency-type: direct:production\n  update-type: version-update:semver-patch\n...\n\nSigned-off-by: dependabot[bot] <support@github.com>",
    "date": "2022-08-20T05:57:12Z",
    "url": "https://github.com/alibaba/COLA/commit/f7601d9944cd550f39787c98ca42743dc5cc7482"
  },
  {
    "oid": "efaf5c5d6eeab5b3cb819a27c29a2c3fbe1be26d",
    "message": "fix aop use jdk dynamic proxy NPE issue",
    "date": "2022-08-18T09:10:40Z",
    "url": "https://github.com/alibaba/COLA/commit/efaf5c5d6eeab5b3cb819a27c29a2c3fbe1be26d"
  },
  {
    "oid": "9e0fb80d00bdb6ae126dfdd2e82e455c0d0b5e26",
    "message": "! update after deploy/release v4.3.1",
    "date": "2022-08-02T08:56:21Z",
    "url": "https://github.com/alibaba/COLA/commit/9e0fb80d00bdb6ae126dfdd2e82e455c0d0b5e26"
  },
  {
    "oid": "2beaa49bc13c5220906b156f9f5a6c6f1bfd3282",
    "message": "add `jdk 18/19` into `github CI`",
    "date": "2022-07-22T11:07:51Z",
    "url": "https://github.com/alibaba/COLA/commit/2beaa49bc13c5220906b156f9f5a6c6f1bfd3282"
  },
  {
    "oid": "88b3be52f69bbdf2cea9b1f4386288c067cb65ca",
    "message": "chore(pom): upgrade `spring-boot` version to `2.7.2`",
    "date": "2022-07-22T02:37:57Z",
    "url": "https://github.com/alibaba/COLA/commit/88b3be52f69bbdf2cea9b1f4386288c067cb65ca"
  },
  {
    "oid": "c97b8d01041e948abb060448addf1f1dcb63f4ff",
    "message": "chore(deps): upgrade `spring-boot` to 2.7.2 for `charge` sample",
    "date": "2022-07-22T00:00:15Z",
    "url": "https://github.com/alibaba/COLA/commit/c97b8d01041e948abb060448addf1f1dcb63f4ff"
  },
  {
    "oid": "2a284488c471616311e8e4833f7afa960d6e9304",
    "message": "docs: add more badges in README",
    "date": "2022-07-21T07:38:06Z",
    "url": "https://github.com/alibaba/COLA/commit/2a284488c471616311e8e4833f7afa960d6e9304"
  },
  {
    "oid": "8d71d61b265ac516b1717b304d0ae78d22727a4c",
    "message": "! update after deploy/release v4.2.2",
    "date": "2022-07-21T07:28:36Z",
    "url": "https://github.com/alibaba/COLA/commit/8d71d61b265ac516b1717b304d0ae78d22727a4c"
  },
  {
    "oid": "26ff5b09f6133867efa5ca1e8f17b8cf284656d1",
    "message": "chore: add `-DprocessAllModules` in `bump_cola_version` to update `bom` version",
    "date": "2022-07-19T05:59:05Z",
    "url": "https://github.com/alibaba/COLA/commit/26ff5b09f6133867efa5ca1e8f17b8cf284656d1"
  },
  {
    "oid": "87bbd20e1c0f3e76a67c6094484f36d5f0c45dd0",
    "message": "chore(deps): bump commons-lang3 from 3.4 to 3.12.0\n\nBumps commons-lang3 from 3.4 to 3.12.0.\n\n---\nupdated-dependencies:\n- dependency-name: org.apache.commons:commons-lang3\n  dependency-type: direct:production\n  update-type: version-update:semver-minor\n...\n\nSigned-off-by: dependabot[bot] <support@github.com>",
    "date": "2022-07-19T02:22:17Z",
    "url": "https://github.com/alibaba/COLA/commit/87bbd20e1c0f3e76a67c6094484f36d5f0c45dd0"
  },
  {
    "oid": "f34071f1ed7f999f9023a78b138fda55bce25568",
    "message": "chore(deps): bump versions-maven-plugin from 2.8.1 to 2.11.0\n\nBumps [versions-maven-plugin](https://github.com/mojohaus/versions-maven-plugin) from 2.8.1 to 2.11.0.\n- [Release notes](https://github.com/mojohaus/versions-maven-plugin/releases)\n- [Changelog](https://github.com/mojohaus/versions-maven-plugin/blob/master/ReleaseNotes.md)\n- [Commits](https://github.com/mojohaus/versions-maven-plugin/compare/versions-maven-plugin-2.8.1...versions-maven-plugin-2.11.0)\n\n---\nupdated-dependencies:\n- dependency-name: org.codehaus.mojo:versions-maven-plugin\n  dependency-type: direct:production\n  update-type: version-update:semver-minor\n...\n\nSigned-off-by: dependabot[bot] <support@github.com>",
    "date": "2022-07-19T02:21:49Z",
    "url": "https://github.com/alibaba/COLA/commit/f34071f1ed7f999f9023a78b138fda55bce25568"
  },
  {
    "oid": "14c2cd1051d7bf28fb8e3a958bef3c3e6c8dbec6",
    "message": "chore(deps): bump hibernate-validator from 6.0.22.Final to 7.0.4.Final\n\nBumps [hibernate-validator](https://github.com/hibernate/hibernate-validator) from 6.0.22.Final to 7.0.4.Final.\n- [Release notes](https://github.com/hibernate/hibernate-validator/releases)\n- [Changelog](https://github.com/hibernate/hibernate-validator/blob/7.0.4.Final/changelog.txt)\n- [Commits](https://github.com/hibernate/hibernate-validator/compare/6.0.22.Final...7.0.4.Final)\n\n---\nupdated-dependencies:\n- dependency-name: org.hibernate.validator:hibernate-validator\n  dependency-type: direct:production\n  update-type: version-update:semver-major\n...\n\nSigned-off-by: dependabot[bot] <support@github.com>",
    "date": "2022-07-16T05:30:02Z",
    "url": "https://github.com/alibaba/COLA/commit/14c2cd1051d7bf28fb8e3a958bef3c3e6c8dbec6"
  },
  {
    "oid": "50f30c899ac0e44524693944b360325f74de9632",
    "message": "chore(deps): bump archetype-packaging from 3.0.1 to 3.2.1\n\nBumps [archetype-packaging](https://github.com/apache/maven-archetype) from 3.0.1 to 3.2.1.\n- [Release notes](https://github.com/apache/maven-archetype/releases)\n- [Commits](https://github.com/apache/maven-archetype/compare/maven-archetype-3.0.1...maven-archetype-3.2.1)\n\n---\nupdated-dependencies:\n- dependency-name: org.apache.maven.archetype:archetype-packaging\n  dependency-type: direct:production\n  update-type: version-update:semver-minor\n...\n\nSigned-off-by: dependabot[bot] <support@github.com>",
    "date": "2022-07-16T05:29:40Z",
    "url": "https://github.com/alibaba/COLA/commit/50f30c899ac0e44524693944b360325f74de9632"
  },
  {
    "oid": "2d5a66a48acbda1b7312b4f1974850d9d00ad4a6",
    "message": "chore(deps): bump logback.version from 1.2.10 to 1.2.11\n\nBumps `logback.version` from 1.2.10 to 1.2.11.\n\nUpdates `logback-classic` from 1.2.10 to 1.2.11\n\nUpdates `logback-core` from 1.2.10 to 1.2.11\n\n---\nupdated-dependencies:\n- dependency-name: ch.qos.logback:logback-classic\n  dependency-type: direct:production\n  update-type: version-update:semver-patch\n- dependency-name: ch.qos.logback:logback-core\n  dependency-type: direct:production\n  update-type: version-update:semver-patch\n...\n\nSigned-off-by: dependabot[bot] <support@github.com>",
    "date": "2022-07-16T05:29:19Z",
    "url": "https://github.com/alibaba/COLA/commit/2d5a66a48acbda1b7312b4f1974850d9d00ad4a6"
  },
  {
    "oid": "8faf503d322bd4201ced0129390b0c32a5cda661",
    "message": "chore(deps): bump reflections from 0.9.10 to 0.10.2\n\nBumps [reflections](https://github.com/ronmamo/reflections) from 0.9.10 to 0.10.2.\n- [Release notes](https://github.com/ronmamo/reflections/releases)\n- [Commits](https://github.com/ronmamo/reflections/commits/0.10.2)\n\n---\nupdated-dependencies:\n- dependency-name: org.reflections:reflections\n  dependency-type: direct:production\n  update-type: version-update:semver-minor\n...\n\nSigned-off-by: dependabot[bot] <support@github.com>",
    "date": "2022-07-14T20:20:31Z",
    "url": "https://github.com/alibaba/COLA/commit/8faf503d322bd4201ced0129390b0c32a5cda661"
  },
  {
    "oid": "a7af2650908201f4020f299a9a9ace231b8e482f",
    "message": "chore(deps): bump spring.version from 5.2.2.RELEASE to 5.3.22\n\nBumps `spring.version` from 5.2.2.RELEASE to 5.3.22.\n\nUpdates `spring-context` from 5.2.2.RELEASE to 5.3.22\n- [Release notes](https://github.com/spring-projects/spring-framework/releases)\n- [Commits](https://github.com/spring-projects/spring-framework/compare/v5.2.2.RELEASE...v5.3.22)\n\nUpdates `spring-core` from 5.2.2.RELEASE to 5.3.22\n- [Release notes](https://github.com/spring-projects/spring-framework/releases)\n- [Commits](https://github.com/spring-projects/spring-framework/compare/v5.2.2.RELEASE...v5.3.22)\n\n---\nupdated-dependencies:\n- dependency-name: org.springframework:spring-context\n  dependency-type: direct:production\n  update-type: version-update:semver-minor\n- dependency-name: org.springframework:spring-core\n  dependency-type: direct:production\n  update-type: version-update:semver-minor\n...\n\nSigned-off-by: dependabot[bot] <support@github.com>",
    "date": "2022-07-14T20:18:06Z",
    "url": "https://github.com/alibaba/COLA/commit/a7af2650908201f4020f299a9a9ace231b8e482f"
  },
  {
    "oid": "ca38345c39cc05d745ad67cf695f4a0dc198c945",
    "message": "chore(ci): fix logic \"test multi-version java\", test other jdks in `appveyor` again",
    "date": "2022-07-14T11:59:08Z",
    "url": "https://github.com/alibaba/COLA/commit/ca38345c39cc05d745ad67cf695f4a0dc198c945"
  },
  {
    "oid": "ddc66060678390c9ce54a9d88cda95d778e0cdbb",
    "message": "! update after deploy/release v4.2.1",
    "date": "2022-07-14T11:52:51Z",
    "url": "https://github.com/alibaba/COLA/commit/ddc66060678390c9ce54a9d88cda95d778e0cdbb"
  },
  {
    "oid": "b765fcfc183b69efd8a098b7b23dfc24a25d8043",
    "message": "chore(ci/appveyor): add remove cache for `charge` sample",
    "date": "2022-07-14T10:05:45Z",
    "url": "https://github.com/alibaba/COLA/commit/b765fcfc183b69efd8a098b7b23dfc24a25d8043"
  },
  {
    "oid": "dc5405637e5656f5da08b1da21dbf3643f230303",
    "message": "docs: improve badge link and format of README",
    "date": "2022-07-14T09:55:00Z",
    "url": "https://github.com/alibaba/COLA/commit/dc5405637e5656f5da08b1da21dbf3643f230303"
  },
  {
    "oid": "416f9bc682f3d1549c19fb02520dd7327a525685",
    "message": "chore(deps): bump maven-jar-plugin from 3.2.0 to 3.2.2\n\nBumps [maven-jar-plugin](https://github.com/apache/maven-jar-plugin) from 3.2.0 to 3.2.2.\n- [Release notes](https://github.com/apache/maven-jar-plugin/releases)\n- [Commits](https://github.com/apache/maven-jar-plugin/compare/maven-jar-plugin-3.2.0...maven-jar-plugin-3.2.2)\n\n---\nupdated-dependencies:\n- dependency-name: org.apache.maven.plugins:maven-jar-plugin\n  dependency-type: direct:production\n  update-type: version-update:semver-patch\n...\n\nSigned-off-by: dependabot[bot] <support@github.com>",
    "date": "2022-07-14T02:48:28Z",
    "url": "https://github.com/alibaba/COLA/commit/416f9bc682f3d1549c19fb02520dd7327a525685"
  },
  {
    "oid": "8e64070a30408023febfb296d27c3e96d2edea72",
    "message": "chore(deps): bump maven-archetype-plugin from 3.0.1 to 3.2.1\n\nBumps [maven-archetype-plugin](https://github.com/apache/maven-archetype) from 3.0.1 to 3.2.1.\n- [Release notes](https://github.com/apache/maven-archetype/releases)\n- [Commits](https://github.com/apache/maven-archetype/compare/maven-archetype-3.0.1...maven-archetype-3.2.1)\n\n---\nupdated-dependencies:\n- dependency-name: org.apache.maven.plugins:maven-archetype-plugin\n  dependency-type: direct:production\n  update-type: version-update:semver-minor\n...\n\nSigned-off-by: dependabot[bot] <support@github.com>",
    "date": "2022-07-14T02:47:48Z",
    "url": "https://github.com/alibaba/COLA/commit/8e64070a30408023febfb296d27c3e96d2edea72"
  },
  {
    "oid": "65131c55eab0ed6e0604b9992827351c2f157d19",
    "message": "chore(deps): bump jacoco-maven-plugin from 0.8.7 to 0.8.8\n\nBumps [jacoco-maven-plugin](https://github.com/jacoco/jacoco) from 0.8.7 to 0.8.8.\n- [Release notes](https://github.com/jacoco/jacoco/releases)\n- [Commits](https://github.com/jacoco/jacoco/compare/v0.8.7...v0.8.8)\n\n---\nupdated-dependencies:\n- dependency-name: org.jacoco:jacoco-maven-plugin\n  dependency-type: direct:production\n  update-type: version-update:semver-patch\n...\n\nSigned-off-by: dependabot[bot] <support@github.com>",
    "date": "2022-07-14T02:47:27Z",
    "url": "https://github.com/alibaba/COLA/commit/65131c55eab0ed6e0604b9992827351c2f157d19"
  },
  {
    "oid": "c3914cdfb5d20babd6fd8d56b09205187bbe8f07",
    "message": "update `cola-samples` dir name in script `bump_cola_version`",
    "date": "2022-07-14T02:42:45Z",
    "url": "https://github.com/alibaba/COLA/commit/c3914cdfb5d20babd6fd8d56b09205187bbe8f07"
  },
  {
    "oid": "f88a86e4d37189a828b9d1c7fda9d62244576c97",
    "message": "style: improve `.editorconfig`",
    "date": "2022-07-13T16:49:55Z",
    "url": "https://github.com/alibaba/COLA/commit/f88a86e4d37189a828b9d1c7fda9d62244576c97"
  },
  {
    "oid": "9acb4f8d759392a578c7b4e44a01281d4ee29e38",
    "message": "chore(pom): add `cola-samples/charge` module to dummy parent pom",
    "date": "2022-07-13T16:49:55Z",
    "url": "https://github.com/alibaba/COLA/commit/9acb4f8d759392a578c7b4e44a01281d4ee29e38"
  },
  {
    "oid": "d190dac27b76598b026b501a647099af6b404943",
    "message": "chore(ci): add `dependabot.yml`",
    "date": "2022-07-13T16:48:09Z",
    "url": "https://github.com/alibaba/COLA/commit/d190dac27b76598b026b501a647099af6b404943"
  },
  {
    "oid": "9d703dbb6c40dc6c8396af25d0a93766b8b0eeb7",
    "message": "Merge pull request #291 from alibaba/dependabot/maven/samples/craftsman/com.alibaba-fastjson-1.2.83\n\nBump fastjson from 1.2.79 to 1.2.83 in /samples/craftsman",
    "date": "2022-06-22T08:55:26Z",
    "url": "https://github.com/alibaba/COLA/commit/9d703dbb6c40dc6c8396af25d0a93766b8b0eeb7"
  },
  {
    "oid": "cbbe9216da01def9881cc6bb8bfbaff3a58e56b6",
    "message": "Merge pull request #292 from alibaba/dependabot/maven/cola-components/com.alibaba-fastjson-1.2.83\n\nBump fastjson from 1.2.79 to 1.2.83 in /cola-components",
    "date": "2022-06-22T08:55:09Z",
    "url": "https://github.com/alibaba/COLA/commit/cbbe9216da01def9881cc6bb8bfbaff3a58e56b6"
  },
  {
    "oid": "4b9cea30d2e599fd3c9b2cf2c71b75e29599587a",
    "message": "Bump fastjson from 1.2.79 to 1.2.83 in /cola-components\n\nBumps [fastjson](https://github.com/alibaba/fastjson) from 1.2.79 to 1.2.83.\n- [Release notes](https://github.com/alibaba/fastjson/releases)\n- [Commits](https://github.com/alibaba/fastjson/compare/1.2.79...1.2.83)\n\n---\nupdated-dependencies:\n- dependency-name: com.alibaba:fastjson\n  dependency-type: direct:production\n...\n\nSigned-off-by: dependabot[bot] <support@github.com>",
    "date": "2022-06-17T03:33:46Z",
    "url": "https://github.com/alibaba/COLA/commit/4b9cea30d2e599fd3c9b2cf2c71b75e29599587a"
  },
  {
    "oid": "7c4af78dafffd009ca25fd9fc2bf6140ea31dbea",
    "message": "Bump fastjson from 1.2.79 to 1.2.83 in /samples/craftsman\n\nBumps [fastjson](https://github.com/alibaba/fastjson) from 1.2.79 to 1.2.83.\n- [Release notes](https://github.com/alibaba/fastjson/releases)\n- [Commits](https://github.com/alibaba/fastjson/compare/1.2.79...1.2.83)\n\n---\nupdated-dependencies:\n- dependency-name: com.alibaba:fastjson\n  dependency-type: direct:production\n...\n\nSigned-off-by: dependabot[bot] <support@github.com>",
    "date": "2022-06-17T03:32:00Z",
    "url": "https://github.com/alibaba/COLA/commit/7c4af78dafffd009ca25fd9fc2bf6140ea31dbea"
  },
  {
    "oid": "a1fcba137c31dfe73ff579e724fa9511c610e741",
    "message": "Merge pull request #272 from liugddx/master\n\nfix: add order for CatchLogAspect",
    "date": "2022-04-27T10:10:59Z",
    "url": "https://github.com/alibaba/COLA/commit/a1fcba137c31dfe73ff579e724fa9511c610e741"
  },
  {
    "oid": "e299b7429a670ce0e1af3321de7a1501fee34f51",
    "message": "Update README.md",
    "date": "2022-04-25T10:26:52Z",
    "url": "https://github.com/alibaba/COLA/commit/e299b7429a670ce0e1af3321de7a1501fee34f51"
  },
  {
    "oid": "1c35fd6f43d7a1fe5f4509e18afd827481762ab3",
    "message": "Update README.md",
    "date": "2022-03-27T10:28:41Z",
    "url": "https://github.com/alibaba/COLA/commit/1c35fd6f43d7a1fe5f4509e18afd827481762ab3"
  },
  {
    "oid": "a70868ff84ccec24e2f347f301133c47bff89446",
    "message": "fix: add order for CatchLogAspect",
    "date": "2022-03-22T11:56:41Z",
    "url": "https://github.com/alibaba/COLA/commit/a70868ff84ccec24e2f347f301133c47bff89446"
  },
  {
    "oid": "99b73f038ffd0189789d77e6e7c60d49d21ea197",
    "message": "docs: fix ci build badge",
    "date": "2022-02-19T16:48:27Z",
    "url": "https://github.com/alibaba/COLA/commit/99b73f038ffd0189789d77e6e7c60d49d21ea197"
  },
  {
    "oid": "4472f2cbce2a7a47dffa3386d5c24aab4d288dae",
    "message": "chore: update `bump-cola-version.sh`",
    "date": "2022-01-30T18:06:28Z",
    "url": "https://github.com/alibaba/COLA/commit/4472f2cbce2a7a47dffa3386d5c24aab4d288dae"
  },
  {
    "oid": "580a95ebd8d64d5514d32d05e31a48387dd5e1f5",
    "message": "chore: use uniform `${cola.framework.version}` instead hard-coded version",
    "date": "2022-01-30T17:20:22Z",
    "url": "https://github.com/alibaba/COLA/commit/580a95ebd8d64d5514d32d05e31a48387dd5e1f5"
  },
  {
    "oid": "c56a850d2cbd9fedd47e26ded06cfb1fd7ffbc1c",
    "message": "docs: fix typo in image #259",
    "date": "2022-01-30T17:05:56Z",
    "url": "https://github.com/alibaba/COLA/commit/c56a850d2cbd9fedd47e26ded06cfb1fd7ffbc1c"
  },
  {
    "oid": "f73d4fcb6d5e024e4ad1132da6e0ace58fb9dede",
    "message": "chore: add requireMavenVersion for maven-enforcer-plugin",
    "date": "2022-01-18T12:24:11Z",
    "url": "https://github.com/alibaba/COLA/commit/f73d4fcb6d5e024e4ad1132da6e0ace58fb9dede"
  },
  {
    "oid": "aad10f3c64e9cd6fa834dacf3c76d3796a661888",
    "message": "Merge pull request #225 from kun1988/master\n\n修改README.md错误的groupId,artifactId,package",
    "date": "2021-11-07T12:06:08Z",
    "url": "https://github.com/alibaba/COLA/commit/aad10f3c64e9cd6fa834dacf3c76d3796a661888"
  },
  {
    "oid": "b4b6cb5fb1a80bb7f64decf3478c47f9c82bb287",
    "message": "修改README.md错误的groupId,artifactId,package",
    "date": "2021-08-19T02:32:30Z",
    "url": "https://github.com/alibaba/COLA/commit/b4b6cb5fb1a80bb7f64decf3478c47f9c82bb287"
  },
  {
    "oid": "6a6e9a92c9908adfa28ffc22f8e6df126beaee4f",
    "message": "Merge pull request #206 from alibaba/dependabot/maven/cola-components/ch.qos.logback-logback-classic-1.2.0\n\nBump logback-classic from 1.1.11 to 1.2.0 in /cola-components",
    "date": "2021-07-01T06:52:34Z",
    "url": "https://github.com/alibaba/COLA/commit/6a6e9a92c9908adfa28ffc22f8e6df126beaee4f"
  },
  {
    "oid": "77426769d45b9583199956b727c852e48b7d233d",
    "message": "Merge pull request #202 from likaer/master\n\n修改README",
    "date": "2021-07-01T06:51:54Z",
    "url": "https://github.com/alibaba/COLA/commit/77426769d45b9583199956b727c852e48b7d233d"
  },
  {
    "oid": "ebe1d04cd41d3ab43a7999d3800a068f72323f97",
    "message": "Merge pull request #209 from piaolingxue/hotfix/fix-args-serialize-error\n\nfix argument serialize error when  using CatchLog feature",
    "date": "2021-07-01T03:54:51Z",
    "url": "https://github.com/alibaba/COLA/commit/ebe1d04cd41d3ab43a7999d3800a068f72323f97"
  },
  {
    "oid": "e38c2ec73356825eeda4a8a70fc522e1f26fce72",
    "message": "fix log request serialize error",
    "date": "2021-06-23T08:01:44Z",
    "url": "https://github.com/alibaba/COLA/commit/e38c2ec73356825eeda4a8a70fc522e1f26fce72"
  },
  {
    "oid": "d0b93bb79bcbfc594ce1494960f0bd21b00b0d0a",
    "message": "Bump logback-classic from 1.1.11 to 1.2.0 in /cola-components\n\nBumps logback-classic from 1.1.11 to 1.2.0.\n\n---\nupdated-dependencies:\n- dependency-name: ch.qos.logback:logback-classic\n  dependency-type: direct:production\n...\n\nSigned-off-by: dependabot[bot] <support@github.com>",
    "date": "2021-06-07T19:05:45Z",
    "url": "https://github.com/alibaba/COLA/commit/d0b93bb79bcbfc594ce1494960f0bd21b00b0d0a"
  },
  {
    "oid": "72c3d9ddacc15a68c67a9704388da4af7c351e6d",
    "message": "Bump logback-core from 1.1.11 to 1.2.0 in /cola-components\n\nBumps logback-core from 1.1.11 to 1.2.0.\n\n---\nupdated-dependencies:\n- dependency-name: ch.qos.logback:logback-core\n  dependency-type: direct:production\n...\n\nSigned-off-by: dependabot[bot] <support@github.com>",
    "date": "2021-06-07T17:09:11Z",
    "url": "https://github.com/alibaba/COLA/commit/72c3d9ddacc15a68c67a9704388da4af7c351e6d"
  },
  {
    "oid": "c0939b6b98b122d5ea3728db6790f775e55c957a",
    "message": "Update README.md",
    "date": "2021-06-02T08:19:40Z",
    "url": "https://github.com/alibaba/COLA/commit/c0939b6b98b122d5ea3728db6790f775e55c957a"
  },
  {
    "oid": "9f3acf2195ee6bf3292d0c37b4f490aa24e9560a",
    "message": "Update README.md\n\ncola-web目录直接install会由于本地仓库不存在domain等模块的包导致install失败",
    "date": "2021-06-02T08:16:56Z",
    "url": "https://github.com/alibaba/COLA/commit/9f3acf2195ee6bf3292d0c37b4f490aa24e9560a"
  },
  {
    "oid": "0acda5c1d982cbadbc27e3a87c95f8bbdd06af4e",
    "message": "fix AOP error",
    "date": "2021-05-28T10:12:58Z",
    "url": "https://github.com/alibaba/COLA/commit/0acda5c1d982cbadbc27e3a87c95f8bbdd06af4e"
  },
  {
    "oid": "4506cfaf60b49196355bd5ae5da691ca4504397d",
    "message": "删除 taobao parent",
    "date": "2021-02-05T18:47:09Z",
    "url": "https://github.com/alibaba/COLA/commit/4506cfaf60b49196355bd5ae5da691ca4504397d"
  },
  {
    "oid": "345b2f30d091315e88627bafd86762ce760e6229",
    "message": "merge ClientObject to 4.0",
    "date": "2021-01-13T08:14:30Z",
    "url": "https://github.com/alibaba/COLA/commit/345b2f30d091315e88627bafd86762ce760e6229"
  },
  {
    "oid": "6d6149b77bf8b357784cd5bf3565912d6873f95b",
    "message": "+ add jacoco-maven-plugin for cola-components project, activate by mvn -Pgen-code-cov",
    "date": "2021-01-12T03:56:14Z",
    "url": "https://github.com/alibaba/COLA/commit/6d6149b77bf8b357784cd5bf3565912d6873f95b"
  },
  {
    "oid": "10d921e41182f53684d0adda34d369bed3391e53",
    "message": "! improve common_build.sh: lazy eval mvn_local_repository_dir",
    "date": "2021-01-10T13:39:17Z",
    "url": "https://github.com/alibaba/COLA/commit/10d921e41182f53684d0adda34d369bed3391e53"
  },
  {
    "oid": "57850a2f42b697cfd6fb13028314f358a9cfa0f2",
    "message": "! update README after deploy/release v4.0.1",
    "date": "2021-01-10T12:31:37Z",
    "url": "https://github.com/alibaba/COLA/commit/57850a2f42b697cfd6fb13028314f358a9cfa0f2"
  },
  {
    "oid": "6b3dfe36f921cdd830c3f9c51ae5308da4d26678",
    "message": "! activate more maven plugins by -DperformRelease, more consistent with maven deploy",
    "date": "2021-01-07T05:26:25Z",
    "url": "https://github.com/alibaba/COLA/commit/6b3dfe36f921cdd830c3f9c51ae5308da4d26678"
  },
  {
    "oid": "93dca116f5539388a99ac9cef8e0c3bf3213ba76",
    "message": "! improve integration-test.sh\n\n- mvn clean before install\n- clean maven build and install of COLA in maven local repository\n- rename function: runCmd -> logAndRun",
    "date": "2021-01-07T03:27:34Z",
    "url": "https://github.com/alibaba/COLA/commit/93dca116f5539388a99ac9cef8e0c3bf3213ba76"
  },
  {
    "oid": "44e1fd8b0e7b77d2a3cdfbdb585cf0c7be8123bd",
    "message": "! update README after deploy/release v4.0.0",
    "date": "2021-01-05T14:34:12Z",
    "url": "https://github.com/alibaba/COLA/commit/44e1fd8b0e7b77d2a3cdfbdb585cf0c7be8123bd"
  },
  {
    "oid": "21ace32aa66d13f709d89e421fb995a10238da33",
    "message": "! change cola-framework-archetype-service packaging to maven-archetype",
    "date": "2021-01-05T07:03:24Z",
    "url": "https://github.com/alibaba/COLA/commit/21ace32aa66d13f709d89e421fb995a10238da33"
  },
  {
    "oid": "b7f60826e1d7f4f77815b7f42a0fd64d57c84ba7",
    "message": "! unify cola.component.version -> cola.components.version",
    "date": "2021-01-05T05:47:37Z",
    "url": "https://github.com/alibaba/COLA/commit/b7f60826e1d7f4f77815b7f42a0fd64d57c84ba7"
  },
  {
    "oid": "92757caf0cb4946ab1074cd76820345ec5861c74",
    "message": "+ add .editorconfig",
    "date": "2021-01-05T05:10:49Z",
    "url": "https://github.com/alibaba/COLA/commit/92757caf0cb4946ab1074cd76820345ec5861c74"
  },
  {
    "oid": "3b265786ee6467e414b3e1653a8abdb13c8570ae",
    "message": "= fix typo in README",
    "date": "2021-01-05T02:34:03Z",
    "url": "https://github.com/alibaba/COLA/commit/3b265786ee6467e414b3e1653a8abdb13c8570ae"
  },
  {
    "oid": "ae536e63be127c1b735e51ad816cff783affcbb5",
    "message": "! improve integration-test.sh: extract archetypeVersion from pom.xml",
    "date": "2021-01-04T15:17:28Z",
    "url": "https://github.com/alibaba/COLA/commit/ae536e63be127c1b735e51ad816cff783affcbb5"
  },
  {
    "oid": "e042e1e67f80103b6df2af8cf393255953b67f76",
    "message": "! improve integration-test.sh, independent to current dir of script execution",
    "date": "2021-01-04T13:56:41Z",
    "url": "https://github.com/alibaba/COLA/commit/e042e1e67f80103b6df2af8cf393255953b67f76"
  },
  {
    "oid": "5fbe02061ddd1c86e9faaae2b09afed2a4955a7f",
    "message": "! fix UT fail of archetype:generate project by cola-framework-archetype-web",
    "date": "2021-01-04T13:39:11Z",
    "url": "https://github.com/alibaba/COLA/commit/5fbe02061ddd1c86e9faaae2b09afed2a4955a7f"
  },
  {
    "oid": "bde575910678b2f7236972871fc35adc6084c9c6",
    "message": "+ add archetype:generate test into CI",
    "date": "2021-01-04T13:13:38Z",
    "url": "https://github.com/alibaba/COLA/commit/bde575910678b2f7236972871fc35adc6084c9c6"
  },
  {
    "oid": "aad7b7a2b5652a4b56a758e80ccdb6391a9caa23",
    "message": "Merge pull request #150 from oldratlee/improve/README-format\n\nimprove README format",
    "date": "2021-01-04T05:26:23Z",
    "url": "https://github.com/alibaba/COLA/commit/aad7b7a2b5652a4b56a758e80ccdb6391a9caa23"
  },
  {
    "oid": "0ebcfdb39d893167eec355bda4d563d0e8f8ecba",
    "message": "improve README format\n\n- split lines for key discussion(about architecture)\n- add blank line after title and before image\n  improve markdown source file readability\n- add code fence for code snippets",
    "date": "2021-01-03T08:14:42Z",
    "url": "https://github.com/alibaba/COLA/commit/0ebcfdb39d893167eec355bda4d563d0e8f8ecba"
  },
  {
    "oid": "1e2241338c4c55550afb783378166424e0adfb71",
    "message": "cola 4.0.0",
    "date": "2020-12-10T08:50:32Z",
    "url": "https://github.com/alibaba/COLA/commit/1e2241338c4c55550afb783378166424e0adfb71"
  },
  {
    "oid": "7a3b82bfc24098fd3e414223d354f5786e636e9f",
    "message": "cola 4.0.0",
    "date": "2020-12-09T11:33:10Z",
    "url": "https://github.com/alibaba/COLA/commit/7a3b82bfc24098fd3e414223d354f5786e636e9f"
  },
  {
    "oid": "82535b8061027b78eef172c049a47650dc68e73b",
    "message": "Merge pull request #124 from binghx/patch-1\n\nModify the wrong package",
    "date": "2020-11-13T04:12:58Z",
    "url": "https://github.com/alibaba/COLA/commit/82535b8061027b78eef172c049a47650dc68e73b"
  },
  {
    "oid": "590d0787dd4921fec7dd7a2faeaf9b3362180a5d",
    "message": "Merge pull request #126 from geyingqi777/master\n\nbizScenario被设置为初始化值的问题",
    "date": "2020-11-13T04:10:19Z",
    "url": "https://github.com/alibaba/COLA/commit/590d0787dd4921fec7dd7a2faeaf9b3362180a5d"
  },
  {
    "oid": "6f6025878a175e2dc57d80963f722785841ec631",
    "message": "fix: 调用get方法之后,例如和fastjson共同使用时,场景值被修改的问题",
    "date": "2020-11-11T10:38:19Z",
    "url": "https://github.com/alibaba/COLA/commit/6f6025878a175e2dc57d80963f722785841ec631"
  },
  {
    "oid": "5d3525e16c3ae2a082825966a641cc5c3836b75e",
    "message": "Merge pull request #125 from euclideanrn/master\n\n修复图片展示不全问题",
    "date": "2020-11-09T10:04:28Z",
    "url": "https://github.com/alibaba/COLA/commit/5d3525e16c3ae2a082825966a641cc5c3836b75e"
  },
  {
    "oid": "252921b2d2d447949a63b8dff6577c6a7ce1ebe1",
    "message": "修复图片展示不全问题",
    "date": "2020-11-09T10:01:51Z",
    "url": "https://github.com/alibaba/COLA/commit/252921b2d2d447949a63b8dff6577c6a7ce1ebe1"
  },
  {
    "oid": "3a453e9b9f95bf7510de69c93ac2b8c969bfecfa",
    "message": "cola 3.1.0",
    "date": "2020-11-06T05:51:21Z",
    "url": "https://github.com/alibaba/COLA/commit/3a453e9b9f95bf7510de69c93ac2b8c969bfecfa"
  },
  {
    "oid": "a35f394eb41a372bad7f4881210be8a511409f7f",
    "message": "Update CustomerWapAdaptor.java\n\nModify the wrong package：mobile=>wap",
    "date": "2020-11-04T08:33:21Z",
    "url": "https://github.com/alibaba/COLA/commit/a35f394eb41a372bad7f4881210be8a511409f7f"
  },
  {
    "oid": "2bd01696fb77538ce3e92d677ce282e572773fa4",
    "message": "Update README.md\n\nfix image broken",
    "date": "2020-11-03T06:16:59Z",
    "url": "https://github.com/alibaba/COLA/commit/2bd01696fb77538ce3e92d677ce282e572773fa4"
  },
  {
    "oid": "832a9a5304b43a92e07399e895f45b1fd360d523",
    "message": "cola 3.1.0",
    "date": "2020-10-28T07:37:12Z",
    "url": "https://github.com/alibaba/COLA/commit/832a9a5304b43a92e07399e895f45b1fd360d523"
  },
  {
    "oid": "fdd7cfc8f3fe7ef37d4ea2c557ad99c7b4bb4d59",
    "message": "cola 3.1.0",
    "date": "2020-10-28T07:14:16Z",
    "url": "https://github.com/alibaba/COLA/commit/fdd7cfc8f3fe7ef37d4ea2c557ad99c7b4bb4d59"
  },
  {
    "oid": "2fb58496d2a4c012e3dff20d6b5148940078ed44",
    "message": "update readme",
    "date": "2020-10-28T04:16:32Z",
    "url": "https://github.com/alibaba/COLA/commit/2fb58496d2a4c012e3dff20d6b5148940078ed44"
  },
  {
    "oid": "5d6d8d2f74c72a04b3fcdfc0fe4d0899a5991807",
    "message": "add aliyun initializer",
    "date": "2020-09-07T03:49:00Z",
    "url": "https://github.com/alibaba/COLA/commit/5d6d8d2f74c72a04b3fcdfc0fe4d0899a5991807"
  },
  {
    "oid": "efdeecb7eda924c2e49bac880c1276190e44d40d",
    "message": "fix事件处理器和ReturnType的映射关系遗漏bug\n\nhandleException 会 获取 responseClz, 映射不建立会有问题",
    "date": "2020-08-26T09:26:15Z",
    "url": "https://github.com/alibaba/COLA/commit/efdeecb7eda924c2e49bac880c1276190e44d40d"
  },
  {
    "oid": "4acb71d66f06a354ecbb92c557ac753cb7ab9e35",
    "message": "修复事件和注册处理器的映射绑定 bug\n\n事件注册mapping bugfix",
    "date": "2020-08-26T08:08:18Z",
    "url": "https://github.com/alibaba/COLA/commit/4acb71d66f06a354ecbb92c557ac753cb7ab9e35"
  },
  {
    "oid": "9008b90c6580cb8ed5b3ae4c4b9ad2390c1fd381",
    "message": "add patch info",
    "date": "2020-08-20T07:09:38Z",
    "url": "https://github.com/alibaba/COLA/commit/9008b90c6580cb8ed5b3ae4c4b9ad2390c1fd381"
  },
  {
    "oid": "cdfaf618fffbc48d8f3aced3e7db3d8f3640f739",
    "message": "local archetypeGroupId modified",
    "date": "2020-08-13T12:44:25Z",
    "url": "https://github.com/alibaba/COLA/commit/cdfaf618fffbc48d8f3aced3e7db3d8f3640f739"
  },
  {
    "oid": "efd9a9c3386acc18c325bf3782945de57ccacafc",
    "message": "Update pom.xml\n\ncola-test be abandoned.",
    "date": "2020-08-13T11:36:00Z",
    "url": "https://github.com/alibaba/COLA/commit/efd9a9c3386acc18c325bf3782945de57ccacafc"
  },
  {
    "oid": "ba2317b3b1af063a91f296c0f24220380792c062",
    "message": "Update pom.xml\n\ncola-test package has been abandoned, tidy format",
    "date": "2020-08-13T11:33:30Z",
    "url": "https://github.com/alibaba/COLA/commit/ba2317b3b1af063a91f296c0f24220380792c062"
  },
  {
    "oid": "3affc1f664eab14900925b7f48c66af71157f499",
    "message": "Update pom.xml\n\ncola-test package has been abandoned",
    "date": "2020-08-13T11:29:37Z",
    "url": "https://github.com/alibaba/COLA/commit/3affc1f664eab14900925b7f48c66af71157f499"
  },
  {
    "oid": "3707e863e824fce0a4c5ac594159861142d097c8",
    "message": "Update pom.xml\n\ncola-test package has been abandoned",
    "date": "2020-08-13T11:27:54Z",
    "url": "https://github.com/alibaba/COLA/commit/3707e863e824fce0a4c5ac594159861142d097c8"
  },
  {
    "oid": "a3ee09c55cf8e3d73aedb1c20abf6d845ac348b3",
    "message": "Update CustomerServiceTest.java\n\nLack of imports",
    "date": "2020-08-13T11:14:22Z",
    "url": "https://github.com/alibaba/COLA/commit/a3ee09c55cf8e3d73aedb1c20abf6d845ac348b3"
  },
  {
    "oid": "c0473b1bff20419de337ac89d089a42cac282503",
    "message": "Update pom.xml\n\nalign",
    "date": "2020-08-13T09:04:26Z",
    "url": "https://github.com/alibaba/COLA/commit/c0473b1bff20419de337ac89d089a42cac282503"
  },
  {
    "oid": "ba79a596678c66ca254180241301e4228ceaecf3",
    "message": "Update pom.xml\n\ncola dependency groupId error",
    "date": "2020-08-13T09:02:33Z",
    "url": "https://github.com/alibaba/COLA/commit/ba79a596678c66ca254180241301e4228ceaecf3"
  },
  {
    "oid": "06492bdb50805cae12e8160ddc78bd37df128e1f",
    "message": "Update pom.xml\n\ncola groupId error",
    "date": "2020-08-13T09:01:40Z",
    "url": "https://github.com/alibaba/COLA/commit/06492bdb50805cae12e8160ddc78bd37df128e1f"
  },
  {
    "oid": "3fcbacdd231a6db5bb7e4414b14f080cfd114072",
    "message": "Update pom.xml\n\ncola groupId error",
    "date": "2020-08-13T09:00:47Z",
    "url": "https://github.com/alibaba/COLA/commit/3fcbacdd231a6db5bb7e4414b14f080cfd114072"
  },
  {
    "oid": "3b534b75a5266d2792b883981dbd18bb7e912852",
    "message": "Update pom.xml\n\ngroupId error",
    "date": "2020-08-13T08:59:15Z",
    "url": "https://github.com/alibaba/COLA/commit/3b534b75a5266d2792b883981dbd18bb7e912852"
  },
  {
    "oid": "509b18460c13457c5faa1859c7b1b2dc1eb94c70",
    "message": "Update pom.xml\n\npackage dependency groupId error",
    "date": "2020-08-13T08:57:56Z",
    "url": "https://github.com/alibaba/COLA/commit/509b18460c13457c5faa1859c7b1b2dc1eb94c70"
  },
  {
    "oid": "35d27076f3a192bea7b21e80ccb53b30163a2a53",
    "message": "update readme",
    "date": "2020-07-02T03:05:57Z",
    "url": "https://github.com/alibaba/COLA/commit/35d27076f3a192bea7b21e80ccb53b30163a2a53"
  },
  {
    "oid": "d932286eb3bb58d36f007772fe1d6350bfb9683e",
    "message": "change jdk version",
    "date": "2020-07-01T13:02:04Z",
    "url": "https://github.com/alibaba/COLA/commit/d932286eb3bb58d36f007772fe1d6350bfb9683e"
  },
  {
    "oid": "b59c9f8c7ca9281cd127936deb1db453f469753d",
    "message": "change compiler to 1.8",
    "date": "2020-07-01T09:50:33Z",
    "url": "https://github.com/alibaba/COLA/commit/b59c9f8c7ca9281cd127936deb1db453f469753d"
  },
  {
    "oid": "8eb0d4ddc1341df1d3aee5418ff9a9178510b46a",
    "message": "add version for  source-plugin",
    "date": "2020-07-01T09:42:01Z",
    "url": "https://github.com/alibaba/COLA/commit/8eb0d4ddc1341df1d3aee5418ff9a9178510b46a"
  },
  {
    "oid": "1fd22849b69320d2ecbcca4c94652ed032be619b",
    "message": "add version for  source-plugin",
    "date": "2020-07-01T09:39:20Z",
    "url": "https://github.com/alibaba/COLA/commit/1fd22849b69320d2ecbcca4c94652ed032be619b"
  },
  {
    "oid": "e48f51a384299b0eb7cd64e19f8578e1fc69905c",
    "message": "add version for  source-plugin",
    "date": "2020-07-01T09:38:24Z",
    "url": "https://github.com/alibaba/COLA/commit/e48f51a384299b0eb7cd64e19f8578e1fc69905c"
  },
  {
    "oid": "a3539420518055453bc028c469787c203297c717",
    "message": "remove duplicate source-plugin",
    "date": "2020-07-01T09:14:34Z",
    "url": "https://github.com/alibaba/COLA/commit/a3539420518055453bc028c469787c203297c717"
  },
  {
    "oid": "cd5c5f33a9c51d283b862a1e5dcbd9e257976418",
    "message": "publish statemachine",
    "date": "2020-07-01T09:04:28Z",
    "url": "https://github.com/alibaba/COLA/commit/cd5c5f33a9c51d283b862a1e5dcbd9e257976418"
  },
  {
    "oid": "96957f2a78e22d6c68944cb949949d74866ff559",
    "message": "add ASF requirement",
    "date": "2020-06-30T10:14:25Z",
    "url": "https://github.com/alibaba/COLA/commit/96957f2a78e22d6c68944cb949949d74866ff559"
  },
  {
    "oid": "c0ba93277d14675ba2e1a734357f55b3845b4d01",
    "message": "3.0 memo\n\n3.0 memo",
    "date": "2020-06-26T15:48:12Z",
    "url": "https://github.com/alibaba/COLA/commit/c0ba93277d14675ba2e1a734357f55b3845b4d01"
  },
  {
    "oid": "1cdb348ebdfbfd9e0980f2e44eda80bc106695a3",
    "message": "COLA 3.0",
    "date": "2020-06-22T12:07:27Z",
    "url": "https://github.com/alibaba/COLA/commit/1cdb348ebdfbfd9e0980f2e44eda80bc106695a3"
  },
  {
    "oid": "bc57c0f8e7383d2981a9fafe761eea987ff21c39",
    "message": "reformart",
    "date": "2020-01-20T07:19:03Z",
    "url": "https://github.com/alibaba/COLA/commit/bc57c0f8e7383d2981a9fafe761eea987ff21c39"
  },
  {
    "oid": "08634d8231f4ae4b0e27dc44dd07784d01e71db1",
    "message": "add book address",
    "date": "2020-01-20T07:18:21Z",
    "url": "https://github.com/alibaba/COLA/commit/08634d8231f4ae4b0e27dc44dd07784d01e71db1"
  },
  {
    "oid": "b2a888827d68f5f7a696f9a9f5be8923fca4cb27",
    "message": "Update README.md",
    "date": "2020-01-06T09:02:56Z",
    "url": "https://github.com/alibaba/COLA/commit/b2a888827d68f5f7a696f9a9f5be8923fca4cb27"
  },
  {
    "oid": "980ec6cd1c24df7ef35cbb00cb6f24e7d6a34241",
    "message": "Merge pull request #43 from alibaba/dependabot/maven/cola-framework/spring-version-5.2.0.RELEASE\n\nBump spring-version from 4.3.5.RELEASE to 5.2.0.RELEASE in /cola-framework",
    "date": "2019-11-21T14:46:48Z",
    "url": "https://github.com/alibaba/COLA/commit/980ec6cd1c24df7ef35cbb00cb6f24e7d6a34241"
  },
  {
    "oid": "d72cb0d95537fd83c9dda010ffe44e844d210b4d",
    "message": "Bump spring-version in /cola-framework\n\nBumps `spring-version` from 4.3.5.RELEASE to 5.2.0.RELEASE.\n\nUpdates `spring-core` from 4.3.5.RELEASE to 5.2.0.RELEASE\n- [Release notes](https://github.com/spring-projects/spring-framework/releases)\n- [Commits](https://github.com/spring-projects/spring-framework/compare/v4.3.5.RELEASE...v5.2.0.RELEASE)\n\nUpdates `spring-beans` from 4.3.5.RELEASE to 5.2.0.RELEASE\n- [Release notes](https://github.com/spring-projects/spring-framework/releases)\n- [Commits](https://github.com/spring-projects/spring-framework/compare/v4.3.5.RELEASE...v5.2.0.RELEASE)\n\nUpdates `spring-aop` from 4.3.5.RELEASE to 5.2.0.RELEASE\n- [Release notes](https://github.com/spring-projects/spring-framework/releases)\n- [Commits](https://github.com/spring-projects/spring-framework/compare/v4.3.5.RELEASE...v5.2.0.RELEASE)\n\nUpdates `spring-context` from 4.3.5.RELEASE to 5.2.0.RELEASE\n- [Release notes](https://github.com/spring-projects/spring-framework/releases)\n- [Commits](https://github.com/spring-projects/spring-framework/compare/v4.3.5.RELEASE...v5.2.0.RELEASE)\n\nUpdates `spring-context-support` from 4.3.5.RELEASE to 5.2.0.RELEASE\n- [Release notes](https://github.com/spring-projects/spring-framework/releases)\n- [Commits](https://github.com/spring-projects/spring-framework/compare/v4.3.5.RELEASE...v5.2.0.RELEASE)\n\nSigned-off-by: dependabot[bot] <support@github.com>",
    "date": "2019-11-01T22:51:54Z",
    "url": "https://github.com/alibaba/COLA/commit/d72cb0d95537fd83c9dda010ffe44e844d210b4d"
  },
  {
    "oid": "1019d6bddd5a12fefe4b7adde9eec6c57687e9d2",
    "message": "add wechat info",
    "date": "2019-09-09T02:52:17Z",
    "url": "https://github.com/alibaba/COLA/commit/1019d6bddd5a12fefe4b7adde9eec6c57687e9d2"
  },
  {
    "oid": "10b80133901bf8f1ea5a5321c5f134fa5a8dda1c",
    "message": "add wechat info",
    "date": "2019-09-09T02:51:21Z",
    "url": "https://github.com/alibaba/COLA/commit/10b80133901bf8f1ea5a5321c5f134fa5a8dda1c"
  },
  {
    "oid": "c2e24c21b4bd3ac6ef528b7e38a1c578376b4047",
    "message": "upgrade cola-test to 2.0.0",
    "date": "2019-09-01T07:40:41Z",
    "url": "https://github.com/alibaba/COLA/commit/c2e24c21b4bd3ac6ef528b7e38a1c578376b4047"
  },
  {
    "oid": "d562c1549160f5ceb71f48346c0b0ff3341f4c5f",
    "message": "fix typo",
    "date": "2019-08-26T05:40:01Z",
    "url": "https://github.com/alibaba/COLA/commit/d562c1549160f5ceb71f48346c0b0ff3341f4c5f"
  },
  {
    "oid": "14bd47be73008f83fd031610614b8c9a210ce11e",
    "message": "添加readme",
    "date": "2019-05-29T14:09:58Z",
    "url": "https://github.com/alibaba/COLA/commit/14bd47be73008f83fd031610614b8c9a210ce11e"
  },
  {
    "oid": "9f715d7d7eea5c95886b7edd7023ba0a8cd7b0bb",
    "message": "fix typo",
    "date": "2019-04-09T09:24:01Z",
    "url": "https://github.com/alibaba/COLA/commit/9f715d7d7eea5c95886b7edd7023ba0a8cd7b0bb"
  },
  {
    "oid": "a6c1f213c5e3c4741b0d269aa7e52ff6a71fba81",
    "message": "add archetype info",
    "date": "2019-04-09T09:21:03Z",
    "url": "https://github.com/alibaba/COLA/commit/a6c1f213c5e3c4741b0d269aa7e52ff6a71fba81"
  },
  {
    "oid": "138c0d1fff6dd4a41b99647dd4af83e21d6e3f91",
    "message": "Merge pull request #12 from jutem/branch_fix_looptry\n\n修正looptry中lastDotIndex变量不变化导致死循环",
    "date": "2019-02-19T10:24:40Z",
    "url": "https://github.com/alibaba/COLA/commit/138c0d1fff6dd4a41b99647dd4af83e21d6e3f91"
  },
  {
    "oid": "db867a164520144e4b0c28e582a43aa4a979c542",
    "message": "修正looptry中lastDotIndex变量不变化导致死循环",
    "date": "2019-02-13T05:47:58Z",
    "url": "https://github.com/alibaba/COLA/commit/db867a164520144e4b0c28e582a43aa4a979c542"
  },
  {
    "oid": "54a0d529468216c204caae4aeacf808a95adb415",
    "message": "update readme",
    "date": "2019-01-04T09:10:52Z",
    "url": "https://github.com/alibaba/COLA/commit/54a0d529468216c204caae4aeacf808a95adb415"
  },
  {
    "oid": "f7d4a46749fa57b145d1d904ae555259d672fc55",
    "message": "Update readme",
    "date": "2019-01-04T09:00:00Z",
    "url": "https://github.com/alibaba/COLA/commit/f7d4a46749fa57b145d1d904ae555259d672fc55"
  },
  {
    "oid": "aa5a32081ddbb3cc7e4cafa28e725d06daf0cb61",
    "message": "update readme",
    "date": "2019-01-04T08:36:02Z",
    "url": "https://github.com/alibaba/COLA/commit/aa5a32081ddbb3cc7e4cafa28e725d06daf0cb61"
  },
  {
    "oid": "194efe808fd793f54c14afed86fee796fba0fbb1",
    "message": "enhance exception handling",
    "date": "2019-01-04T08:28:58Z",
    "url": "https://github.com/alibaba/COLA/commit/194efe808fd793f54c14afed86fee796fba0fbb1"
  },
  {
    "oid": "6dd74127684ee84d75b7a6f2cbb931d98e8f0a85",
    "message": "update readme",
    "date": "2019-01-04T08:09:56Z",
    "url": "https://github.com/alibaba/COLA/commit/6dd74127684ee84d75b7a6f2cbb931d98e8f0a85"
  },
  {
    "oid": "0a561a783dc48cd9b35df2e539d6f0510a7c6dec",
    "message": "Update",
    "date": "2019-01-04T08:07:12Z",
    "url": "https://github.com/alibaba/COLA/commit/0a561a783dc48cd9b35df2e539d6f0510a7c6dec"
  },
  {
    "oid": "e2146120ff543f366aa4782a7df295d7f6ee6b81",
    "message": "change SOFA to COLA",
    "date": "2019-01-04T08:05:47Z",
    "url": "https://github.com/alibaba/COLA/commit/e2146120ff543f366aa4782a7df295d7f6ee6b81"
  },
  {
    "oid": "43407b3956b4d079426c1c3e25f7b7ac77795e9a",
    "message": "fix readme conflict",
    "date": "2019-01-04T07:13:36Z",
    "url": "https://github.com/alibaba/COLA/commit/43407b3956b4d079426c1c3e25f7b7ac77795e9a"
  },
  {
    "oid": "4cc8105518388c16e8d102b2d3ff74de70d0f92e",
    "message": "framework rename",
    "date": "2018-12-29T03:26:03Z",
    "url": "https://github.com/alibaba/COLA/commit/4cc8105518388c16e8d102b2d3ff74de70d0f92e"
  },
  {
    "oid": "120b33164be9bebe3df3caa04177460e6ed2dadf",
    "message": "Update README.md",
    "date": "2018-10-12T09:10:35Z",
    "url": "https://github.com/alibaba/COLA/commit/120b33164be9bebe3df3caa04177460e6ed2dadf"
  },
  {
    "oid": "7dd11793e1446db4439321c301a48929c8a41641",
    "message": "Update README.md",
    "date": "2018-03-30T07:03:52Z",
    "url": "https://github.com/alibaba/COLA/commit/7dd11793e1446db4439321c301a48929c8a41641"
  },
  {
    "oid": "ddddf209f49bb193b7fa04350c9844b60e1429c8",
    "message": "update link",
    "date": "2018-03-19T09:43:36Z",
    "url": "https://github.com/alibaba/COLA/commit/ddddf209f49bb193b7fa04350c9844b60e1429c8"
  },
  {
    "oid": "20facb86d83a4be98dacae9ed657dbb3b19d64dc",
    "message": "update format",
    "date": "2018-03-19T09:42:43Z",
    "url": "https://github.com/alibaba/COLA/commit/20facb86d83a4be98dacae9ed657dbb3b19d64dc"
  },
  {
    "oid": "119913f5d47467040bc873ca233d0419b0df1759",
    "message": "Add link",
    "date": "2018-03-19T09:41:45Z",
    "url": "https://github.com/alibaba/COLA/commit/119913f5d47467040bc873ca233d0419b0df1759"
  },
  {
    "oid": "13219d1836c51e18b9025ae2791bdf2ec26e680f",
    "message": "remove pandora dependency",
    "date": "2018-02-08T03:10:27Z",
    "url": "https://github.com/alibaba/COLA/commit/13219d1836c51e18b9025ae2791bdf2ec26e680f"
  },
  {
    "oid": "203804eb803b5bb21bcad1c092f0acdb1d4e9733",
    "message": "change README",
    "date": "2018-02-08T02:50:24Z",
    "url": "https://github.com/alibaba/COLA/commit/203804eb803b5bb21bcad1c092f0acdb1d4e9733"
  },
  {
    "oid": "12666761923c78356785af6f0a67808601e6461f",
    "message": "change README",
    "date": "2018-02-08T02:47:14Z",
    "url": "https://github.com/alibaba/COLA/commit/12666761923c78356785af6f0a67808601e6461f"
  },
  {
    "oid": "5b001589486043e775ac12e6b621b19093b440d9",
    "message": "Merge pull request #1 from meishenme/master\n\n删除不存在的父模块",
    "date": "2018-02-08T01:33:07Z",
    "url": "https://github.com/alibaba/COLA/commit/5b001589486043e775ac12e6b621b19093b440d9"
  },
  {
    "oid": "b41e500f82735ec02f2fe87732d1306cd9c15253",
    "message": "删除不存在的父模块",
    "date": "2018-02-07T10:56:13Z",
    "url": "https://github.com/alibaba/COLA/commit/b41e500f82735ec02f2fe87732d1306cd9c15253"
  },
  {
    "oid": "d063b5211953393d80689ed62a8e5a36233cb816",
    "message": "remove wrong image url",
    "date": "2018-02-07T09:58:24Z",
    "url": "https://github.com/alibaba/COLA/commit/d063b5211953393d80689ed62a8e5a36233cb816"
  },
  {
    "oid": "ac91f617f92368d25e6976a8270a92db3cf85907",
    "message": "create readme",
    "date": "2018-02-07T09:20:58Z",
    "url": "https://github.com/alibaba/COLA/commit/ac91f617f92368d25e6976a8270a92db3cf85907"
  },
  {
    "oid": "28cd42e96f516af5168855fe64565780ce1befd5",
    "message": "Initial commit",
    "date": "2018-02-06T13:46:27Z",
    "url": "https://github.com/alibaba/COLA/commit/28cd42e96f516af5168855fe64565780ce1befd5"
  },
  {
    "oid": "6a00153d241092fcbd4b0a2bf8b3d4ca0cbf6183",
    "message": "fix naming bug",
    "date": "2018-02-06T09:39:37Z",
    "url": "https://github.com/alibaba/COLA/commit/6a00153d241092fcbd4b0a2bf8b3d4ca0cbf6183"
  },
  {
    "oid": "f08b14dfe116c40eb717d641ba2253533861b016",
    "message": "merge",
    "date": "2018-01-09T14:58:29Z",
    "url": "https://github.com/alibaba/COLA/commit/f08b14dfe116c40eb717d641ba2253533861b016"
  },
  {
    "oid": "157ca2a1f6ff4758c524f0c5d5aef8d8a65f8abb",
    "message": "add logo",
    "date": "2018-01-09T09:11:44Z",
    "url": "https://github.com/alibaba/COLA/commit/157ca2a1f6ff4758c524f0c5d5aef8d8a65f8abb"
  },
  {
    "oid": "51c2be91bfea7c09aa448b40dd8c59ee46162ca9",
    "message": "Update",
    "date": "2018-01-09T06:01:09Z",
    "url": "https://github.com/alibaba/COLA/commit/51c2be91bfea7c09aa448b40dd8c59ee46162ca9"
  },
  {
    "oid": "2dc0f51cd9e3fc046ba0c99a22ce60af44c42242",
    "message": "Update",
    "date": "2018-01-09T06:00:37Z",
    "url": "https://github.com/alibaba/COLA/commit/2dc0f51cd9e3fc046ba0c99a22ce60af44c42242"
  },
  {
    "oid": "da20e97c026e8464fd2ffeebe9e3537e0ff62dfd",
    "message": "update README",
    "date": "2018-01-09T05:59:47Z",
    "url": "https://github.com/alibaba/COLA/commit/da20e97c026e8464fd2ffeebe9e3537e0ff62dfd"
  }
]