[
  {
    "oid": "17283cea014199057a3b52363b469ea9ec2aa64d",
    "message": "update gradle.properties",
    "date": "2023-01-25T15:17:47Z",
    "url": "https://github.com/DrKLO/Telegram/commit/17283cea014199057a3b52363b469ea9ec2aa64d"
  },
  {
    "oid": "f7f9363423ac76e0384ff4142e9538eaef1f70e3",
    "message": "add apkfrombundle.py",
    "date": "2023-01-24T18:08:20Z",
    "url": "https://github.com/DrKLO/Telegram/commit/f7f9363423ac76e0384ff4142e9538eaef1f70e3"
  },
  {
    "oid": "dcf1c6d4c35fd47c74650c4c223ae4eacbc3ade0",
    "message": "Update to 8.3.0",
    "date": "2021-12-07T13:25:23Z",
    "url": "https://github.com/DrKLO/Telegram/commit/dcf1c6d4c35fd47c74650c4c223ae4eacbc3ade0"
  },
  {
    "oid": "3b971647e2c5eff7390b4d0ab953314932d41b77",
    "message": "Update to 8.2.3",
    "date": "2021-11-09T02:38:47Z",
    "url": "https://github.com/DrKLO/Telegram/commit/3b971647e2c5eff7390b4d0ab953314932d41b77"
  },
  {
    "oid": "c0125f27ead31fd5712f0b043347a5f7ebb3401f",
    "message": "Merge pull request #1569 from alabiaga/patch-2\n\nNotification shortcut update",
    "date": "2020-08-14T16:54:29Z",
    "url": "https://github.com/DrKLO/Telegram/commit/c0125f27ead31fd5712f0b043347a5f7ebb3401f"
  },
  {
    "oid": "b8f17ead8fa8940718ecfa54dba50fbe530fc1dc",
    "message": "Notification shortcut update\n\nRemove notification shortcuts after notification is sent as per 3rd item under https://github.com/android/user-interface-samples/tree/master/People#shortcuts, to allow shortcuts to be cached.\r\n\r\nQ: Will my shortcuts appear in the long press app launcher context menu?\r\nA: They can depending on their rank, but if you prefer not having shortcuts appear on launcher you can remove the shortcut with ShortcutManager#removeDynamicShortcuts() or #removeAllDynamicShortcuts() after sending the notification. You can also rank other app shortcuts with higher ranking, so only those dynamic shortcuts appear on launcher.\r\n\r\nThanks for all your great work on this. I will push for making the API better for this. Thanks again and note that this pull request can be a throwaway and I just wanted to show at what point the shortcuts can be removed. I checked out the codebase, made these changes and was able to get this working on a flashed Android 11 device. Thanks again.",
    "date": "2020-08-09T09:06:56Z",
    "url": "https://github.com/DrKLO/Telegram/commit/b8f17ead8fa8940718ecfa54dba50fbe530fc1dc"
  },
  {
    "oid": "6a10354656d48ee26127ee4d95656f24c2da449c",
    "message": "Merge pull request #1545 from janka102/patch-1\n\nFix apkdiff not checking entire files",
    "date": "2020-01-14T05:54:49Z",
    "url": "https://github.com/DrKLO/Telegram/commit/6a10354656d48ee26127ee4d95656f24c2da449c"
  },
  {
    "oid": "7fb9f0b85621940e0a5ba977278f6f27fc323046",
    "message": "Fix apkdiff not checking entire files",
    "date": "2020-01-07T07:22:05Z",
    "url": "https://github.com/DrKLO/Telegram/commit/7fb9f0b85621940e0a5ba977278f6f27fc323046"
  },
  {
    "oid": "471ed12003872b56fe93477d62e924dbb7ae3e1e",
    "message": "Update README.md",
    "date": "2019-12-31T14:18:43Z",
    "url": "https://github.com/DrKLO/Telegram/commit/471ed12003872b56fe93477d62e924dbb7ae3e1e"
  },
  {
    "oid": "9f48ec7ea2dbdf0caef16ed0fc6b6cd1e3f3f368",
    "message": "Update README.md",
    "date": "2019-07-19T09:22:40Z",
    "url": "https://github.com/DrKLO/Telegram/commit/9f48ec7ea2dbdf0caef16ed0fc6b6cd1e3f3f368"
  },
  {
    "oid": "a9966a0353dc9d46c1ea60d141acd57affead7c9",
    "message": "Update README.md",
    "date": "2019-06-14T14:23:49Z",
    "url": "https://github.com/DrKLO/Telegram/commit/a9966a0353dc9d46c1ea60d141acd57affead7c9"
  },
  {
    "oid": "96247ca2bcf2dda42d65828dacaa1c5cb5518807",
    "message": "Removed submodule",
    "date": "2019-06-04T10:02:52Z",
    "url": "https://github.com/DrKLO/Telegram/commit/96247ca2bcf2dda42d65828dacaa1c5cb5518807"
  },
  {
    "oid": "e222fded6cca5ace3649be6f18b55f526311bc79",
    "message": "Merge pull request #1482 from acran/master\n\nBugfix: correctly render vcard of a selected inline query result",
    "date": "2018-11-07T16:49:44Z",
    "url": "https://github.com/DrKLO/Telegram/commit/e222fded6cca5ace3649be6f18b55f526311bc79"
  },
  {
    "oid": "ea72d6c0bd3b7f9f3e45e3d532c0cab24a9e0bcb",
    "message": "Bugfix: correctly render vcard of a selected inline query result",
    "date": "2018-09-25T23:23:00Z",
    "url": "https://github.com/DrKLO/Telegram/commit/ea72d6c0bd3b7f9f3e45e3d532c0cab24a9e0bcb"
  },
  {
    "oid": "5630ad862398a54e425a4578e8dea7f93c7f2c8f",
    "message": "Update readme",
    "date": "2017-12-08T17:37:54Z",
    "url": "https://github.com/DrKLO/Telegram/commit/5630ad862398a54e425a4578e8dea7f93c7f2c8f"
  },
  {
    "oid": "9e4f5491f446b781eb5eee951a4f0c2cacc1cf7e",
    "message": "Fixed build.gradle",
    "date": "2017-07-24T08:38:35Z",
    "url": "https://github.com/DrKLO/Telegram/commit/9e4f5491f446b781eb5eee951a4f0c2cacc1cf7e"
  },
  {
    "oid": "bcc13a5cb9e488dd25b1c80ab5299fd4211dabd9",
    "message": "update submodules",
    "date": "2017-07-08T16:37:48Z",
    "url": "https://github.com/DrKLO/Telegram/commit/bcc13a5cb9e488dd25b1c80ab5299fd4211dabd9"
  },
  {
    "oid": "64e8ec3fbd26a876b7683f83a6f59c6b67316421",
    "message": "compile fix",
    "date": "2016-10-11T12:46:48Z",
    "url": "https://github.com/DrKLO/Telegram/commit/64e8ec3fbd26a876b7683f83a6f59c6b67316421"
  },
  {
    "oid": "fe9e23eccf3e7ca55e9b6d4dcdbd37e6a0276852",
    "message": "Merge pull request #1406 from abcdeiko/actionmenu_clear_fix\n\nFix clearItemsMethod at ActionBarMenu",
    "date": "2016-04-25T08:39:13Z",
    "url": "https://github.com/DrKLO/Telegram/commit/fe9e23eccf3e7ca55e9b6d4dcdbd37e6a0276852"
  },
  {
    "oid": "58a645b6ed39d11fd8a5bf986a40c8f58c5a67f0",
    "message": "Fix clearItemsMethod: now it clears all items",
    "date": "2016-04-14T04:56:23Z",
    "url": "https://github.com/DrKLO/Telegram/commit/58a645b6ed39d11fd8a5bf986a40c8f58c5a67f0"
  },
  {
    "oid": "9b16959cab10c4f662272d12872cf7d794f80df9",
    "message": "Merge pull request #1373 from drzix/ko_patch\n\nEdit korean SentSmsCode string:unnecessary br tag",
    "date": "2016-01-11T16:55:05Z",
    "url": "https://github.com/DrKLO/Telegram/commit/9b16959cab10c4f662272d12872cf7d794f80df9"
  },
  {
    "oid": "f21bac97b7d5d4aa112153f75c9b82d9e56193b5",
    "message": "Merge pull request #1385 from Kondra007/patch-1\n\nIncrease limit to linkify phone numbers from 100 to 200",
    "date": "2016-01-11T16:47:43Z",
    "url": "https://github.com/DrKLO/Telegram/commit/f21bac97b7d5d4aa112153f75c9b82d9e56193b5"
  },
  {
    "oid": "4b531f55714912a250bfe3887013eef2e948d2bd",
    "message": "Merge pull request #1384 from astarcev/patch-1\n\nMake phone numbers in media captions clickable",
    "date": "2016-01-11T16:46:38Z",
    "url": "https://github.com/DrKLO/Telegram/commit/4b531f55714912a250bfe3887013eef2e948d2bd"
  },
  {
    "oid": "2391a60adaec140031fb692f626f19b98829fa09",
    "message": "Increase limit to linkify phone numbers from 100 to 200\n\n100 symbols is too few to make sending phone cards (not telegram users' cards, but any phone cards).",
    "date": "2016-01-04T12:33:40Z",
    "url": "https://github.com/DrKLO/Telegram/commit/2391a60adaec140031fb692f626f19b98829fa09"
  },
  {
    "oid": "668fea41f6c30a5038b4a8766236e451b6f9cb45",
    "message": "Make phone numbers in media captions clickable",
    "date": "2016-01-04T10:55:21Z",
    "url": "https://github.com/DrKLO/Telegram/commit/668fea41f6c30a5038b4a8766236e451b6f9cb45"
  },
  {
    "oid": "fd000ad7cab2674254d0d87647b5f9b152ebd158",
    "message": "Edit korean SentSmsCode string:unnecessary br tag\n\nAlthough the strings of other languages in SentSmsCode don't\ninclude '<!CDATA..', the Korean string does that.\nUnfortunately, that string is not escaped by replaceTags().\nSo, the CDATA tag must be deleted.",
    "date": "2015-12-14T10:46:00Z",
    "url": "https://github.com/DrKLO/Telegram/commit/fd000ad7cab2674254d0d87647b5f9b152ebd158"
  },
  {
    "oid": "62068e188ce356af2422335623dfc7c486af92f2",
    "message": "Merge pull request #1368 from Bubu/patch-1\n\nInclude missing unistd.h header.",
    "date": "2015-11-28T10:07:11Z",
    "url": "https://github.com/DrKLO/Telegram/commit/62068e188ce356af2422335623dfc7c486af92f2"
  },
  {
    "oid": "57ada21a2dc1272c5c6e303dbe78a7f58482f019",
    "message": "Include missing unistd.h header.\n\nOn Linux unistd.h is needed for fsync().\r\nThe native library does not compile otherwise.",
    "date": "2015-11-27T17:17:07Z",
    "url": "https://github.com/DrKLO/Telegram/commit/57ada21a2dc1272c5c6e303dbe78a7f58482f019"
  },
  {
    "oid": "3d165f17ecf04d66023e6b37261c85772f59082e",
    "message": "Fixed restore key generation after network becomes available",
    "date": "2015-09-25T14:37:43Z",
    "url": "https://github.com/DrKLO/Telegram/commit/3d165f17ecf04d66023e6b37261c85772f59082e"
  },
  {
    "oid": "4f929ceb4b837d4ef3bf1630629e76c4da0e9a18",
    "message": "Missing file",
    "date": "2015-05-21T21:27:47Z",
    "url": "https://github.com/DrKLO/Telegram/commit/4f929ceb4b837d4ef3bf1630629e76c4da0e9a18"
  },
  {
    "oid": "901655c33baf3287e8e102f9a809d2f23d61ac35",
    "message": "Missing image",
    "date": "2015-03-18T23:09:57Z",
    "url": "https://github.com/DrKLO/Telegram/commit/901655c33baf3287e8e102f9a809d2f23d61ac35"
  },
  {
    "oid": "f63c8b20bb6accb129852ae22eee5c5a0daf52eb",
    "message": "Missing image",
    "date": "2015-02-26T01:36:17Z",
    "url": "https://github.com/DrKLO/Telegram/commit/f63c8b20bb6accb129852ae22eee5c5a0daf52eb"
  },
  {
    "oid": "9c2ac64d14f45fe828fd0f3453e7021c51ca7f5e",
    "message": "Update BuildVars.java",
    "date": "2015-01-02T22:22:17Z",
    "url": "https://github.com/DrKLO/Telegram/commit/9c2ac64d14f45fe828fd0f3453e7021c51ca7f5e"
  },
  {
    "oid": "86dd93428e6071015eaa048d7c44079b669f38c9",
    "message": "Missing images",
    "date": "2014-11-18T05:01:12Z",
    "url": "https://github.com/DrKLO/Telegram/commit/86dd93428e6071015eaa048d7c44079b669f38c9"
  },
  {
    "oid": "f7b14c1e2365f0452ce76152e06492f909bbe51d",
    "message": "Update locale",
    "date": "2014-11-17T10:42:07Z",
    "url": "https://github.com/DrKLO/Telegram/commit/f7b14c1e2365f0452ce76152e06492f909bbe51d"
  },
  {
    "oid": "01ae07c3aa9cec2b4b89e56746992752b0c625c7",
    "message": "Missing images",
    "date": "2014-11-17T02:45:07Z",
    "url": "https://github.com/DrKLO/Telegram/commit/01ae07c3aa9cec2b4b89e56746992752b0c625c7"
  },
  {
    "oid": "5ddd8a094071f9288f338913c67a1c443f6061a9",
    "message": "Bug fixes",
    "date": "2014-10-28T21:27:44Z",
    "url": "https://github.com/DrKLO/Telegram/commit/5ddd8a094071f9288f338913c67a1c443f6061a9"
  },
  {
    "oid": "3cd9b847e15a8d12927c7ecad57aa7e256c548b0",
    "message": "Fixed build with last mp4parser",
    "date": "2014-10-25T07:16:21Z",
    "url": "https://github.com/DrKLO/Telegram/commit/3cd9b847e15a8d12927c7ecad57aa7e256c548b0"
  },
  {
    "oid": "6e386c58841f6b10d6db22e7192dfe800cb7b9e4",
    "message": "One more fix for native lib loader",
    "date": "2014-10-24T14:04:53Z",
    "url": "https://github.com/DrKLO/Telegram/commit/6e386c58841f6b10d6db22e7192dfe800cb7b9e4"
  },
  {
    "oid": "a54300fb0aeacafd3215162016787fa2e32375a5",
    "message": "Merge branch 'master' into dev",
    "date": "2014-10-12T16:29:31Z",
    "url": "https://github.com/DrKLO/Telegram/commit/a54300fb0aeacafd3215162016787fa2e32375a5"
  },
  {
    "oid": "fd69c56f08c1e39aad76f70a1308643b72b9f7ed",
    "message": "Updated readme",
    "date": "2014-10-11T11:37:47Z",
    "url": "https://github.com/DrKLO/Telegram/commit/fd69c56f08c1e39aad76f70a1308643b72b9f7ed"
  },
  {
    "oid": "d24578fe6bc2c585a0b1a5b40b3ca80a719f7ef9",
    "message": "Bug fixes",
    "date": "2014-07-16T09:36:07Z",
    "url": "https://github.com/DrKLO/Telegram/commit/d24578fe6bc2c585a0b1a5b40b3ca80a719f7ef9"
  },
  {
    "oid": "feaf6c32d82a438f19b79103e90a2ceb3cab9c69",
    "message": "Bug fixes",
    "date": "2014-07-15T21:27:28Z",
    "url": "https://github.com/DrKLO/Telegram/commit/feaf6c32d82a438f19b79103e90a2ceb3cab9c69"
  },
  {
    "oid": "a0eb876c7bd5ebf4592cbc4f776362c6fa5dd715",
    "message": "Bug fixes",
    "date": "2014-07-12T14:50:12Z",
    "url": "https://github.com/DrKLO/Telegram/commit/a0eb876c7bd5ebf4592cbc4f776362c6fa5dd715"
  },
  {
    "oid": "231999ed1073cd9e53fc4d7b8f6c0d1da0882487",
    "message": "One more crash fix",
    "date": "2014-06-04T16:02:46Z",
    "url": "https://github.com/DrKLO/Telegram/commit/231999ed1073cd9e53fc4d7b8f6c0d1da0882487"
  },
  {
    "oid": "c1896e97c3c61128665c44cfbd73bc9ed6c9df51",
    "message": "removed one more ActionBarActivity",
    "date": "2014-06-04T00:24:06Z",
    "url": "https://github.com/DrKLO/Telegram/commit/c1896e97c3c61128665c44cfbd73bc9ed6c9df51"
  },
  {
    "oid": "8a8940871f745278d65bda51b4eb02d043f4d5da",
    "message": "Added sdk version check for executeOnExecutor",
    "date": "2014-05-17T08:51:36Z",
    "url": "https://github.com/DrKLO/Telegram/commit/8a8940871f745278d65bda51b4eb02d043f4d5da"
  },
  {
    "oid": "0aea8f1532f8510c09062e3d841976496764f04f",
    "message": "fixed previous commit",
    "date": "2014-04-05T00:39:06Z",
    "url": "https://github.com/DrKLO/Telegram/commit/0aea8f1532f8510c09062e3d841976496764f04f"
  },
  {
    "oid": "433f59c5b9ed17543d8e206c83f0bc7c7edb43a6",
    "message": "one more gitignore",
    "date": "2014-03-22T23:29:02Z",
    "url": "https://github.com/DrKLO/Telegram/commit/433f59c5b9ed17543d8e206c83f0bc7c7edb43a6"
  },
  {
    "oid": "d3e2ae18e8a2532ecba84ddd58ea998b67d023f2",
    "message": "Merge pull request #308 from ruival/patch-1\n\nUpdate README.md refering transifex localization platform",
    "date": "2014-03-14T09:57:27Z",
    "url": "https://github.com/DrKLO/Telegram/commit/d3e2ae18e8a2532ecba84ddd58ea998b67d023f2"
  },
  {
    "oid": "110dc6fe5de098a52edc31284db82b73bb054002",
    "message": "Update README.md",
    "date": "2014-03-13T18:21:38Z",
    "url": "https://github.com/DrKLO/Telegram/commit/110dc6fe5de098a52edc31284db82b73bb054002"
  },
  {
    "oid": "3316f25e35a288a927c116b7e0f94d4cc1a076d5",
    "message": "Merge pull request #247 from slp/sql-secure_delete\n\nEnable SQLite secure_delete pragma.",
    "date": "2014-03-03T20:07:51Z",
    "url": "https://github.com/DrKLO/Telegram/commit/3316f25e35a288a927c116b7e0f94d4cc1a076d5"
  },
  {
    "oid": "9f63be65bc28234950ccd7615bf16e00a860b0e6",
    "message": "Enable SQLite secure_delete pragma.",
    "date": "2014-03-02T11:42:50Z",
    "url": "https://github.com/DrKLO/Telegram/commit/9f63be65bc28234950ccd7615bf16e00a860b0e6"
  },
  {
    "oid": "aa5ff577c48668c5ada2d5dbd778feeb875bf8e9",
    "message": "Fixed wrong German localization file",
    "date": "2014-03-01T11:01:48Z",
    "url": "https://github.com/DrKLO/Telegram/commit/aa5ff577c48668c5ada2d5dbd778feeb875bf8e9"
  },
  {
    "oid": "9aeb8be8938e6083376142a782166a15edf46743",
    "message": "Delete ConnectionsManager2.java\n\nSorry, it shouldn't be there.",
    "date": "2014-02-24T10:36:05Z",
    "url": "https://github.com/DrKLO/Telegram/commit/9aeb8be8938e6083376142a782166a15edf46743"
  },
  {
    "oid": "ff85d74b85bf33aa661e34b6a9e2bf037924fe0f",
    "message": "Fixed datacenter port switch condition",
    "date": "2014-02-11T14:44:02Z",
    "url": "https://github.com/DrKLO/Telegram/commit/ff85d74b85bf33aa661e34b6a9e2bf037924fe0f"
  },
  {
    "oid": "38d3b3671ccb026714b98ac10a67af3905f1a029",
    "message": "remove unused code",
    "date": "2013-12-27T07:35:25Z",
    "url": "https://github.com/DrKLO/Telegram/commit/38d3b3671ccb026714b98ac10a67af3905f1a029"
  },
  {
    "oid": "6a37e3b109d85f4323406e02e9a65a8491d3bc28",
    "message": "delete unused code",
    "date": "2013-12-27T04:30:04Z",
    "url": "https://github.com/DrKLO/Telegram/commit/6a37e3b109d85f4323406e02e9a65a8491d3bc28"
  },
  {
    "oid": "4f9384afee0cf8e3e6c981f3242534f8d3e932e8",
    "message": "download map preview via https",
    "date": "2013-12-24T20:38:40Z",
    "url": "https://github.com/DrKLO/Telegram/commit/4f9384afee0cf8e3e6c981f3242534f8d3e932e8"
  },
  {
    "oid": "5aee72ee33fd960df9173ab17942dd1a2ce912b5",
    "message": "Fixed issue with secret chats",
    "date": "2013-12-22T12:12:41Z",
    "url": "https://github.com/DrKLO/Telegram/commit/5aee72ee33fd960df9173ab17942dd1a2ce912b5"
  },
  {
    "oid": "c824df619a0367105ca485dc8828f2a498e2d667",
    "message": "Merge pull request #1 from zhukov/patch-1\n\nAdded readme",
    "date": "2013-10-25T15:55:57Z",
    "url": "https://github.com/DrKLO/Telegram/commit/c824df619a0367105ca485dc8828f2a498e2d667"
  },
  {
    "oid": "bd54deea1fa3f32c29e2825065d560e6ac80313c",
    "message": "Added readme",
    "date": "2013-10-25T15:55:11Z",
    "url": "https://github.com/DrKLO/Telegram/commit/bd54deea1fa3f32c29e2825065d560e6ac80313c"
  }
]