[
  {
    "oid": "0bbb338e17c4cf28aba5aae62d42f73f50186157",
    "message": "README: add maintenance notice",
    "date": "2024-04-30T05:30:52Z",
    "url": "https://github.com/greenrobot/greenDAO/commit/0bbb338e17c4cf28aba5aae62d42f73f50186157"
  },
  {
    "oid": "2611b1c8d220953c1308131a225a0cf41dce3d1f",
    "message": "README: fix image link.",
    "date": "2021-02-02T13:18:48Z",
    "url": "https://github.com/greenrobot/greenDAO/commit/2611b1c8d220953c1308131a225a0cf41dce3d1f"
  },
  {
    "oid": "0d67e3dd616f7f54df02b22c4b688465a17d87ac",
    "message": "DaoGenerator: set freemarker incompatible improvements to 2.3.29.\n\nConfiguration does not appear to document breaking changes.",
    "date": "2020-02-18T14:12:32Z",
    "url": "https://github.com/greenrobot/greenDAO/commit/0d67e3dd616f7f54df02b22c4b688465a17d87ac"
  },
  {
    "oid": "36acaa4179cf70cef4285c273000b7dab18f145d",
    "message": "Update freemarker [2.3.22 -> 2.3.29].",
    "date": "2020-02-18T14:01:52Z",
    "url": "https://github.com/greenrobot/greenDAO/commit/36acaa4179cf70cef4285c273000b7dab18f145d"
  },
  {
    "oid": "29eec8003995cd392532c5e404da60fdc44699a3",
    "message": "Robolectric workaround: set enableUnitTestBinaryResources false.",
    "date": "2020-02-18T12:04:00Z",
    "url": "https://github.com/greenrobot/greenDAO/commit/29eec8003995cd392532c5e404da60fdc44699a3"
  },
  {
    "oid": "7fb14c8324154a69ac48d9ae52ce2d2b1c21d5cd",
    "message": "README: add keep rule for SqlCipherEncryptedHelper.",
    "date": "2020-02-18T11:28:24Z",
    "url": "https://github.com/greenrobot/greenDAO/commit/7fb14c8324154a69ac48d9ae52ce2d2b1c21d5cd"
  },
  {
    "oid": "d5bbffc494f2d05208e483cbf498485b12fb7590",
    "message": "Merge pull request #990 from greenrobot/proguard-rules-in-readme\n\nREADME: add ProGuard rules.",
    "date": "2019-09-09T09:17:51Z",
    "url": "https://github.com/greenrobot/greenDAO/commit/d5bbffc494f2d05208e483cbf498485b12fb7590"
  },
  {
    "oid": "c0d399502d4bf78e2ffa4083af8e14855b15f316",
    "message": "README: add ProGuard rules.",
    "date": "2019-09-09T09:16:12Z",
    "url": "https://github.com/greenrobot/greenDAO/commit/c0d399502d4bf78e2ffa4083af8e14855b15f316"
  },
  {
    "oid": "a99489b8ce729284859c98c229c74f981d88e6c0",
    "message": "DatabaseOpenHelper: add constructor accepting DatabaseErrorHandler.\n\nAvailable since Honeycomb.\n\nhttps://github.com/greenrobot/greenDAO/issues/839",
    "date": "2019-07-16T13:27:51Z",
    "url": "https://github.com/greenrobot/greenDAO/commit/a99489b8ce729284859c98c229c74f981d88e6c0"
  },
  {
    "oid": "a6bfdb63d399694085c040755a1616022b9c5fea",
    "message": "README: fix.",
    "date": "2019-03-12T10:39:15Z",
    "url": "https://github.com/greenrobot/greenDAO/commit/a6bfdb63d399694085c040755a1616022b9c5fea"
  },
  {
    "oid": "89cb81e3a99aa057f8aec70d33361be862b288c0",
    "message": "README: updates.",
    "date": "2019-03-12T10:37:14Z",
    "url": "https://github.com/greenrobot/greenDAO/commit/89cb81e3a99aa057f8aec70d33361be862b288c0"
  },
  {
    "oid": "b72c9f030693f7fb99e8d555b1f3be6d6890c0a7",
    "message": "Travis: skip performance tests.",
    "date": "2018-08-21T13:57:08Z",
    "url": "https://github.com/greenrobot/greenDAO/commit/b72c9f030693f7fb99e8d555b1f3be6d6890c0a7"
  },
  {
    "oid": "dc3faad2709c2ebf2b35439208fa929ebe63c967",
    "message": "Travis: use new SDK tools for setup, update for Android Plugin v3.",
    "date": "2018-08-21T13:19:33Z",
    "url": "https://github.com/greenrobot/greenDAO/commit/dc3faad2709c2ebf2b35439208fa929ebe63c967"
  },
  {
    "oid": "04a304e7cab0647052af43086955a72d0bbdd85a",
    "message": "QueryBuilder: escape table name for JOIN as well.\n\nCloses https://github.com/greenrobot/greenDAO/issues/888",
    "date": "2018-08-21T10:33:05Z",
    "url": "https://github.com/greenrobot/greenDAO/commit/04a304e7cab0647052af43086955a72d0bbdd85a"
  },
  {
    "oid": "86a4eb030e2cd21702e78ea392f40db35228ccd8",
    "message": "Merge branch 'allow-collate-sqlcipher'",
    "date": "2018-04-17T12:18:20Z",
    "url": "https://github.com/greenrobot/greenDAO/commit/86a4eb030e2cd21702e78ea392f40db35228ccd8"
  },
  {
    "oid": "ed09e71308c0667081c025573a77d970f69091d4",
    "message": "README: use implementation instead of compile.",
    "date": "2018-04-17T12:13:23Z",
    "url": "https://github.com/greenrobot/greenDAO/commit/ed09e71308c0667081c025573a77d970f69091d4"
  },
  {
    "oid": "294261ae11a5a1a1a3c63a9bfd4f5da2c302d7ee",
    "message": "updated README.md",
    "date": "2017-09-16T14:08:04Z",
    "url": "https://github.com/greenrobot/greenDAO/commit/294261ae11a5a1a1a3c63a9bfd4f5da2c302d7ee"
  },
  {
    "oid": "c85513d7abea8005a921350c8135e36ac21793dc",
    "message": "Allow collation for SQLCipher databases.\n\n- Closes https://github.com/greenrobot/greenDAO/issues/727.\n- SQLCipher just does not support collation that requires Android libraries\n  (like 'COLLATE LOCALIZED'). Everything else standard SQLite is supported,\n  so allow it.",
    "date": "2017-07-17T05:56:21Z",
    "url": "https://github.com/greenrobot/greenDAO/commit/c85513d7abea8005a921350c8135e36ac21793dc"
  },
  {
    "oid": "59c66587bbf996bc2baddd0e7dee4dee87931a84",
    "message": "Travis: ANDROID_API_LEVEL back to 24",
    "date": "2017-04-13T17:20:35Z",
    "url": "https://github.com/greenrobot/greenDAO/commit/59c66587bbf996bc2baddd0e7dee4dee87931a84"
  },
  {
    "oid": "9899db60017ef529bffd26f2df27a60f2c367466",
    "message": "Travis: ANDROID_API_LEVEL=25",
    "date": "2017-04-13T15:10:34Z",
    "url": "https://github.com/greenrobot/greenDAO/commit/9899db60017ef529bffd26f2df27a60f2c367466"
  },
  {
    "oid": "cdd76b424e874e6d5efd8557e94f3cb6ebd2dfd3",
    "message": "V3.2.2 in README fix",
    "date": "2017-04-05T06:20:48Z",
    "url": "https://github.com/greenrobot/greenDAO/commit/cdd76b424e874e6d5efd8557e94f3cb6ebd2dfd3"
  },
  {
    "oid": "653c9c65eb105e7b7b5282e6f3a3cd28ca797ed1",
    "message": "V3.2.2 in README",
    "date": "2017-04-05T06:19:41Z",
    "url": "https://github.com/greenrobot/greenDAO/commit/653c9c65eb105e7b7b5282e6f3a3cd28ca797ed1"
  },
  {
    "oid": "ec946ff91746dbee4a196ccfd7a09b5d0bc5ccd2",
    "message": "Also escape table name when creating index.\n\n- Closes https://github.com/greenrobot/greenDAO/issues/622\n- Tested with note example (snapshot generator and plugin).",
    "date": "2017-03-27T05:45:56Z",
    "url": "https://github.com/greenrobot/greenDAO/commit/ec946ff91746dbee4a196ccfd7a09b5d0bc5ccd2"
  },
  {
    "oid": "9da46e78551d7b00732f4ca02d3f3c98e269ac0b",
    "message": "Support deploying to local repository.\n\n- Set preferedRepo=local in gradle.properties.",
    "date": "2017-03-27T05:44:14Z",
    "url": "https://github.com/greenrobot/greenDAO/commit/9da46e78551d7b00732f4ca02d3f3c98e269ac0b"
  },
  {
    "oid": "884d7a3c57614326183cb91808ffd2594f1f8d58",
    "message": "Actually get writable db with getEncryptedWritableDb.\n\n- Closes https://github.com/greenrobot/greenDAO/issues/572.",
    "date": "2017-03-21T07:36:30Z",
    "url": "https://github.com/greenrobot/greenDAO/commit/884d7a3c57614326183cb91808ffd2594f1f8d58"
  },
  {
    "oid": "1df55b07e2ca29545b69a1d92626056181cd4e88",
    "message": "Improve add instructions.",
    "date": "2017-03-14T10:50:24Z",
    "url": "https://github.com/greenrobot/greenDAO/commit/1df55b07e2ca29545b69a1d92626056181cd4e88"
  },
  {
    "oid": "ed2026a588ebd2267952f81187ab9bed750f241a",
    "message": "example: do not use all-args constructor for Note, it should be reserved for greenDAO",
    "date": "2017-03-03T09:57:06Z",
    "url": "https://github.com/greenrobot/greenDAO/commit/ed2026a588ebd2267952f81187ab9bed750f241a"
  },
  {
    "oid": "a736445fe8815d3fb2eb3b31d390f6ec24c9d147",
    "message": "updated to greendao-gradle-plugin:3.2.1",
    "date": "2016-11-16T10:34:42Z",
    "url": "https://github.com/greenrobot/greenDAO/commit/a736445fe8815d3fb2eb3b31d390f6ec24c9d147"
  },
  {
    "oid": "0cc2a181c8dd78910994345761442a574ca9b1bc",
    "message": "25 all the things",
    "date": "2016-10-21T08:42:03Z",
    "url": "https://github.com/greenrobot/greenDAO/commit/0cc2a181c8dd78910994345761442a574ca9b1bc"
  },
  {
    "oid": "6aedaf8d340245dee386438d7fd838efca138e26",
    "message": "Fix typo in the comment of QueryBuilder.offset() (#436)\n\nIs limit, but is meant to be offset instead.",
    "date": "2016-10-04T07:03:19Z",
    "url": "https://github.com/greenrobot/greenDAO/commit/6aedaf8d340245dee386438d7fd838efca138e26"
  },
  {
    "oid": "2e86e8678f95f15b129bdd53a74d932d9cfa7224",
    "message": "extracted getConfiguration",
    "date": "2016-09-25T12:00:08Z",
    "url": "https://github.com/greenrobot/greenDAO/commit/2e86e8678f95f15b129bdd53a74d932d9cfa7224"
  },
  {
    "oid": "509167a141ee881f34197bcce7b52d6798bfeee0",
    "message": "Property: For backwards compatibility, consider notNull. It should be only dependent on nonPrimitiveType in the future.",
    "date": "2016-09-24T19:13:50Z",
    "url": "https://github.com/greenrobot/greenDAO/commit/509167a141ee881f34197bcce7b52d6798bfeee0"
  },
  {
    "oid": "cd8f1f2a7d225d8a4005ccae588c16faae45389e",
    "message": "Build greendao 3.2.0-SNAPSHOT.",
    "date": "2016-08-30T12:24:28Z",
    "url": "https://github.com/greenrobot/greenDAO/commit/cd8f1f2a7d225d8a4005ccae588c16faae45389e"
  },
  {
    "oid": "f571b60d07a66ea45643f5260b89b4468feb7355",
    "message": "Re-enable auto test generation.",
    "date": "2016-08-16T12:59:05Z",
    "url": "https://github.com/greenrobot/greenDAO/commit/f571b60d07a66ea45643f5260b89b4468feb7355"
  },
  {
    "oid": "9f4205584219e87636a1dbc96f91e4f982f75503",
    "message": "Merge pull request #400 from greenrobot-team/remaining-rx-dao-tests\n\nAdd remaining RxRao tests.",
    "date": "2016-08-16T12:06:42Z",
    "url": "https://github.com/greenrobot/greenDAO/commit/9f4205584219e87636a1dbc96f91e4f982f75503"
  },
  {
    "oid": "359f721f3264ea4c402acfca4ccfd5553244f220",
    "message": "Add remaining RxRao tests.",
    "date": "2016-08-16T10:30:23Z",
    "url": "https://github.com/greenrobot/greenDAO/commit/359f721f3264ea4c402acfca4ccfd5553244f220"
  },
  {
    "oid": "5f98efe97552083a881de26bf03060b87172069b",
    "message": "Disable test generation.",
    "date": "2016-08-08T11:04:25Z",
    "url": "https://github.com/greenrobot/greenDAO/commit/5f98efe97552083a881de26bf03060b87172069b"
  },
  {
    "oid": "2e952b89535e3ace4f81fc9444400a2a93992e03",
    "message": "update README.md deps to 3.1.0",
    "date": "2016-08-08T07:29:20Z",
    "url": "https://github.com/greenrobot/greenDAO/commit/2e952b89535e3ace4f81fc9444400a2a93992e03"
  },
  {
    "oid": "13353325ee741ed402629047759f0f891628571a",
    "message": "fix leak introduced 2 days in 1fd5a337edb91ad53439ab9828f71d7e7df63a59",
    "date": "2016-08-04T10:38:44Z",
    "url": "https://github.com/greenrobot/greenDAO/commit/13353325ee741ed402629047759f0f891628571a"
  },
  {
    "oid": "f6fdf5b5ef58f980c11fb26012868259e0e0d464",
    "message": "fixes for QueryForThreadTest",
    "date": "2016-08-03T20:07:49Z",
    "url": "https://github.com/greenrobot/greenDAO/commit/f6fdf5b5ef58f980c11fb26012868259e0e0d464"
  },
  {
    "oid": "ae3e899f5f440f590f8770cf9590e08adbedcc1c",
    "message": "disable DaoExample",
    "date": "2016-08-03T09:35:42Z",
    "url": "https://github.com/greenrobot/greenDAO/commit/ae3e899f5f440f590f8770cf9590e08adbedcc1c"
  },
  {
    "oid": "1fd5a337edb91ad53439ab9828f71d7e7df63a59",
    "message": "Process.myTid() seems to have issues on some devices (see Github #376)",
    "date": "2016-08-02T18:31:59Z",
    "url": "https://github.com/greenrobot/greenDAO/commit/1fd5a337edb91ad53439ab9828f71d7e7df63a59"
  },
  {
    "oid": "a400d5cf32cbd35e2be9e5c91f35ec8d0c1e0665",
    "message": "rxjava:1.1.8",
    "date": "2016-08-02T14:43:04Z",
    "url": "https://github.com/greenrobot/greenDAO/commit/a400d5cf32cbd35e2be9e5c91f35ec8d0c1e0665"
  },
  {
    "oid": "b7305c2c50dc493384321a1acfa0d065fcfa42b3",
    "message": "Disable Example until new plugins are pushed",
    "date": "2016-08-02T07:17:14Z",
    "url": "https://github.com/greenrobot/greenDAO/commit/b7305c2c50dc493384321a1acfa0d065fcfa42b3"
  },
  {
    "oid": "f3f27221b995fce6561f80432e3d92443bc63545",
    "message": "Merge pull request #361 from greenrobot/fix-travis-build-tools\n\nUse latest platform tools and tools with travis.",
    "date": "2016-07-28T13:15:47Z",
    "url": "https://github.com/greenrobot/greenDAO/commit/f3f27221b995fce6561f80432e3d92443bc63545"
  },
  {
    "oid": "e8544942361bc846d93bae7e8a421dc8de143bfa",
    "message": "clean up",
    "date": "2016-07-28T12:35:46Z",
    "url": "https://github.com/greenrobot/greenDAO/commit/e8544942361bc846d93bae7e8a421dc8de143bfa"
  },
  {
    "oid": "6f55fe71f1e7471723d8a10a17cd542ab943776c",
    "message": "test(No)Scheduler",
    "date": "2016-07-14T19:16:27Z",
    "url": "https://github.com/greenrobot/greenDAO/commit/6f55fe71f1e7471723d8a10a17cd542ab943776c"
  },
  {
    "oid": "4dcb2d45f71ef979eda66145d6a283660bccd5ff",
    "message": "using TestSubscriber",
    "date": "2016-07-14T05:22:48Z",
    "url": "https://github.com/greenrobot/greenDAO/commit/4dcb2d45f71ef979eda66145d6a283660bccd5ff"
  },
  {
    "oid": "b05d37485289b93841d7a082aeaa20ec34605e8e",
    "message": "minor JavaDoc",
    "date": "2016-07-13T20:33:14Z",
    "url": "https://github.com/greenrobot/greenDAO/commit/b05d37485289b93841d7a082aeaa20ec34605e8e"
  },
  {
    "oid": "7aff3941c2fd79dcaf96d1db86513e66289cbacc",
    "message": "Use latest platform tools and tools with travis.",
    "date": "2016-07-12T11:42:30Z",
    "url": "https://github.com/greenrobot/greenDAO/commit/7aff3941c2fd79dcaf96d1db86513e66289cbacc"
  },
  {
    "oid": "22fd00d81b89ea534b03656e644877978c74d8b1",
    "message": "Merge pull request #357 from greenrobot/fix-readme-usage-instructions\n\nUse correct compile statement in README.",
    "date": "2016-07-11T12:08:52Z",
    "url": "https://github.com/greenrobot/greenDAO/commit/22fd00d81b89ea534b03656e644877978c74d8b1"
  },
  {
    "oid": "2f7093414ccea0b2a1dd39ef22d7438c19cfa166",
    "message": "Add syntax highlighting to usage snippet.",
    "date": "2016-07-11T11:07:33Z",
    "url": "https://github.com/greenrobot/greenDAO/commit/2f7093414ccea0b2a1dd39ef22d7438c19cfa166"
  },
  {
    "oid": "cc783d7b9082c1dd6e645fc002dee79162bb810a",
    "message": "Use correct compile statement in README.\n\n- Explicitly add buildscript (Maven Central) repository, otherwise plugin will not be found.\r\n- Closes #354",
    "date": "2016-07-11T11:04:15Z",
    "url": "https://github.com/greenrobot/greenDAO/commit/cc783d7b9082c1dd6e645fc002dee79162bb810a"
  },
  {
    "oid": "52caf7f382706f96095272e69a898d7d693f924a",
    "message": "README.md: better info on greenDAO 3",
    "date": "2016-07-06T15:59:00Z",
    "url": "https://github.com/greenrobot/greenDAO/commit/52caf7f382706f96095272e69a898d7d693f924a"
  },
  {
    "oid": "5d5005c939262018af18b9d7ac3c4526fa463b2c",
    "message": "travis: try Java8 to avoid permgen trouble",
    "date": "2016-07-05T15:42:49Z",
    "url": "https://github.com/greenrobot/greenDAO/commit/5d5005c939262018af18b9d7ac3c4526fa463b2c"
  },
  {
    "oid": "b7c6e1a3cdf982d3c96eb45fe5504cb840ad39b0",
    "message": "README.md: some first updates for V3.0.0",
    "date": "2016-07-05T14:54:51Z",
    "url": "https://github.com/greenrobot/greenDAO/commit/b7c6e1a3cdf982d3c96eb45fe5504cb840ad39b0"
  },
  {
    "oid": "a6b78eb44b8c70c3268928456e67f56ce88646fa",
    "message": "testGetForCurrentThread_ManyThreadsDontLeak does not work on newer API levels",
    "date": "2016-07-01T09:47:09Z",
    "url": "https://github.com/greenrobot/greenDAO/commit/a6b78eb44b8c70c3268928456e67f56ce88646fa"
  },
  {
    "oid": "79d6a5f062f824cddef02f3def06a7cb7d3c2a6a",
    "message": "fix testListenerMainThread",
    "date": "2016-07-01T08:35:30Z",
    "url": "https://github.com/greenrobot/greenDAO/commit/79d6a5f062f824cddef02f3def06a7cb7d3c2a6a"
  },
  {
    "oid": "ede353f8faf6c60dcce40366af3c9d5105f0c5d4",
    "message": "DAO: import entity only if required",
    "date": "2016-07-01T08:34:29Z",
    "url": "https://github.com/greenrobot/greenDAO/commit/ede353f8faf6c60dcce40366af3c9d5105f0c5d4"
  },
  {
    "oid": "8b463f68a210375facce6e03fb11e9626bbb8e50",
    "message": "make protected DAO methods final, remove superfluous @inheritdoc",
    "date": "2016-07-01T08:14:37Z",
    "url": "https://github.com/greenrobot/greenDAO/commit/8b463f68a210375facce6e03fb11e9626bbb8e50"
  },
  {
    "oid": "b85f2985bba5e3a3a31a6c6401848781580e89dc",
    "message": "git ignore gradle.properties",
    "date": "2016-06-30T10:25:43Z",
    "url": "https://github.com/greenrobot/greenDAO/commit/b85f2985bba5e3a3a31a6c6401848781580e89dc"
  },
  {
    "oid": "e130a88d45c2244eeb8b5630c8b97f90e72b253e",
    "message": "using SQLiteStatement when possible",
    "date": "2016-06-29T19:44:46Z",
    "url": "https://github.com/greenrobot/greenDAO/commit/e130a88d45c2244eeb8b5630c8b97f90e72b253e"
  },
  {
    "oid": "b35d4828ca363ec24baa56a9f296b1c1471ef41a",
    "message": "fix testConcurrentLockAndQueryDuringTxWAL",
    "date": "2016-06-29T18:57:36Z",
    "url": "https://github.com/greenrobot/greenDAO/commit/b35d4828ca363ec24baa56a9f296b1c1471ef41a"
  },
  {
    "oid": "3861da8e2451873da1cc38b010b6f5bd24cdb521",
    "message": "fix indexes 2",
    "date": "2016-06-29T17:53:47Z",
    "url": "https://github.com/greenrobot/greenDAO/commit/3861da8e2451873da1cc38b010b6f5bd24cdb521"
  },
  {
    "oid": "e8a445f36865bc0e042d8ea6138c7b19bc9c17da",
    "message": "fix indexes",
    "date": "2016-06-29T16:05:13Z",
    "url": "https://github.com/greenrobot/greenDAO/commit/e8a445f36865bc0e042d8ea6138c7b19bc9c17da"
  },
  {
    "oid": "9acdcfec516274f1ed40503f405983109edb2362",
    "message": "updated sqlcipher.jar to 3.5.1",
    "date": "2016-06-29T06:19:26Z",
    "url": "https://github.com/greenrobot/greenDAO/commit/9acdcfec516274f1ed40503f405983109edb2362"
  },
  {
    "oid": "b10b9118955d4047871a4b363865748712917d24",
    "message": "fix generation of unit test artifacts",
    "date": "2016-06-28T19:48:53Z",
    "url": "https://github.com/greenrobot/greenDAO/commit/b10b9118955d4047871a4b363865748712917d24"
  },
  {
    "oid": "93ed44445ef691584b34cf7b930984902d4d5ac1",
    "message": "updated NOTICE",
    "date": "2016-06-28T19:27:34Z",
    "url": "https://github.com/greenrobot/greenDAO/commit/93ed44445ef691584b34cf7b930984902d4d5ac1"
  },
  {
    "oid": "c04a2ed620093380c68629b5392d10e0009c3e2b",
    "message": "setting example schema version to 1000",
    "date": "2016-06-27T13:11:05Z",
    "url": "https://github.com/greenrobot/greenDAO/commit/c04a2ed620093380c68629b5392d10e0009c3e2b"
  },
  {
    "oid": "a746975f37619cdd66b639336e6e3ae93c020a5c",
    "message": "removed broken imports from SimpleEntityContentProvider",
    "date": "2016-06-27T09:06:25Z",
    "url": "https://github.com/greenrobot/greenDAO/commit/a746975f37619cdd66b639336e6e3ae93c020a5c"
  },
  {
    "oid": "da71223365ac53544368cb04bdf3ae57a90a964a",
    "message": "org.greenrobot:greendao-gradle-plugin:3.0.0-beta",
    "date": "2016-06-16T23:10:13Z",
    "url": "https://github.com/greenrobot/greenDAO/commit/da71223365ac53544368cb04bdf3ae57a90a964a"
  },
  {
    "oid": "52c8189e59c70384c73bf89a01b5dd24ad36fa89",
    "message": "Merge branch 'fix-join-entity-import' into greendao3",
    "date": "2016-05-31T11:43:57Z",
    "url": "https://github.com/greenrobot/greenDAO/commit/52c8189e59c70384c73bf89a01b5dd24ad36fa89"
  },
  {
    "oid": "b75c1c23bcc587eeb26541bb30e1757d388ff19d",
    "message": "fix join entity is not imported into dao",
    "date": "2016-05-31T11:41:45Z",
    "url": "https://github.com/greenrobot/greenDAO/commit/b75c1c23bcc587eeb26541bb30e1757d388ff19d"
  },
  {
    "oid": "37f9100dbe21c0c6079256ff5778b785e78b7578",
    "message": "restore standard/entity.ftl",
    "date": "2016-05-30T12:48:18Z",
    "url": "https://github.com/greenrobot/greenDAO/commit/37f9100dbe21c0c6079256ff5778b785e78b7578"
  },
  {
    "oid": "00925a42a80119eaeb111a669bd0a4b3c6706ea2",
    "message": "fix formatting, imports and schema prefix of encryption/content-provider.ftl",
    "date": "2016-05-30T12:08:28Z",
    "url": "https://github.com/greenrobot/greenDAO/commit/00925a42a80119eaeb111a669bd0a4b3c6706ea2"
  },
  {
    "oid": "e7e9585056d0e1c3c485645f15f27a590076a84e",
    "message": "JavaDoc typo",
    "date": "2016-05-23T19:28:20Z",
    "url": "https://github.com/greenrobot/greenDAO/commit/e7e9585056d0e1c3c485645f15f27a590076a84e"
  },
  {
    "oid": "71a736fc00c0a9753b0486dc19473b84daf6a2f8",
    "message": "adjust TableStatements for db abstraction",
    "date": "2016-05-23T18:40:28Z",
    "url": "https://github.com/greenrobot/greenDAO/commit/71a736fc00c0a9753b0486dc19473b84daf6a2f8"
  },
  {
    "oid": "f319ff25df648530c94e270b65365b39da47d7ba",
    "message": "avoid locking while compiling any statement (accessing the db) to avoid deadlocks on lock-savvy DBs like SQLCipher.",
    "date": "2016-05-23T16:58:30Z",
    "url": "https://github.com/greenrobot/greenDAO/commit/f319ff25df648530c94e270b65365b39da47d7ba"
  },
  {
    "oid": "02873c707027e24753b063d5ff449f0c80db9d85",
    "message": "gitignore gradle.properties",
    "date": "2016-05-14T10:03:10Z",
    "url": "https://github.com/greenrobot/greenDAO/commit/02873c707027e24753b063d5ff449f0c80db9d85"
  },
  {
    "oid": "e7b85462770518b4f702b26d2e7c1d6746cb49d6",
    "message": "java 1.7",
    "date": "2016-05-11T18:19:43Z",
    "url": "https://github.com/greenrobot/greenDAO/commit/e7b85462770518b4f702b26d2e7c1d6746cb49d6"
  },
  {
    "oid": "e29a2bf4eb359d20a6a5f74185bc8a1c71a0eaed",
    "message": "entity.ftl: tiny formatting fix",
    "date": "2016-05-03T20:57:20Z",
    "url": "https://github.com/greenrobot/greenDAO/commit/e29a2bf4eb359d20a6a5f74185bc8a1c71a0eaed"
  },
  {
    "oid": "521d05d92fc276e2f464e2f9200ac59ae3a7a913",
    "message": "entity.ftl: better formatting for toMany and toOne",
    "date": "2016-05-03T15:51:43Z",
    "url": "https://github.com/greenrobot/greenDAO/commit/521d05d92fc276e2f464e2f9200ac59ae3a7a913"
  },
  {
    "oid": "c4bee2044760191cbf6fa1e59db851265e265e2f",
    "message": "entity.ftl: put java doc and custom code above greendao annotations",
    "date": "2016-05-03T15:44:40Z",
    "url": "https://github.com/greenrobot/greenDAO/commit/c4bee2044760191cbf6fa1e59db851265e265e2f"
  },
  {
    "oid": "5715a9953dca8ac9d5d23e972ff8a9be78594da6",
    "message": "Revert content-provider.ftl formatting",
    "date": "2016-05-03T15:32:58Z",
    "url": "https://github.com/greenrobot/greenDAO/commit/5715a9953dca8ac9d5d23e972ff8a9be78594da6"
  },
  {
    "oid": "5644cc15c20c16e529eee6d191ed4f623b9e91d1",
    "message": "mark Entity's default constructor with @Generated",
    "date": "2016-05-03T15:22:10Z",
    "url": "https://github.com/greenrobot/greenDAO/commit/5644cc15c20c16e529eee6d191ed4f623b9e91d1"
  },
  {
    "oid": "f504d5306acbbcb78a66c860adfacc7ad77fdd59",
    "message": "fix NPE in entity.ftl for toMany.orderSpec",
    "date": "2016-05-03T15:21:35Z",
    "url": "https://github.com/greenrobot/greenDAO/commit/f504d5306acbbcb78a66c860adfacc7ad77fdd59"
  },
  {
    "oid": "44a3aee5af0d4cb3da871542c9de07ac53816912",
    "message": "add @Unique annotation",
    "date": "2016-05-02T20:45:31Z",
    "url": "https://github.com/greenrobot/greenDAO/commit/44a3aee5af0d4cb3da871542c9de07ac53816912"
  },
  {
    "oid": "44fdb19e1c23463b7aa9a827c40f88ed92cf6e8c",
    "message": "update generated Order class",
    "date": "2016-04-29T19:24:21Z",
    "url": "https://github.com/greenrobot/greenDAO/commit/44fdb19e1c23463b7aa9a827c40f88ed92cf6e8c"
  },
  {
    "oid": "c623a3f2e95332d0aec86205c2567c4d3b73184b",
    "message": "DaoGenerator: change version to 3.0.0-1-SNAPSHOT",
    "date": "2016-04-29T19:23:48Z",
    "url": "https://github.com/greenrobot/greenDAO/commit/c623a3f2e95332d0aec86205c2567c4d3b73184b"
  },
  {
    "oid": "24662a92919d46523b7602ed6d3bb5b77bed4e81",
    "message": "DaoExample: fix NoteActivity compilation",
    "date": "2016-04-29T19:23:13Z",
    "url": "https://github.com/greenrobot/greenDAO/commit/24662a92919d46523b7602ed6d3bb5b77bed4e81"
  },
  {
    "oid": "eb674d5fa691e2288b5fb08f6ddceb6dc23edfda",
    "message": "DaoGenerator: fix using converter class name without package name",
    "date": "2016-04-29T19:21:11Z",
    "url": "https://github.com/greenrobot/greenDAO/commit/eb674d5fa691e2288b5fb08f6ddceb6dc23edfda"
  },
  {
    "oid": "ddae6ce952c05918041d13bf6f6f19b36490a881",
    "message": "migration: make generated fields transient",
    "date": "2016-04-29T17:48:01Z",
    "url": "https://github.com/greenrobot/greenDAO/commit/ddae6ce952c05918041d13bf6f6f19b36490a881"
  },
  {
    "oid": "7c58394979a3a6a32bce48f91b8c264ce4d57251",
    "message": "migration: don't generate \"unique = false\" for @ToOne",
    "date": "2016-04-27T17:08:59Z",
    "url": "https://github.com/greenrobot/greenDAO/commit/7c58394979a3a6a32bce48f91b8c264ce4d57251"
  },
  {
    "oid": "218b9a316a6526672671d32c6bb7eb64337e40ca",
    "message": "DaoTestGenerator: add application plugin",
    "date": "2016-04-27T16:54:33Z",
    "url": "https://github.com/greenrobot/greenDAO/commit/218b9a316a6526672671d32c6bb7eb64337e40ca"
  },
  {
    "oid": "af59c986223df02dbcbafffe4277417a63ac72a4",
    "message": "Support @ToOne without foreign key",
    "date": "2016-04-25T15:13:39Z",
    "url": "https://github.com/greenrobot/greenDAO/commit/af59c986223df02dbcbafffe4277417a63ac72a4"
  },
  {
    "oid": "6ed29c7484957a79ae78873222bfb42ceec42dfd",
    "message": "minor javadoc change",
    "date": "2016-04-25T15:12:56Z",
    "url": "https://github.com/greenrobot/greenDAO/commit/6ed29c7484957a79ae78873222bfb42ceec42dfd"
  },
  {
    "oid": "a775a6c6b1aa62c45d0f8f377cb1dd9cd9b11a94",
    "message": "Merge branch 'master' into encryption",
    "date": "2016-04-17T19:52:04Z",
    "url": "https://github.com/greenrobot/greenDAO/commit/a775a6c6b1aa62c45d0f8f377cb1dd9cd9b11a94"
  },
  {
    "oid": "d63564f7de933066545e160555af958a6c7fb0ba",
    "message": "fixing links",
    "date": "2016-04-17T19:51:36Z",
    "url": "https://github.com/greenrobot/greenDAO/commit/d63564f7de933066545e160555af958a6c7fb0ba"
  },
  {
    "oid": "aee4ff639414891ffc9691a1504e28798b28e637",
    "message": "Merge branch 'master' into encryption",
    "date": "2016-04-17T19:47:28Z",
    "url": "https://github.com/greenrobot/greenDAO/commit/aee4ff639414891ffc9691a1504e28798b28e637"
  },
  {
    "oid": "1a7c0098f02eea4cbf4cb7729620e9fe0707ff0b",
    "message": "fix artifact group to use org",
    "date": "2016-04-17T19:46:18Z",
    "url": "https://github.com/greenrobot/greenDAO/commit/1a7c0098f02eea4cbf4cb7729620e9fe0707ff0b"
  },
  {
    "oid": "b46cfd21d772e3800f920141645fe42209abbb3c",
    "message": "artifact name greendao-generator-encryption",
    "date": "2016-04-17T19:40:29Z",
    "url": "https://github.com/greenrobot/greenDAO/commit/b46cfd21d772e3800f920141645fe42209abbb3c"
  },
  {
    "oid": "3e0e4f4b91f5e6affa7de935452a699eb0c62bb5",
    "message": "gradle: apply idea plugin",
    "date": "2016-03-31T18:43:37Z",
    "url": "https://github.com/greenrobot/greenDAO/commit/3e0e4f4b91f5e6affa7de935452a699eb0c62bb5"
  },
  {
    "oid": "b886d6fc37c70970d9999fe76c0daaf89f4ff08a",
    "message": "removed obsolete project.properties",
    "date": "2016-03-31T18:38:12Z",
    "url": "https://github.com/greenrobot/greenDAO/commit/b886d6fc37c70970d9999fe76c0daaf89f4ff08a"
  },
  {
    "oid": "afd7f199b61727f14e92f66fa8d0f5c462a8cf58",
    "message": "regenerate SimpleEntityContentProvider to fix compilation",
    "date": "2016-03-31T14:42:49Z",
    "url": "https://github.com/greenrobot/greenDAO/commit/afd7f199b61727f14e92f66fa8d0f5c462a8cf58"
  },
  {
    "oid": "3573354653ccc6b3eac9bd4c169a48cb7a62cb77",
    "message": "avoid creating multiple statements in concurrent situations",
    "date": "2016-03-13T11:58:00Z",
    "url": "https://github.com/greenrobot/greenDAO/commit/3573354653ccc6b3eac9bd4c169a48cb7a62cb77"
  },
  {
    "oid": "96308484c70f518ae8b1df1ef82240db2640a255",
    "message": "added CONTRIBUTING.md (adjusted from EventBus)",
    "date": "2016-02-12T18:58:53Z",
    "url": "https://github.com/greenrobot/greenDAO/commit/96308484c70f518ae8b1df1ef82240db2640a255"
  },
  {
    "oid": "cd5d6f24ebd5162691768211a6228c2659f78a7c",
    "message": "updated README.md",
    "date": "2016-02-12T18:56:26Z",
    "url": "https://github.com/greenrobot/greenDAO/commit/cd5d6f24ebd5162691768211a6228c2659f78a7c"
  },
  {
    "oid": "b51da611dfa4413c321e775ac68c2f854fade930",
    "message": "updated CHANGELOG.md",
    "date": "2016-01-22T12:57:37Z",
    "url": "https://github.com/greenrobot/greenDAO/commit/b51da611dfa4413c321e775ac68c2f854fade930"
  },
  {
    "oid": "2725041f4dbc24e9a127d19154e61943eeb59de3",
    "message": "fix imports after merge",
    "date": "2016-01-21T16:45:12Z",
    "url": "https://github.com/greenrobot/greenDAO/commit/2725041f4dbc24e9a127d19154e61943eeb59de3"
  },
  {
    "oid": "cfe18346ea0ae078a7488f55ac920411c444f4ea",
    "message": "make loadAllFromCursor return an ArrayList again to allow modifications to the list\n(cherry picked from commit 49c75be)",
    "date": "2016-01-21T16:43:22Z",
    "url": "https://github.com/greenrobot/greenDAO/commit/cfe18346ea0ae078a7488f55ac920411c444f4ea"
  },
  {
    "oid": "c938858b8b96b20375e2ca4304139fa080eaab46",
    "message": "core 2.1.1-SNAPSHOT\n(cherry picked from commit dd9a4b1)",
    "date": "2016-01-21T16:28:47Z",
    "url": "https://github.com/greenrobot/greenDAO/commit/c938858b8b96b20375e2ca4304139fa080eaab46"
  },
  {
    "oid": "49c75be784906b6a85ee539608cd869e8711222b",
    "message": "make loadAllFromCursor return an ArrayList again to allow modifications to the list",
    "date": "2016-01-21T16:26:44Z",
    "url": "https://github.com/greenrobot/greenDAO/commit/49c75be784906b6a85ee539608cd869e8711222b"
  },
  {
    "oid": "dd9a4b1fc4fbe8e4946735faca748edc4499ad1a",
    "message": "core 2.1.1-SNAPSHOT",
    "date": "2016-01-20T16:28:03Z",
    "url": "https://github.com/greenrobot/greenDAO/commit/dd9a4b1fc4fbe8e4946735faca748edc4499ad1a"
  },
  {
    "oid": "c0e797920031e7b2ffc6a7f7a1fef3674bdd5af5",
    "message": "disable testLoadAll by default",
    "date": "2016-01-18T20:34:11Z",
    "url": "https://github.com/greenrobot/greenDAO/commit/c0e797920031e7b2ffc6a7f7a1fef3674bdd5af5"
  },
  {
    "oid": "49e84eca99db22abfd5df3bff6eb9b0514691028",
    "message": "removed link to survey",
    "date": "2015-12-08T21:02:51Z",
    "url": "https://github.com/greenrobot/greenDAO/commit/49e84eca99db22abfd5df3bff6eb9b0514691028"
  },
  {
    "oid": "8615fd3f74155c84f5d095ee7088d710c3b164ac",
    "message": "typo",
    "date": "2015-11-16T01:43:18Z",
    "url": "https://github.com/greenrobot/greenDAO/commit/8615fd3f74155c84f5d095ee7088d710c3b164ac"
  },
  {
    "oid": "c08312431019de7dc5b8d29ac1921dc9c984b4c8",
    "message": "typo",
    "date": "2015-11-09T18:56:59Z",
    "url": "https://github.com/greenrobot/greenDAO/commit/c08312431019de7dc5b8d29ac1921dc9c984b4c8"
  },
  {
    "oid": "c21d4ef6c6bb9abcfa408d6e59d3d6acfb33ef15",
    "message": "link to survey",
    "date": "2015-11-09T10:46:14Z",
    "url": "https://github.com/greenrobot/greenDAO/commit/c21d4ef6c6bb9abcfa408d6e59d3d6acfb33ef15"
  },
  {
    "oid": "e002b2c4750ba1ff5551d2cb8a2fd07e2aadaf5f",
    "message": "removed org.apache.commons.lang3.RandomStringUtils",
    "date": "2015-11-05T21:10:23Z",
    "url": "https://github.com/greenrobot/greenDAO/commit/e002b2c4750ba1ff5551d2cb8a2fd07e2aadaf5f"
  },
  {
    "oid": "1fd4b70fbb967c141fa56662c35e38e35e9de096",
    "message": "DeadlockPreventionTest: dump thread stacks when deadlock is detected",
    "date": "2015-11-04T19:46:18Z",
    "url": "https://github.com/greenrobot/greenDAO/commit/1fd4b70fbb967c141fa56662c35e38e35e9de096"
  },
  {
    "oid": "326d15c3f07267445e36ee18d1bd28d4021bf634",
    "message": "added DeadlockPreventionTest",
    "date": "2015-11-04T19:11:49Z",
    "url": "https://github.com/greenrobot/greenDAO/commit/326d15c3f07267445e36ee18d1bd28d4021bf634"
  },
  {
    "oid": "5833003e4a9ab0abc5afdf2fa14b63afcd412393",
    "message": "expose a join's table prefix",
    "date": "2015-11-02T06:39:22Z",
    "url": "https://github.com/greenrobot/greenDAO/commit/5833003e4a9ab0abc5afdf2fa14b63afcd412393"
  },
  {
    "oid": "25908b4aba7bf8a21010a8fb60d9b34a641e3b12",
    "message": "fix and reactivate testConcurrentLockAndQueryDuringTx",
    "date": "2015-09-30T20:37:58Z",
    "url": "https://github.com/greenrobot/greenDAO/commit/25908b4aba7bf8a21010a8fb60d9b34a641e3b12"
  },
  {
    "oid": "b94b223387f815941b485d68ded43a471ac1bf52",
    "message": "typo",
    "date": "2015-09-30T19:43:48Z",
    "url": "https://github.com/greenrobot/greenDAO/commit/b94b223387f815941b485d68ded43a471ac1bf52"
  },
  {
    "oid": "713896f0b8b18856e8f9f1771644ec618c813005",
    "message": "Use transactions for Couchbase, add batch test.\n\n- Turns out there are transactions for Couchbase (though nowhere mentioned in the docs, found out by accident), so add batch tests and measure again!",
    "date": "2015-09-22T10:42:25Z",
    "url": "https://github.com/greenrobot/greenDAO/commit/713896f0b8b18856e8f9f1771644ec618c813005"
  },
  {
    "oid": "cad7e93ce36e112b063fc2a7f3c9d89ee7a6b5fd",
    "message": "Add runs to ORMLite indexed test.",
    "date": "2015-09-22T10:42:23Z",
    "url": "https://github.com/greenrobot/greenDAO/commit/cad7e93ce36e112b063fc2a7f3c9d89ee7a6b5fd"
  },
  {
    "oid": "8cd55dcebbd13d673e5609edd39dfa8f65fb8f30",
    "message": "Add runs to cupboard indexed test.",
    "date": "2015-09-22T10:42:23Z",
    "url": "https://github.com/greenrobot/greenDAO/commit/8cd55dcebbd13d673e5609edd39dfa8f65fb8f30"
  },
  {
    "oid": "bf67b623c0e788a13b5394c3db4bad3654bcf8ae",
    "message": "Add runs to Active Android indexed test.",
    "date": "2015-09-22T10:42:22Z",
    "url": "https://github.com/greenrobot/greenDAO/commit/bf67b623c0e788a13b5394c3db4bad3654bcf8ae"
  },
  {
    "oid": "2f043f48daa8fa821994b115e6c92e5aa7b6e2e9",
    "message": "Add runs to greendao indexed test.",
    "date": "2015-09-22T10:42:22Z",
    "url": "https://github.com/greenrobot/greenDAO/commit/2f043f48daa8fa821994b115e6c92e5aa7b6e2e9"
  },
  {
    "oid": "d294e81b27fe774bba27079675bd5a85dbf834f9",
    "message": "Actually query for strings in Active Android test.",
    "date": "2015-09-22T10:42:21Z",
    "url": "https://github.com/greenrobot/greenDAO/commit/d294e81b27fe774bba27079675bd5a85dbf834f9"
  },
  {
    "oid": "a881e91c26630be0a36279331a775ad18b075a8b",
    "message": "Clean up OrmLite test.",
    "date": "2015-09-22T10:42:19Z",
    "url": "https://github.com/greenrobot/greenDAO/commit/a881e91c26630be0a36279331a775ad18b075a8b"
  },
  {
    "oid": "b9983904b9374af4a00a11307f46b9c43dd38fb6",
    "message": "Add tweaks from Active Android indexed test to cupboard test.\n\n- Create entities after database setup.\n- Add log output between steps.",
    "date": "2015-09-22T10:42:18Z",
    "url": "https://github.com/greenrobot/greenDAO/commit/b9983904b9374af4a00a11307f46b9c43dd38fb6"
  },
  {
    "oid": "33eb5e6c767b31579a49875d4952603787df086f",
    "message": "Clean up PerformanceTestActiveAndroid.",
    "date": "2015-09-22T10:42:17Z",
    "url": "https://github.com/greenrobot/greenDAO/commit/33eb5e6c767b31579a49875d4952603787df086f"
  },
  {
    "oid": "bf900393dd1085ff38201f30219fc1d22df57fd2",
    "message": "Improve Cupboard test.\n\n- Shorten log tag.\n- Add proper start log.\n- Run delete within test.\n- Formatting.",
    "date": "2015-09-22T10:42:16Z",
    "url": "https://github.com/greenrobot/greenDAO/commit/bf900393dd1085ff38201f30219fc1d22df57fd2"
  },
  {
    "oid": "1816f3f3c918f837bc0ef7ec042b06837859e431",
    "message": "Use SDK level settings from root config.",
    "date": "2015-09-14T10:20:10Z",
    "url": "https://github.com/greenrobot/greenDAO/commit/1816f3f3c918f837bc0ef7ec042b06837859e431"
  },
  {
    "oid": "90bab15cad1f8a7ca876c32533e5e691f70a63df",
    "message": "Simplify log output.",
    "date": "2015-09-14T10:19:06Z",
    "url": "https://github.com/greenrobot/greenDAO/commit/90bab15cad1f8a7ca876c32533e5e691f70a63df"
  },
  {
    "oid": "85c8155a1cb072752a82aa5d4a9b99abd4a42dc3",
    "message": "Don't run tests by default.",
    "date": "2015-09-14T10:19:05Z",
    "url": "https://github.com/greenrobot/greenDAO/commit/85c8155a1cb072752a82aa5d4a9b99abd4a42dc3"
  },
  {
    "oid": "5ea2ba2f52cab81c1630270be864dd88cfdbdc66",
    "message": "added changes until now for upcoming V2.1.0",
    "date": "2015-09-11T21:53:21Z",
    "url": "https://github.com/greenrobot/greenDAO/commit/5ea2ba2f52cab81c1630270be864dd88cfdbdc66"
  },
  {
    "oid": "0c49eb060c9ce2d319d80507e31b425ac8b09584",
    "message": "added getAllDaos to DaoSession",
    "date": "2015-09-11T21:41:18Z",
    "url": "https://github.com/greenrobot/greenDAO/commit/0c49eb060c9ce2d319d80507e31b425ac8b09584"
  },
  {
    "oid": "77a0107fbebdca1ee1c38f35fd6858bec5a2c579",
    "message": "fix async queries",
    "date": "2015-09-10T20:22:26Z",
    "url": "https://github.com/greenrobot/greenDAO/commit/77a0107fbebdca1ee1c38f35fd6858bec5a2c579"
  },
  {
    "oid": "4deb8d11976df4b7d6d2612b10ef38baf98a31fc",
    "message": "Merge pull request #227 from greenrobot-team/add-support-lib-travis\n\nAdd Android support library repository to travis",
    "date": "2015-09-08T17:15:27Z",
    "url": "https://github.com/greenrobot/greenDAO/commit/4deb8d11976df4b7d6d2612b10ef38baf98a31fc"
  },
  {
    "oid": "504bc5fdfc17ba12022c1c75c11dfd23250e95e1",
    "message": "Add Android support library repository to travis\n\n- Fixes build breakage after adding dependency to Android support library.",
    "date": "2015-09-08T06:29:10Z",
    "url": "https://github.com/greenrobot/greenDAO/commit/504bc5fdfc17ba12022c1c75c11dfd23250e95e1"
  },
  {
    "oid": "0f354ebcb0a65af0a55fa2ec43b47e6dda894d23",
    "message": "List count of entities for greendao access test.",
    "date": "2015-08-31T06:14:57Z",
    "url": "https://github.com/greenrobot/greenDAO/commit/0f354ebcb0a65af0a55fa2ec43b47e6dda894d23"
  },
  {
    "oid": "7a76708e201698759df6e6c04f93a7a2944b7891",
    "message": "For completeness: access properties in ORMLite perf test.",
    "date": "2015-08-31T06:14:54Z",
    "url": "https://github.com/greenrobot/greenDAO/commit/7a76708e201698759df6e6c04f93a7a2944b7891"
  },
  {
    "oid": "92aa648830def6c3cffe94c7572682e823b46a3c",
    "message": "Add jcenter to global repositories.",
    "date": "2015-08-31T06:14:52Z",
    "url": "https://github.com/greenrobot/greenDAO/commit/92aa648830def6c3cffe94c7572682e823b46a3c"
  },
  {
    "oid": "e9549dd89036d35db71121130185f5e64a55971b",
    "message": "Fix Android tests failing due to timeouts.\n\n- http://stackoverflow.com/questions/28949722/android-tests-fail-on-travis-with-shellcommandunresponsiveexception",
    "date": "2015-08-19T13:36:16Z",
    "url": "https://github.com/greenrobot/greenDAO/commit/e9549dd89036d35db71121130185f5e64a55971b"
  },
  {
    "oid": "0fde1568f4e6c1a43b37b0c1b7b48084c0c5c709",
    "message": "Disable sudo for travis, auto uses new container-based builders.",
    "date": "2015-08-19T12:59:28Z",
    "url": "https://github.com/greenrobot/greenDAO/commit/0fde1568f4e6c1a43b37b0c1b7b48084c0c5c709"
  },
  {
    "oid": "c40d4d738f9fad7c54145f36dabd6f4ec9ea94e7",
    "message": "setting version 2.1.0-SNAPSHOT also for generator",
    "date": "2015-08-18T21:12:52Z",
    "url": "https://github.com/greenrobot/greenDAO/commit/c40d4d738f9fad7c54145f36dabd6f4ec9ea94e7"
  },
  {
    "oid": "c38b72012bfeeaeaf015083c8b89644eabe5f30c",
    "message": "fix javadoc",
    "date": "2015-08-12T20:36:01Z",
    "url": "https://github.com/greenrobot/greenDAO/commit/c38b72012bfeeaeaf015083c8b89644eabe5f30c"
  },
  {
    "oid": "fa0fa0e880b628b8b80b2942174b1fe15d856aa8",
    "message": "2.1.0-SNAPSHOT",
    "date": "2015-08-11T16:39:47Z",
    "url": "https://github.com/greenrobot/greenDAO/commit/fa0fa0e880b628b8b80b2942174b1fe15d856aa8"
  },
  {
    "oid": "cd12cc8f7ebf061f7b5452ba586129cffeaf6a4e",
    "message": "prepared IntegerListConverter",
    "date": "2015-07-23T20:55:02Z",
    "url": "https://github.com/greenrobot/greenDAO/commit/cd12cc8f7ebf061f7b5452ba586129cffeaf6a4e"
  },
  {
    "oid": "3c550da7591bd329dce61258f60d5182358619f6",
    "message": "added \"Add greenDAO to your project\" section",
    "date": "2015-07-13T19:38:07Z",
    "url": "https://github.com/greenrobot/greenDAO/commit/3c550da7591bd329dce61258f60d5182358619f6"
  },
  {
    "oid": "40b6dafb5cf397b0bb72529ad709e004cbc8bedb",
    "message": "started feature overview",
    "date": "2015-07-07T15:03:12Z",
    "url": "https://github.com/greenrobot/greenDAO/commit/40b6dafb5cf397b0bb72529ad709e004cbc8bedb"
  },
  {
    "oid": "1f803e6d5f0cf84ecbd021886eec69aa11e4e603",
    "message": "added some value tests for CustomTypeEntityTest",
    "date": "2015-07-05T18:13:12Z",
    "url": "https://github.com/greenrobot/greenDAO/commit/1f803e6d5f0cf84ecbd021886eec69aa11e4e603"
  },
  {
    "oid": "43857d507999f0a8ef9d60962e0ffe463c4df4d5",
    "message": "typo",
    "date": "2015-07-01T18:41:46Z",
    "url": "https://github.com/greenrobot/greenDAO/commit/43857d507999f0a8ef9d60962e0ffe463c4df4d5"
  },
  {
    "oid": "17f388012e84a65813c03140d873bb326a127d89",
    "message": "Merge pull request #195 from johnjohndoe/file-permissions\n\nAdd execute bit for Gradle wrapper.",
    "date": "2015-06-30T17:25:57Z",
    "url": "https://github.com/greenrobot/greenDAO/commit/17f388012e84a65813c03140d873bb326a127d89"
  },
  {
    "oid": "6369965582098362a8406381c883177601d2c533",
    "message": "Add execute bit for Gradle wrapper.",
    "date": "2015-06-30T10:25:37Z",
    "url": "https://github.com/greenrobot/greenDAO/commit/6369965582098362a8406381c883177601d2c533"
  },
  {
    "oid": "6bf001e205e2b63a5bbad2a1c83c3db7cd6313eb",
    "message": "added testToManyWithJoin",
    "date": "2015-06-29T21:09:25Z",
    "url": "https://github.com/greenrobot/greenDAO/commit/6bf001e205e2b63a5bbad2a1c83c3db7cd6313eb"
  },
  {
    "oid": "9f3a7655b575645d0af728b055d5e206bd72311c",
    "message": "fix for implementsInterface",
    "date": "2015-06-28T21:04:41Z",
    "url": "https://github.com/greenrobot/greenDAO/commit/9f3a7655b575645d0af728b055d5e206bd72311c"
  },
  {
    "oid": "bc1b3339a1891ef3c41f29ef8c4ef93b10f69893",
    "message": "place repository in root build.gradle",
    "date": "2015-06-28T20:15:05Z",
    "url": "https://github.com/greenrobot/greenDAO/commit/bc1b3339a1891ef3c41f29ef8c4ef93b10f69893"
  },
  {
    "oid": "20b254b7b18bef7a4a9cb823322d3b81fd8ff0a3",
    "message": "javadoc to mark internal property used by templates",
    "date": "2015-06-28T17:32:51Z",
    "url": "https://github.com/greenrobot/greenDAO/commit/20b254b7b18bef7a4a9cb823322d3b81fd8ff0a3"
  },
  {
    "oid": "2a72c3a8357705f6e509ef7bbbe6b4f8aa621444",
    "message": "Revert \"make internal properties package private (#184)\"\n\nThis reverts commit d467bf5be97801b45b53822b3f0be083940ed016.",
    "date": "2015-06-28T13:04:34Z",
    "url": "https://github.com/greenrobot/greenDAO/commit/2a72c3a8357705f6e509ef7bbbe6b4f8aa621444"
  },
  {
    "oid": "d467bf5be97801b45b53822b3f0be083940ed016",
    "message": "make internal properties package private (#184)",
    "date": "2015-06-27T05:31:32Z",
    "url": "https://github.com/greenrobot/greenDAO/commit/d467bf5be97801b45b53822b3f0be083940ed016"
  },
  {
    "oid": "7e092037540654369c9a59beb0cb5250465e21f7",
    "message": "testJoinMixedParameterValues",
    "date": "2015-06-26T19:55:51Z",
    "url": "https://github.com/greenrobot/greenDAO/commit/7e092037540654369c9a59beb0cb5250465e21f7"
  },
  {
    "oid": "9ce53cd5dfd0308a70002dc3935c854d5ca1a136",
    "message": "Query: formatting, javadoc",
    "date": "2015-06-26T19:55:36Z",
    "url": "https://github.com/greenrobot/greenDAO/commit/9ce53cd5dfd0308a70002dc3935c854d5ca1a136"
  },
  {
    "oid": "c00203f8b941c0668afb92343a72507077d9f881",
    "message": "added outDirEntity to generator",
    "date": "2015-06-22T20:54:55Z",
    "url": "https://github.com/greenrobot/greenDAO/commit/c00203f8b941c0668afb92343a72507077d9f881"
  },
  {
    "oid": "07524fc2c45426c184110c2d4c78477c224a7f99",
    "message": "updated README.md",
    "date": "2014-11-08T20:44:58Z",
    "url": "https://github.com/greenrobot/greenDAO/commit/07524fc2c45426c184110c2d4c78477c224a7f99"
  },
  {
    "oid": "f4dd4eabf397b9cd66e26fbfb672aa0a305971cd",
    "message": "Lock must be locked when entering LazyList.loadEntity",
    "date": "2014-05-28T20:26:51Z",
    "url": "https://github.com/greenrobot/greenDAO/commit/f4dd4eabf397b9cd66e26fbfb672aa0a305971cd"
  },
  {
    "oid": "1a1fc8cd197109d161df5ae2e3c4be336501e642",
    "message": "updated README.md",
    "date": "2014-05-26T16:40:30Z",
    "url": "https://github.com/greenrobot/greenDAO/commit/1a1fc8cd197109d161df5ae2e3c4be336501e642"
  },
  {
    "oid": "bebb04237ca0058702942e869364270c2c1d2a8f",
    "message": "Rethrow initial exception in updateInTx if endTransaction also throws",
    "date": "2014-05-25T06:47:43Z",
    "url": "https://github.com/greenrobot/greenDAO/commit/bebb04237ca0058702942e869364270c2c1d2a8f"
  },
  {
    "oid": "d49f1800a64504e693962c47d0f49cda46301685",
    "message": "link to travis",
    "date": "2014-05-24T18:56:27Z",
    "url": "https://github.com/greenrobot/greenDAO/commit/d49f1800a64504e693962c47d0f49cda46301685"
  },
  {
    "oid": "27b89ffaf3db45fb189148bd6808d315467b71f7",
    "message": "travis: only oraclejdk7",
    "date": "2014-05-24T17:00:34Z",
    "url": "https://github.com/greenrobot/greenDAO/commit/27b89ffaf3db45fb189148bd6808d315467b71f7"
  },
  {
    "oid": "4241950229e646a9c1c69d84162f5e0c9797eff7",
    "message": "travis: dumb terminal",
    "date": "2014-05-24T16:26:37Z",
    "url": "https://github.com/greenrobot/greenDAO/commit/4241950229e646a9c1c69d84162f5e0c9797eff7"
  },
  {
    "oid": "21d601db8d6ef1af29972be038f09089edbd9a64",
    "message": "travis: +x for wait_for_emulator",
    "date": "2014-05-24T12:24:19Z",
    "url": "https://github.com/greenrobot/greenDAO/commit/21d601db8d6ef1af29972be038f09089edbd9a64"
  },
  {
    "oid": "a65d7bc4c616c71fe155889bf11ede00d462434f",
    "message": "travis: fix",
    "date": "2014-05-24T12:19:22Z",
    "url": "https://github.com/greenrobot/greenDAO/commit/a65d7bc4c616c71fe155889bf11ede00d462434f"
  },
  {
    "oid": "af7af19466664c0437decc39c8d94f5a73a9f716",
    "message": "travis: added missing file wait_for_emulator",
    "date": "2014-05-24T12:15:59Z",
    "url": "https://github.com/greenrobot/greenDAO/commit/af7af19466664c0437decc39c8d94f5a73a9f716"
  },
  {
    "oid": "220da42019a71ee46b66f571c210e7fff3a2d0c8",
    "message": "travis: start emu",
    "date": "2014-05-24T12:13:50Z",
    "url": "https://github.com/greenrobot/greenDAO/commit/220da42019a71ee46b66f571c210e7fff3a2d0c8"
  },
  {
    "oid": "3887e5822b23460ca340d60dff5015e425cd9260",
    "message": "travis: make gradlew executable",
    "date": "2014-05-24T10:38:13Z",
    "url": "https://github.com/greenrobot/greenDAO/commit/3887e5822b23460ca340d60dff5015e425cd9260"
  },
  {
    "oid": "140fd289cb8595531c39277930bd79e69c7cabb6",
    "message": "trying android with travis",
    "date": "2014-05-24T10:28:58Z",
    "url": "https://github.com/greenrobot/greenDAO/commit/140fd289cb8595531c39277930bd79e69c7cabb6"
  },
  {
    "oid": "35fe9a492fe4102c728eef43daa6c3937dbf643e",
    "message": "DeleteQuery: Don't use tableName here because it causes trouble when table name ends with tablePrefix.",
    "date": "2013-11-26T22:39:54Z",
    "url": "https://github.com/greenrobot/greenDAO/commit/35fe9a492fe4102c728eef43daa6c3937dbf643e"
  },
  {
    "oid": "12ea6eab57a12d499ab49a59ba5acc2b340be308",
    "message": "added getNotificationUri to comply with API level 19",
    "date": "2013-11-15T13:56:40Z",
    "url": "https://github.com/greenrobot/greenDAO/commit/12ea6eab57a12d499ab49a59ba5acc2b340be308"
  },
  {
    "oid": "0b8af422d82969df55973897dc37dad3a395ab24",
    "message": "added V1.3.4 and V1.3.5 to changelog",
    "date": "2013-11-14T16:09:32Z",
    "url": "https://github.com/greenrobot/greenDAO/commit/0b8af422d82969df55973897dc37dad3a395ab24"
  },
  {
    "oid": "5aa9719098002ab139f48401e8c51ce1af6b1ffb",
    "message": "set generator version to 1.3.1-SNAPSHOT",
    "date": "2013-11-14T15:58:39Z",
    "url": "https://github.com/greenrobot/greenDAO/commit/5aa9719098002ab139f48401e8c51ce1af6b1ffb"
  },
  {
    "oid": "22f7ccca1e38626cd1da769e817d67be0efbef2b",
    "message": "v1.3.5",
    "date": "2013-11-13T22:15:47Z",
    "url": "https://github.com/greenrobot/greenDAO/commit/22f7ccca1e38626cd1da769e817d67be0efbef2b"
  },
  {
    "oid": "0f2be3a9aed5573b57f51763c21f71a8b2efccc9",
    "message": "ignore IntelliJ stuff",
    "date": "2013-11-13T22:12:36Z",
    "url": "https://github.com/greenrobot/greenDAO/commit/0f2be3a9aed5573b57f51763c21f71a8b2efccc9"
  },
  {
    "oid": "aa6c683f0b878f4b982a3ab08475a554aeacecb1",
    "message": "added testLoadIdScope_load",
    "date": "2013-10-18T17:42:10Z",
    "url": "https://github.com/greenrobot/greenDAO/commit/aa6c683f0b878f4b982a3ab08475a554aeacecb1"
  },
  {
    "oid": "ac7a1e06af6deae8b6d889abdd32a7a5b238494b",
    "message": "index bug fix within gc",
    "date": "2013-10-14T20:39:19Z",
    "url": "https://github.com/greenrobot/greenDAO/commit/ac7a1e06af6deae8b6d889abdd32a7a5b238494b"
  },
  {
    "oid": "5f0acc16222cf9bcff76972c17d1320849ad2fce",
    "message": "minor test improvement",
    "date": "2013-10-11T20:43:08Z",
    "url": "https://github.com/greenrobot/greenDAO/commit/5f0acc16222cf9bcff76972c17d1320849ad2fce"
  },
  {
    "oid": "8fe07e5dd343620241aa2f9c6c0c31980000b9a0",
    "message": "DeleteQuery also uses QueryData now",
    "date": "2013-10-11T20:20:43Z",
    "url": "https://github.com/greenrobot/greenDAO/commit/8fe07e5dd343620241aa2f9c6c0c31980000b9a0"
  },
  {
    "oid": "03beea6c929ef26a90704b6f907ca9494b02a74d",
    "message": "Merge branch 'master' of ssh://github.com/greenrobot/greenDAO",
    "date": "2013-08-28T05:46:13Z",
    "url": "https://github.com/greenrobot/greenDAO/commit/03beea6c929ef26a90704b6f907ca9494b02a74d"
  },
  {
    "oid": "7c4e9646d46ec58d5bebe77f137df97b67f0b20e",
    "message": "Merge pull request #95 from mharper/master\n\nFixed typo.",
    "date": "2013-08-18T21:24:28Z",
    "url": "https://github.com/greenrobot/greenDAO/commit/7c4e9646d46ec58d5bebe77f137df97b67f0b20e"
  },
  {
    "oid": "f43956e5d7a4b03337e54c5027185d4f5d5197e7",
    "message": "Fixed typo.",
    "date": "2013-08-01T17:56:54Z",
    "url": "https://github.com/greenrobot/greenDAO/commit/f43956e5d7a4b03337e54c5027185d4f5d5197e7"
  },
  {
    "oid": "dd1c34f6d52e0b937000096f4cc58824dd2d8e8e",
    "message": "added dontCreateApplicationDuringSetUp to DbTest",
    "date": "2013-06-12T14:31:29Z",
    "url": "https://github.com/greenrobot/greenDAO/commit/dd1c34f6d52e0b937000096f4cc58824dd2d8e8e"
  },
  {
    "oid": "59765ff7bf9d288d9f40cd742b6de847d960ad6f",
    "message": "export android lib in .classpath",
    "date": "2013-06-12T08:16:42Z",
    "url": "https://github.com/greenrobot/greenDAO/commit/59765ff7bf9d288d9f40cd742b6de847d960ad6f"
  },
  {
    "oid": "465e2ef056ce2d9b5362e51bdffff8ba6bd0ed64",
    "message": "\"provided\" dependencies for main build.gradle",
    "date": "2013-03-02T17:19:00Z",
    "url": "https://github.com/greenrobot/greenDAO/commit/465e2ef056ce2d9b5362e51bdffff8ba6bd0ed64"
  },
  {
    "oid": "65cd87c1b5f1738262ae803275cd8e4c899e77fb",
    "message": "added getSelectKeys to TableStatements",
    "date": "2013-03-02T17:08:31Z",
    "url": "https://github.com/greenrobot/greenDAO/commit/65cd87c1b5f1738262ae803275cd8e4c899e77fb"
  },
  {
    "oid": "015a93f97960910d1bcc5f0a58d53d85ae27afce",
    "message": "setting version to 1.3.0",
    "date": "2013-02-24T11:12:27Z",
    "url": "https://github.com/greenrobot/greenDAO/commit/015a93f97960910d1bcc5f0a58d53d85ae27afce"
  },
  {
    "oid": "93655a4e5fa6cd4011fa158482e6d31447161eed",
    "message": "removed redundant != null",
    "date": "2013-02-24T09:04:33Z",
    "url": "https://github.com/greenrobot/greenDAO/commit/93655a4e5fa6cd4011fa158482e6d31447161eed"
  },
  {
    "oid": "1f2be606dcbeeab899995e147637f9ba1576fbcd",
    "message": "remove DaoExample because R missing from build",
    "date": "2013-02-23T23:43:08Z",
    "url": "https://github.com/greenrobot/greenDAO/commit/1f2be606dcbeeab899995e147637f9ba1576fbcd"
  },
  {
    "oid": "8a55fbf35f7e8425faa1760c596e9b0407266605",
    "message": "added .travis.yml",
    "date": "2013-02-23T20:03:37Z",
    "url": "https://github.com/greenrobot/greenDAO/commit/8a55fbf35f7e8425faa1760c596e9b0407266605"
  },
  {
    "oid": "f5eb8f94190c98181810fee493162824adf01dcd",
    "message": "settings.gradle for root dir",
    "date": "2013-02-23T20:02:58Z",
    "url": "https://github.com/greenrobot/greenDAO/commit/f5eb8f94190c98181810fee493162824adf01dcd"
  },
  {
    "oid": "f399ff70636182985167f017544d0269a7515d39",
    "message": "settings.gradle for root dir, tests for DaoGenerator",
    "date": "2013-02-23T19:54:36Z",
    "url": "https://github.com/greenrobot/greenDAO/commit/f399ff70636182985167f017544d0269a7515d39"
  },
  {
    "oid": "91607a2c7631ba0d09e36e76dd4df1f135429c79",
    "message": "update year",
    "date": "2013-02-21T23:38:01Z",
    "url": "https://github.com/greenrobot/greenDAO/commit/91607a2c7631ba0d09e36e76dd4df1f135429c79"
  },
  {
    "oid": "18cc14443da23a521ec0a4ae52692e4b184e9bc6",
    "message": "updated freemarker to 2.3.19 for Eclipse",
    "date": "2013-02-21T23:37:05Z",
    "url": "https://github.com/greenrobot/greenDAO/commit/18cc14443da23a521ec0a4ae52692e4b184e9bc6"
  },
  {
    "oid": "1c3925611eb0581b022506cf22c6cb6d0d795a38",
    "message": "put greendao-1.3.0-beta-1.jar in libs for eclipse",
    "date": "2013-02-21T23:36:13Z",
    "url": "https://github.com/greenrobot/greenDAO/commit/1c3925611eb0581b022506cf22c6cb6d0d795a38"
  },
  {
    "oid": "6c6e010dc24544378fe9d40dbd302f093ffa8d08",
    "message": "fixed build.gradle to include template files",
    "date": "2013-02-20T22:21:38Z",
    "url": "https://github.com/greenrobot/greenDAO/commit/6c6e010dc24544378fe9d40dbd302f093ffa8d08"
  },
  {
    "oid": "f0947b0637c596584e67f7d2c407a8f2f0ca0055",
    "message": "set version to 1.3.0-beta-1",
    "date": "2013-02-19T21:05:12Z",
    "url": "https://github.com/greenrobot/greenDAO/commit/f0947b0637c596584e67f7d2c407a8f2f0ca0055"
  },
  {
    "oid": "17b85562fca81a8dd2414f226acffb744fc1eaf2",
    "message": "added version property to mybuild.xml (generator)",
    "date": "2013-02-13T17:46:47Z",
    "url": "https://github.com/greenrobot/greenDAO/commit/17b85562fca81a8dd2414f226acffb744fc1eaf2"
  },
  {
    "oid": "cbae5b43bef4651c4c47140dcf7c294a56791325",
    "message": "added version property to mybuild.xml",
    "date": "2013-02-13T16:09:55Z",
    "url": "https://github.com/greenrobot/greenDAO/commit/cbae5b43bef4651c4c47140dcf7c294a56791325"
  },
  {
    "oid": "5673a31ba420ee13e96fda802603a23949600172",
    "message": "updated README.md to reflect refactorings",
    "date": "2013-02-12T22:26:46Z",
    "url": "https://github.com/greenrobot/greenDAO/commit/5673a31ba420ee13e96fda802603a23949600172"
  },
  {
    "oid": "bf81fff8a53039d071e37eecf3af37529a2a4e8c",
    "message": "Added second thread tests to QueryThreadLocalTest",
    "date": "2013-02-12T20:23:54Z",
    "url": "https://github.com/greenrobot/greenDAO/commit/bf81fff8a53039d071e37eecf3af37529a2a4e8c"
  },
  {
    "oid": "7f2c7e34b3bb6c07565de46c06afe7b65818681f",
    "message": "_testConcurrentLockAndQueryDuringTx: No connection for read can be\nacquired while TX is active; this will deadlock!",
    "date": "2013-02-09T08:35:39Z",
    "url": "https://github.com/greenrobot/greenDAO/commit/7f2c7e34b3bb6c07565de46c06afe7b65818681f"
  },
  {
    "oid": "f5cbb502b7fac602d75ec558170ffa3a49581cf5",
    "message": "added some changes of V1.3.0 to README.md",
    "date": "2013-02-08T22:36:08Z",
    "url": "https://github.com/greenrobot/greenDAO/commit/f5cbb502b7fac602d75ec558170ffa3a49581cf5"
  },
  {
    "oid": "f72d57001f325f764af5892216fabc0733bd3bc7",
    "message": "prepared README.md for upcoming 1.3.0 release",
    "date": "2013-02-08T22:21:31Z",
    "url": "https://github.com/greenrobot/greenDAO/commit/f72d57001f325f764af5892216fabc0733bd3bc7"
  },
  {
    "oid": "20169144092bba5c769f52622987e2f236e348fa",
    "message": "added testConcurrentQueryDuringTx: Query doesn't involve any statement\nlocking currently, but just to stay on the safe side...",
    "date": "2013-02-08T21:44:05Z",
    "url": "https://github.com/greenrobot/greenDAO/commit/20169144092bba5c769f52622987e2f236e348fa"
  },
  {
    "oid": "afd51a0bef9a9bb7768fa74566f6778d5ef5982e",
    "message": "added insertOrReplace to DaoSessionConcurrentTest",
    "date": "2013-02-08T21:35:14Z",
    "url": "https://github.com/greenrobot/greenDAO/commit/afd51a0bef9a9bb7768fa74566f6778d5ef5982e"
  },
  {
    "oid": "7917d25bfbdff1da385c67c28fc4dc38a4aab2fc",
    "message": "removed redundant identityScope key removal",
    "date": "2013-02-08T21:16:18Z",
    "url": "https://github.com/greenrobot/greenDAO/commit/7917d25bfbdff1da385c67c28fc4dc38a4aab2fc"
  },
  {
    "oid": "5d73ebcec4c12dffc35249c207923cad74080f30",
    "message": "DaoSessionConcurrentTest refactoring and 3 separate concurrent threads",
    "date": "2013-02-08T21:09:38Z",
    "url": "https://github.com/greenrobot/greenDAO/commit/5d73ebcec4c12dffc35249c207923cad74080f30"
  },
  {
    "oid": "b8ccb6688a82f66d1205149bbf3a07511d1013d1",
    "message": "refactoring: TestThread and doTx",
    "date": "2013-02-08T20:40:41Z",
    "url": "https://github.com/greenrobot/greenDAO/commit/b8ccb6688a82f66d1205149bbf3a07511d1013d1"
  },
  {
    "oid": "596f0b64152597931853afeef82bf1d0ba45405f",
    "message": "throw nice exception if entity is updated or deleted with null key",
    "date": "2013-02-08T19:29:38Z",
    "url": "https://github.com/greenrobot/greenDAO/commit/596f0b64152597931853afeef82bf1d0ba45405f"
  },
  {
    "oid": "e9868eeac99fe63b8c251fae3a0d2156b5065dff",
    "message": "check value is not an array where a primitive value is required for\ncondition",
    "date": "2013-01-12T14:16:25Z",
    "url": "https://github.com/greenrobot/greenDAO/commit/e9868eeac99fe63b8c251fae3a0d2156b5065dff"
  },
  {
    "oid": "0fbc67832d3d00f1c6c9f0473d32b152d3124fc2",
    "message": "dummy file to avoid errors after checkout (no res folder)",
    "date": "2012-12-03T14:06:14Z",
    "url": "https://github.com/greenrobot/greenDAO/commit/0fbc67832d3d00f1c6c9f0473d32b152d3124fc2"
  },
  {
    "oid": "788313904fa58a0c8628f6b2e016a4a385f344c6",
    "message": "added testLike",
    "date": "2012-10-21T08:44:03Z",
    "url": "https://github.com/greenrobot/greenDAO/commit/788313904fa58a0c8628f6b2e016a4a385f344c6"
  },
  {
    "oid": "4a9aed2a18f3a813fd6f79b6ae235b22e00a1b4f",
    "message": "Ignore FindBugs: increment of volatile is fine here because we use a\nlock",
    "date": "2012-08-14T09:39:13Z",
    "url": "https://github.com/greenrobot/greenDAO/commit/4a9aed2a18f3a813fd6f79b6ae235b22e00a1b4f"
  },
  {
    "oid": "9f91598cbb280ad5d236298ab46f92f4442edd52",
    "message": "added a couple of missing breaks",
    "date": "2012-08-14T08:55:16Z",
    "url": "https://github.com/greenrobot/greenDAO/commit/9f91598cbb280ad5d236298ab46f92f4442edd52"
  },
  {
    "oid": "30af1b9c7cba45ecfdf00b26a2a66bdfa2542d0b",
    "message": "updated README.md for V1.3.0 Preview (2012-??-??): New asynchronous API",
    "date": "2012-08-13T19:37:20Z",
    "url": "https://github.com/greenrobot/greenDAO/commit/30af1b9c7cba45ecfdf00b26a2a66bdfa2542d0b"
  },
  {
    "oid": "349b0e2a92c980ee64a97b940cfe0230dba3aa77",
    "message": "added remaining entity methods to AsyncSession",
    "date": "2012-08-13T16:57:48Z",
    "url": "https://github.com/greenrobot/greenDAO/commit/349b0e2a92c980ee64a97b940cfe0230dba3aa77"
  },
  {
    "oid": "4831f5583ac1bdc9413628aa5af8f6a792d2c369",
    "message": "added enqueueEntityOperation helper methods",
    "date": "2012-08-13T16:42:08Z",
    "url": "https://github.com/greenrobot/greenDAO/commit/4831f5583ac1bdc9413628aa5af8f6a792d2c369"
  },
  {
    "oid": "3313def9e5514441bf47fcb76465440333083b64",
    "message": "added javaDoc for or() and and()",
    "date": "2012-06-22T14:51:09Z",
    "url": "https://github.com/greenrobot/greenDAO/commit/3313def9e5514441bf47fcb76465440333083b64"
  },
  {
    "oid": "7e1848e27c94d5ebd18ee1cb007f5ad0ae4ed4e3",
    "message": "check executeInsert for -1",
    "date": "2012-06-10T10:14:55Z",
    "url": "https://github.com/greenrobot/greenDAO/commit/7e1848e27c94d5ebd18ee1cb007f5ad0ae4ed4e3"
  },
  {
    "oid": "bb522d9719aad055bd78e81b6aaf6f142eb44fd5",
    "message": "fixed createEntityWithRandomPk: create collision free PKs",
    "date": "2012-06-10T08:33:39Z",
    "url": "https://github.com/greenrobot/greenDAO/commit/bb522d9719aad055bd78e81b6aaf6f142eb44fd5"
  },
  {
    "oid": "5030260cb462e8f231c7347f57635ffaded158ac",
    "message": "updated readme for V1.2.0RC",
    "date": "2012-06-07T21:09:44Z",
    "url": "https://github.com/greenrobot/greenDAO/commit/5030260cb462e8f231c7347f57635ffaded158ac"
  },
  {
    "oid": "754b820cea7b48b9e68f3d3959c1cbdddb8d6246",
    "message": "added testInsertWithoutPK",
    "date": "2012-06-07T19:17:37Z",
    "url": "https://github.com/greenrobot/greenDAO/commit/754b820cea7b48b9e68f3d3959c1cbdddb8d6246"
  },
  {
    "oid": "dae818ccbef7fb1632a3c9d15143df55103c4cea",
    "message": "idea for future use",
    "date": "2012-06-07T05:44:58Z",
    "url": "https://github.com/greenrobot/greenDAO/commit/dae818ccbef7fb1632a3c9d15143df55103c4cea"
  },
  {
    "oid": "e34876e83022851e27a73b2248f4699d2725736c",
    "message": "minor rename to pkAutoincrement",
    "date": "2012-06-06T09:35:08Z",
    "url": "https://github.com/greenrobot/greenDAO/commit/e34876e83022851e27a73b2248f4699d2725736c"
  },
  {
    "oid": "d40dc37d7d35150acc2e5648e3cc3663462d0ccf",
    "message": "added callInTxNoException",
    "date": "2012-05-10T10:14:36Z",
    "url": "https://github.com/greenrobot/greenDAO/commit/d40dc37d7d35150acc2e5648e3cc3663462d0ccf"
  },
  {
    "oid": "689efbbb476eb500a1827b8d0c66d31795ec03f9",
    "message": "updated readme: transient and string PKs",
    "date": "2012-05-09T21:15:57Z",
    "url": "https://github.com/greenrobot/greenDAO/commit/689efbbb476eb500a1827b8d0c66d31795ec03f9"
  },
  {
    "oid": "fa5d21b35e140508d6e4b2c75f7d75f6a70190da",
    "message": "prepared readme for next version (unreleased)",
    "date": "2012-04-29T20:59:06Z",
    "url": "https://github.com/greenrobot/greenDAO/commit/fa5d21b35e140508d6e4b2c75f7d75f6a70190da"
  },
  {
    "oid": "ddcef55a80d1113064a2ce141a27bad8d6c6777f",
    "message": "improved testInsertOrReplaceInTx",
    "date": "2012-04-29T20:45:15Z",
    "url": "https://github.com/greenrobot/greenDAO/commit/ddcef55a80d1113064a2ce141a27bad8d6c6777f"
  },
  {
    "oid": "5aa643cec6a394c82cf7d8d31eacd9bc6aa89770",
    "message": "added testWhereWithSpecialNamesWithValues",
    "date": "2012-04-24T07:30:52Z",
    "url": "https://github.com/greenrobot/greenDAO/commit/5aa643cec6a394c82cf7d8d31eacd9bc6aa89770"
  },
  {
    "oid": "a375028ca2b8ff48c7573432e96a27e0d1c809d6",
    "message": "optimized modifier checking for Properties",
    "date": "2012-04-24T06:58:34Z",
    "url": "https://github.com/greenrobot/greenDAO/commit/a375028ca2b8ff48c7573432e96a27e0d1c809d6"
  },
  {
    "oid": "282adc6229fd1f8b492f4fc3a6e8fcf4f9378882",
    "message": "Refelected Properties must be public also (issue #28)",
    "date": "2012-04-24T06:51:04Z",
    "url": "https://github.com/greenrobot/greenDAO/commit/282adc6229fd1f8b492f4fc3a6e8fcf4f9378882"
  },
  {
    "oid": "5b3260fa3dc90896139ec014cb96ffd689f331f7",
    "message": "There might be other fields introduced by some tools, just ignore them\n(see issue #28)",
    "date": "2012-04-23T16:01:40Z",
    "url": "https://github.com/greenrobot/greenDAO/commit/5b3260fa3dc90896139ec014cb96ffd689f331f7"
  },
  {
    "oid": "eb6bbcb2c8aa72618aae28df7da5e28646ade6e6",
    "message": "renamed to QuerySpecialNamesTest (missing Test suffix)",
    "date": "2012-04-17T13:05:07Z",
    "url": "https://github.com/greenrobot/greenDAO/commit/eb6bbcb2c8aa72618aae28df7da5e28646ade6e6"
  },
  {
    "oid": "15a141c6438d9a1d2d8739ac2c523ed47559d97f",
    "message": "V1.1.2 release notes added",
    "date": "2012-03-26T09:52:09Z",
    "url": "https://github.com/greenrobot/greenDAO/commit/15a141c6438d9a1d2d8739ac2c523ed47559d97f"
  },
  {
    "oid": "fd67ca6a8e33ea8dd8682f57751cfed9e7d39cac",
    "message": "added galaxy nexus performance data",
    "date": "2012-03-26T08:49:46Z",
    "url": "https://github.com/greenrobot/greenDAO/commit/fd67ca6a8e33ea8dd8682f57751cfed9e7d39cac"
  },
  {
    "oid": "84479c29857c1a1ad8835ba7e9d7fd3fda905c66",
    "message": "throw exception when trying to add relations to protobuf entities",
    "date": "2012-02-16T19:19:40Z",
    "url": "https://github.com/greenrobot/greenDAO/commit/84479c29857c1a1ad8835ba7e9d7fd3fda905c66"
  },
  {
    "oid": "dfbb9202b12482c9b9ed95e942d0cb539798bd45",
    "message": "print schema version before generating",
    "date": "2012-02-16T19:01:07Z",
    "url": "https://github.com/greenrobot/greenDAO/commit/dfbb9202b12482c9b9ed95e942d0cb539798bd45"
  },
  {
    "oid": "db430fc5ad087167295e88a94e02f0f855063345",
    "message": "updated readme for version 1.1.0 and 1.1.1",
    "date": "2012-02-13T19:15:46Z",
    "url": "https://github.com/greenrobot/greenDAO/commit/db430fc5ad087167295e88a94e02f0f855063345"
  },
  {
    "oid": "483bc3f37555681e76bbe4492845da400b14bec3",
    "message": "Additional check that key can be acquired (issue #5)",
    "date": "2012-02-13T19:04:15Z",
    "url": "https://github.com/greenrobot/greenDAO/commit/483bc3f37555681e76bbe4492845da400b14bec3"
  },
  {
    "oid": "c94df123bae46d31099b1f787b813cd129b3e59a",
    "message": "Don't assume that a Cursor has a CursorWindow (fix for Roboelectric)",
    "date": "2012-02-13T18:28:28Z",
    "url": "https://github.com/greenrobot/greenDAO/commit/c94df123bae46d31099b1f787b813cd129b3e59a"
  },
  {
    "oid": "c958b7b4b5629bdf54dfe7e32138de13def79e7d",
    "message": "deprecated query: groupBy & having does not make sense for entities.\nMethod will be removed",
    "date": "2012-02-12T20:22:00Z",
    "url": "https://github.com/greenrobot/greenDAO/commit/c958b7b4b5629bdf54dfe7e32138de13def79e7d"
  },
  {
    "oid": "a4204c09eabe079a0912407d8b9715e57cea95ae",
    "message": "5 test runs",
    "date": "2012-02-12T07:40:52Z",
    "url": "https://github.com/greenrobot/greenDAO/commit/a4204c09eabe079a0912407d8b9715e57cea95ae"
  },
  {
    "oid": "5d026f8da893bb48c3cfb636e2f84b655882a37f",
    "message": "updated readme",
    "date": "2012-02-10T21:38:56Z",
    "url": "https://github.com/greenrobot/greenDAO/commit/5d026f8da893bb48c3cfb636e2f84b655882a37f"
  },
  {
    "oid": "61719531977a5f0c8f5095095bc1cb07dde49fa9",
    "message": "added testOrderRaw",
    "date": "2012-02-10T20:23:19Z",
    "url": "https://github.com/greenrobot/greenDAO/commit/61719531977a5f0c8f5095095bc1cb07dde49fa9"
  },
  {
    "oid": "925b005f05476b4c774feb9a9b7f1deb2040c165",
    "message": "added test for order with upper/lower case and umlauts",
    "date": "2012-02-10T19:35:32Z",
    "url": "https://github.com/greenrobot/greenDAO/commit/925b005f05476b4c774feb9a9b7f1deb2040c165"
  },
  {
    "oid": "363f1a451bbed0a70bcf9b727f3336a2e7b8aa0b",
    "message": "use LOCALIZED collation for Strings in ORDER BY",
    "date": "2012-02-10T19:08:11Z",
    "url": "https://github.com/greenrobot/greenDAO/commit/363f1a451bbed0a70bcf9b727f3336a2e7b8aa0b"
  },
  {
    "oid": "b54c219d6371feaa814f2c223d8de843a02968f4",
    "message": "Feature list of 1.1 pre-release",
    "date": "2012-02-04T06:36:31Z",
    "url": "https://github.com/greenrobot/greenDAO/commit/b54c219d6371feaa814f2c223d8de843a02968f4"
  },
  {
    "oid": "007ced5c92bc3bfcf344fd864803fdb9feab3f3d",
    "message": "execute SQL script in TX",
    "date": "2012-01-14T21:03:09Z",
    "url": "https://github.com/greenrobot/greenDAO/commit/007ced5c92bc3bfcf344fd864803fdb9feab3f3d"
  },
  {
    "oid": "d8aed3129c7844257ae786b3a4aaa330b78fc75a",
    "message": "Added performance results for Android 4.0 plus a comparison to 2.3",
    "date": "2011-12-17T01:06:09Z",
    "url": "https://github.com/greenrobot/greenDAO/commit/d8aed3129c7844257ae786b3a4aaa330b78fc75a"
  },
  {
    "oid": "5f5b805ac978723862e91fcba087eac35cbb8cd9",
    "message": "readme for greenDAO",
    "date": "2011-10-24T08:38:28Z",
    "url": "https://github.com/greenrobot/greenDAO/commit/5f5b805ac978723862e91fcba087eac35cbb8cd9"
  },
  {
    "oid": "c260191808f205438a2ca802428cf7084216fcfd",
    "message": "new tests for resetting to-many relations",
    "date": "2011-10-22T15:07:16Z",
    "url": "https://github.com/greenrobot/greenDAO/commit/c260191808f205438a2ca802428cf7084216fcfd"
  },
  {
    "oid": "63dee0636d50668e7774204bd9e0cf734828d924",
    "message": "testDeleteAll",
    "date": "2011-10-22T15:06:40Z",
    "url": "https://github.com/greenrobot/greenDAO/commit/63dee0636d50668e7774204bd9e0cf734828d924"
  },
  {
    "oid": "a60c0d70079144e1052ca5dec0a63e689b137807",
    "message": "testDeleteAll",
    "date": "2011-10-22T14:36:19Z",
    "url": "https://github.com/greenrobot/greenDAO/commit/a60c0d70079144e1052ca5dec0a63e689b137807"
  },
  {
    "oid": "b12ba8a06eda9080e3812112900a4a96fa32176a",
    "message": "prepared: bind to-one values without fk property",
    "date": "2011-10-22T14:36:17Z",
    "url": "https://github.com/greenrobot/greenDAO/commit/b12ba8a06eda9080e3812112900a4a96fa32176a"
  },
  {
    "oid": "d86258d657a7540effea5b918f3beea682094549",
    "message": "(not)Null tests for query builder",
    "date": "2011-10-22T14:36:13Z",
    "url": "https://github.com/greenrobot/greenDAO/commit/d86258d657a7540effea5b918f3beea682094549"
  },
  {
    "oid": "58d99f0f7fb32aadd5143ac1790d343c3081aefb",
    "message": "close cursor in tests",
    "date": "2011-10-22T14:36:01Z",
    "url": "https://github.com/greenrobot/greenDAO/commit/58d99f0f7fb32aadd5143ac1790d343c3081aefb"
  },
  {
    "oid": "c545ecdad479e2326ca1f84514b00d73c00a8cf3",
    "message": "added  in(Collection)",
    "date": "2011-10-22T14:36:00Z",
    "url": "https://github.com/greenrobot/greenDAO/commit/c545ecdad479e2326ca1f84514b00d73c00a8cf3"
  },
  {
    "oid": "2993dc4a525dcb7b0935981eb0c59be97419420a",
    "message": "minor fix",
    "date": "2011-10-22T14:35:32Z",
    "url": "https://github.com/greenrobot/greenDAO/commit/2993dc4a525dcb7b0935981eb0c59be97419420a"
  },
  {
    "oid": "99107c51478f113458441d828899f0072b496006",
    "message": "removed simple OR",
    "date": "2011-10-22T14:35:29Z",
    "url": "https://github.com/greenrobot/greenDAO/commit/99107c51478f113458441d828899f0072b496006"
  },
  {
    "oid": "8b5cb1d722aa2a14669a05220a7307088533e43f",
    "message": "import entities",
    "date": "2011-10-22T14:35:23Z",
    "url": "https://github.com/greenrobot/greenDAO/commit/8b5cb1d722aa2a14669a05220a7307088533e43f"
  },
  {
    "oid": "aa1cf1a787119fd3cea442b9734c30441cdd4a70",
    "message": "testNotEqString",
    "date": "2011-10-22T14:35:22Z",
    "url": "https://github.com/greenrobot/greenDAO/commit/aa1cf1a787119fd3cea442b9734c30441cdd4a70"
  },
  {
    "oid": "8429248d79b2b2c7f55e2682be6fa6bce3acbcbb",
    "message": "testToOneLoadDeepNull",
    "date": "2011-10-22T14:34:53Z",
    "url": "https://github.com/greenrobot/greenDAO/commit/8429248d79b2b2c7f55e2682be6fa6bce3acbcbb"
  },
  {
    "oid": "27e7ec92b709afad00808158d443d4003d1c9b37",
    "message": "added intermediate values",
    "date": "2011-10-22T14:34:48Z",
    "url": "https://github.com/greenrobot/greenDAO/commit/27e7ec92b709afad00808158d443d4003d1c9b37"
  },
  {
    "oid": "c735b2bf5ac2f57c875d22b611f19d59fe5e318c",
    "message": "simplefied build",
    "date": "2011-10-22T14:34:36Z",
    "url": "https://github.com/greenrobot/greenDAO/commit/c735b2bf5ac2f57c875d22b611f19d59fe5e318c"
  },
  {
    "oid": "1dc71106ac626a6b0564257e3308827f76401635",
    "message": "added run/callInTx",
    "date": "2011-10-22T14:34:27Z",
    "url": "https://github.com/greenrobot/greenDAO/commit/1dc71106ac626a6b0564257e3308827f76401635"
  },
  {
    "oid": "bdd5c02edcef91d4ada1574ec6b4b6dd22fc1628",
    "message": "ignore bin",
    "date": "2011-08-03T20:34:22Z",
    "url": "https://github.com/greenrobot/greenDAO/commit/bdd5c02edcef91d4ada1574ec6b4b6dd22fc1628"
  },
  {
    "oid": "54af57455c0627135c3cec365879e9d761f6a82b",
    "message": "updated performance table",
    "date": "2011-08-03T14:26:06Z",
    "url": "https://github.com/greenrobot/greenDAO/commit/54af57455c0627135c3cec365879e9d761f6a82b"
  },
  {
    "oid": "15ead713b11e6ebf39e6b819799629d33da9e1f8",
    "message": "Collected performance data: greenDAO vs. ORMLite",
    "date": "2011-08-02T13:37:50Z",
    "url": "https://github.com/greenrobot/greenDAO/commit/15ead713b11e6ebf39e6b819799629d33da9e1f8"
  },
  {
    "oid": "486ab71119f56667659c62e6568e5f0623db25f8",
    "message": "minor",
    "date": "2011-08-01T18:21:07Z",
    "url": "https://github.com/greenrobot/greenDAO/commit/486ab71119f56667659c62e6568e5f0623db25f8"
  },
  {
    "oid": "86cfd1fbcb6783b6aaac656d315d92fa39912388",
    "message": "nullable update tests",
    "date": "2011-08-01T17:35:46Z",
    "url": "https://github.com/greenrobot/greenDAO/commit/86cfd1fbcb6783b6aaac656d315d92fa39912388"
  },
  {
    "oid": "09fdfaa5b8ef33f85ba2dcc9f66e3e6ba9438f91",
    "message": "minor",
    "date": "2011-08-01T14:43:11Z",
    "url": "https://github.com/greenrobot/greenDAO/commit/09fdfaa5b8ef33f85ba2dcc9f66e3e6ba9438f91"
  },
  {
    "oid": "7afaf83da75ed498e948b7ace6b8bad60b39e558",
    "message": "docs",
    "date": "2011-07-29T20:10:29Z",
    "url": "https://github.com/greenrobot/greenDAO/commit/7afaf83da75ed498e948b7ace6b8bad60b39e558"
  },
  {
    "oid": "87f192d67508dc9c5c0adb2f8ff7f83c0fdbe604",
    "message": "docs, etc",
    "date": "2011-07-29T13:58:45Z",
    "url": "https://github.com/greenrobot/greenDAO/commit/87f192d67508dc9c5c0adb2f8ff7f83c0fdbe604"
  },
  {
    "oid": "213653e4769237d37afb1e930d7a1e182ab5d2c9",
    "message": "stripped down because of AbstractDao",
    "date": "2011-07-29T09:13:13Z",
    "url": "https://github.com/greenrobot/greenDAO/commit/213653e4769237d37afb1e930d7a1e182ab5d2c9"
  }
]