[
  {
    "oid": "0194926b3bcf70cc0d7bfd3c5da16708dd5ab876",
    "message": "CI: use temurin for JDK, update checkout and setup-java to v3.",
    "date": "2022-07-11T08:00:08Z",
    "url": "https://github.com/greenrobot/EventBus/commit/0194926b3bcf70cc0d7bfd3c5da16708dd5ab876"
  },
  {
    "oid": "842a4a312c4ea1592bd7067a00495eebe129c078",
    "message": "fix typo",
    "date": "2022-01-25T07:53:40Z",
    "url": "https://github.com/greenrobot/EventBus/commit/842a4a312c4ea1592bd7067a00495eebe129c078"
  },
  {
    "oid": "a74cdf0a5c96359b8d10e129740e33d90504f43a",
    "message": "Document MAIN_ORDERED behavior if not Android.",
    "date": "2022-01-25T07:44:41Z",
    "url": "https://github.com/greenrobot/EventBus/commit/a74cdf0a5c96359b8d10e129740e33d90504f43a"
  },
  {
    "oid": "6f939ca40a9691f0e12e3facff4bb4f0377aeae1",
    "message": "README: fix subscriber method snippet.",
    "date": "2021-12-13T11:53:39Z",
    "url": "https://github.com/greenrobot/EventBus/commit/6f939ca40a9691f0e12e3facff4bb4f0377aeae1"
  },
  {
    "oid": "eba6809508855cf061437ecae168688eb7259982",
    "message": "Make EventBusPerformance build again (project outdated though)\n\nUse Java 8 features.",
    "date": "2021-12-08T09:12:43Z",
    "url": "https://github.com/greenrobot/EventBus/commit/eba6809508855cf061437ecae168688eb7259982"
  },
  {
    "oid": "60c4b78837b933435f3d22e92690a8812b505ef5",
    "message": "AsyncExecutor: use lambda.",
    "date": "2021-12-08T08:37:29Z",
    "url": "https://github.com/greenrobot/EventBus/commit/60c4b78837b933435f3d22e92690a8812b505ef5"
  },
  {
    "oid": "9f4d2ec6fa878afd94cc5c1751a439facff0c58a",
    "message": "Fix ProGuard rules to keep default failure event class constructor.",
    "date": "2021-12-08T08:36:41Z",
    "url": "https://github.com/greenrobot/EventBus/commit/9f4d2ec6fa878afd94cc5c1751a439facff0c58a"
  },
  {
    "oid": "f588193f2d4410c90e148fa7fe8f2767c0993023",
    "message": "README: update build badge, license year.",
    "date": "2021-12-06T14:13:58Z",
    "url": "https://github.com/greenrobot/EventBus/commit/f588193f2d4410c90e148fa7fe8f2767c0993023"
  },
  {
    "oid": "5fa535537bb121180456b618f91a5de515f775a4",
    "message": "Link instructions for stable version.",
    "date": "2021-12-06T07:31:28Z",
    "url": "https://github.com/greenrobot/EventBus/commit/5fa535537bb121180456b618f91a5de515f775a4"
  },
  {
    "oid": "d4bfdd52a7c8a9ae9ab7f53a04e8471ca3c8c363",
    "message": "README: use snapshot version to indicate instructions require next version.",
    "date": "2021-11-30T13:41:19Z",
    "url": "https://github.com/greenrobot/EventBus/commit/d4bfdd52a7c8a9ae9ab7f53a04e8471ca3c8c363"
  },
  {
    "oid": "b95c914c870dcef4df04780ba24464ceedd4f579",
    "message": "GitHub Actions: use built-in cache support from setup-java task.",
    "date": "2021-11-30T12:39:20Z",
    "url": "https://github.com/greenrobot/EventBus/commit/b95c914c870dcef4df04780ba24464ceedd4f579"
  },
  {
    "oid": "846e6656b828fde0c697c5c4df0b05ed1a4ef516",
    "message": "Drop AndroidComponentsAvailabilityOnJavaTest, ensured implicitly by other tests.\n\nIf other tests would use any Android API on JVM, they would crash.",
    "date": "2021-07-13T12:47:24Z",
    "url": "https://github.com/greenrobot/EventBus/commit/846e6656b828fde0c697c5c4df0b05ed1a4ef516"
  },
  {
    "oid": "ee34ff6b3b590a848223bfd9e9e075fd1bfd49b1",
    "message": "Add README for Android library.",
    "date": "2021-07-13T12:44:51Z",
    "url": "https://github.com/greenrobot/EventBus/commit/ee34ff6b3b590a848223bfd9e9e075fd1bfd49b1"
  },
  {
    "oid": "2d6910e13eb5f0dda3818611098b7bfd0f1b1c61",
    "message": "Update README",
    "date": "2021-07-13T12:33:10Z",
    "url": "https://github.com/greenrobot/EventBus/commit/2d6910e13eb5f0dda3818611098b7bfd0f1b1c61"
  },
  {
    "oid": "ece8c276957a99accb2d4000dc8b24e9b392c1e8",
    "message": "Publishing: add license back to POM.",
    "date": "2021-07-13T12:31:21Z",
    "url": "https://github.com/greenrobot/EventBus/commit/ece8c276957a99accb2d4000dc8b24e9b392c1e8"
  },
  {
    "oid": "8980e2d12e7ba6ac68e80ad17800a2b1e87d308e",
    "message": "Regression: Remove added suppression.",
    "date": "2021-06-29T12:14:09Z",
    "url": "https://github.com/greenrobot/EventBus/commit/8980e2d12e7ba6ac68e80ad17800a2b1e87d308e"
  },
  {
    "oid": "e573ffa2b1877398ca95a32f53a1c45363852bc7",
    "message": "Regression: correctly check for Android main thread.",
    "date": "2021-06-29T12:05:13Z",
    "url": "https://github.com/greenrobot/EventBus/commit/e573ffa2b1877398ca95a32f53a1c45363852bc7"
  },
  {
    "oid": "45352be3f13374f545679f1f3d793e0e0a3e16f4",
    "message": "Re-add deprecated test classes for Android.",
    "date": "2021-06-22T13:45:24Z",
    "url": "https://github.com/greenrobot/EventBus/commit/45352be3f13374f545679f1f3d793e0e0a3e16f4"
  },
  {
    "oid": "a110323585e69993db306f8e1bbbadc02d09e9df",
    "message": "Make eventbus-java an exposed dependency of eventbus.",
    "date": "2021-06-22T12:34:16Z",
    "url": "https://github.com/greenrobot/EventBus/commit/a110323585e69993db306f8e1bbbadc02d09e9df"
  },
  {
    "oid": "1d995077d0b620a6aae9c60a8b96443113752305",
    "message": "README.md: add recommendation to use subscriber index",
    "date": "2020-02-11T09:52:09Z",
    "url": "https://github.com/greenrobot/EventBus/commit/1d995077d0b620a6aae9c60a8b96443113752305"
  },
  {
    "oid": "34a1537af7364cec9444a24431c566d434d4d0b8",
    "message": "Class.getMethods() failures: provide better info and use EventBusException instead of LinkageError",
    "date": "2020-02-04T16:04:52Z",
    "url": "https://github.com/greenrobot/EventBus/commit/34a1537af7364cec9444a24431c566d434d4d0b8"
  },
  {
    "oid": "bb5b149b556a6f295c3bad597a66edf83c2e73eb",
    "message": "Provide additional info if Class.getMethods() fails",
    "date": "2020-02-04T14:23:39Z",
    "url": "https://github.com/greenrobot/EventBus/commit/bb5b149b556a6f295c3bad597a66edf83c2e73eb"
  },
  {
    "oid": "62abc54dec3bf3e1f8d2badc4752f61ff05e8eb3",
    "message": "Skip also androidx.* super classes",
    "date": "2020-02-04T14:22:36Z",
    "url": "https://github.com/greenrobot/EventBus/commit/62abc54dec3bf3e1f8d2badc4752f61ff05e8eb3"
  },
  {
    "oid": "9fed85f8243067dd66dda3f99038c0fcb82c52e0",
    "message": "README: link to examples.",
    "date": "2020-01-21T07:16:04Z",
    "url": "https://github.com/greenrobot/EventBus/commit/9fed85f8243067dd66dda3f99038c0fcb82c52e0"
  },
  {
    "oid": "2836c11108eb383a185167457a74e31a1f206eb5",
    "message": "Merge pull request #629 from greenrobot/readme-updates\n\nReadme updates",
    "date": "2020-01-21T07:13:49Z",
    "url": "https://github.com/greenrobot/EventBus/commit/2836c11108eb383a185167457a74e31a1f206eb5"
  },
  {
    "oid": "0e0dc21bf3e6c8ba2d96b5cf2fb5c25406981c15",
    "message": "README: update links (TLS).",
    "date": "2020-01-21T07:13:06Z",
    "url": "https://github.com/greenrobot/EventBus/commit/0e0dc21bf3e6c8ba2d96b5cf2fb5c25406981c15"
  },
  {
    "oid": "5778314e0168c6fb2983c03dceadf4064b94278e",
    "message": "README: drop broken Central JAR link.",
    "date": "2020-01-21T07:08:23Z",
    "url": "https://github.com/greenrobot/EventBus/commit/5778314e0168c6fb2983c03dceadf4064b94278e"
  },
  {
    "oid": "2a9310ef7319238b106302ea70ccc2a208aff2c7",
    "message": "README: add R8 rules.",
    "date": "2020-01-21T07:05:06Z",
    "url": "https://github.com/greenrobot/EventBus/commit/2a9310ef7319238b106302ea70ccc2a208aff2c7"
  },
  {
    "oid": "ffeff4d6c92d9d19a13ff51c86ef4c4a42d7b043",
    "message": "Travis: add caching.",
    "date": "2019-11-19T14:48:43Z",
    "url": "https://github.com/greenrobot/EventBus/commit/ffeff4d6c92d9d19a13ff51c86ef4c4a42d7b043"
  },
  {
    "oid": "7e363a6bc9ff7a9d242cec24da13db4932ff9042",
    "message": "EventBusPerformance: target SDK 26.",
    "date": "2019-11-19T14:41:11Z",
    "url": "https://github.com/greenrobot/EventBus/commit/7e363a6bc9ff7a9d242cec24da13db4932ff9042"
  },
  {
    "oid": "06be33d5915da55ac3f10da00efc151f15f04f2e",
    "message": "Update Travis config.",
    "date": "2019-11-19T14:35:57Z",
    "url": "https://github.com/greenrobot/EventBus/commit/06be33d5915da55ac3f10da00efc151f15f04f2e"
  },
  {
    "oid": "7a993aed191d24aac84077f04f9ba2783ca77996",
    "message": "Drop apt plugin, use Gradle annotationProcessor instead.",
    "date": "2019-11-19T13:43:31Z",
    "url": "https://github.com/greenrobot/EventBus/commit/7a993aed191d24aac84077f04f9ba2783ca77996"
  },
  {
    "oid": "2e7c0461106a3c261859579ec6fdcb5353ed31a4",
    "message": "README: drop Google+ link.",
    "date": "2019-03-12T10:52:00Z",
    "url": "https://github.com/greenrobot/EventBus/commit/2e7c0461106a3c261859579ec6fdcb5353ed31a4"
  },
  {
    "oid": "d52a0de2acc545a1c6cf94c43fee70cb9b059378",
    "message": "README: use new dependency config, update Central search link.",
    "date": "2018-08-27T12:59:20Z",
    "url": "https://github.com/greenrobot/EventBus/commit/d52a0de2acc545a1c6cf94c43fee70cb9b059378"
  },
  {
    "oid": "3670d97835f15d0966e29fb8f52785ca3e87c2af",
    "message": "over-engineering getDefault() (aka item 71 effective Java, 2nd ed.)",
    "date": "2017-12-11T20:02:25Z",
    "url": "https://github.com/greenrobot/EventBus/commit/3670d97835f15d0966e29fb8f52785ca3e87c2af"
  },
  {
    "oid": "5428a2b095d83012663dfa0629f81f925c156d6d",
    "message": "Actually use same build tools version as Travis (26.0.3).",
    "date": "2017-11-14T12:02:49Z",
    "url": "https://github.com/greenrobot/EventBus/commit/5428a2b095d83012663dfa0629f81f925c156d6d"
  },
  {
    "oid": "66fbde49d58670f7b46ff010da22d01e3c4d5b72",
    "message": "Add index tests for MAIN vs MAIN_ORDERED behavior.",
    "date": "2017-11-13T13:45:55Z",
    "url": "https://github.com/greenrobot/EventBus/commit/66fbde49d58670f7b46ff010da22d01e3c4d5b72"
  },
  {
    "oid": "761731122af864fc4b925e926a6827510a7f07c0",
    "message": "README.md: set gradle dependency to 3.1.1",
    "date": "2017-11-07T16:06:03Z",
    "url": "https://github.com/greenrobot/EventBus/commit/761731122af864fc4b925e926a6827510a7f07c0"
  },
  {
    "oid": "fb0e64c249dc97a3820daa894a44f84a7d4a8cd4",
    "message": "README.md: updated links, added survey link",
    "date": "2017-11-06T14:08:02Z",
    "url": "https://github.com/greenrobot/EventBus/commit/fb0e64c249dc97a3820daa894a44f84a7d4a8cd4"
  },
  {
    "oid": "947f94b23bf1d3be225b44299bf0403406e5ac85",
    "message": "EventBusTest: Update testing support library to 1.0.1.\n\n- Requires minSdk 9 (was 8), Google repo.",
    "date": "2017-10-17T09:10:56Z",
    "url": "https://github.com/greenrobot/EventBus/commit/947f94b23bf1d3be225b44299bf0403406e5ac85"
  },
  {
    "oid": "0be66fb1b12c480a3247992febe0a9ea52a193c8",
    "message": "Do not crash if using MAIN_ORDERED on non-Android.\n\nTemporarily just directly invoke the subscriber if no main thread poster\nis available. Technically this breaks the promised decoupling of poster\nand subscriber.",
    "date": "2017-09-19T09:11:37Z",
    "url": "https://github.com/greenrobot/EventBus/commit/0be66fb1b12c480a3247992febe0a9ea52a193c8"
  },
  {
    "oid": "618a4f17f13751539c0879ca79d7f534631fdd99",
    "message": "Fix regression: test fails if poster set-up out of method.\n\nNot sure why, but event is not received if background poster is set up\nusing field. Setting up inside test method works fine. Also works fine\nin EventBusAndroidOrderTest.",
    "date": "2017-09-19T09:07:12Z",
    "url": "https://github.com/greenrobot/EventBus/commit/618a4f17f13751539c0879ca79d7f534631fdd99"
  },
  {
    "oid": "a10111767ebd9f6b268c54a8d11551bdeb3d5ef1",
    "message": "Support logging exceptions in AbstractEventBusTest.",
    "date": "2017-09-18T12:44:35Z",
    "url": "https://github.com/greenrobot/EventBus/commit/a10111767ebd9f6b268c54a8d11551bdeb3d5ef1"
  },
  {
    "oid": "88f2173a854c275d2b4fd14ed07f0626388a03b0",
    "message": "Add note about Java apt plugin.",
    "date": "2017-09-18T12:15:22Z",
    "url": "https://github.com/greenrobot/EventBus/commit/88f2173a854c275d2b4fd14ed07f0626388a03b0"
  },
  {
    "oid": "38b127c8d060c9ff6d88af3c49e12287f7028e7e",
    "message": "updated README.md for 3.1.0-RC",
    "date": "2017-09-16T14:40:56Z",
    "url": "https://github.com/greenrobot/EventBus/commit/38b127c8d060c9ff6d88af3c49e12287f7028e7e"
  },
  {
    "oid": "a6ab96c329c770cc1f147ac49a6c15f086d74d46",
    "message": "eventbus 3.1.0-RC",
    "date": "2017-09-16T14:40:01Z",
    "url": "https://github.com/greenrobot/EventBus/commit/a6ab96c329c770cc1f147ac49a6c15f086d74d46"
  },
  {
    "oid": "e9cad5b25083aa97d7951e35bbefb039afba8e6c",
    "message": "compileSdkVersion 25 for perf app",
    "date": "2017-09-16T13:43:54Z",
    "url": "https://github.com/greenrobot/EventBus/commit/e9cad5b25083aa97d7951e35bbefb039afba8e6c"
  },
  {
    "oid": "d72244a73fa282fa9046d0003ac28e01799dd257",
    "message": "V3.1.0-SNAPSHOT",
    "date": "2017-09-16T13:40:03Z",
    "url": "https://github.com/greenrobot/EventBus/commit/d72244a73fa282fa9046d0003ac28e01799dd257"
  },
  {
    "oid": "6dbbd767bb1fc754f76ba682709a567d9975ddc0",
    "message": "Gradle does not pick up tests in src dir, so help Gradle with a suite",
    "date": "2017-09-16T13:06:14Z",
    "url": "https://github.com/greenrobot/EventBus/commit/6dbbd767bb1fc754f76ba682709a567d9975ddc0"
  },
  {
    "oid": "27fc5fd4039300916a504150585a981760058188",
    "message": "Merge remote-tracking branch 'github/fix-empty-test-suite' into plain-java-new",
    "date": "2017-09-16T11:47:10Z",
    "url": "https://github.com/greenrobot/EventBus/commit/27fc5fd4039300916a504150585a981760058188"
  },
  {
    "oid": "6d9e15d8b17d71666be3a88eac15530b47245663",
    "message": "remove AsyncExecutor.buildForActivityScope",
    "date": "2017-09-16T10:54:43Z",
    "url": "https://github.com/greenrobot/EventBus/commit/6d9e15d8b17d71666be3a88eac15530b47245663"
  },
  {
    "oid": "e4f7ea1d27b691ca0a08434c249483017d9a0cc2",
    "message": "SystemOutLogger etc.",
    "date": "2017-09-16T10:54:43Z",
    "url": "https://github.com/greenrobot/EventBus/commit/e4f7ea1d27b691ca0a08434c249483017d9a0cc2"
  },
  {
    "oid": "b034e2c0ecf9e07013a559d1f57c229dc0ea66ff",
    "message": "remove DEFAULT_LOGGER, map level based on intValue",
    "date": "2017-09-16T10:54:43Z",
    "url": "https://github.com/greenrobot/EventBus/commit/b034e2c0ecf9e07013a559d1f57c229dc0ea66ff"
  },
  {
    "oid": "5b3a8c47eb2f75a8b563ad7abe1aef1d7a349347",
    "message": "simplified Logger to use java.util.logging.Level",
    "date": "2017-09-16T10:54:43Z",
    "url": "https://github.com/greenrobot/EventBus/commit/5b3a8c47eb2f75a8b563ad7abe1aef1d7a349347"
  },
  {
    "oid": "2c01ac0225ad31f1c28a274e1f48dd965f78ce44",
    "message": "prepared Logger, probably too many methods",
    "date": "2017-09-16T10:54:43Z",
    "url": "https://github.com/greenrobot/EventBus/commit/2c01ac0225ad31f1c28a274e1f48dd965f78ce44"
  },
  {
    "oid": "adda90cf11406785487b414433beb43e7d5a17c9",
    "message": "Fix empty test suite error for EventBusTest module.\n\n- Closes https://github.com/greenrobot/EventBus/issues/439\n- Remove outdated instrumentation tags from AndroidManifest.xml to stop overriding build.gradle config. Make sure to remove existing run configurations, sync your project, then right click class/method to run test.",
    "date": "2017-06-19T05:44:45Z",
    "url": "https://github.com/greenrobot/EventBus/commit/adda90cf11406785487b414433beb43e7d5a17c9"
  },
  {
    "oid": "88f3149112096e741cfefeac5e4245228da036e0",
    "message": "Simplify add instructions, quick-link to ProGuard docs.",
    "date": "2017-06-12T06:02:33Z",
    "url": "https://github.com/greenrobot/EventBus/commit/88f3149112096e741cfefeac5e4245228da036e0"
  },
  {
    "oid": "16b043a11fc1afd59abba102f20bc2ba826f0cf2",
    "message": "Travis only lint error in test: abortOnError false for now",
    "date": "2017-04-10T11:30:28Z",
    "url": "https://github.com/greenrobot/EventBus/commit/16b043a11fc1afd59abba102f20bc2ba826f0cf2"
  },
  {
    "oid": "18729a7df8959c1edc1c05bad8a0809d58c5c652",
    "message": "show test lint problems in 'stdout' - debug an travis issue",
    "date": "2017-04-10T11:16:41Z",
    "url": "https://github.com/greenrobot/EventBus/commit/18729a7df8959c1edc1c05bad8a0809d58c5c652"
  },
  {
    "oid": "60c5d3d0b465cb5708378767e21d01d1485da9e7",
    "message": "buildToolsVersion 25.0.2 also for test",
    "date": "2017-04-10T10:55:44Z",
    "url": "https://github.com/greenrobot/EventBus/commit/60c5d3d0b465cb5708378767e21d01d1485da9e7"
  },
  {
    "oid": "48ad4b924fda081930031bc33d757fe85ef00425",
    "message": "travis: added android-25",
    "date": "2017-04-10T09:16:20Z",
    "url": "https://github.com/greenrobot/EventBus/commit/48ad4b924fda081930031bc33d757fe85ef00425"
  },
  {
    "oid": "9d96410c6550bba9b9d49983a94b39f287382ff6",
    "message": "travis: switch to Java 8",
    "date": "2017-04-10T09:00:20Z",
    "url": "https://github.com/greenrobot/EventBus/commit/9d96410c6550bba9b9d49983a94b39f287382ff6"
  },
  {
    "oid": "d47baf2208e1e7a70d57dc4bfa9fa6507d9a13e1",
    "message": "fix lint error: Multi-catch with these reflection exceptions requires API level 19 (current min is 7)",
    "date": "2017-04-10T08:48:03Z",
    "url": "https://github.com/greenrobot/EventBus/commit/d47baf2208e1e7a70d57dc4bfa9fa6507d9a13e1"
  },
  {
    "oid": "7fddba86c1b79157c879cd523fdb8c389c72a7ec",
    "message": "Fix formatting, rename example method.\n\n- Markup is great, or is it?",
    "date": "2016-10-17T08:40:37Z",
    "url": "https://github.com/greenrobot/EventBus/commit/7fddba86c1b79157c879cd523fdb8c389c72a7ec"
  },
  {
    "oid": "8bfdfe8dd2840393b260c93df3bf2bcc664dfe9d",
    "message": "Line-up quick-steps with getting started guide.\n\n- Hopefully this will make it easier to use EventBus correctly and avoid support requests.",
    "date": "2016-10-17T07:58:42Z",
    "url": "https://github.com/greenrobot/EventBus/commit/8bfdfe8dd2840393b260c93df3bf2bcc664dfe9d"
  },
  {
    "oid": "fd2c5715be0081ab52305c7484f26831d538230f",
    "message": "Update README.md",
    "date": "2016-08-16T19:55:52Z",
    "url": "https://github.com/greenrobot/EventBus/commit/fd2c5715be0081ab52305c7484f26831d538230f"
  },
  {
    "oid": "66ead834bdd2a2ab486681fbb71265ea0ebf2b21",
    "message": "Merge pull request #330 from HeinrichReimer/patch-1\n\nFixed code highlighting",
    "date": "2016-07-14T18:01:03Z",
    "url": "https://github.com/greenrobot/EventBus/commit/66ead834bdd2a2ab486681fbb71265ea0ebf2b21"
  },
  {
    "oid": "041928c5aabcd53aaed29c1751dcbae7b3480ab4",
    "message": "Fixed code highlighting",
    "date": "2016-07-14T16:42:57Z",
    "url": "https://github.com/greenrobot/EventBus/commit/041928c5aabcd53aaed29c1751dcbae7b3480ab4"
  },
  {
    "oid": "513f466fee9eec849d4c6a900b7fc1bf6bdc8fba",
    "message": "minor changes to CONTRIBUTING.md",
    "date": "2016-02-12T16:05:59Z",
    "url": "https://github.com/greenrobot/EventBus/commit/513f466fee9eec849d4c6a900b7fc1bf6bdc8fba"
  },
  {
    "oid": "f1028bf9bf8b2bbd11acbf853a15df0543637cc9",
    "message": "eventbus-annotation-processor 3.0.1",
    "date": "2016-02-10T20:52:43Z",
    "url": "https://github.com/greenrobot/EventBus/commit/f1028bf9bf8b2bbd11acbf853a15df0543637cc9"
  },
  {
    "oid": "db043167c46b4fd07e5e0013d6bc68f218534c55",
    "message": "EventBusAnnotationProcessor:  uses upper bound type for generic event classes (#249), added verbose option",
    "date": "2016-02-10T17:37:45Z",
    "url": "https://github.com/greenrobot/EventBus/commit/db043167c46b4fd07e5e0013d6bc68f218534c55"
  },
  {
    "oid": "4395b6612d44c4450742725162b9ae5956c23027",
    "message": "travis: adding extra-android-m2repository component",
    "date": "2016-02-04T20:53:11Z",
    "url": "https://github.com/greenrobot/EventBus/commit/4395b6612d44c4450742725162b9ae5956c23027"
  },
  {
    "oid": "dc11a2d7b1a85da5bb372633929f1b273eb469d2",
    "message": "travis: adding tools component",
    "date": "2016-02-04T20:42:24Z",
    "url": "https://github.com/greenrobot/EventBus/commit/dc11a2d7b1a85da5bb372633929f1b273eb469d2"
  },
  {
    "oid": "8cba55264db6dd13d4aca72bb3cf360e3779eeea",
    "message": "Updated readme",
    "date": "2016-02-03T20:51:09Z",
    "url": "https://github.com/greenrobot/EventBus/commit/8cba55264db6dd13d4aca72bb3cf360e3779eeea"
  },
  {
    "oid": "5871bd9c05e81e01ba6752cc3feaa9b2042cda4b",
    "message": "added testManualIndexWithoutAnnotation",
    "date": "2016-02-01T08:10:31Z",
    "url": "https://github.com/greenrobot/EventBus/commit/5871bd9c05e81e01ba6752cc3feaa9b2042cda4b"
  },
  {
    "oid": "6372ee9bdf133fa50a92985b055170bc9e02ff21",
    "message": "allow package protected classes along with index",
    "date": "2016-01-27T07:20:28Z",
    "url": "https://github.com/greenrobot/EventBus/commit/6372ee9bdf133fa50a92985b055170bc9e02ff21"
  },
  {
    "oid": "e96bb42a93edcd8ac2cf45c35015b0d540d8afa1",
    "message": "annotation processor: removed now unused methods getNextValue and createInfoFiles",
    "date": "2016-01-25T17:08:18Z",
    "url": "https://github.com/greenrobot/EventBus/commit/e96bb42a93edcd8ac2cf45c35015b0d540d8afa1"
  },
  {
    "oid": "ff681e83c8fde9ef9d10a683a2137db3d0fabe33",
    "message": "annotation processor only generates a single index class (at least for now)",
    "date": "2016-01-25T17:05:18Z",
    "url": "https://github.com/greenrobot/EventBus/commit/ff681e83c8fde9ef9d10a683a2137db3d0fabe33"
  },
  {
    "oid": "030a852dd3a558f398af9b87ff745503c90751c9",
    "message": "prepare CHANGELOG.md for version 3",
    "date": "2015-12-16T08:17:18Z",
    "url": "https://github.com/greenrobot/EventBus/commit/030a852dd3a558f398af9b87ff745503c90751c9"
  },
  {
    "oid": "2976f4824b1a45bdd18ca6f090d5e39409775e8e",
    "message": "removed survey link",
    "date": "2015-12-08T21:01:25Z",
    "url": "https://github.com/greenrobot/EventBus/commit/2976f4824b1a45bdd18ca6f090d5e39409775e8e"
  },
  {
    "oid": "880c0aea35bea562b6f99c1191e8a15149c89cfd",
    "message": "formatting improvements",
    "date": "2015-12-04T21:03:06Z",
    "url": "https://github.com/greenrobot/EventBus/commit/880c0aea35bea562b6f99c1191e8a15149c89cfd"
  },
  {
    "oid": "07969b2029d2499ae1d5eb575a047f7ff7b66af6",
    "message": "index setup code generation",
    "date": "2015-12-04T19:03:09Z",
    "url": "https://github.com/greenrobot/EventBus/commit/07969b2029d2499ae1d5eb575a047f7ff7b66af6"
  },
  {
    "oid": "808a4ef847d31c516c9ed692bd0c4506890decad",
    "message": "minor",
    "date": "2015-12-04T13:51:01Z",
    "url": "https://github.com/greenrobot/EventBus/commit/808a4ef847d31c516c9ed692bd0c4506890decad"
  },
  {
    "oid": "d6229b1598d8b989cf4422bf861dbffdfa64fb25",
    "message": "minor typo",
    "date": "2015-12-04T12:20:10Z",
    "url": "https://github.com/greenrobot/EventBus/commit/d6229b1598d8b989cf4422bf861dbffdfa64fb25"
  },
  {
    "oid": "637b27a89f754d1888c9a9c75f54319cf71eb064",
    "message": "prevent the compiler from introducing a new StringBuilder",
    "date": "2015-12-04T12:19:37Z",
    "url": "https://github.com/greenrobot/EventBus/commit/637b27a89f754d1888c9a9c75f54319cf71eb064"
  },
  {
    "oid": "c7b43c7d78bc1d41f83a16662df5dd3ef94ba020",
    "message": "removed anonymous class detection (will fallback to reflection anyway)",
    "date": "2015-12-04T11:39:14Z",
    "url": "https://github.com/greenrobot/EventBus/commit/c7b43c7d78bc1d41f83a16662df5dd3ef94ba020"
  },
  {
    "oid": "b8dc2f648f85e97cea9ebe13975b245883941aa3",
    "message": "fixed synchronization (introduced in 7952c05234bb845552599fe86148112eb2bcf20c - annotation branch only), minor clean up",
    "date": "2015-12-04T11:30:46Z",
    "url": "https://github.com/greenrobot/EventBus/commit/b8dc2f648f85e97cea9ebe13975b245883941aa3"
  },
  {
    "oid": "0a013ffcc55a96e8a5ce4d2ac862b33cf5e2cc00",
    "message": "some generic diamonds, minor",
    "date": "2015-12-04T11:05:20Z",
    "url": "https://github.com/greenrobot/EventBus/commit/0a013ffcc55a96e8a5ce4d2ac862b33cf5e2cc00"
  },
  {
    "oid": "254a27f411c374005f6b22de5d71d27dd60fb6ce",
    "message": "make METHOD_CACHE a ConcurrentHashMap",
    "date": "2015-12-04T10:59:19Z",
    "url": "https://github.com/greenrobot/EventBus/commit/254a27f411c374005f6b22de5d71d27dd60fb6ce"
  },
  {
    "oid": "d3e87d825422d4e3e24ce1ca28e1c4638fa61cd6",
    "message": "fix cutting the package for getClassString",
    "date": "2015-12-04T09:23:07Z",
    "url": "https://github.com/greenrobot/EventBus/commit/d3e87d825422d4e3e24ce1ca28e1c4638fa61cd6"
  },
  {
    "oid": "966fa3ef5149db72f478be37509e489c0bfbf742",
    "message": "update test to android-apt 1.8",
    "date": "2015-12-04T09:20:30Z",
    "url": "https://github.com/greenrobot/EventBus/commit/966fa3ef5149db72f478be37509e489c0bfbf742"
  },
  {
    "oid": "75543c42e087cf9c92ae71ffe38f7040494c6ea3",
    "message": "checkAdd optimization: added faster 1st level check",
    "date": "2015-12-03T17:23:38Z",
    "url": "https://github.com/greenrobot/EventBus/commit/75543c42e087cf9c92ae71ffe38f7040494c6ea3"
  },
  {
    "oid": "ec8a1c2742cdb9f5c01a1d654c9a67a73ebc9dad",
    "message": "methodCache uses Class as key type",
    "date": "2015-12-02T20:32:01Z",
    "url": "https://github.com/greenrobot/EventBus/commit/ec8a1c2742cdb9f5c01a1d654c9a67a73ebc9dad"
  },
  {
    "oid": "562e9fa3478760fd212a56c8472003eeb633bf86",
    "message": "Merge branch 'master' into annotations\n\nConflicts:\n\tEventBus/src/de/greenrobot/event/SubscriberMethodFinder.java\n\tEventBusTest/src/de/greenrobot/event/test/EventBusStickyEventTest.java",
    "date": "2015-12-02T20:29:46Z",
    "url": "https://github.com/greenrobot/EventBus/commit/562e9fa3478760fd212a56c8472003eeb633bf86"
  },
  {
    "oid": "af056ad10958ddff921e43442bee187396754ff5",
    "message": "methodCache uses Class as key type",
    "date": "2015-12-02T20:27:53Z",
    "url": "https://github.com/greenrobot/EventBus/commit/af056ad10958ddff921e43442bee187396754ff5"
  },
  {
    "oid": "365d4b68a7683fec8d33e4516394b4944be2f9fe",
    "message": "ClassMapPerfTest  to verify testHashMapClassObject is fastest",
    "date": "2015-12-02T20:25:04Z",
    "url": "https://github.com/greenrobot/EventBus/commit/365d4b68a7683fec8d33e4516394b4944be2f9fe"
  },
  {
    "oid": "4e42ed943050cab8b71e0765e0e37c9df142b4a1",
    "message": "realistic initial capacity for methodKeyBuilder",
    "date": "2015-12-02T19:33:30Z",
    "url": "https://github.com/greenrobot/EventBus/commit/4e42ed943050cab8b71e0765e0e37c9df142b4a1"
  },
  {
    "oid": "6fced7ef7d50c02a4a6a3f174b6426c931a5b5c6",
    "message": "added FIND_STATE_POOL",
    "date": "2015-11-27T21:05:06Z",
    "url": "https://github.com/greenrobot/EventBus/commit/6fced7ef7d50c02a4a6a3f174b6426c931a5b5c6"
  },
  {
    "oid": "db56e6e41250c1e35d788d37acb85f20841dbd30",
    "message": "SubscriberInfo clean up",
    "date": "2015-11-27T20:25:26Z",
    "url": "https://github.com/greenrobot/EventBus/commit/db56e6e41250c1e35d788d37acb85f20841dbd30"
  },
  {
    "oid": "0c289c664ff30f3412d3d2edf78766a1eadb9f08",
    "message": "minor improvements for generated info classes",
    "date": "2015-11-27T20:19:42Z",
    "url": "https://github.com/greenrobot/EventBus/commit/0c289c664ff30f3412d3d2edf78766a1eadb9f08"
  },
  {
    "oid": "a6627316b57096ecf540851792ee5a3b43d309f9",
    "message": "fix for EventBusMainThreadTest.BackgroundPoster",
    "date": "2015-11-25T19:38:21Z",
    "url": "https://github.com/greenrobot/EventBus/commit/a6627316b57096ecf540851792ee5a3b43d309f9"
  },
  {
    "oid": "e39575bec9854ef777401c4dd19c7a87b0d02ded",
    "message": "removed th.printStackTrace() left over",
    "date": "2015-11-20T16:46:06Z",
    "url": "https://github.com/greenrobot/EventBus/commit/e39575bec9854ef777401c4dd19c7a87b0d02ded"
  },
  {
    "oid": "a589500ed41289c360683ec036df17d7817fe67b",
    "message": "added testPostStickyTwoSubscribers",
    "date": "2015-11-20T16:32:12Z",
    "url": "https://github.com/greenrobot/EventBus/commit/a589500ed41289c360683ec036df17d7817fe67b"
  },
  {
    "oid": "d0e4303b32b36c265b3e8550cb1e7f3f2bdfb3f6",
    "message": "added testPostStickyTwoSubscribers",
    "date": "2015-11-20T16:26:37Z",
    "url": "https://github.com/greenrobot/EventBus/commit/d0e4303b32b36c265b3e8550cb1e7f3f2bdfb3f6"
  },
  {
    "oid": "4cf3f4c040860d32cf82d30af35583d6afb28e9c",
    "message": "faster unit test: testUnregisterNotLeaking should only iterate heapMBytes * 2",
    "date": "2015-11-19T21:56:18Z",
    "url": "https://github.com/greenrobot/EventBus/commit/4cf3f4c040860d32cf82d30af35583d6afb28e9c"
  },
  {
    "oid": "8c765a88096121bc835a824e50e6684bd689d2ef",
    "message": "Workaround for java.lang.NoClassDefFoundError, see https://github.com/greenrobot/EventBus/issues/149 - adapted be04a2de66981e819f40afd389e417e98c94c7da from master to annotation based version",
    "date": "2015-11-19T21:31:13Z",
    "url": "https://github.com/greenrobot/EventBus/commit/8c765a88096121bc835a824e50e6684bd689d2ef"
  },
  {
    "oid": "9efffe13f2ffc68fb3deca09b9d2934ba91635f3",
    "message": "fixed getting SubscriberInfo for super class(es)",
    "date": "2015-11-19T18:53:28Z",
    "url": "https://github.com/greenrobot/EventBus/commit/9efffe13f2ffc68fb3deca09b9d2934ba91635f3"
  },
  {
    "oid": "d2f950940547a74f0b7eed484ed6c76074606cfd",
    "message": "minor formatting, javadoc, and rename",
    "date": "2015-11-18T12:19:30Z",
    "url": "https://github.com/greenrobot/EventBus/commit/d2f950940547a74f0b7eed484ed6c76074606cfd"
  },
  {
    "oid": "d5117be04565d1bf17cd6231cda9b994dbd82f1f",
    "message": "adjusted COMPARISON.md",
    "date": "2015-11-18T03:44:56Z",
    "url": "https://github.com/greenrobot/EventBus/commit/d5117be04565d1bf17cd6231cda9b994dbd82f1f"
  },
  {
    "oid": "039faa574d5610f1c7f75a8800d14ff7fc245a88",
    "message": "prepared 2.4.2-SNAPSHOT",
    "date": "2015-11-16T01:43:43Z",
    "url": "https://github.com/greenrobot/EventBus/commit/039faa574d5610f1c7f75a8800d14ff7fc245a88"
  },
  {
    "oid": "ff91dcc65c896d0412bf964a3b1d0ce26e4dd0c9",
    "message": "typo",
    "date": "2015-11-09T18:55:58Z",
    "url": "https://github.com/greenrobot/EventBus/commit/ff91dcc65c896d0412bf964a3b1d0ce26e4dd0c9"
  },
  {
    "oid": "36cfff58f207f0518eff53529b26bb57f1997504",
    "message": "minor formatting fixes",
    "date": "2015-11-09T10:42:14Z",
    "url": "https://github.com/greenrobot/EventBus/commit/36cfff58f207f0518eff53529b26bb57f1997504"
  },
  {
    "oid": "b2454a5ca033249d0c170e8ac22383327510b080",
    "message": "Link to survey",
    "date": "2015-11-09T10:37:54Z",
    "url": "https://github.com/greenrobot/EventBus/commit/b2454a5ca033249d0c170e8ac22383327510b080"
  },
  {
    "oid": "81994d6bbcf12cfcc0a531a2201469e1959d91cb",
    "message": "added gradle.properties to .gitignore again after merge",
    "date": "2015-11-06T19:38:46Z",
    "url": "https://github.com/greenrobot/EventBus/commit/81994d6bbcf12cfcc0a531a2201469e1959d91cb"
  },
  {
    "oid": "f806388af8748286b6826dccc952454b4bf6075f",
    "message": "Proguard rule updated: ***\tmatches any type (primitive or non-primitive, array or non-array)\nfixes #136, #137",
    "date": "2015-11-06T19:35:01Z",
    "url": "https://github.com/greenrobot/EventBus/commit/f806388af8748286b6826dccc952454b4bf6075f"
  },
  {
    "oid": "5de63671d36a1f03acae2f9f861f9ac6af3ed9ae",
    "message": "Merge pull request #184 from zsoltvilagos/patch-1\n\nFix typo in COMPARISON.md",
    "date": "2015-11-06T19:08:33Z",
    "url": "https://github.com/greenrobot/EventBus/commit/5de63671d36a1f03acae2f9f861f9ac6af3ed9ae"
  },
  {
    "oid": "d0175ac01992a14a22270356717196d76d3c28fd",
    "message": "Merge pull request #192 from athingunique/annotations\n\nFully updated HOWTO.md to annotations",
    "date": "2015-11-06T19:05:35Z",
    "url": "https://github.com/greenrobot/EventBus/commit/d0175ac01992a14a22270356717196d76d3c28fd"
  },
  {
    "oid": "d0c51a0f199ba540de6cbf65466dd0db5c98e153",
    "message": "Merge pull request #221 from talklittle/annotations\n\nProGuard config for @Subscribe annotation",
    "date": "2015-11-06T19:01:35Z",
    "url": "https://github.com/greenrobot/EventBus/commit/d0c51a0f199ba540de6cbf65466dd0db5c98e153"
  },
  {
    "oid": "b64b6edf2ae424bd316b0e1ae65c77476222118e",
    "message": "Merge pull request #210 from jtuchek/patch-1\n\nUpdate HOWTO.md",
    "date": "2015-11-06T19:00:28Z",
    "url": "https://github.com/greenrobot/EventBus/commit/b64b6edf2ae424bd316b0e1ae65c77476222118e"
  },
  {
    "oid": "dc9b2b595824829a54c30cb2557c22c690937508",
    "message": "Set executable bit of gradlew",
    "date": "2015-11-04T10:17:58Z",
    "url": "https://github.com/greenrobot/EventBus/commit/dc9b2b595824829a54c30cb2557c22c690937508"
  },
  {
    "oid": "17e779919d18c838a7bebd7ea1eba388a678b4ba",
    "message": "Update .gitignore",
    "date": "2015-11-04T10:17:58Z",
    "url": "https://github.com/greenrobot/EventBus/commit/17e779919d18c838a7bebd7ea1eba388a678b4ba"
  },
  {
    "oid": "8cdcedddbe4a9d5a7607f56f4a1cd04582b0590d",
    "message": "ProGuard config for @Subscribe annotation",
    "date": "2015-11-04T01:39:43Z",
    "url": "https://github.com/greenrobot/EventBus/commit/8cdcedddbe4a9d5a7607f56f4a1cd04582b0590d"
  },
  {
    "oid": "38bdbfa2240958c1bad08299d9488f1268b2a0fe",
    "message": "Travis CI: removed Java 1.6, sudo: false",
    "date": "2015-11-02T20:26:14Z",
    "url": "https://github.com/greenrobot/EventBus/commit/38bdbfa2240958c1bad08299d9488f1268b2a0fe"
  },
  {
    "oid": "62e7eb73bc011fa83f3bd7ea307d52b6eb729a74",
    "message": "typo, fixes #219",
    "date": "2015-11-02T20:05:50Z",
    "url": "https://github.com/greenrobot/EventBus/commit/62e7eb73bc011fa83f3bd7ea307d52b6eb729a74"
  },
  {
    "oid": "be04a2de66981e819f40afd389e417e98c94c7da",
    "message": "work around for broken Class.getDeclaredMethods() in Android (should fix #149)",
    "date": "2015-11-02T19:50:48Z",
    "url": "https://github.com/greenrobot/EventBus/commit/be04a2de66981e819f40afd389e417e98c94c7da"
  },
  {
    "oid": "e25cfa4d1b719637269ab18da5087bbc7baaa630",
    "message": "fix testUnregisterNotLeaking for Android 6",
    "date": "2015-11-02T19:12:05Z",
    "url": "https://github.com/greenrobot/EventBus/commit/e25cfa4d1b719637269ab18da5087bbc7baaa630"
  },
  {
    "oid": "8b21b304247ef72e07c5a9f85b69404f248f7769",
    "message": "background.gif for minimal javadoc style adjustment",
    "date": "2015-10-08T18:32:25Z",
    "url": "https://github.com/greenrobot/EventBus/commit/8b21b304247ef72e07c5a9f85b69404f248f7769"
  },
  {
    "oid": "258558111ed2b5e8ebd202fccc72c874d31066f5",
    "message": "Update HOWTO.md\n\nremove duplicate instance of 'the'",
    "date": "2015-09-23T18:52:34Z",
    "url": "https://github.com/greenrobot/EventBus/commit/258558111ed2b5e8ebd202fccc72c874d31066f5"
  },
  {
    "oid": "91719682b2caf598573c2356f0133704b73b45ca",
    "message": "archivesBaseName",
    "date": "2015-09-08T06:04:57Z",
    "url": "https://github.com/greenrobot/EventBus/commit/91719682b2caf598573c2356f0133704b73b45ca"
  },
  {
    "oid": "4d21f93a5eea3caf89baaa9180ae60de88035b20",
    "message": "static part in processor was removed.",
    "date": "2015-09-08T06:02:05Z",
    "url": "https://github.com/greenrobot/EventBus/commit/4d21f93a5eea3caf89baaa9180ae60de88035b20"
  },
  {
    "oid": "d3d478b05c4162df22bebc41ab00d6dbd623f557",
    "message": "options. removed",
    "date": "2015-09-05T20:31:19Z",
    "url": "https://github.com/greenrobot/EventBus/commit/d3d478b05c4162df22bebc41ab00d6dbd623f557"
  },
  {
    "oid": "0697863f4f8e91da4cc5ec8a8f942b26d1756cc5",
    "message": "Fix artifactId when install in maven local repo\nfailOnError = false on javadoc",
    "date": "2015-09-05T20:24:49Z",
    "url": "https://github.com/greenrobot/EventBus/commit/0697863f4f8e91da4cc5ec8a8f942b26d1756cc5"
  },
  {
    "oid": "8032b085a3c6b598b97ea2bc58d15d6a83bcd73c",
    "message": "Fixes issue #188",
    "date": "2015-09-05T18:15:19Z",
    "url": "https://github.com/greenrobot/EventBus/commit/8032b085a3c6b598b97ea2bc58d15d6a83bcd73c"
  },
  {
    "oid": "01cc105c1d3563f0e8eeb6c88337f3d3e863d2e7",
    "message": "Merge branch 'master' of github.com:greenrobot/EventBus",
    "date": "2015-07-17T20:17:43Z",
    "url": "https://github.com/greenrobot/EventBus/commit/01cc105c1d3563f0e8eeb6c88337f3d3e863d2e7"
  },
  {
    "oid": "0309993524c04743f08a245bd99668dbf8a74dca",
    "message": "added CONTRIBUTING.md",
    "date": "2015-07-17T20:12:07Z",
    "url": "https://github.com/greenrobot/EventBus/commit/0309993524c04743f08a245bd99668dbf8a74dca"
  },
  {
    "oid": "d887e0d57cff66aaab423c869b2136f7d566b86e",
    "message": "threadmode -> threadMode",
    "date": "2015-07-11T17:14:58Z",
    "url": "https://github.com/greenrobot/EventBus/commit/d887e0d57cff66aaab423c869b2136f7d566b86e"
  },
  {
    "oid": "afdbab048b0882cd918970c951723a68f8b27257",
    "message": "Fully updated HOWTO.md to annotations\n\nUpdated threading examples to annotations style.\r\nUpdated priority example to annotations style.\r\nUpdated sticky example to annotations style.",
    "date": "2015-07-11T16:01:20Z",
    "url": "https://github.com/greenrobot/EventBus/commit/afdbab048b0882cd918970c951723a68f8b27257"
  },
  {
    "oid": "f72fe79cea4ee12e59168c70c96051aa073f9b10",
    "message": "travis: build-tools-22.0.1",
    "date": "2015-06-22T21:06:11Z",
    "url": "https://github.com/greenrobot/EventBus/commit/f72fe79cea4ee12e59168c70c96051aa073f9b10"
  },
  {
    "oid": "e9bc508737685db41e5469a62567fded7b6e82c1",
    "message": "fix code gen for ignored classes",
    "date": "2015-06-15T16:27:49Z",
    "url": "https://github.com/greenrobot/EventBus/commit/e9bc508737685db41e5469a62567fded7b6e82c1"
  },
  {
    "oid": "0671cd22ea20f545e321d3251b5cf8b27b643ec7",
    "message": "Update COMPARISON.md",
    "date": "2015-06-05T12:26:16Z",
    "url": "https://github.com/greenrobot/EventBus/commit/0671cd22ea20f545e321d3251b5cf8b27b643ec7"
  },
  {
    "oid": "b2f02b92297066d56a3be2d002e1a3140992c4e7",
    "message": "typo with unsubscribeByEventType",
    "date": "2015-06-03T20:08:43Z",
    "url": "https://github.com/greenrobot/EventBus/commit/b2f02b92297066d56a3be2d002e1a3140992c4e7"
  },
  {
    "oid": "06ae2be5cddff51fd12e22d8e2102ba78d3823e1",
    "message": "upgrade otto to 1.3.7",
    "date": "2015-06-03T10:09:08Z",
    "url": "https://github.com/greenrobot/EventBus/commit/06ae2be5cddff51fd12e22d8e2102ba78d3823e1"
  },
  {
    "oid": "8f2088e4e407e33d0b953409c8f916d92bd71760",
    "message": "added tests for private event classes",
    "date": "2015-06-02T18:09:30Z",
    "url": "https://github.com/greenrobot/EventBus/commit/8f2088e4e407e33d0b953409c8f916d92bd71760"
  },
  {
    "oid": "8084e31e5a85c198df7119b6195449589f40b58d",
    "message": "added testMultipleSubscribeMethodsForEvent",
    "date": "2015-03-08T19:25:39Z",
    "url": "https://github.com/greenrobot/EventBus/commit/8084e31e5a85c198df7119b6195449589f40b58d"
  },
  {
    "oid": "232a70fa22f21c3f675badb4415c34760e63af51",
    "message": "fix: query superclasses when using subscriber index",
    "date": "2015-03-08T19:17:51Z",
    "url": "https://github.com/greenrobot/EventBus/commit/232a70fa22f21c3f675badb4415c34760e63af51"
  },
  {
    "oid": "b521bd06ebd67d5ab24fda4bfe714ef616309e3c",
    "message": "Merge pull request #159 from mikosik/patch-1\n\nfixed typos in HOWTO.md",
    "date": "2015-03-02T08:02:53Z",
    "url": "https://github.com/greenrobot/EventBus/commit/b521bd06ebd67d5ab24fda4bfe714ef616309e3c"
  },
  {
    "oid": "996c6732e9b49546d8e8c68d80f4afb372b9a4e3",
    "message": "fixed typos in HOWTO.md",
    "date": "2015-03-01T18:55:37Z",
    "url": "https://github.com/greenrobot/EventBus/commit/996c6732e9b49546d8e8c68d80f4afb372b9a4e3"
  },
  {
    "oid": "1aa2e3353b4882034cd3e25c561af4b092a67d6d",
    "message": "use fenced code blocks to make <init> visible",
    "date": "2015-02-26T23:08:53Z",
    "url": "https://github.com/greenrobot/EventBus/commit/1aa2e3353b4882034cd3e25c561af4b092a67d6d"
  },
  {
    "oid": "44b7004cf37ff4c2c5ce1b649d58a3a443fca891",
    "message": "We cannot get @Subscribe annotations from anonymous classes, so fail fast",
    "date": "2015-02-25T22:25:22Z",
    "url": "https://github.com/greenrobot/EventBus/commit/44b7004cf37ff4c2c5ce1b649d58a3a443fca891"
  },
  {
    "oid": "aa7022eea162f43c10e8bbb5f1ef47c569fad979",
    "message": "README.md: added section \"Limitations of the SNAPSHOT version\"",
    "date": "2015-02-23T19:41:04Z",
    "url": "https://github.com/greenrobot/EventBus/commit/aa7022eea162f43c10e8bbb5f1ef47c569fad979"
  },
  {
    "oid": "a1b9e3e9d50ba018088c70cb9330c83b0a851b5a",
    "message": "removed Java 7 try() from EventBusAnnotationProcessor",
    "date": "2015-02-23T15:54:30Z",
    "url": "https://github.com/greenrobot/EventBus/commit/a1b9e3e9d50ba018088c70cb9330c83b0a851b5a"
  },
  {
    "oid": "72e080b330b12773daa47585559fd99a66fd93d5",
    "message": "fixed a null problem, added index logging",
    "date": "2015-02-23T15:09:38Z",
    "url": "https://github.com/greenrobot/EventBus/commit/72e080b330b12773daa47585559fd99a66fd93d5"
  },
  {
    "oid": "83e193c78b18720ba150ef9cdc12d4d2a475c522",
    "message": "added \"Subscriber method must be public\" check",
    "date": "2015-02-23T15:08:59Z",
    "url": "https://github.com/greenrobot/EventBus/commit/83e193c78b18720ba150ef9cdc12d4d2a475c522"
  },
  {
    "oid": "b492674030e1c0cbe64be8c496dbb66a20f8fb5e",
    "message": "changed log tag to EventBus",
    "date": "2015-02-23T15:08:33Z",
    "url": "https://github.com/greenrobot/EventBus/commit/b492674030e1c0cbe64be8c496dbb66a20f8fb5e"
  },
  {
    "oid": "65b080697364a5760551f1c8e60b184966e7b9df",
    "message": "provided scope for EventBusAnnotationProcessor",
    "date": "2015-02-23T14:41:21Z",
    "url": "https://github.com/greenrobot/EventBus/commit/65b080697364a5760551f1c8e60b184966e7b9df"
  },
  {
    "oid": "0c89485f73911d57a0d2a6d33c17733e92a8bd02",
    "message": "more checks for EventBusAnnotationProcessor",
    "date": "2015-02-23T14:40:41Z",
    "url": "https://github.com/greenrobot/EventBus/commit/0c89485f73911d57a0d2a6d33c17733e92a8bd02"
  },
  {
    "oid": "3fdd343dea4956539ec68507a9aab3a17ec285c6",
    "message": "added removeStickyEvent to docs, minor doc improvements",
    "date": "2014-11-25T20:27:27Z",
    "url": "https://github.com/greenrobot/EventBus/commit/3fdd343dea4956539ec68507a9aab3a17ec285c6"
  },
  {
    "oid": "9c542b21fe232ad41bb1f882b539fd0a69c974d4",
    "message": "AsyncExecutor docs",
    "date": "2014-11-25T19:32:00Z",
    "url": "https://github.com/greenrobot/EventBus/commit/9c542b21fe232ad41bb1f882b539fd0a69c974d4"
  },
  {
    "oid": "5619fea23682843dbfd383c5e93a421b93392a76",
    "message": "ProGuard config for ThrowableFailureEvent",
    "date": "2014-11-25T14:56:52Z",
    "url": "https://github.com/greenrobot/EventBus/commit/5619fea23682843dbfd383c5e93a421b93392a76"
  },
  {
    "oid": "ccc2771199f958a34bd4ea6c90d0a8c671c2e70a",
    "message": "minor changes to README.md",
    "date": "2014-11-11T08:19:48Z",
    "url": "https://github.com/greenrobot/EventBus/commit/ccc2771199f958a34bd4ea6c90d0a8c671c2e70a"
  },
  {
    "oid": "fb1856913c794e8e5ef89fa58a294e12f419076f",
    "message": "CHANGELOG.md: minor",
    "date": "2014-11-10T17:41:50Z",
    "url": "https://github.com/greenrobot/EventBus/commit/fb1856913c794e8e5ef89fa58a294e12f419076f"
  },
  {
    "oid": "38e4f2061233433a4f89658003126eff78c0b159",
    "message": "CHANGELOG.md: added configuration to disable event inheritance",
    "date": "2014-11-10T10:42:45Z",
    "url": "https://github.com/greenrobot/EventBus/commit/38e4f2061233433a4f89658003126eff78c0b159"
  },
  {
    "oid": "7bcae7a7e1197c8f03130e7cfc2377fc98f5399d",
    "message": "added testEventInheritance",
    "date": "2014-11-10T10:37:41Z",
    "url": "https://github.com/greenrobot/EventBus/commit/7bcae7a7e1197c8f03130e7cfc2377fc98f5399d"
  },
  {
    "oid": "0e324bd5d44e9625506333d05759a2d9d556d692",
    "message": "eventInheritance disclaimer",
    "date": "2014-11-10T09:48:07Z",
    "url": "https://github.com/greenrobot/EventBus/commit/0e324bd5d44e9625506333d05759a2d9d556d692"
  },
  {
    "oid": "23fa3c28c8b790c25d229d52983dedd41ee2480a",
    "message": "EventBusBuilder docs",
    "date": "2014-11-09T23:40:57Z",
    "url": "https://github.com/greenrobot/EventBus/commit/23fa3c28c8b790c25d229d52983dedd41ee2480a"
  },
  {
    "oid": "061358358586ed2120b314a92bfe75a02535fa8e",
    "message": "extended hasSubscriber tests",
    "date": "2014-11-09T23:08:11Z",
    "url": "https://github.com/greenrobot/EventBus/commit/061358358586ed2120b314a92bfe75a02535fa8e"
  },
  {
    "oid": "d50c3efbe6b32fd5f5ba3e5ccf830b167f23fe1a",
    "message": "updated CHANGELOG.md",
    "date": "2014-11-09T22:39:23Z",
    "url": "https://github.com/greenrobot/EventBus/commit/d50c3efbe6b32fd5f5ba3e5ccf830b167f23fe1a"
  },
  {
    "oid": "1c9859ed64e33b58fde7cdbf57999f298e3b515b",
    "message": "added testInstallDefaultEventBus",
    "date": "2014-11-09T20:29:35Z",
    "url": "https://github.com/greenrobot/EventBus/commit/1c9859ed64e33b58fde7cdbf57999f298e3b515b"
  },
  {
    "oid": "6a928554f873c4cfca082a2d84bd188b2e96406b",
    "message": "travis: Currently connectedCheck fails, so don't run unit test on Emulator for now. Issue: com.android.builder.testing.ConnectedDevice claims \"No tests found.\"",
    "date": "2014-11-09T16:32:31Z",
    "url": "https://github.com/greenrobot/EventBus/commit/6a928554f873c4cfca082a2d84bd188b2e96406b"
  },
  {
    "oid": "cff276b2be7e5313544ab76e68cb2429246c2cac",
    "message": "travis: use armeabi only for android-10",
    "date": "2014-11-09T15:54:47Z",
    "url": "https://github.com/greenrobot/EventBus/commit/cff276b2be7e5313544ab76e68cb2429246c2cac"
  },
  {
    "oid": "88be345c20c36adf76ed3b2243acde5f86990c0c",
    "message": "let travis start android emulator",
    "date": "2014-11-09T15:51:46Z",
    "url": "https://github.com/greenrobot/EventBus/commit/88be345c20c36adf76ed3b2243acde5f86990c0c"
  },
  {
    "oid": "73a18c8d345bb58ab4f0f0943aa9fd182f865d61",
    "message": "switch travis to android",
    "date": "2014-11-09T15:42:36Z",
    "url": "https://github.com/greenrobot/EventBus/commit/73a18c8d345bb58ab4f0f0943aa9fd182f865d61"
  },
  {
    "oid": "c6bbdfe462ce9b09c80c4ffa6ce218ee7568c929",
    "message": "Travis: make gradlew executable, another shot",
    "date": "2014-11-09T12:52:15Z",
    "url": "https://github.com/greenrobot/EventBus/commit/c6bbdfe462ce9b09c80c4ffa6ce218ee7568c929"
  },
  {
    "oid": "bca340e306b8382b285f1c350556fadf26afff54",
    "message": "before_script in single line",
    "date": "2014-11-09T12:32:37Z",
    "url": "https://github.com/greenrobot/EventBus/commit/bca340e306b8382b285f1c350556fadf26afff54"
  },
  {
    "oid": "4c6113f6d877bda62912f8a1e966f9220e023d7d",
    "message": "Travis: make gradlew executable, also test with Java7",
    "date": "2014-11-09T12:24:20Z",
    "url": "https://github.com/greenrobot/EventBus/commit/4c6113f6d877bda62912f8a1e966f9220e023d7d"
  },
  {
    "oid": "bed1920ec298f8f4a0eb276f1121e5707eacc8d3",
    "message": "Merge pull request #104 from jnagels/performance\n\nReplace `getMethods()` with `getDeclaredMethods()`",
    "date": "2014-11-09T12:17:44Z",
    "url": "https://github.com/greenrobot/EventBus/commit/bed1920ec298f8f4a0eb276f1121e5707eacc8d3"
  },
  {
    "oid": "5773e4acf85acd0d8eae5130f6beab122fa6936e",
    "message": "subscriptions.contains (#120), minor code formatting changes",
    "date": "2014-11-08T23:42:05Z",
    "url": "https://github.com/greenrobot/EventBus/commit/5773e4acf85acd0d8eae5130f6beab122fa6936e"
  },
  {
    "oid": "eaa199efb4e758794a5967db546da912b178e407",
    "message": ".gitignore: local.properties",
    "date": "2014-11-08T22:22:43Z",
    "url": "https://github.com/greenrobot/EventBus/commit/eaa199efb4e758794a5967db546da912b178e407"
  },
  {
    "oid": "e91e3a936947cd752fda031d393bb27e4f84f1a3",
    "message": "Merge pull request #118 from mreichelt/disable_log_no_subscribers\n\n#117 make 'no subscriptions' messages configurable",
    "date": "2014-11-08T00:04:43Z",
    "url": "https://github.com/greenrobot/EventBus/commit/e91e3a936947cd752fda031d393bb27e4f84f1a3"
  },
  {
    "oid": "c6f999d4c948c89711eab7457b05b41e5a174510",
    "message": "ignore BRIDGE and SYNTHETIC methods (issue #76)",
    "date": "2014-11-07T18:00:42Z",
    "url": "https://github.com/greenrobot/EventBus/commit/c6f999d4c948c89711eab7457b05b41e5a174510"
  },
  {
    "oid": "0dc87f6e145d0564f7751bb1c99f049108082fae",
    "message": "#117 make 'no subscriptions' messages configurable",
    "date": "2014-09-18T10:16:05Z",
    "url": "https://github.com/greenrobot/EventBus/commit/0dc87f6e145d0564f7751bb1c99f049108082fae"
  },
  {
    "oid": "e47442b684f04b4d346bb1d0af526908fda7cc1c",
    "message": "Replace `getMethods()` with `getDeclaredMethods()`",
    "date": "2014-06-25T08:51:05Z",
    "url": "https://github.com/greenrobot/EventBus/commit/e47442b684f04b4d346bb1d0af526908fda7cc1c"
  },
  {
    "oid": "c991d4442b25da4cf76735d7db8c8875ff1a5d1f",
    "message": "Update README.md",
    "date": "2014-05-28T21:51:20Z",
    "url": "https://github.com/greenrobot/EventBus/commit/c991d4442b25da4cf76735d7db8c8875ff1a5d1f"
  },
  {
    "oid": "45fe231967679c2a8000f087bf98cc586586e09f",
    "message": "Update README.md",
    "date": "2014-05-28T20:00:03Z",
    "url": "https://github.com/greenrobot/EventBus/commit/45fe231967679c2a8000f087bf98cc586586e09f"
  },
  {
    "oid": "516438334ce24d75c98d6877b12d8d89530e7b66",
    "message": "Update README.md",
    "date": "2014-05-28T19:46:43Z",
    "url": "https://github.com/greenrobot/EventBus/commit/516438334ce24d75c98d6877b12d8d89530e7b66"
  },
  {
    "oid": "c15b8fddea8456e399a7686593231f492333fe6c",
    "message": "Update README.md",
    "date": "2014-05-28T19:45:50Z",
    "url": "https://github.com/greenrobot/EventBus/commit/c15b8fddea8456e399a7686593231f492333fe6c"
  },
  {
    "oid": "9971a466c20a3e380116564a89a362125e156e10",
    "message": "Fixes onStop/onStart",
    "date": "2014-05-27T18:40:29Z",
    "url": "https://github.com/greenrobot/EventBus/commit/9971a466c20a3e380116564a89a362125e156e10"
  },
  {
    "oid": "56911e643639a5627bb17dedb34a379a1a714590",
    "message": "Use OnStart instead of onCreate",
    "date": "2014-05-27T18:36:38Z",
    "url": "https://github.com/greenrobot/EventBus/commit/56911e643639a5627bb17dedb34a379a1a714590"
  },
  {
    "oid": "30e0e6e03bfef69ac0f32a258e0a29a72df59f6b",
    "message": "Update README.md",
    "date": "2014-05-27T14:44:35Z",
    "url": "https://github.com/greenrobot/EventBus/commit/30e0e6e03bfef69ac0f32a258e0a29a72df59f6b"
  },
  {
    "oid": "f4721896f47cca4e2d14bb19555ec4094b4bf750",
    "message": "Update README.md",
    "date": "2014-05-27T14:42:14Z",
    "url": "https://github.com/greenrobot/EventBus/commit/f4721896f47cca4e2d14bb19555ec4094b4bf750"
  },
  {
    "oid": "86125a3402f1c8a38db6423ebb621c37721b0bff",
    "message": "Update README.md",
    "date": "2014-05-27T14:40:12Z",
    "url": "https://github.com/greenrobot/EventBus/commit/86125a3402f1c8a38db6423ebb621c37721b0bff"
  },
  {
    "oid": "c897397763d10c56aa660c7d9fe32afa9ed5fe07",
    "message": "Update README.md",
    "date": "2014-05-27T14:34:23Z",
    "url": "https://github.com/greenrobot/EventBus/commit/c897397763d10c56aa660c7d9fe32afa9ed5fe07"
  },
  {
    "oid": "ec11d6a89dbe7d9c8bbe634cea16dccf1d58758f",
    "message": "Update README.md",
    "date": "2014-05-27T14:33:25Z",
    "url": "https://github.com/greenrobot/EventBus/commit/ec11d6a89dbe7d9c8bbe634cea16dccf1d58758f"
  },
  {
    "oid": "42a5f09e0a9d27e5b629b199bcff170715c8233c",
    "message": "Update README.md",
    "date": "2014-05-27T14:15:19Z",
    "url": "https://github.com/greenrobot/EventBus/commit/42a5f09e0a9d27e5b629b199bcff170715c8233c"
  },
  {
    "oid": "b5d0cd9e3d21b56e815d21e39455544b4d7ec9d7",
    "message": "Update README.md",
    "date": "2014-05-27T14:14:30Z",
    "url": "https://github.com/greenrobot/EventBus/commit/b5d0cd9e3d21b56e815d21e39455544b4d7ec9d7"
  },
  {
    "oid": "6af9d3d35e5b1d2375fc8b785c3a4a7affce371c",
    "message": "Update README.md",
    "date": "2014-05-27T14:13:04Z",
    "url": "https://github.com/greenrobot/EventBus/commit/6af9d3d35e5b1d2375fc8b785c3a4a7affce371c"
  },
  {
    "oid": "80edec6a1efb4da2e5a79be392698c28fcda7dd6",
    "message": "Update README.md",
    "date": "2014-05-27T14:10:54Z",
    "url": "https://github.com/greenrobot/EventBus/commit/80edec6a1efb4da2e5a79be392698c28fcda7dd6"
  },
  {
    "oid": "419c13053d479569ca7b772e51a90a0788a159ae",
    "message": "Update README.md",
    "date": "2014-05-27T14:10:12Z",
    "url": "https://github.com/greenrobot/EventBus/commit/419c13053d479569ca7b772e51a90a0788a159ae"
  },
  {
    "oid": "44ea8ad8e6b3693160dc31f7a7090f5ecc69ddb2",
    "message": "Update README.md",
    "date": "2014-05-27T14:08:53Z",
    "url": "https://github.com/greenrobot/EventBus/commit/44ea8ad8e6b3693160dc31f7a7090f5ecc69ddb2"
  },
  {
    "oid": "088eda0d8cd87487c6b68153efe4e98002da957e",
    "message": "Update README.md",
    "date": "2014-05-27T14:07:33Z",
    "url": "https://github.com/greenrobot/EventBus/commit/088eda0d8cd87487c6b68153efe4e98002da957e"
  },
  {
    "oid": "5a6835d4d8e8b2520f835475e95eda070ab2ae96",
    "message": "Update README.md",
    "date": "2014-05-27T13:59:53Z",
    "url": "https://github.com/greenrobot/EventBus/commit/5a6835d4d8e8b2520f835475e95eda070ab2ae96"
  },
  {
    "oid": "ec1c68b605d64445de7558df49d0488ccb4caf88",
    "message": "Update README.md",
    "date": "2014-05-27T13:53:18Z",
    "url": "https://github.com/greenrobot/EventBus/commit/ec1c68b605d64445de7558df49d0488ccb4caf88"
  },
  {
    "oid": "1f5b476175f1142babf9f3707b56db782213a88e",
    "message": "Create CHANGELOG.md",
    "date": "2014-05-27T13:48:35Z",
    "url": "https://github.com/greenrobot/EventBus/commit/1f5b476175f1142babf9f3707b56db782213a88e"
  },
  {
    "oid": "0d65df9b1317241b31833edd5ea90a76e2534b53",
    "message": "Update README.md",
    "date": "2014-05-27T13:47:53Z",
    "url": "https://github.com/greenrobot/EventBus/commit/0d65df9b1317241b31833edd5ea90a76e2534b53"
  },
  {
    "oid": "037c967e19cb0bc2d017c68e6153ca0b4667c672",
    "message": "Update README.md",
    "date": "2014-05-27T13:23:51Z",
    "url": "https://github.com/greenrobot/EventBus/commit/037c967e19cb0bc2d017c68e6153ca0b4667c672"
  },
  {
    "oid": "83f24bc2577af792b143a0c9f659cf62b599746e",
    "message": "Update README.md",
    "date": "2014-05-27T13:14:59Z",
    "url": "https://github.com/greenrobot/EventBus/commit/83f24bc2577af792b143a0c9f659cf62b599746e"
  },
  {
    "oid": "4cdd420d4ec26de6cedb444e7f6ec129d70b2b20",
    "message": "updated README.md to have version 2.2.1",
    "date": "2014-05-21T19:35:54Z",
    "url": "https://github.com/greenrobot/EventBus/commit/4cdd420d4ec26de6cedb444e7f6ec129d70b2b20"
  },
  {
    "oid": "7a8b84bf4db7fcb971205ac6baf597e98751ccae",
    "message": "Merge pull request #88 from f2prateek/constant\n\nMake defaultMethodName a constant",
    "date": "2014-05-21T18:54:21Z",
    "url": "https://github.com/greenrobot/EventBus/commit/7a8b84bf4db7fcb971205ac6baf597e98751ccae"
  },
  {
    "oid": "85e89b115c33441bb2ff89a34a93362de1d90f1a",
    "message": "Merge pull request #74 from mtthsfrdrch/master\n\nfix setting executionScope on event",
    "date": "2014-05-21T18:48:41Z",
    "url": "https://github.com/greenrobot/EventBus/commit/85e89b115c33441bb2ff89a34a93362de1d90f1a"
  },
  {
    "oid": "695483a49e073cfbbd7a28d750e3d0a3082f919c",
    "message": "Make defaultMethodName a constant at compile time.",
    "date": "2014-05-13T06:49:45Z",
    "url": "https://github.com/greenrobot/EventBus/commit/695483a49e073cfbbd7a28d750e3d0a3082f919c"
  },
  {
    "oid": "6006bd74b008459f239f3e632a4639ea5fedb538",
    "message": "fix setting executionScope on event",
    "date": "2014-04-02T11:13:01Z",
    "url": "https://github.com/greenrobot/EventBus/commit/6006bd74b008459f239f3e632a4639ea5fedb538"
  },
  {
    "oid": "4221577a2637e46f307cdfa464b0d9d01bf32f11",
    "message": "Minor: fix typo in debug message",
    "date": "2013-11-22T16:17:31Z",
    "url": "https://github.com/greenrobot/EventBus/commit/4221577a2637e46f307cdfa464b0d9d01bf32f11"
  },
  {
    "oid": "7b38ffeda5415363a0ef5c3ad9f6dc2a43bb7df7",
    "message": "renamed tests, too",
    "date": "2013-11-17T21:20:13Z",
    "url": "https://github.com/greenrobot/EventBus/commit/7b38ffeda5415363a0ef5c3ad9f6dc2a43bb7df7"
  },
  {
    "oid": "16e6e7a266b5b788eb3ee14f437e60912eddf995",
    "message": "updated changelog for V2.2.0",
    "date": "2013-11-17T14:27:51Z",
    "url": "https://github.com/greenrobot/EventBus/commit/16e6e7a266b5b788eb3ee14f437e60912eddf995"
  },
  {
    "oid": "937405cc5843ea95c4685503a4beb58473c67147",
    "message": "added javadocs for abortEventDelivery, improved javadocs for EventBus",
    "date": "2013-11-17T14:11:58Z",
    "url": "https://github.com/greenrobot/EventBus/commit/937405cc5843ea95c4685503a4beb58473c67147"
  },
  {
    "oid": "5530a3e799b787cbdc59c3a83ed60725b6e44196",
    "message": "test illegal abort situations",
    "date": "2013-11-17T13:33:13Z",
    "url": "https://github.com/greenrobot/EventBus/commit/5530a3e799b787cbdc59c3a83ed60725b6e44196"
  },
  {
    "oid": "3cc38a4ef08277c762cc3cbdcc8da9dd2c8f2628",
    "message": "added EventBusAbortEventDeliveryTest",
    "date": "2013-11-17T13:07:49Z",
    "url": "https://github.com/greenrobot/EventBus/commit/3cc38a4ef08277c762cc3cbdcc8da9dd2c8f2628"
  },
  {
    "oid": "ad6fc22a564ae533b6f3eef020b5f463d2423bab",
    "message": "renamed EventBusSubscriberLegalTest",
    "date": "2013-11-17T11:14:13Z",
    "url": "https://github.com/greenrobot/EventBus/commit/ad6fc22a564ae533b6f3eef020b5f463d2423bab"
  },
  {
    "oid": "eb40f5f3777832fffca26d2ccd5e2e42e5a52d37",
    "message": "first shot at abortEventDelivery",
    "date": "2013-11-17T11:12:52Z",
    "url": "https://github.com/greenrobot/EventBus/commit/eb40f5f3777832fffca26d2ccd5e2e42e5a52d37"
  },
  {
    "oid": "222f0d5b27b0d8ed760fa12e379e65d610a19dbd",
    "message": "moved mainThread flag into posting state",
    "date": "2013-11-17T10:34:00Z",
    "url": "https://github.com/greenrobot/EventBus/commit/222f0d5b27b0d8ed760fa12e379e65d610a19dbd"
  },
  {
    "oid": "fe6dbc7b4948358f0c50dfea4c271ed74c705808",
    "message": "merge thread locals into new PostingThreadState class",
    "date": "2013-11-17T10:09:15Z",
    "url": "https://github.com/greenrobot/EventBus/commit/fe6dbc7b4948358f0c50dfea4c271ed74c705808"
  },
  {
    "oid": "85f50c178ec11ec74253e40fc8e06a0a95272a20",
    "message": "removed warning",
    "date": "2013-11-17T10:06:10Z",
    "url": "https://github.com/greenrobot/EventBus/commit/85f50c178ec11ec74253e40fc8e06a0a95272a20"
  },
  {
    "oid": "866138356e718d4ce8a7d3e08826e070413357e8",
    "message": "AbstractEventBusTest just extends TestCase, no need for Application",
    "date": "2013-11-17T08:25:26Z",
    "url": "https://github.com/greenrobot/EventBus/commit/866138356e718d4ce8a7d3e08826e070413357e8"
  },
  {
    "oid": "4273898ddb4d69c1d97b73ce6debb94305816eb2",
    "message": "Single cores would take very long without yielding",
    "date": "2013-11-17T08:03:43Z",
    "url": "https://github.com/greenrobot/EventBus/commit/4273898ddb4d69c1d97b73ce6debb94305816eb2"
  },
  {
    "oid": "d1d0d3665f8aec795869f7c6bd73e0c9eb82bfba",
    "message": "deprecated \"complicated\" register methods",
    "date": "2013-11-16T18:05:34Z",
    "url": "https://github.com/greenrobot/EventBus/commit/d1d0d3665f8aec795869f7c6bd73e0c9eb82bfba"
  },
  {
    "oid": "912e688d3e146c356d8cf1bda0b1257e46995107",
    "message": "missing synchronized in clearCaches",
    "date": "2013-11-16T16:56:57Z",
    "url": "https://github.com/greenrobot/EventBus/commit/912e688d3e146c356d8cf1bda0b1257e46995107"
  },
  {
    "oid": "6688dacc235552630be37884a060164c09d8bc44",
    "message": "2.1.0 final",
    "date": "2013-11-14T23:47:13Z",
    "url": "https://github.com/greenrobot/EventBus/commit/6688dacc235552630be37884a060164c09d8bc44"
  },
  {
    "oid": "0f8ceeadd249468ec2b4bab193ce3b0551cb7e83",
    "message": "Merge pull request #38 from pingany/bug-fixes\n\nFix bug in SubscriberMethod.equals()",
    "date": "2013-11-14T22:11:57Z",
    "url": "https://github.com/greenrobot/EventBus/commit/0f8ceeadd249468ec2b4bab193ce3b0551cb7e83"
  },
  {
    "oid": "15b6399768679dcc6149c15868e21bca5aa6bc27",
    "message": "Merge pull request #17 from nbeloglazov/patch-1\n\nHighlight code snippets in README.",
    "date": "2013-11-14T20:33:18Z",
    "url": "https://github.com/greenrobot/EventBus/commit/15b6399768679dcc6149c15868e21bca5aa6bc27"
  },
  {
    "oid": "3a1760d27dfefd8049de21b510bc0dda94f06a4f",
    "message": "Merge pull request #22 from stefanhoth/patch-1\n\nCorrect typo",
    "date": "2013-11-14T20:17:13Z",
    "url": "https://github.com/greenrobot/EventBus/commit/3a1760d27dfefd8049de21b510bc0dda94f06a4f"
  },
  {
    "oid": "077b35f83b3b2474a301798e1c31d59b1eb86e32",
    "message": "maven/gradle templates for 2.0.2",
    "date": "2013-11-14T19:58:17Z",
    "url": "https://github.com/greenrobot/EventBus/commit/077b35f83b3b2474a301798e1c31d59b1eb86e32"
  },
  {
    "oid": "55f49e405fbc15b35d1e34e30b488d45e5938fbb",
    "message": "Merge pull request #39 from JoanZapata/patch-1\n\nAdded ready to copy/paste dependency for maven in README",
    "date": "2013-11-14T19:50:37Z",
    "url": "https://github.com/greenrobot/EventBus/commit/55f49e405fbc15b35d1e34e30b488d45e5938fbb"
  },
  {
    "oid": "8c9508887b25328aa4f269f602b336d148e6b932",
    "message": "Merge pull request #45 from alexnixon/genericise-sticky-get\n\nMake getStickyEvent and removeStickyEvent generic so the caller doesn't ...",
    "date": "2013-11-14T17:40:06Z",
    "url": "https://github.com/greenrobot/EventBus/commit/8c9508887b25328aa4f269f602b336d148e6b932"
  },
  {
    "oid": "34d47ae5c145af0cd31fd817ccd8ae0022124e1b",
    "message": "Merge pull request #37 from Leandros/patch-1\n\nfixed typo",
    "date": "2013-11-14T13:25:04Z",
    "url": "https://github.com/greenrobot/EventBus/commit/34d47ae5c145af0cd31fd817ccd8ae0022124e1b"
  },
  {
    "oid": "b04c85cd15d60c9a18312166528d61c6c78e0841",
    "message": "Make getStickyEvent and removeStickyEvent generic so the caller doesn't need casts",
    "date": "2013-11-07T15:40:20Z",
    "url": "https://github.com/greenrobot/EventBus/commit/b04c85cd15d60c9a18312166528d61c6c78e0841"
  },
  {
    "oid": "7a40b04a757d067dc7b7dabb168c70ddbb763dae",
    "message": "added pom.artifactId = 'eventbus'",
    "date": "2013-09-17T14:45:23Z",
    "url": "https://github.com/greenrobot/EventBus/commit/7a40b04a757d067dc7b7dabb168c70ddbb763dae"
  },
  {
    "oid": "373cb421a4b55c592c34669eb893765e0086f89b",
    "message": "Added ready to copy/paste dependency for maven in README",
    "date": "2013-09-12T12:19:12Z",
    "url": "https://github.com/greenrobot/EventBus/commit/373cb421a4b55c592c34669eb893765e0086f89b"
  },
  {
    "oid": "4cc568e6956daa7f1006bbc22a24aa22da3c413e",
    "message": "Fix bug in SubscriberMethod.equals()\n\n((SubscriberMethod) other).methodString may be null at that time.",
    "date": "2013-09-09T09:07:00Z",
    "url": "https://github.com/greenrobot/EventBus/commit/4cc568e6956daa7f1006bbc22a24aa22da3c413e"
  },
  {
    "oid": "6aac5cab78a5fe0b37fae9189d33033a20d6f100",
    "message": "fixed typo",
    "date": "2013-08-30T12:57:30Z",
    "url": "https://github.com/greenrobot/EventBus/commit/6aac5cab78a5fe0b37fae9189d33033a20d6f100"
  },
  {
    "oid": "fa994bc54382421618e2e8632a3ab092ab3d94c0",
    "message": "added preferedRepo",
    "date": "2013-06-14T07:15:07Z",
    "url": "https://github.com/greenrobot/EventBus/commit/fa994bc54382421618e2e8632a3ab092ab3d94c0"
  },
  {
    "oid": "6bac6ad79249a0715b59c1da8b9969f23f6e0f9f",
    "message": "remove \"final\" modifier for EventBus",
    "date": "2013-04-25T16:23:23Z",
    "url": "https://github.com/greenrobot/EventBus/commit/6bac6ad79249a0715b59c1da8b9969f23f6e0f9f"
  },
  {
    "oid": "062846d7dfb8a5618326194777aeac129af8fb95",
    "message": "Correct typo",
    "date": "2013-03-07T19:46:28Z",
    "url": "https://github.com/greenrobot/EventBus/commit/062846d7dfb8a5618326194777aeac129af8fb95"
  },
  {
    "oid": "89364e2be5681e10a976ce0c1a776c897b3b0439",
    "message": "V2.0.2",
    "date": "2013-03-02T17:05:34Z",
    "url": "https://github.com/greenrobot/EventBus/commit/89364e2be5681e10a976ce0c1a776c897b3b0439"
  },
  {
    "oid": "a3da30d2aaf09bca9ac234eed5e144185939f961",
    "message": "provided is not supported in Gradle 1.4, see\nhttp://issues.gradle.org/browse/GRADLE-784",
    "date": "2013-03-01T20:22:25Z",
    "url": "https://github.com/greenrobot/EventBus/commit/a3da30d2aaf09bca9ac234eed5e144185939f961"
  },
  {
    "oid": "d7bc537d7e4e7e85a61d86c8ee354f6329a36d03",
    "message": "Highlight code snippets in README.",
    "date": "2013-02-05T12:36:16Z",
    "url": "https://github.com/greenrobot/EventBus/commit/d7bc537d7e4e7e85a61d86c8ee354f6329a36d03"
  },
  {
    "oid": "37fe049193d73d0fc2414f27e713e33e4218b819",
    "message": "Highlight code snippets in README.",
    "date": "2013-02-05T12:35:04Z",
    "url": "https://github.com/greenrobot/EventBus/commit/37fe049193d73d0fc2414f27e713e33e4218b819"
  },
  {
    "oid": "80e38942e439bd872e5f5bd920d03a187fc8b752",
    "message": "register ErrorDialogManager in onCreate to avoid loosing failure events",
    "date": "2013-01-03T17:40:27Z",
    "url": "https://github.com/greenrobot/EventBus/commit/80e38942e439bd872e5f5bd920d03a187fc8b752"
  },
  {
    "oid": "ca0ef2312785a26cdcd5a38f22d9e9f8305293c8",
    "message": "another markdown fix for README.md",
    "date": "2012-12-16T14:27:05Z",
    "url": "https://github.com/greenrobot/EventBus/commit/ca0ef2312785a26cdcd5a38f22d9e9f8305293c8"
  },
  {
    "oid": "0ff55dcba0b98603b4cc006264d0ed388e232582",
    "message": "fixed markdown for README.md",
    "date": "2012-12-16T14:25:37Z",
    "url": "https://github.com/greenrobot/EventBus/commit/0ff55dcba0b98603b4cc006264d0ed388e232582"
  },
  {
    "oid": "2a3a46a9345e736bd003c3717460f179804d6ae6",
    "message": "forgot new lines in README.md",
    "date": "2012-12-16T14:19:09Z",
    "url": "https://github.com/greenrobot/EventBus/commit/2a3a46a9345e736bd003c3717460f179804d6ae6"
  },
  {
    "oid": "48b79a156c29200cc5d5510eb854b5b642fc0d48",
    "message": "ProGuard configuration",
    "date": "2012-12-16T14:16:27Z",
    "url": "https://github.com/greenrobot/EventBus/commit/48b79a156c29200cc5d5510eb854b5b642fc0d48"
  },
  {
    "oid": "3da6bec3f9b8cf51b5bff9d795332ab43fac9da4",
    "message": "Check if SherlockFragmentActivity is used",
    "date": "2012-11-14T16:24:23Z",
    "url": "https://github.com/greenrobot/EventBus/commit/3da6bec3f9b8cf51b5bff9d795332ab43fac9da4"
  },
  {
    "oid": "79401d335410ea47c444f8114ab6bba0ae8f92e9",
    "message": "ErrorDialogFragmentFactory must be public",
    "date": "2012-11-14T12:49:44Z",
    "url": "https://github.com/greenrobot/EventBus/commit/79401d335410ea47c444f8114ab6bba0ae8f92e9"
  },
  {
    "oid": "233733353a7358f976941e0f8452f88b3a3d8a03",
    "message": "added ThrowableFailureEvent",
    "date": "2012-11-11T15:31:21Z",
    "url": "https://github.com/greenrobot/EventBus/commit/233733353a7358f976941e0f8452f88b3a3d8a03"
  },
  {
    "oid": "dcc9d416067c6214ba8d64b3b1715e601a3f063f",
    "message": "added sourceCompatibility = 1.6 to build.gradle",
    "date": "2012-11-04T07:39:13Z",
    "url": "https://github.com/greenrobot/EventBus/commit/dcc9d416067c6214ba8d64b3b1715e601a3f063f"
  },
  {
    "oid": "b42003416dc389bc7dd9a85bb8e6db01aa0435e5",
    "message": "use methodKeyBuilder StringBuilder",
    "date": "2012-10-25T06:39:55Z",
    "url": "https://github.com/greenrobot/EventBus/commit/b42003416dc389bc7dd9a85bb8e6db01aa0435e5"
  },
  {
    "oid": "cd4b95c23acab5ceaabaca42c199adce12571212",
    "message": "fixed README.md",
    "date": "2012-10-23T13:49:20Z",
    "url": "https://github.com/greenrobot/EventBus/commit/cd4b95c23acab5ceaabaca42c199adce12571212"
  },
  {
    "oid": "380a194254c29fd5a286933d610fb56d115aeb88",
    "message": "added javadoc and sources artifacts to build.gradle",
    "date": "2012-10-23T12:55:03Z",
    "url": "https://github.com/greenrobot/EventBus/commit/380a194254c29fd5a286933d610fb56d115aeb88"
  },
  {
    "oid": "3b7cb901a4cc6d9471650442c072e04919d20892",
    "message": "updated README.md",
    "date": "2012-10-23T12:42:04Z",
    "url": "https://github.com/greenrobot/EventBus/commit/3b7cb901a4cc6d9471650442c072e04919d20892"
  },
  {
    "oid": "f3f2d21823b627630890ebb7b785159e744452f0",
    "message": "fixed skipMethodNameVerificationFor",
    "date": "2012-10-23T12:38:45Z",
    "url": "https://github.com/greenrobot/EventBus/commit/f3f2d21823b627630890ebb7b785159e744452f0"
  },
  {
    "oid": "cec197f6fc4e9f12584daa608c968e99e51bdfa5",
    "message": "updated README.md for EventBus 2.0",
    "date": "2012-10-22T19:51:52Z",
    "url": "https://github.com/greenrobot/EventBus/commit/cec197f6fc4e9f12584daa608c968e99e51bdfa5"
  },
  {
    "oid": "9ab4016d0fd57910b8aad64b3bc65416020c3336",
    "message": "throw EventBusException not RuntimeEx",
    "date": "2012-08-30T15:10:42Z",
    "url": "https://github.com/greenrobot/EventBus/commit/9ab4016d0fd57910b8aad64b3bc65416020c3336"
  },
  {
    "oid": "e71057dca7cb2fdd670fbe6898f1aed4fe98bc30",
    "message": "Revert \"Don't use equals for subscriber already registered check\"\n\nThis reverts commit a39b054c550ba91a05d2ae57ba3ef94ba4f53e77.",
    "date": "2012-08-30T15:09:17Z",
    "url": "https://github.com/greenrobot/EventBus/commit/e71057dca7cb2fdd670fbe6898f1aed4fe98bc30"
  },
  {
    "oid": "a39b054c550ba91a05d2ae57ba3ef94ba4f53e77",
    "message": "Don't use equals for subscriber already registered check",
    "date": "2012-08-30T15:07:13Z",
    "url": "https://github.com/greenrobot/EventBus/commit/a39b054c550ba91a05d2ae57ba3ef94ba4f53e77"
  },
  {
    "oid": "c536b31475ddfb02c44887c590785575d2ef4ba1",
    "message": "fixed JavaDoc for SubscriberExceptionEvent",
    "date": "2012-08-30T09:09:59Z",
    "url": "https://github.com/greenrobot/EventBus/commit/c536b31475ddfb02c44887c590785575d2ef4ba1"
  },
  {
    "oid": "e3f95ae9409084b5dbffe6ea5a4883e5773ad04e",
    "message": "extended README.md to reflect the latest changes, e.g. sticky events",
    "date": "2012-08-29T12:09:45Z",
    "url": "https://github.com/greenrobot/EventBus/commit/e3f95ae9409084b5dbffe6ea5a4883e5773ad04e"
  },
  {
    "oid": "446de02b67416a7fb2ed52e796a303ac567604b2",
    "message": "added TODO to BackgroundExceptionEvent",
    "date": "2012-08-29T12:06:11Z",
    "url": "https://github.com/greenrobot/EventBus/commit/446de02b67416a7fb2ed52e796a303ac567604b2"
  },
  {
    "oid": "822866a987aa8e164aa5dea623a54b170a5062ce",
    "message": "lazy, double checked locking singleton",
    "date": "2012-08-29T11:31:09Z",
    "url": "https://github.com/greenrobot/EventBus/commit/822866a987aa8e164aa5dea623a54b170a5062ce"
  },
  {
    "oid": "f7f1c3c683bfd0767ba1903bf741c1f5ad21d2d1",
    "message": "aditional sticky events",
    "date": "2012-08-29T08:57:54Z",
    "url": "https://github.com/greenrobot/EventBus/commit/f7f1c3c683bfd0767ba1903bf741c1f5ad21d2d1"
  },
  {
    "oid": "a6a2d3347a41862f51e34da9cd19a5b1d23d9540",
    "message": "make testSubscribeUnSubscribeAndPostMixedEventType less intense, but\nfaster",
    "date": "2012-08-28T17:02:55Z",
    "url": "https://github.com/greenrobot/EventBus/commit/a6a2d3347a41862f51e34da9cd19a5b1d23d9540"
  },
  {
    "oid": "825a0fec4e66ca604ab919597ab72c284b085e9a",
    "message": "added some release notes",
    "date": "2012-08-28T15:08:18Z",
    "url": "https://github.com/greenrobot/EventBus/commit/825a0fec4e66ca604ab919597ab72c284b085e9a"
  },
  {
    "oid": "e510700cc34eca3a1b134cce7892e81c721b3738",
    "message": "using MyEvent in testPostMultipleTimes",
    "date": "2012-08-12T08:28:13Z",
    "url": "https://github.com/greenrobot/EventBus/commit/e510700cc34eca3a1b134cce7892e81c721b3738"
  },
  {
    "oid": "dbb6ad2246dc328667f0625afe8f8da2d19837bc",
    "message": "V1.0.1 release notes",
    "date": "2012-07-31T13:57:59Z",
    "url": "https://github.com/greenrobot/EventBus/commit/dbb6ad2246dc328667f0625afe8f8da2d19837bc"
  },
  {
    "oid": "0d222ca4f6d266086c9f68815283fcad16459a7d",
    "message": "Merge branch 'master' of github.com:greenrobot/EventBus",
    "date": "2012-07-31T13:46:45Z",
    "url": "https://github.com/greenrobot/EventBus/commit/0d222ca4f6d266086c9f68815283fcad16459a7d"
  },
  {
    "oid": "5bd704bb50f3174fe9f4207ea4f9a0594a9a321d",
    "message": "Update master",
    "date": "2012-07-16T19:16:52Z",
    "url": "https://github.com/greenrobot/EventBus/commit/5bd704bb50f3174fe9f4207ea4f9a0594a9a321d"
  },
  {
    "oid": "adb59c00a906fe890d27d4bd60542e6d7c29688f",
    "message": "Update master",
    "date": "2012-07-16T19:12:24Z",
    "url": "https://github.com/greenrobot/EventBus/commit/adb59c00a906fe890d27d4bd60542e6d7c29688f"
  },
  {
    "oid": "020bbf9044e83996eafd3c0a7a23b1ccb88328d9",
    "message": "fixed some markup issues with README.md",
    "date": "2012-07-16T18:46:04Z",
    "url": "https://github.com/greenrobot/EventBus/commit/020bbf9044e83996eafd3c0a7a23b1ccb88328d9"
  },
  {
    "oid": "ec216c4a00dd95715748d3663095dd4d761b35d5",
    "message": "Added README.md",
    "date": "2012-07-16T16:53:35Z",
    "url": "https://github.com/greenrobot/EventBus/commit/ec216c4a00dd95715748d3663095dd4d761b35d5"
  },
  {
    "oid": "a8c80c0cc5ca75b4356f1d85644581e470241cec",
    "message": "minor code clean up",
    "date": "2012-07-15T20:56:18Z",
    "url": "https://github.com/greenrobot/EventBus/commit/a8c80c0cc5ca75b4356f1d85644581e470241cec"
  },
  {
    "oid": "20b5f7ba6233a34504c993c651004dd40e4169ef",
    "message": "Using CopyOnWriteArrayList for direct access to subscriptions for\nposting",
    "date": "2012-07-15T19:49:47Z",
    "url": "https://github.com/greenrobot/EventBus/commit/20b5f7ba6233a34504c993c651004dd40e4169ef"
  },
  {
    "oid": "c07d1e0f3fdc5697e29e5de96152880fc7d0fe9e",
    "message": "added testSubscribeUnSubscribeAndPostMixedEventType",
    "date": "2012-07-15T19:36:30Z",
    "url": "https://github.com/greenrobot/EventBus/commit/c07d1e0f3fdc5697e29e5de96152880fc7d0fe9e"
  },
  {
    "oid": "4b974f1c715535ab11af423d1537dd10d45f4c02",
    "message": "performance tweaks",
    "date": "2012-07-15T18:22:05Z",
    "url": "https://github.com/greenrobot/EventBus/commit/4b974f1c715535ab11af423d1537dd10d45f4c02"
  },
  {
    "oid": "6fef187894f8fbae436247d42f9c4b5479cc0455",
    "message": "added multi-threaded tests with mixed event types",
    "date": "2012-07-15T15:10:00Z",
    "url": "https://github.com/greenrobot/EventBus/commit/6fef187894f8fbae436247d42f9c4b5479cc0455"
  },
  {
    "oid": "25cca125d6c6190b7494ac1e37133ff0adf584c6",
    "message": "added EventBusMultithreadedTest",
    "date": "2012-07-15T14:50:51Z",
    "url": "https://github.com/greenrobot/EventBus/commit/25cca125d6c6190b7494ac1e37133ff0adf584c6"
  }
]