[
  {
    "oid": "59ee0a11d7199cdeb2d454ebeaaa8396238c418f",
    "message": "Update README.md",
    "date": "2023-01-10T19:03:13Z",
    "url": "https://github.com/hdodenhof/CircleImageView/commit/59ee0a11d7199cdeb2d454ebeaaa8396238c418f"
  },
  {
    "oid": "f599e991fae34af6047030bd7710d244c8ad4dfe",
    "message": "Merge pull request #408 from keithchad/readme-fix\n\nreadme change",
    "date": "2020-12-30T07:44:36Z",
    "url": "https://github.com/hdodenhof/CircleImageView/commit/f599e991fae34af6047030bd7710d244c8ad4dfe"
  },
  {
    "oid": "0169f18a47eecee35e036b815f4e0b5820d6b832",
    "message": "readme change",
    "date": "2020-11-28T10:31:36Z",
    "url": "https://github.com/hdodenhof/CircleImageView/commit/0169f18a47eecee35e036b815f4e0b5820d6b832"
  },
  {
    "oid": "3d1e718314c84b6a4f7e9c521973306c13303de2",
    "message": "Add support for animated drawables",
    "date": "2020-03-17T16:34:55Z",
    "url": "https://github.com/hdodenhof/CircleImageView/commit/3d1e718314c84b6a4f7e9c521973306c13303de2"
  },
  {
    "oid": "7163ea389252feeb9a9cb4eaa82aaae9c93f8b85",
    "message": "Draw circle background and border even if no bitmap is set",
    "date": "2020-03-17T15:53:24Z",
    "url": "https://github.com/hdodenhof/CircleImageView/commit/7163ea389252feeb9a9cb4eaa82aaae9c93f8b85"
  },
  {
    "oid": "b33f76d28bc7abee0a29e8727db71e1e68407f3c",
    "message": "Bump minSdkVersion to 14",
    "date": "2020-03-17T15:53:21Z",
    "url": "https://github.com/hdodenhof/CircleImageView/commit/b33f76d28bc7abee0a29e8727db71e1e68407f3c"
  },
  {
    "oid": "4614eda3e13e81911c3f0ca94f322f056034ff04",
    "message": "Next version is 4.0.0",
    "date": "2020-03-17T15:53:01Z",
    "url": "https://github.com/hdodenhof/CircleImageView/commit/4614eda3e13e81911c3f0ca94f322f056034ff04"
  },
  {
    "oid": "eec3d962d095ffbd8417fd5de7eaba9077f1f6a7",
    "message": "Deprecate setCircleBackgroundColorResource",
    "date": "2020-03-17T15:44:44Z",
    "url": "https://github.com/hdodenhof/CircleImageView/commit/eec3d962d095ffbd8417fd5de7eaba9077f1f6a7"
  },
  {
    "oid": "accab583560892497a45a36848e8b77f6daf2d53",
    "message": "Restructure initialization and property updates",
    "date": "2020-03-13T13:48:38Z",
    "url": "https://github.com/hdodenhof/CircleImageView/commit/accab583560892497a45a36848e8b77f6daf2d53"
  },
  {
    "oid": "ec54e53022dd1dd1e0dcd84fb944b95d437366cc",
    "message": "Remove pointless override of getScaleType",
    "date": "2020-03-13T13:48:38Z",
    "url": "https://github.com/hdodenhof/CircleImageView/commit/ec54e53022dd1dd1e0dcd84fb944b95d437366cc"
  },
  {
    "oid": "3d10e243cc27267f5eeae848f44e6d5ae58d9bf3",
    "message": "Replace fields holding bitmap dimensions with local variables",
    "date": "2020-03-13T13:48:38Z",
    "url": "https://github.com/hdodenhof/CircleImageView/commit/3d10e243cc27267f5eeae848f44e6d5ae58d9bf3"
  },
  {
    "oid": "7ad4632d37dec6c6f2d6814664ffd2f7835c8213",
    "message": "Add support for image alpha",
    "date": "2020-03-11T17:51:39Z",
    "url": "https://github.com/hdodenhof/CircleImageView/commit/7ad4632d37dec6c6f2d6814664ffd2f7835c8213"
  },
  {
    "oid": "61a4b87cd8283a3fca6f3396af0c54f26d29d73b",
    "message": "Prepare for next release",
    "date": "2020-01-26T11:06:19Z",
    "url": "https://github.com/hdodenhof/CircleImageView/commit/61a4b87cd8283a3fca6f3396af0c54f26d29d73b"
  },
  {
    "oid": "0793af5bf01a8773b8fa31deabe62b3909489f88",
    "message": "Enable bitmap filtering and dithering\n\nThis aligns the paint flags with those a BitmapDrawable uses.",
    "date": "2020-01-26T10:50:18Z",
    "url": "https://github.com/hdodenhof/CircleImageView/commit/0793af5bf01a8773b8fa31deabe62b3909489f88"
  },
  {
    "oid": "f31f7fc693a8567239af6ff221935285d4a8fae7",
    "message": "Prepare for next release",
    "date": "2020-01-17T15:27:08Z",
    "url": "https://github.com/hdodenhof/CircleImageView/commit/f31f7fc693a8567239af6ff221935285d4a8fae7"
  },
  {
    "oid": "4b8cc02e2294f3711dbe273d2973d9f84d73718e",
    "message": "Guard setting color filter by null check\n\nThis fixes a regression introduced with 528125cae927614a63ffc0b9314cd8b9fd6326fd.\nAdd comment to make sure the check stays this time. See #326 and #105.",
    "date": "2020-01-01T13:52:01Z",
    "url": "https://github.com/hdodenhof/CircleImageView/commit/4b8cc02e2294f3711dbe273d2973d9f84d73718e"
  },
  {
    "oid": "3fef33b9fbd8df45a7c6134f50e2acbbecf75a0f",
    "message": "Fall back to default outline provider if circular transformation is disabled",
    "date": "2019-08-28T09:44:09Z",
    "url": "https://github.com/hdodenhof/CircleImageView/commit/3fef33b9fbd8df45a7c6134f50e2acbbecf75a0f"
  },
  {
    "oid": "a8aeeff9543f0fe1d1a786ccd0ea20da5ad6c8ec",
    "message": "Prepare for next release",
    "date": "2019-08-26T13:51:25Z",
    "url": "https://github.com/hdodenhof/CircleImageView/commit/a8aeeff9543f0fe1d1a786ccd0ea20da5ad6c8ec"
  },
  {
    "oid": "c109651db74fcb94ed57ed85e721384ed6535d2b",
    "message": "Don't limit touchable area to a circle if transformation is disabled",
    "date": "2019-08-26T13:30:01Z",
    "url": "https://github.com/hdodenhof/CircleImageView/commit/c109651db74fcb94ed57ed85e721384ed6535d2b"
  },
  {
    "oid": "e0e4384ed030afc0353998af676f2988eb9fea2a",
    "message": "Fire touch event even if view is empty",
    "date": "2019-08-26T13:30:01Z",
    "url": "https://github.com/hdodenhof/CircleImageView/commit/e0e4384ed030afc0353998af676f2988eb9fea2a"
  },
  {
    "oid": "99bd20ea9497ef540d8f15fe5d5b33e7ebcf6685",
    "message": "Prepare for next release",
    "date": "2019-01-06T11:52:15Z",
    "url": "https://github.com/hdodenhof/CircleImageView/commit/99bd20ea9497ef540d8f15fe5d5b33e7ebcf6685"
  },
  {
    "oid": "d5a92b5315f8f5216c5ddf3c7d2ad94d2c9d5f19",
    "message": "Suppress useless warnings in library",
    "date": "2019-01-06T11:25:34Z",
    "url": "https://github.com/hdodenhof/CircleImageView/commit/d5a92b5315f8f5216c5ddf3c7d2ad94d2c9d5f19"
  },
  {
    "oid": "528125cae927614a63ffc0b9314cd8b9fd6326fd",
    "message": "Remove unnecessary null check",
    "date": "2019-01-06T10:54:07Z",
    "url": "https://github.com/hdodenhof/CircleImageView/commit/528125cae927614a63ffc0b9314cd8b9fd6326fd"
  },
  {
    "oid": "2e7d1ff009d8bd34a8e35d16e9f44ef994b4d3d0",
    "message": "Next version is 3.0.0",
    "date": "2019-01-06T10:47:54Z",
    "url": "https://github.com/hdodenhof/CircleImageView/commit/2e7d1ff009d8bd34a8e35d16e9f44ef994b4d3d0"
  },
  {
    "oid": "7e60c2744ae6845b4fc5ca814a52b891aa121771",
    "message": "Merge pull request #255 from JobGetabu/patch-1\n\nefficient gradle import",
    "date": "2018-04-02T11:53:49Z",
    "url": "https://github.com/hdodenhof/CircleImageView/commit/7e60c2744ae6845b4fc5ca814a52b891aa121771"
  },
  {
    "oid": "39164372e2f5d39a1eecfd257f5db5158c30ad06",
    "message": "efficient gradle import \n\nwith :implementation\r\nno leaking of dependencies, faster parallel builds",
    "date": "2018-03-22T09:34:15Z",
    "url": "https://github.com/hdodenhof/CircleImageView/commit/39164372e2f5d39a1eecfd257f5db5158c30ad06"
  },
  {
    "oid": "0e23ac2269c6451e6ba7f3d0ba214d9f45afa70f",
    "message": "Prepare for next release",
    "date": "2017-10-10T13:59:29Z",
    "url": "https://github.com/hdodenhof/CircleImageView/commit/0e23ac2269c6451e6ba7f3d0ba214d9f45afa70f"
  },
  {
    "oid": "586c31f9e3718958ef76b410d92ea87f75dd4324",
    "message": "Next version is 2.2.0",
    "date": "2017-09-30T10:11:05Z",
    "url": "https://github.com/hdodenhof/CircleImageView/commit/586c31f9e3718958ef76b410d92ea87f75dd4324"
  },
  {
    "oid": "d03e825c2b0a02f883f95cbcb8bb7ef371a36564",
    "message": "Add 'next' section to changelog",
    "date": "2017-09-29T15:55:06Z",
    "url": "https://github.com/hdodenhof/CircleImageView/commit/d03e825c2b0a02f883f95cbcb8bb7ef371a36564"
  },
  {
    "oid": "1b5424662e34fd75199ff450c04d6e2fda258dcc",
    "message": "Add FAQ section to README",
    "date": "2017-09-29T14:48:00Z",
    "url": "https://github.com/hdodenhof/CircleImageView/commit/1b5424662e34fd75199ff450c04d6e2fda258dcc"
  },
  {
    "oid": "b271832117627294d5029b4e69ddd9300d300857",
    "message": "Add custom outline provider to support elevation",
    "date": "2017-09-29T14:13:14Z",
    "url": "https://github.com/hdodenhof/CircleImageView/commit/b271832117627294d5029b4e69ddd9300d300857"
  },
  {
    "oid": "86560980639500ae54361a9d5e582d8ee24214b6",
    "message": "Prepare for next release",
    "date": "2016-07-03T17:20:51Z",
    "url": "https://github.com/hdodenhof/CircleImageView/commit/86560980639500ae54361a9d5e582d8ee24214b6"
  },
  {
    "oid": "b9db84fbfa62ec65d403ebd8456ed8c129b11d7e",
    "message": "Handle programmatic change of padding properly",
    "date": "2016-07-03T16:46:13Z",
    "url": "https://github.com/hdodenhof/CircleImageView/commit/b9db84fbfa62ec65d403ebd8456ed8c129b11d7e"
  },
  {
    "oid": "f98b11c3867b5ad28b66717e6149fe4e86fe6f8b",
    "message": "Tweak border drawing condition",
    "date": "2016-05-16T15:23:35Z",
    "url": "https://github.com/hdodenhof/CircleImageView/commit/f98b11c3867b5ad28b66717e6149fe4e86fe6f8b"
  },
  {
    "oid": "7b9e2fc8b0061273a47e2b9166b3661a40a78cd4",
    "message": "Let border overlap image by 1px to avoid a hairline gap caused by antialising; resolves #131",
    "date": "2016-05-16T15:20:04Z",
    "url": "https://github.com/hdodenhof/CircleImageView/commit/7b9e2fc8b0061273a47e2b9166b3661a40a78cd4"
  },
  {
    "oid": "d2cc96be774516b0d6711df4f7390d4b063298a0",
    "message": "Deprecate setBorderColorResource",
    "date": "2016-05-16T14:23:34Z",
    "url": "https://github.com/hdodenhof/CircleImageView/commit/d2cc96be774516b0d6711df4f7390d4b063298a0"
  },
  {
    "oid": "3e607323d01e21e5c063b03708802a9aad2a01e4",
    "message": "Deprecate fillColor and add some Javadoc explaining the current behaviour",
    "date": "2016-05-16T14:23:32Z",
    "url": "https://github.com/hdodenhof/CircleImageView/commit/3e607323d01e21e5c063b03708802a9aad2a01e4"
  },
  {
    "oid": "661381f39b72aba22ce7bd9d71ee523e4fcf7c77",
    "message": "Next version is 2.1.0",
    "date": "2016-05-01T15:56:23Z",
    "url": "https://github.com/hdodenhof/CircleImageView/commit/661381f39b72aba22ce7bd9d71ee523e4fcf7c77"
  },
  {
    "oid": "d3ced7d5e3a2651e3b1a1afa1b0723cf7b855166",
    "message": "Add support for padding",
    "date": "2016-04-29T21:51:27Z",
    "url": "https://github.com/hdodenhof/CircleImageView/commit/d3ced7d5e3a2651e3b1a1afa1b0723cf7b855166"
  },
  {
    "oid": "af3982c2acf94b150cd1eaf7720d14476f6f167d",
    "message": "Add option to disable circular transformation; #111",
    "date": "2016-04-29T21:51:22Z",
    "url": "https://github.com/hdodenhof/CircleImageView/commit/af3982c2acf94b150cd1eaf7720d14476f6f167d"
  },
  {
    "oid": "a50a1c1de770a110f2bf7583269e959f3fbdbe9f",
    "message": "Add missing getter for color filter",
    "date": "2016-04-25T09:18:03Z",
    "url": "https://github.com/hdodenhof/CircleImageView/commit/a50a1c1de770a110f2bf7583269e959f3fbdbe9f"
  },
  {
    "oid": "3d8ea5c80684f92394b6d906061b72ae55b34693",
    "message": "Fix NPE caused by tint attribute on api levels < 21; #105",
    "date": "2016-04-17T11:22:45Z",
    "url": "https://github.com/hdodenhof/CircleImageView/commit/3d8ea5c80684f92394b6d906061b72ae55b34693"
  },
  {
    "oid": "4160c751d50fbfc247fbc877319da3042504824e",
    "message": "Update README.md",
    "date": "2016-01-30T12:12:29Z",
    "url": "https://github.com/hdodenhof/CircleImageView/commit/4160c751d50fbfc247fbc877319da3042504824e"
  },
  {
    "oid": "6caafd60c71f885cd2c58c08e9063591bab2c77a",
    "message": "Add license header",
    "date": "2015-09-20T15:29:43Z",
    "url": "https://github.com/hdodenhof/CircleImageView/commit/6caafd60c71f885cd2c58c08e9063591bab2c77a"
  },
  {
    "oid": "6882bfc22cb5c2358acf3bf730890db0ae346022",
    "message": "Prepare for next release",
    "date": "2015-09-20T14:47:53Z",
    "url": "https://github.com/hdodenhof/CircleImageView/commit/6882bfc22cb5c2358acf3bf730890db0ae346022"
  },
  {
    "oid": "754a6b508e18d8b6fc9f580a64d371122ccdcb36",
    "message": "More support annotations; missing setter for fill color",
    "date": "2015-09-20T13:37:15Z",
    "url": "https://github.com/hdodenhof/CircleImageView/commit/754a6b508e18d8b6fc9f580a64d371122ccdcb36"
  },
  {
    "oid": "0d9f88a94732741abae1494a9b3a034c51951383",
    "message": "Reorder setup condition checks",
    "date": "2015-09-15T09:50:23Z",
    "url": "https://github.com/hdodenhof/CircleImageView/commit/0d9f88a94732741abae1494a9b3a034c51951383"
  },
  {
    "oid": "ee01fb41031e12316d022848f07e9e8e4c63ff2c",
    "message": "Merge pull request #83 from start141/master\n\nHold off setup if the view's bounds aren't known yet",
    "date": "2015-09-15T09:48:45Z",
    "url": "https://github.com/hdodenhof/CircleImageView/commit/ee01fb41031e12316d022848f07e9e8e4c63ff2c"
  },
  {
    "oid": "9e53f8cf788b74a9dd18344ddf70b10bb80e6308",
    "message": "Not to setup when width and height is 0",
    "date": "2015-09-15T03:59:48Z",
    "url": "https://github.com/hdodenhof/CircleImageView/commit/9e53f8cf788b74a9dd18344ddf70b10bb80e6308"
  },
  {
    "oid": "d74ed7d902f3584a908df2b3db1396749e19600a",
    "message": "Major version bump",
    "date": "2015-09-14T17:33:32Z",
    "url": "https://github.com/hdodenhof/CircleImageView/commit/d74ed7d902f3584a908df2b3db1396749e19600a"
  },
  {
    "oid": "90f6250218c7bdfdbaa6e13f2d0534595830db52",
    "message": "Don't crash when fed with incompatible drawables",
    "date": "2015-09-14T17:26:21Z",
    "url": "https://github.com/hdodenhof/CircleImageView/commit/90f6250218c7bdfdbaa6e13f2d0534595830db52"
  },
  {
    "oid": "1f5c50cfaefb0b6354ebe555a7885a05f4f2f009",
    "message": "Lower minSdkVersion to 8",
    "date": "2015-09-14T15:21:52Z",
    "url": "https://github.com/hdodenhof/CircleImageView/commit/1f5c50cfaefb0b6354ebe555a7885a05f4f2f009"
  },
  {
    "oid": "19e19ceb8ceedd9d7738cd231776b027f17e9a46",
    "message": "Cleanup",
    "date": "2015-09-14T14:21:56Z",
    "url": "https://github.com/hdodenhof/CircleImageView/commit/19e19ceb8ceedd9d7738cd231776b027f17e9a46"
  },
  {
    "oid": "6d5d5306e760148680e08d85cc2747d2c844b348",
    "message": "Fix bitmap not being cleared after set to null",
    "date": "2015-09-14T14:03:59Z",
    "url": "https://github.com/hdodenhof/CircleImageView/commit/6d5d5306e760148680e08d85cc2747d2c844b348"
  },
  {
    "oid": "cb2ac0c059864021b8e4acde6f17db91c846e282",
    "message": "Merge pull request #60 from azbesthu/master\n\nUse float numbers in divisions",
    "date": "2015-09-14T13:34:14Z",
    "url": "https://github.com/hdodenhof/CircleImageView/commit/cb2ac0c059864021b8e4acde6f17db91c846e282"
  },
  {
    "oid": "7c20cf09aca9116710799f96452d80fb57e21ebd",
    "message": "Use float numbers in division otherwise the edge of the circle can be\ncut down on small images.",
    "date": "2015-05-25T21:07:37Z",
    "url": "https://github.com/hdodenhof/CircleImageView/commit/7c20cf09aca9116710799f96452d80fb57e21ebd"
  },
  {
    "oid": "70b48104b21bdf03073aa5f4f89fbb54d584da08",
    "message": "Prepare for next release",
    "date": "2015-05-07T20:56:09Z",
    "url": "https://github.com/hdodenhof/CircleImageView/commit/70b48104b21bdf03073aa5f4f89fbb54d584da08"
  },
  {
    "oid": "5977670894c6983bcd954f5977457af6b98855f5",
    "message": "Default border_overlay to false, invert its meaning",
    "date": "2015-05-06T10:08:42Z",
    "url": "https://github.com/hdodenhof/CircleImageView/commit/5977670894c6983bcd954f5977457af6b98855f5"
  },
  {
    "oid": "a74cbbf3b87a557f02ad2609451b10d650f89ad4",
    "message": "Style cleanup",
    "date": "2015-05-03T11:44:40Z",
    "url": "https://github.com/hdodenhof/CircleImageView/commit/a74cbbf3b87a557f02ad2609451b10d650f89ad4"
  },
  {
    "oid": "4772d31dbea409a9af2e7222eb1b451772d56180",
    "message": "Merge pull request #38 from Egorand/master\n\nAdded setBorderColorResource() to allow passing color resource references",
    "date": "2015-04-28T20:40:23Z",
    "url": "https://github.com/hdodenhof/CircleImageView/commit/4772d31dbea409a9af2e7222eb1b451772d56180"
  },
  {
    "oid": "6da865ee72c6c317d1ec5eea6d6dc90ca56e0614",
    "message": "Prepare for next release",
    "date": "2015-02-25T19:07:37Z",
    "url": "https://github.com/hdodenhof/CircleImageView/commit/6da865ee72c6c317d1ec5eea6d6dc90ca56e0614"
  },
  {
    "oid": "ea5eac656505578ddc08990775e626b8bb6550d5",
    "message": "Added setBorderColorResource() to allow passing color resource references",
    "date": "2015-01-24T16:02:21Z",
    "url": "https://github.com/hdodenhof/CircleImageView/commit/ea5eac656505578ddc08990775e626b8bb6550d5"
  },
  {
    "oid": "d2bfacd8d4922b0e3bc0a3986514d6ddcc7de976",
    "message": "Fix and improve ColorFilter implementation",
    "date": "2015-01-14T10:39:59Z",
    "url": "https://github.com/hdodenhof/CircleImageView/commit/d2bfacd8d4922b0e3bc0a3986514d6ddcc7de976"
  },
  {
    "oid": "ca1782a210929f472cbdb33b498c3536962c9c2c",
    "message": "Add ColorFilter support; closes #29",
    "date": "2015-01-14T10:14:21Z",
    "url": "https://github.com/hdodenhof/CircleImageView/commit/ca1782a210929f472cbdb33b498c3536962c9c2c"
  },
  {
    "oid": "8af308b6e19e907f8501bf308e62a652d12f551c",
    "message": "Prepare for next release",
    "date": "2014-11-17T17:11:28Z",
    "url": "https://github.com/hdodenhof/CircleImageView/commit/8af308b6e19e907f8501bf308e62a652d12f551c"
  },
  {
    "oid": "57e7eca373064d58c903067d14c6817031d64a8b",
    "message": "Add missing support for adjustViewBounds to limitations; closes #24",
    "date": "2014-11-17T17:11:28Z",
    "url": "https://github.com/hdodenhof/CircleImageView/commit/57e7eca373064d58c903067d14c6817031d64a8b"
  },
  {
    "oid": "fb87e9c4fdf2b3dab6b0da2e55c497416aa224b0",
    "message": "Throw exception if adjustViewBounds is enabled as this requires an unsupported scale type",
    "date": "2014-11-17T17:11:28Z",
    "url": "https://github.com/hdodenhof/CircleImageView/commit/fb87e9c4fdf2b3dab6b0da2e55c497416aa224b0"
  },
  {
    "oid": "c404fe57174b135cf5654f2db1c5067ae6cf0d7b",
    "message": "Add missing TransitionDrawable support to limitations",
    "date": "2014-11-17T17:11:28Z",
    "url": "https://github.com/hdodenhof/CircleImageView/commit/c404fe57174b135cf5654f2db1c5067ae6cf0d7b"
  },
  {
    "oid": "92416911dae505a227f08581d0c799073761336c",
    "message": "Fix ColorDrawables not being rendered properly on Lollipop; closes #23",
    "date": "2014-11-17T17:11:28Z",
    "url": "https://github.com/hdodenhof/CircleImageView/commit/92416911dae505a227f08581d0c799073761336c"
  },
  {
    "oid": "9ad63cc0a04fa2e73c87f9988d01ccd9a4d70bbc",
    "message": "Merge pull request #22 from DonLiangGit/patch-1\n\nUpdate README.md",
    "date": "2014-11-06T19:42:20Z",
    "url": "https://github.com/hdodenhof/CircleImageView/commit/9ad63cc0a04fa2e73c87f9988d01ccd9a4d70bbc"
  },
  {
    "oid": "8010044080ebfc6242571f15e9a79ba22f7b8535",
    "message": "Update README.md",
    "date": "2014-11-03T21:28:12Z",
    "url": "https://github.com/hdodenhof/CircleImageView/commit/8010044080ebfc6242571f15e9a79ba22f7b8535"
  },
  {
    "oid": "b364fb44a1b5f0d4ebd6ac65b3985bca93901b21",
    "message": "Prepare for next release",
    "date": "2014-08-11T15:47:06Z",
    "url": "https://github.com/hdodenhof/CircleImageView/commit/b364fb44a1b5f0d4ebd6ac65b3985bca93901b21"
  },
  {
    "oid": "6444c6a914ac7a546a3237af0720b1fa45f6a7d8",
    "message": "Add support for setImageURI",
    "date": "2014-08-11T15:03:43Z",
    "url": "https://github.com/hdodenhof/CircleImageView/commit/6444c6a914ac7a546a3237af0720b1fa45f6a7d8"
  },
  {
    "oid": "a22cab29abd81043a047a0f54f92514f817b8a85",
    "message": "Merge pull request #15 from mutahirqureshi/non-xml-init\n\nproperly initialize in CircleImageView(Context) constructor",
    "date": "2014-08-11T14:55:58Z",
    "url": "https://github.com/hdodenhof/CircleImageView/commit/a22cab29abd81043a047a0f54f92514f817b8a85"
  },
  {
    "oid": "e8428bf9876129d511bc0e96157f2d8ee95af733",
    "message": "properly initialize in CircleImageView(Context) constructor",
    "date": "2014-07-16T03:17:06Z",
    "url": "https://github.com/hdodenhof/CircleImageView/commit/e8428bf9876129d511bc0e96157f2d8ee95af733"
  },
  {
    "oid": "21027940da0d0011b7b6a72ce3b9cf09ce0cb65e",
    "message": "Prepare for next release",
    "date": "2014-07-06T09:32:34Z",
    "url": "https://github.com/hdodenhof/CircleImageView/commit/21027940da0d0011b7b6a72ce3b9cf09ce0cb65e"
  },
  {
    "oid": "af72a113fca09463a1b43bf3c6621efd1973a62e",
    "message": "Code style",
    "date": "2014-07-06T09:32:34Z",
    "url": "https://github.com/hdodenhof/CircleImageView/commit/af72a113fca09463a1b43bf3c6621efd1973a62e"
  },
  {
    "oid": "bbeadc801e226df55a9e27ac5c3233f386e7d593",
    "message": "Update README.md",
    "date": "2014-06-01T13:21:50Z",
    "url": "https://github.com/hdodenhof/CircleImageView/commit/bbeadc801e226df55a9e27ac5c3233f386e7d593"
  },
  {
    "oid": "d597c09a678f96886da4d2c594d19a76d9601a58",
    "message": "Merge pull request #7 from CarlLee/master\n\nFixed 1px border is drawn even when border width is set to 0",
    "date": "2014-06-01T12:36:34Z",
    "url": "https://github.com/hdodenhof/CircleImageView/commit/d597c09a678f96886da4d2c594d19a76d9601a58"
  },
  {
    "oid": "fc36cfcf55a93cf02fd35166600738ea2e1e9634",
    "message": "Fixed 1px border is drawn even when border width is set to 0",
    "date": "2014-04-22T18:04:22Z",
    "url": "https://github.com/hdodenhof/CircleImageView/commit/fc36cfcf55a93cf02fd35166600738ea2e1e9634"
  },
  {
    "oid": "c1b3705252b879064ef560a059d854e4b2e13233",
    "message": "Prepare for next release",
    "date": "2014-02-09T16:30:25Z",
    "url": "https://github.com/hdodenhof/CircleImageView/commit/c1b3705252b879064ef560a059d854e4b2e13233"
  },
  {
    "oid": "f1d7f03d0f7b817586528a0ee52d2da8e0a364e9",
    "message": "Add getters for border color and border width",
    "date": "2014-02-09T15:42:16Z",
    "url": "https://github.com/hdodenhof/CircleImageView/commit/f1d7f03d0f7b817586528a0ee52d2da8e0a364e9"
  },
  {
    "oid": "bdc3be7ef345919add9f26b5abc0ba408d8d0dc8",
    "message": "Throw proper exception in case of unsupported ScaleType",
    "date": "2014-02-09T15:42:16Z",
    "url": "https://github.com/hdodenhof/CircleImageView/commit/bdc3be7ef345919add9f26b5abc0ba408d8d0dc8"
  },
  {
    "oid": "10d741b4b963087b37c6e38f01c114951790192b",
    "message": "Reformat code",
    "date": "2014-02-09T15:42:16Z",
    "url": "https://github.com/hdodenhof/CircleImageView/commit/10d741b4b963087b37c6e38f01c114951790192b"
  },
  {
    "oid": "6e8c49c9a49681a9b7a957474a86824bd231ae30",
    "message": "Get rid of magic number in favor of a constant",
    "date": "2014-02-09T15:42:16Z",
    "url": "https://github.com/hdodenhof/CircleImageView/commit/6e8c49c9a49681a9b7a957474a86824bd231ae30"
  },
  {
    "oid": "27735dec6e01a024d793df18879c090b1ae9dd28",
    "message": "Remove traces of ColorStateList as it's ignored anyways",
    "date": "2014-02-09T15:42:16Z",
    "url": "https://github.com/hdodenhof/CircleImageView/commit/27735dec6e01a024d793df18879c090b1ae9dd28"
  },
  {
    "oid": "701e2a6d43d5187d98031cabf6415313180e6a61",
    "message": "Add setters for border color and border width",
    "date": "2014-02-09T15:42:16Z",
    "url": "https://github.com/hdodenhof/CircleImageView/commit/701e2a6d43d5187d98031cabf6415313180e6a61"
  },
  {
    "oid": "521277b65db235c7834d96b4fb4494e7e74f6605",
    "message": "Add support for ColorDrawables, fixes #1",
    "date": "2014-02-09T15:42:16Z",
    "url": "https://github.com/hdodenhof/CircleImageView/commit/521277b65db235c7834d96b4fb4494e7e74f6605"
  },
  {
    "oid": "a56a7d920986e97cd6bc50b258512924a9912535",
    "message": "Update README.md",
    "date": "2014-01-26T08:52:29Z",
    "url": "https://github.com/hdodenhof/CircleImageView/commit/a56a7d920986e97cd6bc50b258512924a9912535"
  },
  {
    "oid": "4f0b4265074bd1ab51af4fc95ef18a5c6cf964f1",
    "message": "Add LICENSE.txt",
    "date": "2014-01-26T08:40:27Z",
    "url": "https://github.com/hdodenhof/CircleImageView/commit/4f0b4265074bd1ab51af4fc95ef18a5c6cf964f1"
  },
  {
    "oid": "ed4b850758ba6e2def656090ef269753a536e2d7",
    "message": "Update README.md",
    "date": "2014-01-24T12:04:51Z",
    "url": "https://github.com/hdodenhof/CircleImageView/commit/ed4b850758ba6e2def656090ef269753a536e2d7"
  },
  {
    "oid": "761986392bb82eff64309311d8b169191ac5f658",
    "message": "Prepare for next release",
    "date": "2014-01-24T09:38:45Z",
    "url": "https://github.com/hdodenhof/CircleImageView/commit/761986392bb82eff64309311d8b169191ac5f658"
  },
  {
    "oid": "4ac86044d361d1b1bc015dadb9854733457a8258",
    "message": "Prepare release v1.0.1",
    "date": "2014-01-24T09:33:12Z",
    "url": "https://github.com/hdodenhof/CircleImageView/commit/4ac86044d361d1b1bc015dadb9854733457a8258"
  },
  {
    "oid": "673efdd55f60ededcf6afbdefb6cbf73916cd118",
    "message": "Improve Drawable to Bitmap conversion",
    "date": "2014-01-23T20:31:13Z",
    "url": "https://github.com/hdodenhof/CircleImageView/commit/673efdd55f60ededcf6afbdefb6cbf73916cd118"
  },
  {
    "oid": "db8b8e909ad8711de0a4ed18468d8263c25b9f9c",
    "message": "Prepare for next release",
    "date": "2014-01-23T20:28:49Z",
    "url": "https://github.com/hdodenhof/CircleImageView/commit/db8b8e909ad8711de0a4ed18468d8263c25b9f9c"
  },
  {
    "oid": "019cc276d3890b6932da4048443858b5751c8709",
    "message": "Update README.md",
    "date": "2014-01-23T19:28:51Z",
    "url": "https://github.com/hdodenhof/CircleImageView/commit/019cc276d3890b6932da4048443858b5751c8709"
  },
  {
    "oid": "fddc8ddab27c78a168414b1c81d4d2eb1dc65422",
    "message": "Update README.md",
    "date": "2014-01-23T18:31:47Z",
    "url": "https://github.com/hdodenhof/CircleImageView/commit/fddc8ddab27c78a168414b1c81d4d2eb1dc65422"
  },
  {
    "oid": "0aac8e7a8a09e495f29ca92fb759bc57613c8d4a",
    "message": "Cleanup Javadoc",
    "date": "2014-01-20T21:42:09Z",
    "url": "https://github.com/hdodenhof/CircleImageView/commit/0aac8e7a8a09e495f29ca92fb759bc57613c8d4a"
  },
  {
    "oid": "57f62a502e279196fa5da6f8202961c0aa702a15",
    "message": "Cleanup imports",
    "date": "2014-01-20T21:42:09Z",
    "url": "https://github.com/hdodenhof/CircleImageView/commit/57f62a502e279196fa5da6f8202961c0aa702a15"
  },
  {
    "oid": "aef5e1348bbe4d9a1d7ef582573a24bd5c20a302",
    "message": "Cleanup manifest",
    "date": "2014-01-20T21:42:09Z",
    "url": "https://github.com/hdodenhof/CircleImageView/commit/aef5e1348bbe4d9a1d7ef582573a24bd5c20a302"
  },
  {
    "oid": "37a25df7750c58635d9819460896b8ac3465c9f3",
    "message": "Update README.md",
    "date": "2014-01-18T12:28:11Z",
    "url": "https://github.com/hdodenhof/CircleImageView/commit/37a25df7750c58635d9819460896b8ac3465c9f3"
  },
  {
    "oid": "391fdefffd7f23ec2adfaa74632e58a51745affd",
    "message": "Update README.md",
    "date": "2014-01-18T12:22:36Z",
    "url": "https://github.com/hdodenhof/CircleImageView/commit/391fdefffd7f23ec2adfaa74632e58a51745affd"
  }
]