[
  {
    "oid": "83ce16cafc3cb573227c21d19e95ffcaadfcdb7f",
    "message": "Update README.md (#1091)\n\nUpdated the installation instructions to make the part of downloading the plug-in more prominent and obvious.",
    "date": "2025-02-14T03:51:56Z",
    "url": "https://github.com/infinilabs/analysis-ik/commit/83ce16cafc3cb573227c21d19e95ffcaadfcdb7f"
  },
  {
    "oid": "51d3979513d431ca002fa974952d01d86a9f96f9",
    "message": "fix buffer boundary issues and cursor handling in IK tokenizer: (#1080)\n\n* Adjusted the calculation of offset in fillBuffer() to correctly handle cases when the cursor reaches the end of the buffer, preventing duplicate processing of the last character.\r\n\r\nCo-authored-by: Hj Wu <black99129@gmail..com>",
    "date": "2024-12-12T01:01:43Z",
    "url": "https://github.com/infinilabs/analysis-ik/commit/51d3979513d431ca002fa974952d01d86a9f96f9"
  },
  {
    "oid": "856ceb764eb8d8b98f7ef6be2315380b687e58f5",
    "message": "chore: update readme, add plugin install instructions",
    "date": "2024-03-26T05:05:13Z",
    "url": "https://github.com/infinilabs/analysis-ik/commit/856ceb764eb8d8b98f7ef6be2315380b687e58f5"
  },
  {
    "oid": "13c39692387d314fa0b9afda605ec54a3ac2ffe7",
    "message": "update readme",
    "date": "2023-10-31T03:35:24Z",
    "url": "https://github.com/infinilabs/analysis-ik/commit/13c39692387d314fa0b9afda605ec54a3ac2ffe7"
  },
  {
    "oid": "929563657d22cca6c38a6581b994458a5d687be8",
    "message": "update readme",
    "date": "2023-10-31T03:14:21Z",
    "url": "https://github.com/infinilabs/analysis-ik/commit/929563657d22cca6c38a6581b994458a5d687be8"
  },
  {
    "oid": "08807a055f25ebd4fa22cf60fa12d877acbc1277",
    "message": "add code of conduct",
    "date": "2023-10-31T03:14:10Z",
    "url": "https://github.com/infinilabs/analysis-ik/commit/08807a055f25ebd4fa22cf60fa12d877acbc1277"
  },
  {
    "oid": "677b69dba87520d2822fec6550b59b1c64e58683",
    "message": "upgrade httpclient to 4.5.13 (#976)",
    "date": "2023-10-31T02:46:42Z",
    "url": "https://github.com/infinilabs/analysis-ik/commit/677b69dba87520d2822fec6550b59b1c64e58683"
  },
  {
    "oid": "0fb53ac32cbc22c8eae2fa79bcc400a7a4b0315f",
    "message": "Update pom.xml\n\nUpdate log4j",
    "date": "2022-01-19T03:59:06Z",
    "url": "https://github.com/infinilabs/analysis-ik/commit/0fb53ac32cbc22c8eae2fa79bcc400a7a4b0315f"
  },
  {
    "oid": "b637708ba0f0751c734dd99c87c42d613bf3b87c",
    "message": "update log4j",
    "date": "2021-12-13T01:45:53Z",
    "url": "https://github.com/infinilabs/analysis-ik/commit/b637708ba0f0751c734dd99c87c42d613bf3b87c"
  },
  {
    "oid": "8e36b3240e00622f2523d3afb9a87b5e9445e49b",
    "message": "Update FUNDING.yml",
    "date": "2021-05-19T09:27:37Z",
    "url": "https://github.com/infinilabs/analysis-ik/commit/8e36b3240e00622f2523d3afb9a87b5e9445e49b"
  },
  {
    "oid": "e0157d5f39d74a6da01d556ade9fbe0109bce399",
    "message": "Update FUNDING.yml",
    "date": "2021-05-19T09:27:04Z",
    "url": "https://github.com/infinilabs/analysis-ik/commit/e0157d5f39d74a6da01d556ade9fbe0109bce399"
  },
  {
    "oid": "0fccc038e277be0b47bfa805fb1a9ef03c4cfb19",
    "message": "Create FUNDING.yml",
    "date": "2021-05-19T08:50:12Z",
    "url": "https://github.com/infinilabs/analysis-ik/commit/0fccc038e277be0b47bfa805fb1a9ef03c4cfb19"
  },
  {
    "oid": "5a1b8c8da629a05bd7c16245da5cbe0d3a0dad1c",
    "message": "Read chunked remote words (#817)\n\nFix chunked content could not be read as it will not get content length\r\nI see there is an issue #780 and this fix it",
    "date": "2020-09-06T08:34:40Z",
    "url": "https://github.com/infinilabs/analysis-ik/commit/5a1b8c8da629a05bd7c16245da5cbe0d3a0dad1c"
  },
  {
    "oid": "1375ca6d39c53c85542ee4e8c147bfff8131e420",
    "message": "fix #789",
    "date": "2020-06-10T08:05:01Z",
    "url": "https://github.com/infinilabs/analysis-ik/commit/1375ca6d39c53c85542ee4e8c147bfff8131e420"
  },
  {
    "oid": "06e8a23d1828ae993aef21b81829a7729d06f224",
    "message": "Update AnalyzeContext.java (#673)",
    "date": "2019-05-01T08:57:44Z",
    "url": "https://github.com/infinilabs/analysis-ik/commit/06e8a23d1828ae993aef21b81829a7729d06f224"
  },
  {
    "oid": "a1d6ba8ca206d750e68bbf3e53a25284100174bd",
    "message": "Correct Search Analyzer (#668)\n\nThe former search analyzer `ik-max-word` will give the wrong result against described later in the README file.",
    "date": "2019-04-19T12:23:43Z",
    "url": "https://github.com/infinilabs/analysis-ik/commit/a1d6ba8ca206d750e68bbf3e53a25284100174bd"
  },
  {
    "oid": "90c9b58354c8f67a4a9725eab706d88c7d2fc476",
    "message": "update example",
    "date": "2019-04-11T02:07:22Z",
    "url": "https://github.com/infinilabs/analysis-ik/commit/90c9b58354c8f67a4a9725eab706d88c7d2fc476"
  },
  {
    "oid": "125ac3c5e5e66bdb31a75cd43719925c35193917",
    "message": "Merge branch 'pr/621'",
    "date": "2019-03-25T03:02:22Z",
    "url": "https://github.com/infinilabs/analysis-ik/commit/125ac3c5e5e66bdb31a75cd43719925c35193917"
  },
  {
    "oid": "9eaa2b90eb782113acce5bb1c16100e51d71e404",
    "message": "fix NPE",
    "date": "2019-03-06T11:02:56Z",
    "url": "https://github.com/infinilabs/analysis-ik/commit/9eaa2b90eb782113acce5bb1c16100e51d71e404"
  },
  {
    "oid": "9873489ba7f00b3dc1d2c83aa8dc6e5692e9e5e9",
    "message": "Update AnalyzeContext.java\n\n使用ik_smart切分 金力泰合同审批 切分的结果是（金  力  泰  合同  审批）但是使用ik_max_word切分结果是（金  力  泰合  合同  审批 批），这样就存在搜索（金力泰  金力泰合同审批） 搜索不到的情况，查看源码发现泰未在字典中，泰合  合同在字典中，导致smart切分消歧的时候按照逆向概率高的规则忽略了泰合，输出结果泰就单独切分了，可以在输出结果时判断下 字典中无单字，但是词元冲突了，切分出相交词元的前一个词元中的单字，这样就能解决这个问题",
    "date": "2018-11-21T03:00:29Z",
    "url": "https://github.com/infinilabs/analysis-ik/commit/9873489ba7f00b3dc1d2c83aa8dc6e5692e9e5e9"
  },
  {
    "oid": "1d750a9bdd9f9c62c89fbe9493cf1e88f49c69b1",
    "message": "Update AnalyzeContext.java (#617)",
    "date": "2018-11-20T13:15:37Z",
    "url": "https://github.com/infinilabs/analysis-ik/commit/1d750a9bdd9f9c62c89fbe9493cf1e88f49c69b1"
  },
  {
    "oid": "3a7a81c29d01f7f4a9accf9ca638c11aa37d76e2",
    "message": "Update README.md (#581)",
    "date": "2018-08-06T08:54:06Z",
    "url": "https://github.com/infinilabs/analysis-ik/commit/3a7a81c29d01f7f4a9accf9ca638c11aa37d76e2"
  },
  {
    "oid": "9fff6379ef277c8d11fc9e54ccea362734ae3436",
    "message": "remove deploy in travis",
    "date": "2018-07-26T02:25:16Z",
    "url": "https://github.com/infinilabs/analysis-ik/commit/9fff6379ef277c8d11fc9e54ccea362734ae3436"
  },
  {
    "oid": "83fa2ff8b234984bca63397148feffa0bedd439c",
    "message": "直接解压到plugins目录下导致es无法启动 (#564)\n\n直接解压到plugins会报Could not load plugin descriptor for plugin directory [plugin-descriptor.properties]错误",
    "date": "2018-06-26T02:14:02Z",
    "url": "https://github.com/infinilabs/analysis-ik/commit/83fa2ff8b234984bca63397148feffa0bedd439c"
  },
  {
    "oid": "0222529290b8c88e9dfeccbcadfff09a220640f4",
    "message": "Remove intermediate elasticsearch directory within plugin zips",
    "date": "2018-06-19T03:25:29Z",
    "url": "https://github.com/infinilabs/analysis-ik/commit/0222529290b8c88e9dfeccbcadfff09a220640f4"
  },
  {
    "oid": "36e6d2d00b8e0fc235fec662ef8044771976ffe1",
    "message": "update travis",
    "date": "2018-05-06T09:06:19Z",
    "url": "https://github.com/infinilabs/analysis-ik/commit/36e6d2d00b8e0fc235fec662ef8044771976ffe1"
  },
  {
    "oid": "de1da42d38d1f5f3de5a6e57219b47af2f5e3463",
    "message": "update travis",
    "date": "2018-05-06T08:55:07Z",
    "url": "https://github.com/infinilabs/analysis-ik/commit/de1da42d38d1f5f3de5a6e57219b47af2f5e3463"
  },
  {
    "oid": "21a859a48d01f75537a0e120e017225a6b9a3b1c",
    "message": "Merge branch 'master' of github.com:medcl/elasticsearch-analysis-ik",
    "date": "2018-04-09T07:59:12Z",
    "url": "https://github.com/infinilabs/analysis-ik/commit/21a859a48d01f75537a0e120e017225a6b9a3b1c"
  },
  {
    "oid": "816b8ddd4bf0548cfc2707dbc1e692b240ca338b",
    "message": "fix ambiguous",
    "date": "2018-04-09T07:58:43Z",
    "url": "https://github.com/infinilabs/analysis-ik/commit/816b8ddd4bf0548cfc2707dbc1e692b240ca338b"
  },
  {
    "oid": "7028b9ea05aed580a815c4085d55ff34f5b51245",
    "message": "BOM handling of dict file (#517)\n\nSigned-off-by: Peng Chen <figroc@gmail.com>",
    "date": "2018-04-02T05:29:22Z",
    "url": "https://github.com/infinilabs/analysis-ik/commit/7028b9ea05aed580a815c4085d55ff34f5b51245"
  },
  {
    "oid": "7c9b4771b32ab89e06f14c528e8a8cbfc433dbc5",
    "message": "Merge branch 'master' of github.com:medcl/elasticsearch-analysis-ik",
    "date": "2018-03-05T23:29:35Z",
    "url": "https://github.com/infinilabs/analysis-ik/commit/7c9b4771b32ab89e06f14c528e8a8cbfc433dbc5"
  },
  {
    "oid": "0e8ddbd749d94c6f91b2b329e760ddfb87568db4",
    "message": "ext dic&stopwords can be dir (#437)\n\nallow dir for ext_dict and ext_stopwords in IKAnalyzer.cfg.xml\r\nBy: Peng Chen<figroc@gmail.com>",
    "date": "2018-02-24T08:40:21Z",
    "url": "https://github.com/infinilabs/analysis-ik/commit/0e8ddbd749d94c6f91b2b329e760ddfb87568db4"
  },
  {
    "oid": "7a1445fddaacfe9a50cccd22f8927ba3907aa040",
    "message": "update plugin-descriptor.properties, Close #514",
    "date": "2018-02-10T06:07:20Z",
    "url": "https://github.com/infinilabs/analysis-ik/commit/7a1445fddaacfe9a50cccd22f8927ba3907aa040"
  },
  {
    "oid": "353cefd5b82458f3a5ce8a8faddb1a4b5404db9c",
    "message": "fix example, Close #512",
    "date": "2018-02-09T04:27:46Z",
    "url": "https://github.com/infinilabs/analysis-ik/commit/353cefd5b82458f3a5ce8a8faddb1a4b5404db9c"
  },
  {
    "oid": "c4c498a3aa5b75612b3a06d2091e70ba067349d8",
    "message": "update example",
    "date": "2017-08-03T09:10:30Z",
    "url": "https://github.com/infinilabs/analysis-ik/commit/c4c498a3aa5b75612b3a06d2091e70ba067349d8"
  },
  {
    "oid": "7dfeb25c8f939b6c90bc9737be38475ca4f34cbe",
    "message": "update readme",
    "date": "2017-04-07T13:11:22Z",
    "url": "https://github.com/infinilabs/analysis-ik/commit/7dfeb25c8f939b6c90bc9737be38475ca4f34cbe"
  },
  {
    "oid": "e7d968ffa8306e2049b86537f74e104101a98952",
    "message": "update es to 5.3.0",
    "date": "2017-04-01T06:52:04Z",
    "url": "https://github.com/infinilabs/analysis-ik/commit/e7d968ffa8306e2049b86537f74e104101a98952"
  },
  {
    "oid": "c5a1553850c2af195dc330b5f477c26a71c48942",
    "message": "update oss version",
    "date": "2017-02-05T10:17:13Z",
    "url": "https://github.com/infinilabs/analysis-ik/commit/c5a1553850c2af195dc330b5f477c26a71c48942"
  },
  {
    "oid": "e0ada4440ea58afba02988e802569be384aa5e28",
    "message": "update README",
    "date": "2016-09-28T10:17:11Z",
    "url": "https://github.com/infinilabs/analysis-ik/commit/e0ada4440ea58afba02988e802569be384aa5e28"
  },
  {
    "oid": "17f6e982a52093ca820e396549ca9a0eeaf1c165",
    "message": "Merge branch 'master' of github.com:medcl/elasticsearch-analysis-ik",
    "date": "2016-09-28T10:16:09Z",
    "url": "https://github.com/infinilabs/analysis-ik/commit/17f6e982a52093ca820e396549ca9a0eeaf1c165"
  },
  {
    "oid": "7c92a10fc02082ddec872ff9b39504725dddfee1",
    "message": "Add steps for installation (#268)\n\nTell user to switch tags before compiling.",
    "date": "2016-09-06T01:43:23Z",
    "url": "https://github.com/infinilabs/analysis-ik/commit/7c92a10fc02082ddec872ff9b39504725dddfee1"
  },
  {
    "oid": "f28ec3c3c267ddc1412a68e8e629c52ffb70be5f",
    "message": "update travis config",
    "date": "2016-08-23T03:39:19Z",
    "url": "https://github.com/infinilabs/analysis-ik/commit/f28ec3c3c267ddc1412a68e8e629c52ffb70be5f"
  },
  {
    "oid": "bfcebccd0fdf99c8ebc230cfb433fecea8dd0478",
    "message": "update readme",
    "date": "2016-08-22T16:33:52Z",
    "url": "https://github.com/infinilabs/analysis-ik/commit/bfcebccd0fdf99c8ebc230cfb433fecea8dd0478"
  },
  {
    "oid": "82c63695014c41058c7d7211ec6d01c0481444b3",
    "message": "unify compiler plugin version",
    "date": "2016-08-18T08:28:22Z",
    "url": "https://github.com/infinilabs/analysis-ik/commit/82c63695014c41058c7d7211ec6d01c0481444b3"
  },
  {
    "oid": "ac2b78acd0b04d2fc50b4b8283f1e7bf4aa6299b",
    "message": "bump up compiler to use 1.8",
    "date": "2016-08-18T07:26:46Z",
    "url": "https://github.com/infinilabs/analysis-ik/commit/ac2b78acd0b04d2fc50b4b8283f1e7bf4aa6299b"
  },
  {
    "oid": "2df086b0827f466416a503f91ae30b0aff1c153d",
    "message": "support maven release",
    "date": "2016-08-15T02:29:54Z",
    "url": "https://github.com/infinilabs/analysis-ik/commit/2df086b0827f466416a503f91ae30b0aff1c153d"
  },
  {
    "oid": "82432f1059e58138b2d05e43fec94a834bf53cef",
    "message": "fix: Header ETag not exists will throw error: java.lang.NullPointerException #223 (#224)",
    "date": "2016-06-29T02:30:31Z",
    "url": "https://github.com/infinilabs/analysis-ik/commit/82432f1059e58138b2d05e43fec94a834bf53cef"
  },
  {
    "oid": "4373cf7c94e355cbee7e5636114337dc3af36ba1",
    "message": "JDK8 and Maven compability (#210)\n\nDisable doclint",
    "date": "2016-06-13T09:41:01Z",
    "url": "https://github.com/infinilabs/analysis-ik/commit/4373cf7c94e355cbee7e5636114337dc3af36ba1"
  },
  {
    "oid": "cd9dfdf225133f08743e1afbcd4cdaa80e228d18",
    "message": "update es version to 2.3.2",
    "date": "2016-05-01T01:18:40Z",
    "url": "https://github.com/infinilabs/analysis-ik/commit/cd9dfdf225133f08743e1afbcd4cdaa80e228d18"
  },
  {
    "oid": "c2244ccd80801840701f969a29a47fcfe48856cc",
    "message": "revert installation command",
    "date": "2016-04-07T07:26:41Z",
    "url": "https://github.com/infinilabs/analysis-ik/commit/c2244ccd80801840701f969a29a47fcfe48856cc"
  },
  {
    "oid": "800097d776f3fe9ee175594817fb3ed20ef3a567",
    "message": "new installation guide for ES2.X",
    "date": "2016-04-07T04:28:49Z",
    "url": "https://github.com/infinilabs/analysis-ik/commit/800097d776f3fe9ee175594817fb3ed20ef3a567"
  },
  {
    "oid": "864003664567a7b1bbcbeddf7794a00a991f7ced",
    "message": "update version to v1.8.1",
    "date": "2016-03-28T14:44:31Z",
    "url": "https://github.com/infinilabs/analysis-ik/commit/864003664567a7b1bbcbeddf7794a00a991f7ced"
  },
  {
    "oid": "e673eca316b224568093cae7c728a9640a6d7e24",
    "message": "Merge pull request #144 from DevFactory/release/redundant-nullcheck-fix-1\n\nFixing redundant null check of value known to be non-null.",
    "date": "2016-03-27T13:12:43Z",
    "url": "https://github.com/infinilabs/analysis-ik/commit/e673eca316b224568093cae7c728a9640a6d7e24"
  },
  {
    "oid": "0783d0145cd8b6597e6df79099d3cc99b6f0b1e8",
    "message": "merge and replace secure str",
    "date": "2016-03-27T12:54:34Z",
    "url": "https://github.com/infinilabs/analysis-ik/commit/0783d0145cd8b6597e6df79099d3cc99b6f0b1e8"
  },
  {
    "oid": "8c50edf0e0d287bb6e5013dbb46ebccb1e98449d",
    "message": "Merge pull request #150 from DevFactory/release/casting-math-operands-fix-1\n\nCasting math operands before assignment",
    "date": "2016-02-29T02:23:09Z",
    "url": "https://github.com/infinilabs/analysis-ik/commit/8c50edf0e0d287bb6e5013dbb46ebccb1e98449d"
  },
  {
    "oid": "53d1c6647b5017d7076cb18f8c66930d5f2523fd",
    "message": "update version martix",
    "date": "2016-02-20T17:23:03Z",
    "url": "https://github.com/infinilabs/analysis-ik/commit/53d1c6647b5017d7076cb18f8c66930d5f2523fd"
  },
  {
    "oid": "9768188eb252ad4fccd72d03dbdb56673e19d105",
    "message": "Casting math operands before assignment",
    "date": "2016-02-11T18:04:45Z",
    "url": "https://github.com/infinilabs/analysis-ik/commit/9768188eb252ad4fccd72d03dbdb56673e19d105"
  },
  {
    "oid": "3d8fa5bee0acd1385e5ee8a796c56b9b0a7e775b",
    "message": "Fixing redundant nullcheck of value known to be non-null.",
    "date": "2016-01-26T20:23:30Z",
    "url": "https://github.com/infinilabs/analysis-ik/commit/3d8fa5bee0acd1385e5ee8a796c56b9b0a7e775b"
  },
  {
    "oid": "71b521178156fed5694aad86457446442330ae27",
    "message": "pretty logging",
    "date": "2016-01-13T02:53:05Z",
    "url": "https://github.com/infinilabs/analysis-ik/commit/71b521178156fed5694aad86457446442330ae27"
  },
  {
    "oid": "7bf3f97eaae95e88da495b3058488ddac5d95575",
    "message": "update README",
    "date": "2016-01-10T02:39:42Z",
    "url": "https://github.com/infinilabs/analysis-ik/commit/7bf3f97eaae95e88da495b3058488ddac5d95575"
  },
  {
    "oid": "5b95ceb25aded2039379abb029896bb8f5e11fd4",
    "message": "add some builtin words to dict file",
    "date": "2016-01-10T02:29:21Z",
    "url": "https://github.com/infinilabs/analysis-ik/commit/5b95ceb25aded2039379abb029896bb8f5e11fd4"
  },
  {
    "oid": "5c325d53917434f8b4e679887f76f58c495a1b8c",
    "message": "update es to 2.1.1",
    "date": "2015-12-25T08:12:44Z",
    "url": "https://github.com/infinilabs/analysis-ik/commit/5c325d53917434f8b4e679887f76f58c495a1b8c"
  },
  {
    "oid": "478aeba8890d150805bd7101a2d0bb97042ea2e1",
    "message": "add ik url to README",
    "date": "2015-12-25T06:35:28Z",
    "url": "https://github.com/infinilabs/analysis-ik/commit/478aeba8890d150805bd7101a2d0bb97042ea2e1"
  },
  {
    "oid": "680206d57fb4e72345ad8b3390562cb0684b7678",
    "message": "update README",
    "date": "2015-12-25T06:34:04Z",
    "url": "https://github.com/infinilabs/analysis-ik/commit/680206d57fb4e72345ad8b3390562cb0684b7678"
  },
  {
    "oid": "c3c4b3c3a8a99bb7ad485ac41178bfd064feb602",
    "message": "fix plugin name in plugin-descriptor.properties",
    "date": "2015-12-25T06:26:36Z",
    "url": "https://github.com/infinilabs/analysis-ik/commit/c3c4b3c3a8a99bb7ad485ac41178bfd064feb602"
  },
  {
    "oid": "557d41f29a6baa2d235dc00984940d00fc8c6a00",
    "message": "Elasticsearch upgrade 2.1",
    "date": "2015-11-26T08:23:47Z",
    "url": "https://github.com/infinilabs/analysis-ik/commit/557d41f29a6baa2d235dc00984940d00fc8c6a00"
  },
  {
    "oid": "ad883b6e79930f83ff8d7f0ac344db08dc2aa84b",
    "message": "add missing license file",
    "date": "2015-11-26T08:13:15Z",
    "url": "https://github.com/infinilabs/analysis-ik/commit/ad883b6e79930f83ff8d7f0ac344db08dc2aa84b"
  },
  {
    "oid": "07cdb4caf2d91ac0939ca89824f717be202e4ea4",
    "message": "Merge branch 'master' of github.com:medcl/elasticsearch-analysis-ik",
    "date": "2015-11-26T08:02:54Z",
    "url": "https://github.com/infinilabs/analysis-ik/commit/07cdb4caf2d91ac0939ca89824f717be202e4ea4"
  },
  {
    "oid": "c77cfcb6efdfc187dcc4306e49676b19aa9296f5",
    "message": "update scope to GLOBAL",
    "date": "2015-11-26T08:02:31Z",
    "url": "https://github.com/infinilabs/analysis-ik/commit/c77cfcb6efdfc187dcc4306e49676b19aa9296f5"
  },
  {
    "oid": "155203b3e22a24dc3b01148efd7067bb5cfafa9a",
    "message": "Merge pull request #111 from chuangbo/patch-1\n\nFix readme installation zip file name",
    "date": "2015-11-24T12:32:23Z",
    "url": "https://github.com/infinilabs/analysis-ik/commit/155203b3e22a24dc3b01148efd7067bb5cfafa9a"
  },
  {
    "oid": "82e2628d77f803cf27f9b8e38e3917a933cfa35b",
    "message": "Fix readme installation zip file name",
    "date": "2015-11-23T06:26:21Z",
    "url": "https://github.com/infinilabs/analysis-ik/commit/82e2628d77f803cf27f9b8e38e3917a933cfa35b"
  },
  {
    "oid": "9035fa7e2bdf110f557b17d252acae7543b49f51",
    "message": "Merge pull request #105 from snow/master\n\nFIX: url format in readme \r\nThanks! @snow",
    "date": "2015-11-10T12:57:44Z",
    "url": "https://github.com/infinilabs/analysis-ik/commit/9035fa7e2bdf110f557b17d252acae7543b49f51"
  },
  {
    "oid": "6e9e3c2046cf7eac2ddf723bd4f1a90bc26514e3",
    "message": "FIX: url format in readme",
    "date": "2015-11-10T09:15:10Z",
    "url": "https://github.com/infinilabs/analysis-ik/commit/6e9e3c2046cf7eac2ddf723bd4f1a90bc26514e3"
  },
  {
    "oid": "b8a8cb6ae25045e3afa8ac6772245cde9f21166f",
    "message": "fix README",
    "date": "2015-10-31T14:14:02Z",
    "url": "https://github.com/infinilabs/analysis-ik/commit/b8a8cb6ae25045e3afa8ac6772245cde9f21166f"
  },
  {
    "oid": "90ff4e4efb140c9d19ed2ea6a038caac869dda75",
    "message": "delete test config file",
    "date": "2015-10-31T13:12:35Z",
    "url": "https://github.com/infinilabs/analysis-ik/commit/90ff4e4efb140c9d19ed2ea6a038caac869dda75"
  },
  {
    "oid": "2b13e2a42ed2b78edacddae9fd9e2db7ebbe0b76",
    "message": "Merge pull request #87 from shikui/patch-1\n\n处理 HTTP 304，不写日志",
    "date": "2015-08-12T02:43:58Z",
    "url": "https://github.com/infinilabs/analysis-ik/commit/2b13e2a42ed2b78edacddae9fd9e2db7ebbe0b76"
  },
  {
    "oid": "7cdb1773ecb9ee3986e971d1a5ac5c80b4190675",
    "message": "处理 HTTP 304，不写日志",
    "date": "2015-08-07T14:57:03Z",
    "url": "https://github.com/infinilabs/analysis-ik/commit/7cdb1773ecb9ee3986e971d1a5ac5c80b4190675"
  },
  {
    "oid": "e8e45dff050b04adb80cd26eaab5bda55c34add9",
    "message": "Merge pull request #85 from shikui/master\n\n完善对 use_smart 的说明；ETags 改为 ETag，与代码保持一致。",
    "date": "2015-08-07T08:44:07Z",
    "url": "https://github.com/infinilabs/analysis-ik/commit/e8e45dff050b04adb80cd26eaab5bda55c34add9"
  },
  {
    "oid": "b3165ceb367e149359b797f11757c4cda1142888",
    "message": "Merge pull request #86 from starckgates/master\n\n去掉304的处理",
    "date": "2015-08-07T08:39:34Z",
    "url": "https://github.com/infinilabs/analysis-ik/commit/b3165ceb367e149359b797f11757c4cda1142888"
  },
  {
    "oid": "86813f5be9bf52375f5fb58d468737d7b165e667",
    "message": "去掉304的处理\n\n304不应该和200做相同处理，否则就失去热词更新的意义了。",
    "date": "2015-08-07T07:10:27Z",
    "url": "https://github.com/infinilabs/analysis-ik/commit/86813f5be9bf52375f5fb58d468737d7b165e667"
  },
  {
    "oid": "6dfda672005ee3d5a569f377fbdac7dd094832f6",
    "message": "Update README.md\n\n标准的HTTP协议返回的是 ETag，而不是 ETags，代码中已经改为 ETag。",
    "date": "2015-08-07T03:43:00Z",
    "url": "https://github.com/infinilabs/analysis-ik/commit/6dfda672005ee3d5a569f377fbdac7dd094832f6"
  },
  {
    "oid": "eabaaaff4f19a41d1822f50e72a7111b0a3a383d",
    "message": "update README.md\n\n对 use_smart 做详细说明。",
    "date": "2015-08-07T03:34:45Z",
    "url": "https://github.com/infinilabs/analysis-ik/commit/eabaaaff4f19a41d1822f50e72a7111b0a3a383d"
  },
  {
    "oid": "664e2b96dfc5862909119a18ade03cb9af112932",
    "message": "Merge pull request #1 from medcl/master\n\nmerged from head fork",
    "date": "2015-08-07T03:02:33Z",
    "url": "https://github.com/infinilabs/analysis-ik/commit/664e2b96dfc5862909119a18ade03cb9af112932"
  },
  {
    "oid": "44fdf68188eafd43f5f77e97a7500f808378d23b",
    "message": "Merge pull request #82 from abookyun/update-readme\n\nUpdate README.md",
    "date": "2015-08-07T00:02:20Z",
    "url": "https://github.com/infinilabs/analysis-ik/commit/44fdf68188eafd43f5f77e97a7500f808378d23b"
  },
  {
    "oid": "36ab8b912aa4a1a02bc34e54230364b5955f94c1",
    "message": "Restructure README.md",
    "date": "2015-08-06T03:31:27Z",
    "url": "https://github.com/infinilabs/analysis-ik/commit/36ab8b912aa4a1a02bc34e54230364b5955f94c1"
  },
  {
    "oid": "497dfd95a9f2e181ffed7323aaa3604acecb9738",
    "message": "Merge pull request #80 from abookyun/patch-1\n\nUpdate and rename README.textile to README.md",
    "date": "2015-08-05T23:36:28Z",
    "url": "https://github.com/infinilabs/analysis-ik/commit/497dfd95a9f2e181ffed7323aaa3604acecb9738"
  },
  {
    "oid": "8f732ed346740eece097344c0db339536e79f477",
    "message": "Update and rename README.textile to README.md\n\nIt's more readable with markdown format 😎",
    "date": "2015-08-05T16:30:28Z",
    "url": "https://github.com/infinilabs/analysis-ik/commit/8f732ed346740eece097344c0db339536e79f477"
  },
  {
    "oid": "f5aef261d3dde7506075bb0a1101edc3402a2851",
    "message": "update elasticsearch to 1.6.2",
    "date": "2015-08-03T09:50:44Z",
    "url": "https://github.com/infinilabs/analysis-ik/commit/f5aef261d3dde7506075bb0a1101edc3402a2851"
  },
  {
    "oid": "2cbd91c6c05921f735ad2408cea9c345adc2e2e3",
    "message": "1、将http 304作为正常状态处理；2、应为ETag，而不是ETags\n\n1、将http 304作为正常状态处理，避免大量304错误写到日志文件里；2、应为ETag，而不是ETags",
    "date": "2015-08-03T09:46:23Z",
    "url": "https://github.com/infinilabs/analysis-ik/commit/2cbd91c6c05921f735ad2408cea9c345adc2e2e3"
  },
  {
    "oid": "f1b95ffae5f6c18b43c55d8713ae98f7cb5086d5",
    "message": "Update README",
    "date": "2015-04-22T08:52:01Z",
    "url": "https://github.com/infinilabs/analysis-ik/commit/f1b95ffae5f6c18b43c55d8713ae98f7cb5086d5"
  },
  {
    "oid": "619fee7607d7f173dcd40eb7f6a70441f97f5496",
    "message": "Make archive with dependency\n\nref: https://github.com/medcl/elasticsearch-analysis-ik/issues/58",
    "date": "2015-04-21T07:03:43Z",
    "url": "https://github.com/infinilabs/analysis-ik/commit/619fee7607d7f173dcd40eb7f6a70441f97f5496"
  },
  {
    "oid": "e8c12e1b35b5be49956c81cc81082778591c6aa9",
    "message": "Bump httpcomponents to 4.4.x",
    "date": "2015-04-21T06:43:26Z",
    "url": "https://github.com/infinilabs/analysis-ik/commit/e8c12e1b35b5be49956c81cc81082778591c6aa9"
  },
  {
    "oid": "6f52979ff495a47a55896387e3ae908a7ed51744",
    "message": "Bump ik, es and lucene version",
    "date": "2015-04-21T05:14:14Z",
    "url": "https://github.com/infinilabs/analysis-ik/commit/6f52979ff495a47a55896387e3ae908a7ed51744"
  },
  {
    "oid": "d99555daa9ee99040e16ab70aa2ca0f280a7e2e8",
    "message": "add hot reload ik analyzer dict document",
    "date": "2015-01-22T08:47:41Z",
    "url": "https://github.com/infinilabs/analysis-ik/commit/d99555daa9ee99040e16ab70aa2ca0f280a7e2e8"
  },
  {
    "oid": "b97a6d89d8fe3f4c8d9e24232362ce24b6bd0a52",
    "message": "optimize Dictionary reload process",
    "date": "2015-01-21T07:28:05Z",
    "url": "https://github.com/infinilabs/analysis-ik/commit/b97a6d89d8fe3f4c8d9e24232362ce24b6bd0a52"
  },
  {
    "oid": "6c29956a8fb8ba970c8f3e3d00e5427301ac61b8",
    "message": "Update Monitor.java\n\n-- 配合 Dictionary里的周期任务调度的修改 去除了这里的while(true)  Exception做了统一  其余均未作修改",
    "date": "2014-12-04T03:18:29Z",
    "url": "https://github.com/infinilabs/analysis-ik/commit/6c29956a8fb8ba970c8f3e3d00e5427301ac61b8"
  },
  {
    "oid": "8a49a5ed8840c2b4c7d507ceba874df5594ee09a",
    "message": "Update Dictionary.java\n\n-- 修改的 建立监控线程部分代码 改用ScheduledExecutorService， 之前的while(true) sleep不能算是一种优雅的执行周期任务的方式，相应的Monitor类将while部分做了剔除",
    "date": "2014-12-04T03:16:23Z",
    "url": "https://github.com/infinilabs/analysis-ik/commit/8a49a5ed8840c2b4c7d507ceba874df5594ee09a"
  },
  {
    "oid": "9da221e218ad6a930efde4052d3e4567973f2f0f",
    "message": "Update IKAnalyzer.cfg.xml\n\n远程字典配置 默认改为注释选项",
    "date": "2014-11-27T03:34:54Z",
    "url": "https://github.com/infinilabs/analysis-ik/commit/9da221e218ad6a930efde4052d3e4567973f2f0f"
  },
  {
    "oid": "8a91d7c96686aaa94b8faca86d697a9aba5dd406",
    "message": "Update README.textile",
    "date": "2014-09-24T09:14:54Z",
    "url": "https://github.com/infinilabs/analysis-ik/commit/8a91d7c96686aaa94b8faca86d697a9aba5dd406"
  },
  {
    "oid": "6048982a4d50bc974bca8536d487169e7a570806",
    "message": "Update README.textile",
    "date": "2014-09-24T08:56:04Z",
    "url": "https://github.com/infinilabs/analysis-ik/commit/6048982a4d50bc974bca8536d487169e7a570806"
  },
  {
    "oid": "ddef2a1051fcad735da991bdfe7c0623533febac",
    "message": "Create Sleep.java\n\n设置休眠",
    "date": "2014-09-24T08:26:42Z",
    "url": "https://github.com/infinilabs/analysis-ik/commit/ddef2a1051fcad735da991bdfe7c0623533febac"
  },
  {
    "oid": "f0dc55aad665285627fb7f313c4d637b1bcc427a",
    "message": "Update Dictionary.java\n\n给远程加载建立监控",
    "date": "2014-09-24T08:21:31Z",
    "url": "https://github.com/infinilabs/analysis-ik/commit/f0dc55aad665285627fb7f313c4d637b1bcc427a"
  },
  {
    "oid": "11a8947603a9b736691f138317487ed90da1daea",
    "message": "Create Monitor.java\n\n监控线程，监控远程词典的更新",
    "date": "2014-09-24T08:14:08Z",
    "url": "https://github.com/infinilabs/analysis-ik/commit/11a8947603a9b736691f138317487ed90da1daea"
  },
  {
    "oid": "092a9ad76938a039e7e59818fd55f8ebee87a8e2",
    "message": "Update Configuration.java\n\n在配置中增加远程词典和远程停用词，以及它们的配置读取",
    "date": "2014-09-24T07:46:30Z",
    "url": "https://github.com/infinilabs/analysis-ik/commit/092a9ad76938a039e7e59818fd55f8ebee87a8e2"
  },
  {
    "oid": "4a00e82430c1c6d9e6a8bd734b14fd2a0e0f630d",
    "message": "Update pom.xml\n\n远程监控使用了httpclient，增加httpclient的依赖",
    "date": "2014-09-24T07:40:45Z",
    "url": "https://github.com/infinilabs/analysis-ik/commit/4a00e82430c1c6d9e6a8bd734b14fd2a0e0f630d"
  },
  {
    "oid": "694b68c93a3d84233157d4ce29a34423d950bb0a",
    "message": "Update IKAnalyzer.cfg.xml\n\n增加远程词典，配置项是词典的链接地址",
    "date": "2014-09-24T07:36:48Z",
    "url": "https://github.com/infinilabs/analysis-ik/commit/694b68c93a3d84233157d4ce29a34423d950bb0a"
  },
  {
    "oid": "0eaba078f906d36faa3deeb416468e115266b045",
    "message": "Merge pull request #38 from wsk528/patch-1\n\nwrong jason format of index docs in ch3.",
    "date": "2014-08-29T14:07:36Z",
    "url": "https://github.com/infinilabs/analysis-ik/commit/0eaba078f906d36faa3deeb416468e115266b045"
  },
  {
    "oid": "7f8f7d1248481329d7481bd4f646ffe89e8aec33",
    "message": "wrong jason format of index docs in ch3.\n\ncurl -XPOST http://localhost:9200/index/fulltext/1 -d'\r\n{\"content\":\"美国留给伊拉克的是个烂摊子吗\"}\r\n'\r\n======================================\r\nlike above.elder seems ok,but can not be searched.",
    "date": "2014-08-29T12:47:36Z",
    "url": "https://github.com/infinilabs/analysis-ik/commit/7f8f7d1248481329d7481bd4f646ffe89e8aec33"
  },
  {
    "oid": "5b785c0c1a7ca1715496e78a20e60a4e1acec215",
    "message": "fix ik download link #35",
    "date": "2014-07-05T09:10:38Z",
    "url": "https://github.com/infinilabs/analysis-ik/commit/5b785c0c1a7ca1715496e78a20e60a4e1acec215"
  },
  {
    "oid": "e3a1854a4ccd069d55de1e08830c055bd9ba6297",
    "message": "add reference to YourKit",
    "date": "2014-05-23T10:23:05Z",
    "url": "https://github.com/infinilabs/analysis-ik/commit/e3a1854a4ccd069d55de1e08830c055bd9ba6297"
  },
  {
    "oid": "fd56ccd8fa8fae313ce39c5b70ec6fb5ae8b15ff",
    "message": "oops,too many typo today...",
    "date": "2013-11-12T07:52:29Z",
    "url": "https://github.com/infinilabs/analysis-ik/commit/fd56ccd8fa8fae313ce39c5b70ec6fb5ae8b15ff"
  },
  {
    "oid": "1d479430236a2fa09b2444d7f7907fcab948b20b",
    "message": "add Inject Annotate to IkTokenizerFactory.",
    "date": "2013-06-17T03:55:17Z",
    "url": "https://github.com/infinilabs/analysis-ik/commit/1d479430236a2fa09b2444d7f7907fcab948b20b"
  },
  {
    "oid": "fb1aa9b9ad30108624b2eed41735597584e6e002",
    "message": "ignore all hidden file in linux.",
    "date": "2013-06-17T03:26:07Z",
    "url": "https://github.com/infinilabs/analysis-ik/commit/fb1aa9b9ad30108624b2eed41735597584e6e002"
  },
  {
    "oid": "6fc30fe6009911bec5475d24bfa587bd5f408d58",
    "message": "update readme",
    "date": "2013-05-14T15:19:45Z",
    "url": "https://github.com/infinilabs/analysis-ik/commit/6fc30fe6009911bec5475d24bfa587bd5f408d58"
  },
  {
    "oid": "94c23cc99075f02a7638849b4795322a9f92fb71",
    "message": "jump to v1.2.0",
    "date": "2013-05-14T15:17:41Z",
    "url": "https://github.com/infinilabs/analysis-ik/commit/94c23cc99075f02a7638849b4795322a9f92fb71"
  },
  {
    "oid": "bc4deda021d3ed009b1c67f24e86f41ae23eb66d",
    "message": "update README",
    "date": "2013-05-13T08:19:32Z",
    "url": "https://github.com/infinilabs/analysis-ik/commit/bc4deda021d3ed009b1c67f24e86f41ae23eb66d"
  },
  {
    "oid": "a2dc3c78424d3c7481b69c5d816690fe066c9340",
    "message": "remove 中国驻 from main.dic",
    "date": "2013-04-18T08:32:21Z",
    "url": "https://github.com/infinilabs/analysis-ik/commit/a2dc3c78424d3c7481b69c5d816690fe066c9340"
  },
  {
    "oid": "87c2bbd6f658ec21457e9bf4d4a73690a05d7258",
    "message": "fallback to use old dict",
    "date": "2013-04-18T04:26:59Z",
    "url": "https://github.com/infinilabs/analysis-ik/commit/87c2bbd6f658ec21457e9bf4d4a73690a05d7258"
  },
  {
    "oid": "7e250c3a122904cf57c832682f24e7d4c0d3dcd5",
    "message": "update config",
    "date": "2012-12-13T14:06:39Z",
    "url": "https://github.com/infinilabs/analysis-ik/commit/7e250c3a122904cf57c832682f24e7d4c0d3dcd5"
  },
  {
    "oid": "802e8d12bdb612cea8f84ac67c350420bcead296",
    "message": "...",
    "date": "2012-05-22T10:43:56Z",
    "url": "https://github.com/infinilabs/analysis-ik/commit/802e8d12bdb612cea8f84ac67c350420bcead296"
  },
  {
    "oid": "595535dcba1ec6567c5b4c8877b22f9350418d93",
    "message": "come on",
    "date": "2012-05-22T10:42:47Z",
    "url": "https://github.com/infinilabs/analysis-ik/commit/595535dcba1ec6567c5b4c8877b22f9350418d93"
  },
  {
    "oid": "99c3c8794e1d1337b7b2f47a4aa89606896985ef",
    "message": "textile sucks",
    "date": "2012-05-22T10:40:50Z",
    "url": "https://github.com/infinilabs/analysis-ik/commit/99c3c8794e1d1337b7b2f47a4aa89606896985ef"
  },
  {
    "oid": "f5a4647764a677ac45599cfc671faf6374d19c01",
    "message": "update readme",
    "date": "2012-05-22T10:38:17Z",
    "url": "https://github.com/infinilabs/analysis-ik/commit/f5a4647764a677ac45599cfc671faf6374d19c01"
  },
  {
    "oid": "fa7f4a0b52266cee13fffcb00975fcb371845684",
    "message": "update readme",
    "date": "2012-05-22T10:37:31Z",
    "url": "https://github.com/infinilabs/analysis-ik/commit/fa7f4a0b52266cee13fffcb00975fcb371845684"
  },
  {
    "oid": "7190d18513ac5fe9ec99b734c2168887e077e238",
    "message": "update readme",
    "date": "2012-05-22T10:35:39Z",
    "url": "https://github.com/infinilabs/analysis-ik/commit/7190d18513ac5fe9ec99b734c2168887e077e238"
  },
  {
    "oid": "8afc3ccc2d0bb8cf50675b37cf493196a8bf7364",
    "message": "update readme",
    "date": "2012-05-22T10:32:00Z",
    "url": "https://github.com/infinilabs/analysis-ik/commit/8afc3ccc2d0bb8cf50675b37cf493196a8bf7364"
  },
  {
    "oid": "e7253f9916eaa6b44aada93dc17e9accd06a7120",
    "message": "update readme",
    "date": "2012-05-22T10:30:47Z",
    "url": "https://github.com/infinilabs/analysis-ik/commit/e7253f9916eaa6b44aada93dc17e9accd06a7120"
  },
  {
    "oid": "594b30a011f49535da49312b9cec70c95c17a34a",
    "message": "Merge pull request #4 from mailsurfie/patch-1\n\nfix bug when upgrading to elasticsearch-0.19.4",
    "date": "2012-05-22T09:55:26Z",
    "url": "https://github.com/infinilabs/analysis-ik/commit/594b30a011f49535da49312b9cec70c95c17a34a"
  },
  {
    "oid": "52d3a6bab9c741e95f3d729d73eb39b81566b632",
    "message": "fix bug when upgrading to elasticsearch-0.19.4",
    "date": "2012-05-22T07:26:48Z",
    "url": "https://github.com/infinilabs/analysis-ik/commit/52d3a6bab9c741e95f3d729d73eb39b81566b632"
  },
  {
    "oid": "7b8d4bcf7f463ceb7cbaa77ec9e10a79af7bdcba",
    "message": "remove single word,too lonely",
    "date": "2012-03-29T12:31:03Z",
    "url": "https://github.com/infinilabs/analysis-ik/commit/7b8d4bcf7f463ceb7cbaa77ec9e10a79af7bdcba"
  },
  {
    "oid": "fd6192734132d80d454ed8b5b2c82d482b96ee38",
    "message": "fix readme",
    "date": "2012-03-29T05:43:09Z",
    "url": "https://github.com/infinilabs/analysis-ik/commit/fd6192734132d80d454ed8b5b2c82d482b96ee38"
  },
  {
    "oid": "6bafddf0f461270b08032a523eaf8a3ff990b6de",
    "message": "update readme",
    "date": "2012-03-28T02:51:46Z",
    "url": "https://github.com/infinilabs/analysis-ik/commit/6bafddf0f461270b08032a523eaf8a3ff990b6de"
  },
  {
    "oid": "3c3fecfb015cf2b8b7732eefe662d8b718aa009a",
    "message": "update readme",
    "date": "2011-12-28T09:00:24Z",
    "url": "https://github.com/infinilabs/analysis-ik/commit/3c3fecfb015cf2b8b7732eefe662d8b718aa009a"
  },
  {
    "oid": "b0163f1defdfe0b8e7c11c7b668270607de6b902",
    "message": "remove unnecessary config",
    "date": "2011-12-21T04:06:37Z",
    "url": "https://github.com/infinilabs/analysis-ik/commit/b0163f1defdfe0b8e7c11c7b668270607de6b902"
  },
  {
    "oid": "a5d1cf7aa770757680a526f76f622396b576cb04",
    "message": "resent readme",
    "date": "2011-12-21T03:42:59Z",
    "url": "https://github.com/infinilabs/analysis-ik/commit/a5d1cf7aa770757680a526f76f622396b576cb04"
  },
  {
    "oid": "a115eb75c154fba5c1a31d22588934213059765b",
    "message": "wrong cased name fixed",
    "date": "2011-12-21T03:31:31Z",
    "url": "https://github.com/infinilabs/analysis-ik/commit/a115eb75c154fba5c1a31d22588934213059765b"
  },
  {
    "oid": "942e9957fbd032f8ccd95edbff8182b86fbe8e64",
    "message": "resend xml",
    "date": "2011-12-16T18:19:29Z",
    "url": "https://github.com/infinilabs/analysis-ik/commit/942e9957fbd032f8ccd95edbff8182b86fbe8e64"
  },
  {
    "oid": "fb55a24b8d20337707c2abbfbbbfeea2c134c882",
    "message": "resend xml",
    "date": "2011-12-16T18:18:26Z",
    "url": "https://github.com/infinilabs/analysis-ik/commit/fb55a24b8d20337707c2abbfbbbfeea2c134c882"
  },
  {
    "oid": "ddfdc880fc5b4ba26d95b6fef81dc1f00e891f83",
    "message": "resend xml",
    "date": "2011-12-16T18:17:31Z",
    "url": "https://github.com/infinilabs/analysis-ik/commit/ddfdc880fc5b4ba26d95b6fef81dc1f00e891f83"
  },
  {
    "oid": "c903297999cecc6a54936c8f44582e2acf57e54c",
    "message": "resend xml",
    "date": "2011-12-16T18:16:33Z",
    "url": "https://github.com/infinilabs/analysis-ik/commit/c903297999cecc6a54936c8f44582e2acf57e54c"
  },
  {
    "oid": "23ed0b48e6b849c8b13643790d7fcabf5da9a092",
    "message": "fix readme",
    "date": "2011-12-16T09:17:40Z",
    "url": "https://github.com/infinilabs/analysis-ik/commit/23ed0b48e6b849c8b13643790d7fcabf5da9a092"
  },
  {
    "oid": "ddf63759abe50f27f3fcfc5606a0fed04478b67f",
    "message": "i have xml",
    "date": "2011-12-16T09:16:11Z",
    "url": "https://github.com/infinilabs/analysis-ik/commit/ddf63759abe50f27f3fcfc5606a0fed04478b67f"
  },
  {
    "oid": "fbfbaa15a80a2fead95c97679fe868f06edd6e9d",
    "message": "fix readme",
    "date": "2011-12-16T09:12:45Z",
    "url": "https://github.com/infinilabs/analysis-ik/commit/fbfbaa15a80a2fead95c97679fe868f06edd6e9d"
  },
  {
    "oid": "e30bbe95ff9791a29c4ec11d7b96cb3b17cd5470",
    "message": "fix readme",
    "date": "2011-12-16T09:04:11Z",
    "url": "https://github.com/infinilabs/analysis-ik/commit/e30bbe95ff9791a29c4ec11d7b96cb3b17cd5470"
  }
]