[
  {
    "oid": "4a85b788a09b166e0953db09d582e9cc51b396e9",
    "message": "Rename ISSUE_TEMPLATE.md to .github/ISSUE_TEMPLATE.md",
    "date": "2018-04-10T07:53:13Z",
    "url": "https://github.com/orhanobut/logger/commit/4a85b788a09b166e0953db09d582e9cc51b396e9"
  },
  {
    "oid": "1c51e3abd54f25ec6fadf196a37757bfc6213768",
    "message": "Create ISSUE_TEMPLATE.md",
    "date": "2018-04-10T07:52:11Z",
    "url": "https://github.com/orhanobut/logger/commit/1c51e3abd54f25ec6fadf196a37757bfc6213768"
  },
  {
    "oid": "72fa77b5747c8bd17d6fba510ae850c6a6b08acc",
    "message": "Update project code style",
    "date": "2018-04-01T05:08:59Z",
    "url": "https://github.com/orhanobut/logger/commit/72fa77b5747c8bd17d6fba510ae850c6a6b08acc"
  },
  {
    "oid": "40eb212680f5117dfcabddf560876a65087ab7a9",
    "message": "Rename maven credentials to nexus",
    "date": "2018-03-24T04:42:50Z",
    "url": "https://github.com/orhanobut/logger/commit/40eb212680f5117dfcabddf560876a65087ab7a9"
  },
  {
    "oid": "4af45f1753ff9262823a66afc5ec6d16ae294184",
    "message": "Add code style settings to git to avoid different code conventions.",
    "date": "2018-03-22T10:55:38Z",
    "url": "https://github.com/orhanobut/logger/commit/4af45f1753ff9262823a66afc5ec6d16ae294184"
  },
  {
    "oid": "0e80af4d62d1918097ddabba2578ffbad1087c92",
    "message": "Merge pull request #167 from orhanobut/travis-fix\n\nFix Travis-CI license issue for android 27",
    "date": "2018-03-13T10:52:40Z",
    "url": "https://github.com/orhanobut/logger/commit/0e80af4d62d1918097ddabba2578ffbad1087c92"
  },
  {
    "oid": "787293b082e21a157806ee76a661b9474d6ba09e",
    "message": "Fix Travis-CI license issue for android 27\n\nTravis somehow doesn't accept license for android 27 and gives the following error.\n\nYou have not accepted the license agreements of the following SDK components:\n  [Android SDK Platform 27].\n\nIt seems the issue is related some checksum changes, therefore the fix is to enforce agreement.",
    "date": "2018-03-13T10:45:40Z",
    "url": "https://github.com/orhanobut/logger/commit/787293b082e21a157806ee76a661b9474d6ba09e"
  },
  {
    "oid": "8c7e2a50764c10d04bf5ef6d7a6f42f9405e48c8",
    "message": "Upgrade Travis dependencies",
    "date": "2018-03-13T09:39:43Z",
    "url": "https://github.com/orhanobut/logger/commit/8c7e2a50764c10d04bf5ef6d7a6f42f9405e48c8"
  },
  {
    "oid": "ae40eb55f6bb1506026686981ab265e652367888",
    "message": "Upgrade Android support dependency",
    "date": "2018-03-13T08:29:05Z",
    "url": "https://github.com/orhanobut/logger/commit/ae40eb55f6bb1506026686981ab265e652367888"
  },
  {
    "oid": "d539d2e6019f97baa40412aeea69af9430eebead",
    "message": "Fix checkstyle issues",
    "date": "2018-02-26T14:01:36Z",
    "url": "https://github.com/orhanobut/logger/commit/d539d2e6019f97baa40412aeea69af9430eebead"
  },
  {
    "oid": "16baaabfcf5b0f3812dcab3687f1352a31031947",
    "message": "Merge pull request #124 from Liryna/patch-1\n\nREADME - Fix sample indent and missing char for logger options.",
    "date": "2017-05-28T19:31:24Z",
    "url": "https://github.com/orhanobut/logger/commit/16baaabfcf5b0f3812dcab3687f1352a31031947"
  },
  {
    "oid": "6942e219316831eeb50abd8c6a989128d30cb170",
    "message": "README - Fix sample indent and missing char for logger options.",
    "date": "2017-05-28T16:52:57Z",
    "url": "https://github.com/orhanobut/logger/commit/6942e219316831eeb50abd8c6a989128d30cb170"
  },
  {
    "oid": "5a1e524d0a626782a1b087abd05540be43a4d0ab",
    "message": "Add oracle jdk-8 to travis to avoid the following error.\n\nTravis CI Build failing on Android app Unsupported major.minor version 52",
    "date": "2017-05-27T14:23:23Z",
    "url": "https://github.com/orhanobut/logger/commit/5a1e524d0a626782a1b087abd05540be43a4d0ab"
  },
  {
    "oid": "14e7cfcdfdddcedfba2fda409d87611a86106bd4",
    "message": "Use jcenter() instead of mavenCentral()",
    "date": "2017-05-27T14:15:49Z",
    "url": "https://github.com/orhanobut/logger/commit/14e7cfcdfdddcedfba2fda409d87611a86106bd4"
  },
  {
    "oid": "a3e7d3d4326843e1c79240b1d04429872b2d1e0c",
    "message": "Use method offset 5 for Timber in README",
    "date": "2017-05-27T13:58:55Z",
    "url": "https://github.com/orhanobut/logger/commit/a3e7d3d4326843e1c79240b1d04429872b2d1e0c"
  },
  {
    "oid": "d6b46ca423c77eabdd6f8a3ed6a6a9b3c4570cb2",
    "message": "Update travis for new build tools 25.0.0",
    "date": "2017-05-27T13:39:54Z",
    "url": "https://github.com/orhanobut/logger/commit/d6b46ca423c77eabdd6f8a3ed6a6a9b3c4570cb2"
  },
  {
    "oid": "11779d186fa76fab313fae1ca05a66183124b85c",
    "message": "Add breaking changes to README",
    "date": "2017-05-27T13:38:13Z",
    "url": "https://github.com/orhanobut/logger/commit/11779d186fa76fab313fae1ca05a66183124b85c"
  },
  {
    "oid": "3822fb64e22d91542313a4213857de47bd5970b8",
    "message": "Add more sample codes",
    "date": "2017-05-26T15:28:20Z",
    "url": "https://github.com/orhanobut/logger/commit/3822fb64e22d91542313a4213857de47bd5970b8"
  },
  {
    "oid": "ced1530dc3bbffcbbcb72277db84781ff6bf9e66",
    "message": "Increase the length of dividers",
    "date": "2017-05-26T13:25:51Z",
    "url": "https://github.com/orhanobut/logger/commit/ced1530dc3bbffcbbcb72277db84781ff6bf9e66"
  },
  {
    "oid": "90500b3fb66877adbc4fb41d19b44f25c59d73f6",
    "message": "Update build tools to 25.0.0",
    "date": "2017-05-26T13:25:51Z",
    "url": "https://github.com/orhanobut/logger/commit/90500b3fb66877adbc4fb41d19b44f25c59d73f6"
  },
  {
    "oid": "fa39ae3bbc3584eacbad6b8f167ea68756e0e6fb",
    "message": "Merge pull request #119 from shiehnpin/master\n\nIntegrated with Timber.",
    "date": "2017-05-25T07:55:12Z",
    "url": "https://github.com/orhanobut/logger/commit/fa39ae3bbc3584eacbad6b8f167ea68756e0e6fb"
  },
  {
    "oid": "0ee4caacd4fa8e330bc2a11a274fad6915d2d1c5",
    "message": "Update README.md",
    "date": "2017-05-05T14:31:03Z",
    "url": "https://github.com/orhanobut/logger/commit/0ee4caacd4fa8e330bc2a11a274fad6915d2d1c5"
  },
  {
    "oid": "3251d9617856e9cad6fbedf0c90aaa2c94f9ccd5",
    "message": "Update README.md\n\nModified default methodOffset in order to display useful message while working with Timber.",
    "date": "2017-05-05T14:29:30Z",
    "url": "https://github.com/orhanobut/logger/commit/3251d9617856e9cad6fbedf0c90aaa2c94f9ccd5"
  },
  {
    "oid": "441d244d07c69b8a0a94086bcabf0de19534bf4b",
    "message": "Update README.md",
    "date": "2016-08-28T13:40:36Z",
    "url": "https://github.com/orhanobut/logger/commit/441d244d07c69b8a0a94086bcabf0de19534bf4b"
  },
  {
    "oid": "fcbb21b30230cdb1c17247d10c395d4e7bfb21ad",
    "message": "Update README.md",
    "date": "2016-07-15T11:04:40Z",
    "url": "https://github.com/orhanobut/logger/commit/fcbb21b30230cdb1c17247d10c395d4e7bfb21ad"
  },
  {
    "oid": "dc20ff899ab6b461cb0365d73d2ef909bf7e651f",
    "message": "Update README.md",
    "date": "2016-06-28T08:15:10Z",
    "url": "https://github.com/orhanobut/logger/commit/dc20ff899ab6b461cb0365d73d2ef909bf7e651f"
  },
  {
    "oid": "40b5740b7bb66624638e1c3c5fab117569c34e3e",
    "message": "Update README.md",
    "date": "2016-06-19T16:46:33Z",
    "url": "https://github.com/orhanobut/logger/commit/40b5740b7bb66624638e1c3c5fab117569c34e3e"
  },
  {
    "oid": "de2ec288688713f2e4848326874749a480e91ea3",
    "message": "Merge pull request #60 from hrskrs/issues/55\n\nissue#55 Handling NPE",
    "date": "2016-02-19T19:42:05Z",
    "url": "https://github.com/orhanobut/logger/commit/de2ec288688713f2e4848326874749a480e91ea3"
  },
  {
    "oid": "9002b7499eeec2039455f3be36b44778cade18f3",
    "message": "issue#55 Handling NPE\n\nIt handles null log message.\nWhen null is given as a parameter, log() function tries to get bytes\nof it, thus NPE exception occurs\n\nCheckstyle match\n\nMatching checkstyle properly",
    "date": "2016-02-17T09:58:30Z",
    "url": "https://github.com/orhanobut/logger/commit/9002b7499eeec2039455f3be36b44778cade18f3"
  },
  {
    "oid": "9cb4fa796d4befb21224ee4bf229889ec23014b5",
    "message": "Merge pull request #59 from hrskrs/minorImprovements\n\nMinor improvements",
    "date": "2016-02-15T19:02:55Z",
    "url": "https://github.com/orhanobut/logger/commit/9cb4fa796d4befb21224ee4bf229889ec23014b5"
  },
  {
    "oid": "3109fd932518b85922228c995cfd62107f0c76a2",
    "message": "Trimmed space from json forat string\n\nJson string sometimes can mistakenly contain spaces\nand if so it will fail on conditional check",
    "date": "2016-02-15T11:55:19Z",
    "url": "https://github.com/orhanobut/logger/commit/3109fd932518b85922228c995cfd62107f0c76a2"
  },
  {
    "oid": "7ed355908b8668db5c5fa4a2927e5ef85d5d02bb",
    "message": "Shows more info about throwable\n\nShows more Android specific info about throwable",
    "date": "2016-02-15T10:09:57Z",
    "url": "https://github.com/orhanobut/logger/commit/7ed355908b8668db5c5fa4a2927e5ef85d5d02bb"
  },
  {
    "oid": "b41c0714a45da0a98074410f11961e6a05f2268a",
    "message": "Update README.md",
    "date": "2015-10-19T07:37:59Z",
    "url": "https://github.com/orhanobut/logger/commit/b41c0714a45da0a98074410f11961e6a05f2268a"
  },
  {
    "oid": "5da267afc1d6ff944bae8b32d596f83df0d64ab7",
    "message": "Update README.md",
    "date": "2015-10-06T12:15:56Z",
    "url": "https://github.com/orhanobut/logger/commit/5da267afc1d6ff944bae8b32d596f83df0d64ab7"
  },
  {
    "oid": "8a60376af984e5846416941703ec0fd252af9a3b",
    "message": "Update README.md",
    "date": "2015-08-05T19:21:07Z",
    "url": "https://github.com/orhanobut/logger/commit/8a60376af984e5846416941703ec0fd252af9a3b"
  },
  {
    "oid": "0c59f7b01c15f67921459fd0064cd021d33e5f61",
    "message": "Update README.md",
    "date": "2015-08-02T16:07:27Z",
    "url": "https://github.com/orhanobut/logger/commit/0c59f7b01c15f67921459fd0064cd021d33e5f61"
  },
  {
    "oid": "7a73cbf4bb30e128990efff796696c1f5c94fa53",
    "message": "Update README.md",
    "date": "2015-08-02T09:59:14Z",
    "url": "https://github.com/orhanobut/logger/commit/7a73cbf4bb30e128990efff796696c1f5c94fa53"
  },
  {
    "oid": "9e603b97182c9ad0a70b3d718adeda710d263c85",
    "message": "Update README.md",
    "date": "2015-04-12T17:24:19Z",
    "url": "https://github.com/orhanobut/logger/commit/9e603b97182c9ad0a70b3d718adeda710d263c85"
  },
  {
    "oid": "79f1e1e8611774f6c0cb68e9dd8d739e95e66d66",
    "message": "self-review",
    "date": "2015-04-08T20:06:19Z",
    "url": "https://github.com/orhanobut/logger/commit/79f1e1e8611774f6c0cb68e9dd8d739e95e66d66"
  },
  {
    "oid": "63ec96612a74088d0098d0ec987b85db6bb4991d",
    "message": "Update README.md",
    "date": "2015-04-05T09:20:25Z",
    "url": "https://github.com/orhanobut/logger/commit/63ec96612a74088d0098d0ec987b85db6bb4991d"
  },
  {
    "oid": "dfe2d93f24328646e99aa536d31c3a095dcfbade",
    "message": "Merge pull request #9 from ccunniff/master\n\nfix for stack index offset",
    "date": "2015-03-28T14:53:33Z",
    "url": "https://github.com/orhanobut/logger/commit/dfe2d93f24328646e99aa536d31c3a095dcfbade"
  },
  {
    "oid": "31f459155c50bd4f461ba766f6300cd1641f15de",
    "message": "port finding stack offset to method call",
    "date": "2015-03-28T14:30:57Z",
    "url": "https://github.com/orhanobut/logger/commit/31f459155c50bd4f461ba766f6300cd1641f15de"
  },
  {
    "oid": "ab3e4e2d74fb907c37b449d32d1f855cf995f383",
    "message": "fix for stack index offset",
    "date": "2015-03-27T22:01:38Z",
    "url": "https://github.com/orhanobut/logger/commit/ab3e4e2d74fb907c37b449d32d1f855cf995f383"
  },
  {
    "oid": "0c78fa333e89f7cf50318e7e15c68fd1508805b1",
    "message": "Merge pull request #7 from Tinker-S/multi-thread-bug\n\nUse synchronize to avoid log messy when have multiple threads.",
    "date": "2015-03-26T16:13:18Z",
    "url": "https://github.com/orhanobut/logger/commit/0c78fa333e89f7cf50318e7e15c68fd1508805b1"
  },
  {
    "oid": "42fe4c823c4f1fe7670ef044b87ecd70bb2fe254",
    "message": "Modify javadoc more readable.",
    "date": "2015-03-26T09:35:27Z",
    "url": "https://github.com/orhanobut/logger/commit/42fe4c823c4f1fe7670ef044b87ecd70bb2fe254"
  },
  {
    "oid": "fa9dc6820da70aca47da6bd3e4731f93a04aaced",
    "message": "Use synchronize to avoid log messy when have multiple threads.",
    "date": "2015-03-26T07:08:14Z",
    "url": "https://github.com/orhanobut/logger/commit/fa9dc6820da70aca47da6bd3e4731f93a04aaced"
  },
  {
    "oid": "81ba00f6b0eb13cf87d95afbf5c9a3c78d560391",
    "message": "- typo fix",
    "date": "2015-03-23T22:25:42Z",
    "url": "https://github.com/orhanobut/logger/commit/81ba00f6b0eb13cf87d95afbf5c9a3c78d560391"
  },
  {
    "oid": "a642ef1fa79d54c54d75f2bed67d2759130e0c3f",
    "message": "v1.2",
    "date": "2015-03-23T00:08:04Z",
    "url": "https://github.com/orhanobut/logger/commit/a642ef1fa79d54c54d75f2bed67d2759130e0c3f"
  },
  {
    "oid": "ab66dcc0b7654c3b5835e3dd337e1f38a0efc55c",
    "message": "Merge remote-tracking branch 'origin/master'",
    "date": "2015-03-23T00:07:42Z",
    "url": "https://github.com/orhanobut/logger/commit/ab66dcc0b7654c3b5835e3dd337e1f38a0efc55c"
  },
  {
    "oid": "253fabf654dcf9fb811ced4d77970414530d2b26",
    "message": "Update README.md",
    "date": "2015-03-22T20:12:03Z",
    "url": "https://github.com/orhanobut/logger/commit/253fabf654dcf9fb811ced4d77970414530d2b26"
  },
  {
    "oid": "e71b06d6be0027b42fb355a0330b42f03b6e2d64",
    "message": "Update README.md",
    "date": "2015-03-22T12:53:46Z",
    "url": "https://github.com/orhanobut/logger/commit/e71b06d6be0027b42fb355a0330b42f03b6e2d64"
  },
  {
    "oid": "41788c0855414ed510cf7ce149850ea2e1ded90c",
    "message": "readme update",
    "date": "2015-03-20T23:00:13Z",
    "url": "https://github.com/orhanobut/logger/commit/41788c0855414ed510cf7ce149850ea2e1ded90c"
  },
  {
    "oid": "fb42bf7a17b3955d121759e8ad028f5ed413e03e",
    "message": "readme update",
    "date": "2015-03-20T22:58:27Z",
    "url": "https://github.com/orhanobut/logger/commit/fb42bf7a17b3955d121759e8ad028f5ed413e03e"
  },
  {
    "oid": "9ba6855a3a02ebbdd2c6b4c62b1643a2d7af2916",
    "message": "readme update",
    "date": "2015-03-20T22:49:29Z",
    "url": "https://github.com/orhanobut/logger/commit/9ba6855a3a02ebbdd2c6b4c62b1643a2d7af2916"
  },
  {
    "oid": "c33e6cb6d1c13a6a23144c4d07e3515e17d85c87",
    "message": "image update",
    "date": "2015-03-20T22:46:30Z",
    "url": "https://github.com/orhanobut/logger/commit/c33e6cb6d1c13a6a23144c4d07e3515e17d85c87"
  }
]