[
  {
    "oid": "9510b74dcaeef1391382124d8a758f0c22775e2e",
    "message": "Workaround for #25",
    "date": "2023-10-03T11:43:10Z",
    "url": "https://github.com/pxb1988/dex2jar/commit/9510b74dcaeef1391382124d8a758f0c22775e2e"
  },
  {
    "oid": "cc9861bbd4e350ba0f2705faec527b29f477c18f",
    "message": "Fix bug Nico found randomly\n\ncherry-pick f90e6bf77f097c6145801c17757f8e7d58d207e4",
    "date": "2023-10-03T11:43:10Z",
    "url": "https://github.com/pxb1988/dex2jar/commit/cc9861bbd4e350ba0f2705faec527b29f477c18f"
  },
  {
    "oid": "d66af7dc8eb9e3e04aa9b9480e0f8728460da584",
    "message": "update github actions (#597)\n\n* Update GitHub Actions\r\n\r\n\r\n---------\r\n\r\nCo-authored-by: Nico Mexis <nico.mexis@kabelmail.de>",
    "date": "2023-08-31T13:20:00Z",
    "url": "https://github.com/pxb1988/dex2jar/commit/d66af7dc8eb9e3e04aa9b9480e0f8728460da584"
  },
  {
    "oid": "482af4a26fd53b0123fd4d89277d31a89c6061d5",
    "message": "typo similar with ffa0574dff776404d4fa4368057c72f610521a5c (#596)",
    "date": "2023-08-31T12:42:39Z",
    "url": "https://github.com/pxb1988/dex2jar/commit/482af4a26fd53b0123fd4d89277d31a89c6061d5"
  },
  {
    "oid": "9f5c16537ecab67a6054bfcef8791e835c1fab18",
    "message": "fix typos of hex strings decoding",
    "date": "2023-08-31T10:35:56Z",
    "url": "https://github.com/pxb1988/dex2jar/commit/9f5c16537ecab67a6054bfcef8791e835c1fab18"
  },
  {
    "oid": "e9e05f89365a84930055cf2bc0e64333fa3b9070",
    "message": "Extract Hex class resource logic to a separate method (#20)\n\n* feat: Extract Hex class resource logic to a separate method\r\n\r\nSorry for the weird commit message, I couldn't find a way to word it better. Anyways..\r\n\r\nThis commit extracts the `getResourceAsStream` call to a separate, protected method so it can be overrided, and we can provide the Hex class from a different source.\r\n\r\n* fix: Check if Hex class stream is null",
    "date": "2023-08-31T10:34:46Z",
    "url": "https://github.com/pxb1988/dex2jar/commit/e9e05f89365a84930055cf2bc0e64333fa3b9070"
  },
  {
    "oid": "f3fc040a09cf9d34694946688995086be64095e7",
    "message": "Finally fix handling of large arrays\n\n\n# Conflicts:\n#\tdex-translator/src/main/java/com/googlecode/d2j/dex/Dex2Asm.java",
    "date": "2023-08-31T10:33:38Z",
    "url": "https://github.com/pxb1988/dex2jar/commit/f3fc040a09cf9d34694946688995086be64095e7"
  },
  {
    "oid": "e938cf0b654f9a2d48f2e25f9f7b3a0341ec002f",
    "message": "clean up before TypeTransformer\nhttps://github.com/pxb1988/dex2jar/issues/477",
    "date": "2021-11-03T09:28:24Z",
    "url": "https://github.com/pxb1988/dex2jar/commit/e938cf0b654f9a2d48f2e25f9f7b3a0341ec002f"
  },
  {
    "oid": "121f727d37ee4c18bcce57c6cc1063b35e1d6abb",
    "message": "Fix NPE\n\n(cherry picked from commit 9335d9d945be92a67c41dbe2c449f8c4c0a6f7be)",
    "date": "2021-10-30T18:09:48Z",
    "url": "https://github.com/pxb1988/dex2jar/commit/121f727d37ee4c18bcce57c6cc1063b35e1d6abb"
  },
  {
    "oid": "5e4c90f7150ffe16d98940448efd2bdb4a83245b",
    "message": "Add workaround for invalid signatures\n\ncherry-pick from\n\nhttps://github.com/ThexXTURBOXx/dex2jar/commit/f1da047322d91427fd176367faa0c45472aa745f",
    "date": "2021-10-30T17:55:07Z",
    "url": "https://github.com/pxb1988/dex2jar/commit/5e4c90f7150ffe16d98940448efd2bdb4a83245b"
  },
  {
    "oid": "a202f4a951359f1f526f31c3024a60d5129a9648",
    "message": "skip param annotation if out of range\n\nfixes https://github.com/pxb1988/dex2jar/issues/485",
    "date": "2021-10-30T08:27:16Z",
    "url": "https://github.com/pxb1988/dex2jar/commit/a202f4a951359f1f526f31c3024a60d5129a9648"
  },
  {
    "oid": "8fb7843370b8a92d92bc4b7fdfc7bac71950e7c0",
    "message": "add test case for https://github.com/pxb1988/dex2jar/issues/501",
    "date": "2021-10-30T08:00:22Z",
    "url": "https://github.com/pxb1988/dex2jar/commit/8fb7843370b8a92d92bc4b7fdfc7bac71950e7c0"
  },
  {
    "oid": "fa30b84cd3191144cfdedf8f90d3d5c1bcb6aecd",
    "message": "fix https://github.com/pxb1988/dex2jar/issues/501",
    "date": "2021-10-30T07:56:20Z",
    "url": "https://github.com/pxb1988/dex2jar/commit/fa30b84cd3191144cfdedf8f90d3d5c1bcb6aecd"
  },
  {
    "oid": "00e9d9e6b79f3513f7dec65da60d085abdfa53aa",
    "message": "auto test d2j-error-zips/*-error.zip",
    "date": "2021-10-29T16:33:25Z",
    "url": "https://github.com/pxb1988/dex2jar/commit/00e9d9e6b79f3513f7dec65da60d085abdfa53aa"
  },
  {
    "oid": "7a9bf1960ef30fb9c5a80694f835075a4e0984d0",
    "message": "java 8 now",
    "date": "2021-10-29T16:31:35Z",
    "url": "https://github.com/pxb1988/dex2jar/commit/7a9bf1960ef30fb9c5a80694f835075a4e0984d0"
  },
  {
    "oid": "97f9882123fdbbfbbb49f5d66abd7c8afccc974e",
    "message": "start v2.2",
    "date": "2021-10-29T16:21:19Z",
    "url": "https://github.com/pxb1988/dex2jar/commit/97f9882123fdbbfbbb49f5d66abd7c8afccc974e"
  },
  {
    "oid": "b12d69cb64ce2c5e316d4acea69a782ca899fa72",
    "message": "set version to 2.1",
    "date": "2021-10-29T16:21:19Z",
    "url": "https://github.com/pxb1988/dex2jar/commit/b12d69cb64ce2c5e316d4acea69a782ca899fa72"
  },
  {
    "oid": "43e9e862c6e87fc27a448041e825b38adb4b8cd8",
    "message": "Merge pull request #219 from ayyrickay/2.x\n\nAdd clearer usage instructions and do some minor formatting",
    "date": "2021-10-29T14:24:40Z",
    "url": "https://github.com/pxb1988/dex2jar/commit/43e9e862c6e87fc27a448041e825b38adb4b8cd8"
  },
  {
    "oid": "4d30f5dc2afd2bc296f1868cf99ae76722a4efa9",
    "message": "Merge pull request #128 from jschmid/patch-1\n\nFixed README formatting",
    "date": "2021-10-29T14:16:32Z",
    "url": "https://github.com/pxb1988/dex2jar/commit/4d30f5dc2afd2bc296f1868cf99ae76722a4efa9"
  },
  {
    "oid": "f5e8f37acb3862ff06bc4a095edd035dfb971c27",
    "message": "Merge pull request #217 from claui/fix-format-exception\n\nFix IllegalFormatConversionException",
    "date": "2021-10-29T14:11:59Z",
    "url": "https://github.com/pxb1988/dex2jar/commit/f5e8f37acb3862ff06bc4a095edd035dfb971c27"
  },
  {
    "oid": "ebec2585b1fe8d6a7c415d35450f2dffb0b9d683",
    "message": "Merge pull request #327 from echooo10/bugfix_issue#207\n\nfix issue #207",
    "date": "2021-10-29T14:03:18Z",
    "url": "https://github.com/pxb1988/dex2jar/commit/ebec2585b1fe8d6a7c415d35450f2dffb0b9d683"
  },
  {
    "oid": "e39b41f8e5f735978301522eb7aa6eeca358dde3",
    "message": "fix issue #207",
    "date": "2019-12-05T02:18:23Z",
    "url": "https://github.com/pxb1988/dex2jar/commit/e39b41f8e5f735978301522eb7aa6eeca358dde3"
  },
  {
    "oid": "d0aecd0594b2ace85885e046bd37887a0f3f2fab",
    "message": "Update README.md",
    "date": "2019-10-16T00:16:50Z",
    "url": "https://github.com/pxb1988/dex2jar/commit/d0aecd0594b2ace85885e046bd37887a0f3f2fab"
  },
  {
    "oid": "22cbacb586e09864f127e546345a8f4bc6ffbda8",
    "message": "Update README.md\n\nFix typo",
    "date": "2019-04-04T07:36:08Z",
    "url": "https://github.com/pxb1988/dex2jar/commit/22cbacb586e09864f127e546345a8f4bc6ffbda8"
  },
  {
    "oid": "5b25afb769f3899643ff74b88d4cf136babf7172",
    "message": "Add clearer usage instructions and do some minor formatting\n\nBased off of @friederbluemle's instructions in https://github.com/pxb1988/dex2jar/issues/170",
    "date": "2018-10-04T19:50:43Z",
    "url": "https://github.com/pxb1988/dex2jar/commit/5b25afb769f3899643ff74b88d4cf136babf7172"
  },
  {
    "oid": "fb9361a578e0c5064436d15efe1297a3dd31d971",
    "message": "Fix IllegalFormatConversionException\n\nThis commit fixes a `java.util.IllegalFormatConversionException`,\nwhich would occur when decompiling certain APKs:\n\n```\ncom.googlecode.d2j.DexException: Error process class: [731]Landroid/support/e/a;\n  at com.googlecode.d2j.reader.DexFileReader.accept(DexFileReader.java:604)\n  at com.googlecode.d2j.reader.DexFileReader.accept(DexFileReader.java:565)\n  at com.googlecode.d2j.smali.Baksmali.to(Baksmali.java:99)\n  at com.googlecode.d2j.smali.BaksmaliCmd.doCommandLine(BaksmaliCmd.java:60)\n  at com.googlecode.dex2jar.tools.BaseCmd.doMain(BaseCmd.java:288)\n  at com.googlecode.d2j.smali.BaksmaliCmd.main(BaksmaliCmd.java:24)\nCaused by: java.util.IllegalFormatConversionException: d != java.lang.String\n  at java.base/java.util.Formatter$FormatSpecifier.failConversion(Formatter.java:4421)\n  at java.base/java.util.Formatter$FormatSpecifier.printInteger(Formatter.java:2936)\n  at java.base/java.util.Formatter$FormatSpecifier.print(Formatter.java:2890)\n  at java.base/java.util.Formatter.format(Formatter.java:2671)\n  at java.base/java.util.Formatter.format(Formatter.java:2607)\n  at java.base/java.lang.String.format(String.java:2734)\n  at com.googlecode.d2j.smali.BaksmaliDumpOut.s(BaksmaliDumpOut.java:62)\n  at com.googlecode.d2j.smali.BaksmaliCodeDumper.visitFilledNewArrayStmt(BaksmaliCodeDumper.java:252)\n  at com.googlecode.d2j.node.DexCodeNode$FilledNewArrayStmtNode.accept(DexCodeNode.java:300)\n  at com.googlecode.d2j.node.DexCodeNode.accept(DexCodeNode.java:62)\n  at com.googlecode.d2j.smali.BaksmaliDumper.baksmaliCode(BaksmaliDumper.java:517)\n  at com.googlecode.d2j.smali.BaksmaliDumper.baksmaliMethod(BaksmaliDumper.java:445)\n  at com.googlecode.d2j.smali.BaksmaliDumper.baksmaliClass(BaksmaliDumper.java:397)\n  at com.googlecode.d2j.smali.BaksmaliDexFileVisitor$1.visitEnd(BaksmaliDexFileVisitor.java:60)\n  at com.googlecode.d2j.reader.DexFileReader.accept(DexFileReader.java:601)\n  ... 5 more\n```",
    "date": "2018-09-22T13:04:07Z",
    "url": "https://github.com/pxb1988/dex2jar/commit/fb9361a578e0c5064436d15efe1297a3dd31d971"
  },
  {
    "oid": "b5771406a9c3073ba25fdfe4e43146ca36f655dc",
    "message": "translate DEX_037 to V1_8\n\nfix https://github.com/pxb1988/dex2jar/issues/194",
    "date": "2018-07-04T12:13:22Z",
    "url": "https://github.com/pxb1988/dex2jar/commit/b5771406a9c3073ba25fdfe4e43146ca36f655dc"
  },
  {
    "oid": "f5855ebfcbb2124d1a9ff6563125620077ff009a",
    "message": "fix test fail",
    "date": "2018-06-14T05:51:42Z",
    "url": "https://github.com/pxb1988/dex2jar/commit/f5855ebfcbb2124d1a9ff6563125620077ff009a"
  },
  {
    "oid": "5341bd145d67d81ae2d230f5428f1319767f7baf",
    "message": "fixed issue 185\n\nhttps://github.com/pxb1988/dex2jar/issues/185\n\nsome zip use a large comment filed which will exceed the zip file content.",
    "date": "2018-06-06T03:14:11Z",
    "url": "https://github.com/pxb1988/dex2jar/commit/5341bd145d67d81ae2d230f5428f1319767f7baf"
  },
  {
    "oid": "b006a5c9ca11317513ed7c049f1d0433be2652b1",
    "message": "find test file by resource",
    "date": "2018-06-06T03:12:53Z",
    "url": "https://github.com/pxb1988/dex2jar/commit/b006a5c9ca11317513ed7c049f1d0433be2652b1"
  },
  {
    "oid": "eca2c98278ec30e31c3953e0a030505987a6f8ca",
    "message": "fix test error",
    "date": "2018-04-02T10:26:59Z",
    "url": "https://github.com/pxb1988/dex2jar/commit/eca2c98278ec30e31c3953e0a030505987a6f8ca"
  },
  {
    "oid": "3c8e43e61a822c02a100f6254027e47582868596",
    "message": "use jdk8 for travis",
    "date": "2018-04-02T08:31:28Z",
    "url": "https://github.com/pxb1988/dex2jar/commit/3c8e43e61a822c02a100f6254027e47582868596"
  },
  {
    "oid": "90f8d1eb809d59327ccfe03488f31da505086dfb",
    "message": "null safe in LambadaNameSafeClassAdapter",
    "date": "2018-04-02T02:37:32Z",
    "url": "https://github.com/pxb1988/dex2jar/commit/90f8d1eb809d59327ccfe03488f31da505086dfb"
  },
  {
    "oid": "373446a00e5f032833ec9af413641a3efdca5c5e",
    "message": "change to super OnUseCallBack",
    "date": "2018-04-02T02:36:37Z",
    "url": "https://github.com/pxb1988/dex2jar/commit/373446a00e5f032833ec9af413641a3efdca5c5e"
  },
  {
    "oid": "31924706891ffe25491c976c1dc08178ee155e1a",
    "message": "special allow merge of Z and I",
    "date": "2018-04-02T02:36:08Z",
    "url": "https://github.com/pxb1988/dex2jar/commit/31924706891ffe25491c976c1dc08178ee155e1a"
  },
  {
    "oid": "bf54180dec4f63a63482b9fc0ba821f9b3d00e03",
    "message": "github has attachement support",
    "date": "2018-03-27T03:42:04Z",
    "url": "https://github.com/pxb1988/dex2jar/commit/bf54180dec4f63a63482b9fc0ba821f9b3d00e03"
  },
  {
    "oid": "5a2f61965c6e7a957405836b73d9012f418dc604",
    "message": "fix search for smalis on ideaj",
    "date": "2018-03-27T03:40:08Z",
    "url": "https://github.com/pxb1988/dex2jar/commit/5a2f61965c6e7a957405836b73d9012f418dc604"
  },
  {
    "oid": "1d515072d5a49a8f82a761a8081e36b1923af541",
    "message": "handle InvokePolymorphicExpr as java8 style",
    "date": "2017-08-02T08:33:14Z",
    "url": "https://github.com/pxb1988/dex2jar/commit/1d515072d5a49a8f82a761a8081e36b1923af541"
  },
  {
    "oid": "211c4817f2b4be17d439568480c343740bc668bd",
    "message": "Fixed README formatting",
    "date": "2017-07-21T14:40:45Z",
    "url": "https://github.com/pxb1988/dex2jar/commit/211c4817f2b4be17d439568480c343740bc668bd"
  },
  {
    "oid": "dd9d7221e448ceb834d923cb9bb3bc528cb3acd9",
    "message": "Merge pull request #88 from kcheng-mvp/2.x\n\nadd support ignore a class",
    "date": "2017-01-18T05:36:43Z",
    "url": "https://github.com/pxb1988/dex2jar/commit/dd9d7221e448ceb834d923cb9bb3bc528cb3acd9"
  },
  {
    "oid": "23ded14162cbbb3b451f522c074ea1d91b2df883",
    "message": "Merge pull request #70 from barriosnahuel/patch-1\n\nAdd usage section to README",
    "date": "2017-01-18T05:36:20Z",
    "url": "https://github.com/pxb1988/dex2jar/commit/23ded14162cbbb3b451f522c074ea1d91b2df883"
  },
  {
    "oid": "bd8809821391e9b0f73c0aeb1826b6fd76b9d3c2",
    "message": "Merge pull request #73 from TWiStErRob/patch-1\n\nAdd links for GitHub",
    "date": "2017-01-18T05:35:35Z",
    "url": "https://github.com/pxb1988/dex2jar/commit/bd8809821391e9b0f73c0aeb1826b6fd76b9d3c2"
  },
  {
    "oid": "5eebfbc642c77d0c5e2db515f9126ad6b3ffd7b9",
    "message": "fix type descriptor",
    "date": "2017-01-17T09:03:55Z",
    "url": "https://github.com/pxb1988/dex2jar/commit/5eebfbc642c77d0c5e2db515f9126ad6b3ffd7b9"
  },
  {
    "oid": "28db75ff11df2cb6bea6baa0b49118a0acc28445",
    "message": "add support ignore a class",
    "date": "2016-08-26T03:23:36Z",
    "url": "https://github.com/pxb1988/dex2jar/commit/28db75ff11df2cb6bea6baa0b49118a0acc28445"
  },
  {
    "oid": "67abc1145e887babba4dcca1eaa242b5433aa2b0",
    "message": "Add links for GitHub",
    "date": "2016-04-24T09:53:35Z",
    "url": "https://github.com/pxb1988/dex2jar/commit/67abc1145e887babba4dcca1eaa242b5433aa2b0"
  },
  {
    "oid": "c3e33f59888b1ce254980ca56097246b3f60e045",
    "message": "Add usage section to README",
    "date": "2016-04-16T01:03:23Z",
    "url": "https://github.com/pxb1988/dex2jar/commit/c3e33f59888b1ce254980ca56097246b3f60e045"
  },
  {
    "oid": "d6383b7d1df27d940e4934debad8357b03e76f3f",
    "message": "[type] minor improve of type transformer",
    "date": "2016-03-04T13:05:33Z",
    "url": "https://github.com/pxb1988/dex2jar/commit/d6383b7d1df27d940e4934debad8357b03e76f3f"
  },
  {
    "oid": "8e58b0eb4073ca4a2fb215da0e26d0ff63a59f17",
    "message": "fix bug on MultiArrayTransformer",
    "date": "2016-03-04T12:00:17Z",
    "url": "https://github.com/pxb1988/dex2jar/commit/8e58b0eb4073ca4a2fb215da0e26d0ff63a59f17"
  },
  {
    "oid": "d9baaa5779c750bb1cc145977069b597da4c6fb7",
    "message": "[decrypt-string] add argument -v,--verbose to control output\n\nhttps://github.com/pxb1988/dex2jar/issues/51",
    "date": "2016-01-20T05:16:58Z",
    "url": "https://github.com/pxb1988/dex2jar/commit/d9baaa5779c750bb1cc145977069b597da4c6fb7"
  },
  {
    "oid": "f548b03cdc4d01c74a0a5eeeb6363e728abe9c38",
    "message": "disable test case",
    "date": "2016-01-18T11:03:02Z",
    "url": "https://github.com/pxb1988/dex2jar/commit/f548b03cdc4d01c74a0a5eeeb6363e728abe9c38"
  },
  {
    "oid": "305f294de765d7f337c72a96d39cdca939b7eee5",
    "message": "[decrypt-string] mute exception stack\n\nhttps://github.com/pxb1988/dex2jar/issues/51",
    "date": "2016-01-18T09:13:51Z",
    "url": "https://github.com/pxb1988/dex2jar/commit/305f294de765d7f337c72a96d39cdca939b7eee5"
  },
  {
    "oid": "a9b4e855dd47dc45f0cde69c2e46fda2166eeda6",
    "message": "Update README.md\n\nenable travis status on README.md",
    "date": "2016-01-06T05:22:07Z",
    "url": "https://github.com/pxb1988/dex2jar/commit/a9b4e855dd47dc45f0cde69c2e46fda2166eeda6"
  },
  {
    "oid": "ce2621f6e8d75544db9ae7c98cf91d2c6bd6b3c1",
    "message": "remove maxHeapSize",
    "date": "2016-01-06T05:09:49Z",
    "url": "https://github.com/pxb1988/dex2jar/commit/ce2621f6e8d75544db9ae7c98cf91d2c6bd6b3c1"
  },
  {
    "oid": "666a7d9efbcdf5a953cd6f5e963924a327de8146",
    "message": "enable travis build",
    "date": "2016-01-06T05:06:12Z",
    "url": "https://github.com/pxb1988/dex2jar/commit/666a7d9efbcdf5a953cd6f5e963924a327de8146"
  },
  {
    "oid": "ac41ef7d4dffcdfcbea84f6391ddd39d288818f8",
    "message": "Merge branch '2.x' of git@github.com:pxb1988/dex2jar.git into 2.x",
    "date": "2015-12-07T06:38:42Z",
    "url": "https://github.com/pxb1988/dex2jar/commit/ac41ef7d4dffcdfcbea84f6391ddd39d288818f8"
  },
  {
    "oid": "d463a0b789a0f2079093ad778a57275c2a4d63aa",
    "message": "Merge pull request #35 from sschuberth/2.x\n\nFix a few typos in the command line option descriptions",
    "date": "2015-12-07T06:33:38Z",
    "url": "https://github.com/pxb1988/dex2jar/commit/d463a0b789a0f2079093ad778a57275c2a4d63aa"
  },
  {
    "oid": "f8ad4dc98ece7128c7033c3d611713f6a6998aea",
    "message": "replace to 'throw new NegativeArraySizeException()' when init a nagative size array\n\n--HG--\nbranch : 2.x",
    "date": "2015-12-02T14:44:08Z",
    "url": "https://github.com/pxb1988/dex2jar/commit/f8ad4dc98ece7128c7033c3d611713f6a6998aea"
  },
  {
    "oid": "09824bbb941adf1116307adc09c761db77e94bd3",
    "message": "fix compile error with dx-23.0.0\n\n--HG--\nbranch : 2.x",
    "date": "2015-12-02T14:42:55Z",
    "url": "https://github.com/pxb1988/dex2jar/commit/09824bbb941adf1116307adc09c761db77e94bd3"
  },
  {
    "oid": "9ae0bc764386493d4c98f226a73f1cd5930e3773",
    "message": "Fix a few typos in the command line option descriptions",
    "date": "2015-11-09T12:56:48Z",
    "url": "https://github.com/pxb1988/dex2jar/commit/9ae0bc764386493d4c98f226a73f1cd5930e3773"
  },
  {
    "oid": "533b750b2d9b712959e98d2f935f2a416287c37e",
    "message": "spport read zip from maped memory\n\n--HG--\nbranch : 2.x",
    "date": "2015-10-28T17:10:08Z",
    "url": "https://github.com/pxb1988/dex2jar/commit/533b750b2d9b712959e98d2f935f2a416287c37e"
  },
  {
    "oid": "077f1ae9fc684f8e5c5ecbf0b64e2c20a9726741",
    "message": "treat int as uint in minLine\n\n--HG--\nbranch : 2.x",
    "date": "2015-10-28T17:06:13Z",
    "url": "https://github.com/pxb1988/dex2jar/commit/077f1ae9fc684f8e5c5ecbf0b64e2c20a9726741"
  },
  {
    "oid": "46bda9e8e73600e3b2e745ec761a4d801cb46f0b",
    "message": "fix bug in lengthOfUleb128\n\n--HG--\nbranch : 2.x",
    "date": "2015-10-28T17:01:18Z",
    "url": "https://github.com/pxb1988/dex2jar/commit/46bda9e8e73600e3b2e745ec761a4d801cb46f0b"
  },
  {
    "oid": "59e78f16eeeaf73198d9a1d58c7e04b6e88f40ee",
    "message": "always cleanup access flags in class\n\n--HG--\nbranch : 2.x",
    "date": "2015-09-26T19:39:41Z",
    "url": "https://github.com/pxb1988/dex2jar/commit/59e78f16eeeaf73198d9a1d58c7e04b6e88f40ee"
  },
  {
    "oid": "52174ca6f649a67c7d3c5e869b6fcc5e69438af0",
    "message": "check for null on read_annotation_set_ref_list\n\nhttps://github.com/pxb1988/dex2jar/issues/30\n\n--HG--\nbranch : 2.x",
    "date": "2015-09-22T02:32:42Z",
    "url": "https://github.com/pxb1988/dex2jar/commit/52174ca6f649a67c7d3c5e869b6fcc5e69438af0"
  },
  {
    "oid": "c3ad4e205367bd6e9bc8190b75c9c4bbff1c003d",
    "message": "BaseCmd: support auto config @Opt\n\n--HG--\nbranch : 2.x",
    "date": "2015-09-15T13:52:29Z",
    "url": "https://github.com/pxb1988/dex2jar/commit/c3ad4e205367bd6e9bc8190b75c9c4bbff1c003d"
  },
  {
    "oid": "f3333b3e7bacb0d5b76d487a73dfe52eeb01536b",
    "message": "Fix issue #27, NPE on accept DexAnnotationVisitor\n\nhttps://github.com/pxb1988/dex2jar/issues/27\n\n--HG--\nbranch : 2.x",
    "date": "2015-09-02T04:44:01Z",
    "url": "https://github.com/pxb1988/dex2jar/commit/f3333b3e7bacb0d5b76d487a73dfe52eeb01536b"
  },
  {
    "oid": "1020541e3ccc86a59aa3a85aacd64f8ddf15f7a5",
    "message": "remove println\n\n--HG--\nbranch : 2.x",
    "date": "2015-06-13T12:37:37Z",
    "url": "https://github.com/pxb1988/dex2jar/commit/1020541e3ccc86a59aa3a85aacd64f8ddf15f7a5"
  },
  {
    "oid": "1d663bba9a53bb25e6122297035a1e1c043c3377",
    "message": "improve FILL_ARRAY_DATA\n\n--HG--\nbranch : 2.x",
    "date": "2015-05-29T03:54:56Z",
    "url": "https://github.com/pxb1988/dex2jar/commit/1d663bba9a53bb25e6122297035a1e1c043c3377"
  },
  {
    "oid": "f4a7334b1e4daaa0261016696f3f827507810586",
    "message": "keep sh files simple\n\n--HG--\nbranch : 2.x",
    "date": "2015-05-08T02:39:38Z",
    "url": "https://github.com/pxb1988/dex2jar/commit/f4a7334b1e4daaa0261016696f3f827507810586"
  },
  {
    "oid": "dac12838b350929c55c6d3ec571e0e1fb03cc263",
    "message": "compiler error on CI\n\n--HG--\nbranch : 2.x",
    "date": "2015-05-05T02:23:44Z",
    "url": "https://github.com/pxb1988/dex2jar/commit/dac12838b350929c55c6d3ec571e0e1fb03cc263"
  },
  {
    "oid": "94e9fa04e27ea26992d67ddfa40991f97ed8424a",
    "message": "fix throw new Runtime(...) when error\n\n--HG--\nbranch : 2.x",
    "date": "2015-04-29T02:48:38Z",
    "url": "https://github.com/pxb1988/dex2jar/commit/94e9fa04e27ea26992d67ddfa40991f97ed8424a"
  },
  {
    "oid": "4cf5d6dd4350af6a1ea48644c4f32e1d581bd2b1",
    "message": "Revert \"keep mapItem even if size is 0\"\n\n--HG--\nbranch : 2.x",
    "date": "2015-04-23T08:09:07Z",
    "url": "https://github.com/pxb1988/dex2jar/commit/4cf5d6dd4350af6a1ea48644c4f32e1d581bd2b1"
  },
  {
    "oid": "184407aa2642d0c514f8c3bc393dba27d7f7253b",
    "message": "support txt/gz error file\n\n--HG--\nbranch : 2.x",
    "date": "2015-04-22T14:23:26Z",
    "url": "https://github.com/pxb1988/dex2jar/commit/184407aa2642d0c514f8c3bc393dba27d7f7253b"
  },
  {
    "oid": "63b56589e8a3a7c554c7567c35b582995fd93894",
    "message": "set the gradle defaultTasks\n\n--HG--\nbranch : 2.x",
    "date": "2015-04-20T15:49:06Z",
    "url": "https://github.com/pxb1988/dex2jar/commit/63b56589e8a3a7c554c7567c35b582995fd93894"
  },
  {
    "oid": "11e258249866849fa3173af0c29cf0c6da776575",
    "message": "support * in weave config file\nsupport change invocationTypePrefix config\n\n--HG--\nbranch : 2.x",
    "date": "2015-04-20T14:23:45Z",
    "url": "https://github.com/pxb1988/dex2jar/commit/11e258249866849fa3173af0c29cf0c6da776575"
  },
  {
    "oid": "592bfdf1108650974976f4f0c63cbb7023aef4ed",
    "message": "support 'invoke-x/range {}, ...'\n\n--HG--\nbranch : 2.x",
    "date": "2015-04-13T12:25:58Z",
    "url": "https://github.com/pxb1988/dex2jar/commit/592bfdf1108650974976f4f0c63cbb7023aef4ed"
  },
  {
    "oid": "30abff6618f27aea2d142ec7022da4e58c51ce16",
    "message": "disable end remove\n\n--HG--\nbranch : 2.x",
    "date": "2015-04-13T06:04:32Z",
    "url": "https://github.com/pxb1988/dex2jar/commit/30abff6618f27aea2d142ec7022da4e58c51ce16"
  },
  {
    "oid": "0ea25e833998283271c84971f60d1edd8e0e140b",
    "message": "compatible with gradle 2.3\n\n--HG--\nbranch : 2.x",
    "date": "2015-04-10T02:42:50Z",
    "url": "https://github.com/pxb1988/dex2jar/commit/0ea25e833998283271c84971f60d1edd8e0e140b"
  },
  {
    "oid": "a12de2bf55b3e9e709d8251adf91957d075f83a2",
    "message": "keep mapItem even if size is 0\n\n--HG--\nbranch : 2.x",
    "date": "2015-04-07T14:02:24Z",
    "url": "https://github.com/pxb1988/dex2jar/commit/a12de2bf55b3e9e709d8251adf91957d075f83a2"
  },
  {
    "oid": "e7782f594258099e9263d4cdbbb860d62e8fb8d5",
    "message": "fix compile error\n\n--HG--\nbranch : 2.x",
    "date": "2015-04-07T03:44:37Z",
    "url": "https://github.com/pxb1988/dex2jar/commit/e7782f594258099e9263d4cdbbb860d62e8fb8d5"
  },
  {
    "oid": "d980a8728a08a7ac08d90accbee23a94ad5b89f6",
    "message": "implement  method replacement\n\n--HG--\nbranch : 2.x",
    "date": "2015-04-06T09:53:03Z",
    "url": "https://github.com/pxb1988/dex2jar/commit/d980a8728a08a7ac08d90accbee23a94ad5b89f6"
  },
  {
    "oid": "264b8c58fffb350ee6dab610e74ef745eb6c5f17",
    "message": "replace getParameterCount with getParameterTypes().length for jdk7\n\n--HG--\nbranch : 2.x",
    "date": "2015-03-22T13:00:54Z",
    "url": "https://github.com/pxb1988/dex2jar/commit/264b8c58fffb350ee6dab610e74ef745eb6c5f17"
  },
  {
    "oid": "eb9c5ccae8fce3c529798ea4a6680414acb258cb",
    "message": "Merge\n\n--HG--\nbranch : 2.x",
    "date": "2015-03-16T15:32:04Z",
    "url": "https://github.com/pxb1988/dex2jar/commit/eb9c5ccae8fce3c529798ea4a6680414acb258cb"
  },
  {
    "oid": "2bcafe0cddc50094732af3e9a54823cfaaf32826",
    "message": "more strict to read dex\n\n--HG--\nbranch : 2.x",
    "date": "2015-03-16T15:28:17Z",
    "url": "https://github.com/pxb1988/dex2jar/commit/2bcafe0cddc50094732af3e9a54823cfaaf32826"
  },
  {
    "oid": "2ea2f457414ffbfd4e1035f889d3bb72f2480b99",
    "message": "support AOP like code weave\n\n--HG--\nbranch : 2.x",
    "date": "2015-02-22T13:53:46Z",
    "url": "https://github.com/pxb1988/dex2jar/commit/2ea2f457414ffbfd4e1035f889d3bb72f2480b99"
  },
  {
    "oid": "133235a7cd2e34d8ce4dfaf58411377844be7220",
    "message": "add -da,--deep-analyze use dex2jar IR to static analyze more const arguments\nsupport primitive array type like 'byte[]'\nsupport decrypt jeb-like 'String m(byte[], int, int)' method\n\n--HG--\nbranch : 2.x",
    "date": "2015-02-21T14:41:07Z",
    "url": "https://github.com/pxb1988/dex2jar/commit/133235a7cd2e34d8ce4dfaf58411377844be7220"
  },
  {
    "oid": "3178ae5a690c47ff17ee6d584a41d79fa60c0d69",
    "message": "merge patch from yyjdelete\n\nFix that IINC does not work as expected\n\n--HG--\nbranch : 2.x",
    "date": "2015-01-05T15:05:23Z",
    "url": "https://github.com/pxb1988/dex2jar/commit/3178ae5a690c47ff17ee6d584a41d79fa60c0d69"
  },
  {
    "oid": "9be99ac0be1c216892402268f525752b5d75cef5",
    "message": "sort smali file by name\n\n--HG--\nbranch : 2.x",
    "date": "2015-01-05T14:23:42Z",
    "url": "https://github.com/pxb1988/dex2jar/commit/9be99ac0be1c216892402268f525752b5d75cef5"
  },
  {
    "oid": "e49954870ec2c5a4d7a3cf9311e18a18cc66cd00",
    "message": "warn invalid inner class name\n\n--HG--\nbranch : 2.x",
    "date": "2015-01-05T14:17:02Z",
    "url": "https://github.com/pxb1988/dex2jar/commit/e49954870ec2c5a4d7a3cf9311e18a18cc66cd00"
  },
  {
    "oid": "59f17b8181c15c847c286d64f3ca32f1f95b58c0",
    "message": "fix apksign verify error on android\n\n--HG--\nbranch : 2.x",
    "date": "2014-12-23T14:01:46Z",
    "url": "https://github.com/pxb1988/dex2jar/commit/59f17b8181c15c847c286d64f3ca32f1f95b58c0"
  },
  {
    "oid": "4aec75ddb45b82a623ea29521ec2f8c6edadc461",
    "message": "for http://sourceforge.net/p/dex2jar/tickets/233/\nmark hasException public\n\n--HG--\nbranch : 2.x",
    "date": "2014-12-23T04:59:04Z",
    "url": "https://github.com/pxb1988/dex2jar/commit/4aec75ddb45b82a623ea29521ec2f8c6edadc461"
  },
  {
    "oid": "7261f0e62702c245458cf0a3232ee4f8411fa6c6",
    "message": "support .param in smali\n\n--HG--\nbranch : 2.x",
    "date": "2014-12-08T14:01:42Z",
    "url": "https://github.com/pxb1988/dex2jar/commit/7261f0e62702c245458cf0a3232ee4f8411fa6c6"
  },
  {
    "oid": "fd927793a7ea173524548d0167bc9f6883869d87",
    "message": "correct array type display is ir\n\n--HG--\nbranch : 2.x",
    "date": "2014-12-06T18:16:13Z",
    "url": "https://github.com/pxb1988/dex2jar/commit/fd927793a7ea173524548d0167bc9f6883869d87"
  },
  {
    "oid": "ae01cae705e3fc687ef52490f8842d3072a1992b",
    "message": "delete unused functions\n\n--HG--\nbranch : 2.x",
    "date": "2014-11-16T17:08:06Z",
    "url": "https://github.com/pxb1988/dex2jar/commit/ae01cae705e3fc687ef52490f8842d3072a1992b"
  },
  {
    "oid": "4d72eba336be6f61978bc6a12551737483b4e4dc",
    "message": "use full url\n\n--HG--\nbranch : 2.x",
    "date": "2014-11-13T16:19:10Z",
    "url": "https://github.com/pxb1988/dex2jar/commit/4d72eba336be6f61978bc6a12551737483b4e4dc"
  },
  {
    "oid": "b8dbff320d01cb1c3bc3468f88cb70c99cfbb06c",
    "message": "fix email address\n\n--HG--\nbranch : 2.x",
    "date": "2014-11-13T15:54:41Z",
    "url": "https://github.com/pxb1988/dex2jar/commit/b8dbff320d01cb1c3bc3468f88cb70c99cfbb06c"
  },
  {
    "oid": "67c656adc7dcfc95c604cc3db42b7ad7fb5d77f4",
    "message": "add readme.md\n\n--HG--\nbranch : 2.x",
    "date": "2014-11-13T15:44:40Z",
    "url": "https://github.com/pxb1988/dex2jar/commit/67c656adc7dcfc95c604cc3db42b7ad7fb5d77f4"
  },
  {
    "oid": "f48faf2567329fece977bba87b8ecd00e9215aa9",
    "message": "merge DecryptStringCmd.java@43d692ab4917 to 2.x\n\n--HG--\nbranch : 2.x",
    "date": "2014-10-29T13:07:21Z",
    "url": "https://github.com/pxb1988/dex2jar/commit/f48faf2567329fece977bba87b8ecd00e9215aa9"
  },
  {
    "oid": "821de1eb1422a2a5833da40431eb18232123e7e5",
    "message": "support longOpt as key\n\n--HG--\nbranch : 2.x",
    "date": "2014-09-18T13:53:14Z",
    "url": "https://github.com/pxb1988/dex2jar/commit/821de1eb1422a2a5833da40431eb18232123e7e5"
  },
  {
    "oid": "07630cff13d2144851ce718db63a9c54dac42f64",
    "message": "support longOpt as key\n\n--HG--\nbranch : 2.x",
    "date": "2014-09-18T13:47:34Z",
    "url": "https://github.com/pxb1988/dex2jar/commit/07630cff13d2144851ce718db63a9c54dac42f64"
  },
  {
    "oid": "2c55aefd4b77fccd2e31d0f3ff90b4b83a98812b",
    "message": "add to for extracting odex from dalvik memory dump\n\n--HG--\nbranch : 2.x",
    "date": "2014-09-02T14:20:25Z",
    "url": "https://github.com/pxb1988/dex2jar/commit/2c55aefd4b77fccd2e31d0f3ff90b4b83a98812b"
  },
  {
    "oid": "d6191ffa79087e80fcacb2c94af9ec4290812385",
    "message": "support debug signature\nfix field signature reading error\n\n--HG--\nbranch : 2.x",
    "date": "2014-08-17T07:34:31Z",
    "url": "https://github.com/pxb1988/dex2jar/commit/d6191ffa79087e80fcacb2c94af9ec4290812385"
  },
  {
    "oid": "35168af75377dd1ed5276589e9999d4f65f5be12",
    "message": "disable result check due to type strategy change\n\n--HG--\nbranch : 2.x",
    "date": "2014-08-15T10:40:13Z",
    "url": "https://github.com/pxb1988/dex2jar/commit/35168af75377dd1ed5276589e9999d4f65f5be12"
  },
  {
    "oid": "663fe705caf3050cad813c4a6f90bc8121181f9d",
    "message": "fix npe while read duplicate class\n\n--HG--\nbranch : 2.x",
    "date": "2014-08-13T14:12:56Z",
    "url": "https://github.com/pxb1988/dex2jar/commit/663fe705caf3050cad813c4a6f90bc8121181f9d"
  },
  {
    "oid": "d1f14f8d6881730501805cdb1f97db451a49f317",
    "message": "remove NEW if possible\n\n--HG--\nbranch : 2.x",
    "date": "2014-08-06T17:20:56Z",
    "url": "https://github.com/pxb1988/dex2jar/commit/d1f14f8d6881730501805cdb1f97db451a49f317"
  },
  {
    "oid": "6f04e7714f26df0cdc17689dbe60949b813d21bb",
    "message": "fix write array of in annotation\n\n--HG--\nbranch : 2.x",
    "date": "2014-08-06T15:00:28Z",
    "url": "https://github.com/pxb1988/dex2jar/commit/6f04e7714f26df0cdc17689dbe60949b813d21bb"
  },
  {
    "oid": "ca7e8f224cfe2896c6067b80c9e04b67ac63eeba",
    "message": "sort all InnerClass\n\n--HG--\nbranch : 2.x",
    "date": "2014-08-07T12:49:14Z",
    "url": "https://github.com/pxb1988/dex2jar/commit/ca7e8f224cfe2896c6067b80c9e04b67ac63eeba"
  },
  {
    "oid": "6d945c437f2fd400abe39c6ef3522463c7ac2861",
    "message": "merge patch from t3stwhat\n\nErase default value of final static constant which will be assigned in clinit.\n在clinit裡才初始的常數, 原本都會輸出成0, 雖然是不影響用jd-gui看,\n但如果要實際拿來做lib reference, final static的變數會直接inline, 編出來就會出錯...\n\n--HG--\nbranch : 2.x",
    "date": "2014-08-07T02:13:31Z",
    "url": "https://github.com/pxb1988/dex2jar/commit/6d945c437f2fd400abe39c6ef3522463c7ac2861"
  },
  {
    "oid": "6469f08a74b82b2caa28593d7aba341d4c420dbb",
    "message": "jimple THROW\n\n--HG--\nbranch : 2.x",
    "date": "2014-08-05T16:56:41Z",
    "url": "https://github.com/pxb1988/dex2jar/commit/6469f08a74b82b2caa28593d7aba341d4c420dbb"
  },
  {
    "oid": "259a3493240c75dbde813d01445692847f2af772",
    "message": "fix read bug in StdApk\n\n--HG--\nbranch : 2.x",
    "date": "2014-08-02T17:24:38Z",
    "url": "https://github.com/pxb1988/dex2jar/commit/259a3493240c75dbde813d01445692847f2af772"
  },
  {
    "oid": "7479653f6f237e52bee05838b36f2f47aa8bfd62",
    "message": "set gradle compiler encdoing to UTF-8\n\n--HG--\nbranch : 2.x",
    "date": "2014-08-02T17:24:19Z",
    "url": "https://github.com/pxb1988/dex2jar/commit/7479653f6f237e52bee05838b36f2f47aa8bfd62"
  },
  {
    "oid": "3f302892994bddc3c62c6b93825ce5f19cfd95f3",
    "message": "add tool to replace method invoke\n\n--HG--\nbranch : 2.x",
    "date": "2014-08-02T14:56:32Z",
    "url": "https://github.com/pxb1988/dex2jar/commit/3f302892994bddc3c62c6b93825ce5f19cfd95f3"
  },
  {
    "oid": "0fcd85bf12cf0d93399e0ff6692271a3b5f85b95",
    "message": "add help clasee baksmaliClass\n\n--HG--\nbranch : 2.x",
    "date": "2014-07-31T14:02:21Z",
    "url": "https://github.com/pxb1988/dex2jar/commit/0fcd85bf12cf0d93399e0ff6692271a3b5f85b95"
  },
  {
    "oid": "81f03d8f9f8a8396a385aad804dc18ba2a3c8b4f",
    "message": "ignore build folder for gradle\n\n--HG--\nbranch : 2.x",
    "date": "2014-07-31T13:59:46Z",
    "url": "https://github.com/pxb1988/dex2jar/commit/81f03d8f9f8a8396a385aad804dc18ba2a3c8b4f"
  },
  {
    "oid": "62cb70e220c32627812e41f90aef437f1b493a4e",
    "message": "fix set argument type of java.nio.Path in BaseCmd\n\n--HG--\nbranch : 2.x",
    "date": "2014-07-31T13:58:16Z",
    "url": "https://github.com/pxb1988/dex2jar/commit/62cb70e220c32627812e41f90aef437f1b493a4e"
  },
  {
    "oid": "c45ae97fbdfb9b4b89de28f960f9ce3e2ffeb6ce",
    "message": "fix offset check in code read\n\n--HG--\nbranch : 2.x",
    "date": "2014-07-31T13:50:43Z",
    "url": "https://github.com/pxb1988/dex2jar/commit/c45ae97fbdfb9b4b89de28f960f9ce3e2ffeb6ce"
  },
  {
    "oid": "1b983bf1dc7f84550898a303dffc6ec50fa84bf9",
    "message": "fix checksum bug\n\n--HG--\nbranch : 2.x",
    "date": "2014-07-26T06:24:39Z",
    "url": "https://github.com/pxb1988/dex2jar/commit/1b983bf1dc7f84550898a303dffc6ec50fa84bf9"
  },
  {
    "oid": "3ac5eca6cf6a78603af97187979ad8636af6ca31",
    "message": "add tool to update dex checksums\n\n--HG--\nbranch : 2.x",
    "date": "2014-07-22T14:09:29Z",
    "url": "https://github.com/pxb1988/dex2jar/commit/3ac5eca6cf6a78603af97187979ad8636af6ca31"
  },
  {
    "oid": "b80161fc560b42fc4b9e46259b41341dbeb92bc1",
    "message": "travel all parent to find method in decrypt-string\n\nFixes issue 216\n\n--HG--\nbranch : 0.0.9.x",
    "date": "2014-02-17T11:27:45Z",
    "url": "https://github.com/pxb1988/dex2jar/commit/b80161fc560b42fc4b9e46259b41341dbeb92bc1"
  },
  {
    "oid": "a1ebf804aee6d8030783858d671bf7e08dc2476d",
    "message": "not skip bad <*init>\n\nupdate issue 195\nkeep bad <*init>\n\n--HG--\nbranch : 0.0.9.x",
    "date": "2014-02-17T11:17:13Z",
    "url": "https://github.com/pxb1988/dex2jar/commit/a1ebf804aee6d8030783858d671bf7e08dc2476d"
  },
  {
    "oid": "a8d40e4eac634e4dd95bf4c98cd2401e32ecfe6b",
    "message": "fix annotation read bug\n\n--HG--\nbranch : 0.0.9.x",
    "date": "2013-11-21T13:09:13Z",
    "url": "https://github.com/pxb1988/dex2jar/commit/a8d40e4eac634e4dd95bf4c98cd2401e32ecfe6b"
  },
  {
    "oid": "1a6bfd92015baf8d14782af8cc5e242bbae385c4",
    "message": "add support to detect dup methods\n\nFixes issue 200\n\n--HG--\nbranch : 0.0.9.x",
    "date": "2013-11-06T06:27:58Z",
    "url": "https://github.com/pxb1988/dex2jar/commit/1a6bfd92015baf8d14782af8cc5e242bbae385c4"
  },
  {
    "oid": "d3c357493bf6b1377ca1875c1c9e2fe40ed777cb",
    "message": "handle <*init> method name GLITCH\n\nFixes issue 195\n\n--HG--\nbranch : 0.0.9.x",
    "date": "2013-09-27T16:46:52Z",
    "url": "https://github.com/pxb1988/dex2jar/commit/d3c357493bf6b1377ca1875c1c9e2fe40ed777cb"
  },
  {
    "oid": "e2bf13f9be655aaed858a8168e24010cac3d5820",
    "message": "hide process mesage\n\n--HG--\nbranch : 0.0.9.x",
    "date": "2013-08-15T07:32:24Z",
    "url": "https://github.com/pxb1988/dex2jar/commit/e2bf13f9be655aaed858a8168e24010cac3d5820"
  },
  {
    "oid": "f2336482d1f02bdbbd8de4d47160a4e5d3696b0b",
    "message": "add option IGNORE_READ_EXCEPTION\n\n--HG--\nbranch : 0.0.9.x",
    "date": "2013-08-02T07:44:07Z",
    "url": "https://github.com/pxb1988/dex2jar/commit/f2336482d1f02bdbbd8de4d47160a4e5d3696b0b"
  },
  {
    "oid": "2a6eca13ff2432815a2c3b7c386f76fc24925f80",
    "message": "decrypt multi method at once\n\n--HG--\nbranch : 0.0.9.x",
    "date": "2013-07-05T16:13:05Z",
    "url": "https://github.com/pxb1988/dex2jar/commit/2a6eca13ff2432815a2c3b7c386f76fc24925f80"
  },
  {
    "oid": "c3795eb9f87e746364383f5e66a36f46da432d6a",
    "message": "ignore method annotation value and null annotation value\n\n--HG--\nbranch : 0.0.9.x",
    "date": "2013-06-17T05:49:39Z",
    "url": "https://github.com/pxb1988/dex2jar/commit/c3795eb9f87e746364383f5e66a36f46da432d6a"
  },
  {
    "oid": "5e539960face505565b9703dba2ff32360eba113",
    "message": "fix maven build error while generate .bat and .sh\n\n--HG--\nbranch : 0.0.9.x",
    "date": "2013-06-07T09:31:51Z",
    "url": "https://github.com/pxb1988/dex2jar/commit/5e539960face505565b9703dba2ff32360eba113"
  },
  {
    "oid": "30939851e7dc6de88c7bff192738f070c33a9c43",
    "message": "Fixes issue 179\nFixes issue 180\n\n--HG--\nbranch : 0.0.9.x",
    "date": "2013-06-04T03:22:25Z",
    "url": "https://github.com/pxb1988/dex2jar/commit/30939851e7dc6de88c7bff192738f070c33a9c43"
  },
  {
    "oid": "31305dbf592c43773b1b87ab18cf57fcd97155b5",
    "message": "maks ZipInputStreamHack for openjdk6\n\n--HG--\nbranch : 0.0.9.x",
    "date": "2013-04-26T02:56:32Z",
    "url": "https://github.com/pxb1988/dex2jar/commit/31305dbf592c43773b1b87ab18cf57fcd97155b5"
  },
  {
    "oid": "363489455b14c36756b0196560e6b7e7e1bc15fd",
    "message": "maks ZipInputStreamHack for openjdk6\n\n--HG--\nbranch : 0.0.9.x",
    "date": "2013-04-26T02:53:48Z",
    "url": "https://github.com/pxb1988/dex2jar/commit/363489455b14c36756b0196560e6b7e7e1bc15fd"
  },
  {
    "oid": "23b07bf4dbf136736e92be97cc664f3e321a66e4",
    "message": "fix error on extract apk\n\n--HG--\nbranch : 0.0.9.x",
    "date": "2013-03-26T06:16:07Z",
    "url": "https://github.com/pxb1988/dex2jar/commit/23b07bf4dbf136736e92be97cc664f3e321a66e4"
  },
  {
    "oid": "39b90f36578a855314051ab8cf6dffbe87b254a1",
    "message": "add test case for issue 168, waiting for fix\n\n--HG--\nbranch : 0.0.9.x",
    "date": "2013-03-25T09:49:26Z",
    "url": "https://github.com/pxb1988/dex2jar/commit/39b90f36578a855314051ab8cf6dffbe87b254a1"
  },
  {
    "oid": "db9b90f5a878b392fd61f0976e4b0c5f501c5214",
    "message": "improve d2j-decrypt-string support (int)Ljava/lang/String; as decrypt-method\n\n--HG--\nbranch : 0.0.9.x",
    "date": "2013-03-25T04:34:19Z",
    "url": "https://github.com/pxb1988/dex2jar/commit/db9b90f5a878b392fd61f0976e4b0c5f501c5214"
  },
  {
    "oid": "0708ea77f3cb5285ed297e25470f3f49daa8c788",
    "message": "add test case for issue 160\n\n--HG--\nbranch : 0.0.9.x",
    "date": "2013-02-03T14:31:29Z",
    "url": "https://github.com/pxb1988/dex2jar/commit/0708ea77f3cb5285ed297e25470f3f49daa8c788"
  },
  {
    "oid": "3465ff04e1338c7f59ef349f01d9c50fade5eca8",
    "message": "fix a eclipse worning in DexFileReader\n\n--HG--\nbranch : 0.0.9.x",
    "date": "2013-02-03T13:57:42Z",
    "url": "https://github.com/pxb1988/dex2jar/commit/3465ff04e1338c7f59ef349f01d9c50fade5eca8"
  },
  {
    "oid": "4335f35c9d76f5be0c285f9277bcf8fd7244b517",
    "message": "use ecj instead of javac\n\n--HG--\nbranch : 0.0.9.x",
    "date": "2013-02-03T13:28:31Z",
    "url": "https://github.com/pxb1988/dex2jar/commit/4335f35c9d76f5be0c285f9277bcf8fd7244b517"
  },
  {
    "oid": "44761521853ccd7693b0d2944197cf493c8a3ea2",
    "message": "add test case for issue 154\n\n--HG--\nbranch : 0.0.9.x",
    "date": "2012-12-31T10:53:53Z",
    "url": "https://github.com/pxb1988/dex2jar/commit/44761521853ccd7693b0d2944197cf493c8a3ea2"
  },
  {
    "oid": "dda6b0bb500d258b366bb170222cc0e0a299da77",
    "message": "Update issue 152\nStatus: Fixed\nuse iterator instead of recursion in BaseLiveAnalyze\n\n--HG--\nbranch : 0.0.9.x",
    "date": "2012-12-13T05:22:10Z",
    "url": "https://github.com/pxb1988/dex2jar/commit/dda6b0bb500d258b366bb170222cc0e0a299da77"
  },
  {
    "oid": "51929128aaa9aa01a2d57be4f5ce043b28245419",
    "message": "fix empty file in jar\n\n--HG--\nbranch : 0.0.9.x",
    "date": "2012-12-04T07:36:01Z",
    "url": "https://github.com/pxb1988/dex2jar/commit/51929128aaa9aa01a2d57be4f5ce043b28245419"
  },
  {
    "oid": "b6f2a0048210d3c0e8ec2deea21642bb1ebd420b",
    "message": "fix empty file in jar\n\n--HG--\nbranch : 0.0.9.x",
    "date": "2012-12-04T07:26:41Z",
    "url": "https://github.com/pxb1988/dex2jar/commit/b6f2a0048210d3c0e8ec2deea21642bb1ebd420b"
  },
  {
    "oid": "4f349ac68c881a3a76793f771159ef6db1e21e20",
    "message": "not clean LabelStmt used by LocalVar\n\n--HG--\nbranch : 0.0.9.x",
    "date": "2012-12-03T17:12:01Z",
    "url": "https://github.com/pxb1988/dex2jar/commit/4f349ac68c881a3a76793f771159ef6db1e21e20"
  },
  {
    "oid": "997cb1c1b716ef2fcd85c8b78245f3157b830dee",
    "message": "Fix NPE in generat Asm Method\n\n--HG--\nbranch : 0.0.9.x",
    "date": "2012-11-22T04:50:21Z",
    "url": "https://github.com/pxb1988/dex2jar/commit/997cb1c1b716ef2fcd85c8b78245f3157b830dee"
  },
  {
    "oid": "223ff6ddeaf4391e9165cc9bf1227fc762b26b44",
    "message": "generate 'folder' in the jar file generated by dex2jar\n\n--HG--\nbranch : 0.0.9.x",
    "date": "2012-11-08T08:22:04Z",
    "url": "https://github.com/pxb1988/dex2jar/commit/223ff6ddeaf4391e9165cc9bf1227fc762b26b44"
  },
  {
    "oid": "4a1ea6f793d0f0662e1cccba68bfe45c26c86577",
    "message": "improve ZeroTransformer to insert x=0 if a ZERO local is merged to a non-ZERO local\n\n--HG--\nbranch : 0.0.9.x",
    "date": "2012-11-07T13:57:36Z",
    "url": "https://github.com/pxb1988/dex2jar/commit/4a1ea6f793d0f0662e1cccba68bfe45c26c86577"
  },
  {
    "oid": "78cd707a6812a033f5bc7549314d3a1c9d1ed936",
    "message": "1. use p-rename 1.4\n2. dex-tools same version as dex-translator\n\n--HG--\nbranch : 0.0.9.x",
    "date": "2012-10-25T05:36:46Z",
    "url": "https://github.com/pxb1988/dex2jar/commit/78cd707a6812a033f5bc7549314d3a1c9d1ed936"
  },
  {
    "oid": "3bc15fdae4c207473e545c0a6c63213e0a3db113",
    "message": "Fix NPE by r483\n\n--HG--\nbranch : 0.0.9.x",
    "date": "2012-10-23T11:34:16Z",
    "url": "https://github.com/pxb1988/dex2jar/commit/3bc15fdae4c207473e545c0a6c63213e0a3db113"
  },
  {
    "oid": "f00474ffd9bf38aa7442779aed965c3b9f4e1775",
    "message": "Fix a bug in ZeroTransformer\n\n--HG--\nbranch : 0.0.9.x",
    "date": "2012-10-18T14:39:31Z",
    "url": "https://github.com/pxb1988/dex2jar/commit/f00474ffd9bf38aa7442779aed965c3b9f4e1775"
  },
  {
    "oid": "7439fc0c63f878ba1769e622166f876dbbdba4a9",
    "message": "Fix NPE when generate jasmin file if no instruction\n\n--HG--\nbranch : 0.0.9.x",
    "date": "2012-10-16T10:27:58Z",
    "url": "https://github.com/pxb1988/dex2jar/commit/7439fc0c63f878ba1769e622166f876dbbdba4a9"
  },
  {
    "oid": "3985f946e907b27541957804d8d50e3e442d0b28",
    "message": "use 1.3 to provider jar remap\n\n--HG--\nbranch : 0.0.9.x",
    "date": "2012-10-14T10:47:06Z",
    "url": "https://github.com/pxb1988/dex2jar/commit/3985f946e907b27541957804d8d50e3e442d0b28"
  },
  {
    "oid": "c99a302783a38b45532306a8fdde78c82c93c48d",
    "message": "remove _ts_tos from Stmt as it is not needed.\n\n--HG--\nbranch : 0.0.9.x",
    "date": "2012-09-20T07:44:08Z",
    "url": "https://github.com/pxb1988/dex2jar/commit/c99a302783a38b45532306a8fdde78c82c93c48d"
  },
  {
    "oid": "770a3fcfd19784b034343d3f5de05f4b2f9dad76",
    "message": "Update issue 130\nStatus: Fixed\nif-eq vx, vx, offset\nwe add a trick to skip the if-eq, and direct read from offset\n\n--HG--\nbranch : 0.0.9.x",
    "date": "2012-09-11T13:08:15Z",
    "url": "https://github.com/pxb1988/dex2jar/commit/770a3fcfd19784b034343d3f5de05f4b2f9dad76"
  },
  {
    "oid": "092d47478c898b9e6d3fa1e38b3505674e924a17",
    "message": "fix NPE while list empty folder\n\n--HG--\nbranch : 0.0.9.x",
    "date": "2012-08-28T12:12:12Z",
    "url": "https://github.com/pxb1988/dex2jar/commit/092d47478c898b9e6d3fa1e38b3505674e924a17"
  },
  {
    "oid": "0b02af44085167e8f79fd01a1dd8e9f46b893cd1",
    "message": "add method to array datain\n\n--HG--\nbranch : 0.0.9.x",
    "date": "2012-08-28T12:06:03Z",
    "url": "https://github.com/pxb1988/dex2jar/commit/0b02af44085167e8f79fd01a1dd8e9f46b893cd1"
  },
  {
    "oid": "52907d62bc4d7598cda9ea17fa944fa3f631bd9a",
    "message": "For (Integer)-1, using ICONST_M1 instead of BIPUSH 255\n\n--HG--\nbranch : 0.0.9.x",
    "date": "2012-08-16T17:15:35Z",
    "url": "https://github.com/pxb1988/dex2jar/commit/52907d62bc4d7598cda9ea17fa944fa3f631bd9a"
  },
  {
    "oid": "41b32da696ee3c5ea930ce9ac2600b1ff8ad0a52",
    "message": "fix ArrayIndexOutOfBoundsException when zero-ops in FilledArrayExpr\n\n--HG--\nbranch : 0.0.9.x",
    "date": "2012-08-15T06:55:33Z",
    "url": "https://github.com/pxb1988/dex2jar/commit/41b32da696ee3c5ea930ce9ac2600b1ff8ad0a52"
  },
  {
    "oid": "26c9e0b6cc084c4e76da65f4837396b611410cce",
    "message": "Fix Issue 124\nTemporarily disable type merge when both not null\n\n--HG--\nbranch : 0.0.9.x",
    "date": "2012-08-01T16:45:52Z",
    "url": "https://github.com/pxb1988/dex2jar/commit/26c9e0b6cc084c4e76da65f4837396b611410cce"
  },
  {
    "oid": "ee463d664f6ad93442382dd6f07644554dc79afa",
    "message": "Fix Issue 129\n\n--HG--\nbranch : 0.0.9.x",
    "date": "2012-07-27T13:45:44Z",
    "url": "https://github.com/pxb1988/dex2jar/commit/ee463d664f6ad93442382dd6f07644554dc79afa"
  },
  {
    "oid": "afe9e8380a8f0329ac43a691c86a981b3a8483a8",
    "message": "start work 0.0.9.10\n\n--HG--\nbranch : 0.0.9.x",
    "date": "2012-07-18T13:58:31Z",
    "url": "https://github.com/pxb1988/dex2jar/commit/afe9e8380a8f0329ac43a691c86a981b3a8483a8"
  },
  {
    "oid": "2a972dc11ff1db52dc34784bc12b2c2a6f0ca417",
    "message": "Fix when the largest local(type J) index is n and optimize-sync will use n+1\nchange optimize-sync to use n+2\n\n--HG--\nbranch : 0.0.9.x",
    "date": "2012-07-18T11:57:11Z",
    "url": "https://github.com/pxb1988/dex2jar/commit/2a972dc11ff1db52dc34784bc12b2c2a6f0ca417"
  },
  {
    "oid": "2a58b8efd73ba8d3b05194b1951c25812b67f51e",
    "message": "comments test case for issue 122,123\n\n--HG--\nbranch : 0.0.9.x",
    "date": "2012-07-18T07:15:59Z",
    "url": "https://github.com/pxb1988/dex2jar/commit/2a58b8efd73ba8d3b05194b1951c25812b67f51e"
  },
  {
    "oid": "f8d4ac31a822c00c07287c38e8004f07d067e485",
    "message": "make RETURN stmt throw because the contained expr may throw.\n\n\nFixes issue 121\n\n--HG--\nbranch : 0.0.9.x",
    "date": "2012-06-12T13:28:15Z",
    "url": "https://github.com/pxb1988/dex2jar/commit/f8d4ac31a822c00c07287c38e8004f07d067e485"
  },
  {
    "oid": "c980842ef0edddc20edf8915eac5dbf15198e84a",
    "message": "add test case for issue 121\n\n\nUpdate issue 121\nStatus: Accepted\nthe generated IrMethod is fine,\nand there are something wrong with IrMethod2AsmMethod\n\n--HG--\nbranch : 0.0.9.x",
    "date": "2012-06-12T13:15:21Z",
    "url": "https://github.com/pxb1988/dex2jar/commit/c980842ef0edddc20edf8915eac5dbf15198e84a"
  },
  {
    "oid": "c29ccd1d79351ef471f5f6ad90c4417fcb6a6ec3",
    "message": "add test case for issue 120\n\nUpdate issue 120\nStatus: Accepted\nseems something wrong with array references.\n\n--HG--\nbranch : 0.0.9.x",
    "date": "2012-06-11T02:50:58Z",
    "url": "https://github.com/pxb1988/dex2jar/commit/c29ccd1d79351ef471f5f6ad90c4417fcb6a6ec3"
  },
  {
    "oid": "25c775fb11bd56586c5f7c6379ce0d78f15a149e",
    "message": "deprecat dex2jar.sh\n\n--HG--\nbranch : 0.0.9.x",
    "date": "2012-05-21T08:24:27Z",
    "url": "https://github.com/pxb1988/dex2jar/commit/25c775fb11bd56586c5f7c6379ce0d78f15a149e"
  },
  {
    "oid": "27809a2e2e841f412b201fee0dc6888c5989e002",
    "message": "clear ACC_DECLARED_SYNCHRONIZED and ACC_CONSTRUCTOR from method flags\n\nFixes issue 117\n\n--HG--\nbranch : 0.0.9.x",
    "date": "2012-04-24T05:47:00Z",
    "url": "https://github.com/pxb1988/dex2jar/commit/27809a2e2e841f412b201fee0dc6888c5989e002"
  },
  {
    "oid": "1bb0a2e8ebb1dd17f8a55fec4414e654bbf7f1b6",
    "message": "print a -> b to stderr\n\n--HG--\nbranch : 0.0.9.x",
    "date": "2012-04-09T08:05:17Z",
    "url": "https://github.com/pxb1988/dex2jar/commit/1bb0a2e8ebb1dd17f8a55fec4414e654bbf7f1b6"
  },
  {
    "oid": "225007175394caf5388e9841844e10ea211cdbde",
    "message": "print 'all' if the catch type is null\n\n--HG--\nbranch : 0.0.9.x",
    "date": "2012-03-01T03:55:17Z",
    "url": "https://github.com/pxb1988/dex2jar/commit/225007175394caf5388e9841844e10ea211cdbde"
  },
  {
    "oid": "214bf8aeef0f4df1510fd0a3081045e5c3e6045a",
    "message": "start work 0.0.9.9\n\n--HG--\nbranch : 0.0.9.x",
    "date": "2012-02-24T09:46:13Z",
    "url": "https://github.com/pxb1988/dex2jar/commit/214bf8aeef0f4df1510fd0a3081045e5c3e6045a"
  },
  {
    "oid": "3ffb527f71fbcab24bb247db9f1e915ff3c6ff18",
    "message": "print error if use -r and -d together in cmd\n\n--HG--\nbranch : debug-support",
    "date": "2012-02-24T08:23:06Z",
    "url": "https://github.com/pxb1988/dex2jar/commit/3ffb527f71fbcab24bb247db9f1e915ff3c6ff18"
  },
  {
    "oid": "1ab14e75b068513e02a5ebd702ae7f8a00137797",
    "message": "use LCONST_0/1 FCONST_0/1/2 DCONST_0/1 is possible\n\n--HG--\nbranch : 0.0.9.x",
    "date": "2012-02-24T04:33:04Z",
    "url": "https://github.com/pxb1988/dex2jar/commit/1ab14e75b068513e02a5ebd702ae7f8a00137797"
  },
  {
    "oid": "5d46cee72c0975f4a4faec12ee9023589b1b7b00",
    "message": "Fix a bug in read ics,\n\nFixes issue 110\n\n--HG--\nbranch : 0.0.9.x",
    "date": "2012-02-20T03:03:49Z",
    "url": "https://github.com/pxb1988/dex2jar/commit/5d46cee72c0975f4a4faec12ee9023589b1b7b00"
  },
  {
    "oid": "d219676b746f38ed6491ccbe45baae20a784d906",
    "message": "start work 0.0.9.8\n\n--HG--\nbranch : 0.0.9.x",
    "date": "2012-01-17T03:41:26Z",
    "url": "https://github.com/pxb1988/dex2jar/commit/d219676b746f38ed6491ccbe45baae20a784d906"
  },
  {
    "oid": "a94425f2fdaf511c423f43043616a0d2c7ee5b11",
    "message": "update basecmd to initOptions from parent class\n\n--HG--\nbranch : 0.0.9.x",
    "date": "2012-01-13T03:55:20Z",
    "url": "https://github.com/pxb1988/dex2jar/commit/a94425f2fdaf511c423f43043616a0d2c7ee5b11"
  },
  {
    "oid": "038e309166db7013a0a584ebf08d6b61e391f1b1",
    "message": "Fixes issue 98\n\n--HG--\nbranch : 0.0.9.x",
    "date": "2012-01-13T03:42:15Z",
    "url": "https://github.com/pxb1988/dex2jar/commit/038e309166db7013a0a584ebf08d6b61e391f1b1"
  },
  {
    "oid": "59321a5549f2291c410fcb5a9f6de9989c1a639d",
    "message": "hg kwexpand\n\n--HG--\nbranch : 0.0.9.x",
    "date": "2012-01-09T13:04:13Z",
    "url": "https://github.com/pxb1988/dex2jar/commit/59321a5549f2291c410fcb5a9f6de9989c1a639d"
  },
  {
    "oid": "8d1d506b012552ce65832be7a7ed04e731722b3a",
    "message": "ignore *~ from hg\n\n--HG--\nbranch : 0.0.9.x",
    "date": "2012-01-03T06:43:28Z",
    "url": "https://github.com/pxb1988/dex2jar/commit/8d1d506b012552ce65832be7a7ed04e731722b3a"
  },
  {
    "oid": "37c4641b984443bd7f4aee9bfe4d0cbde2725232",
    "message": "start work 0.0.9.7\n\n--HG--\nbranch : 0.0.9.x",
    "date": "2012-01-03T06:43:14Z",
    "url": "https://github.com/pxb1988/dex2jar/commit/37c4641b984443bd7f4aee9bfe4d0cbde2725232"
  },
  {
    "oid": "0c56e211017e90f8b0af409d45e9a4e34326be1b",
    "message": "start 0.0.9.6\n\n--HG--\nbranch : 0.0.9.x",
    "date": "2012-01-02T12:49:20Z",
    "url": "https://github.com/pxb1988/dex2jar/commit/0c56e211017e90f8b0af409d45e9a4e34326be1b"
  },
  {
    "oid": "3967a2bc8a766eae5cc5fb4a3647eaa1deda7e17",
    "message": "\n\n--HG--\nbranch : 0.0.9.x",
    "date": "2012-01-02T11:50:01Z",
    "url": "https://github.com/pxb1988/dex2jar/commit/3967a2bc8a766eae5cc5fb4a3647eaa1deda7e17"
  },
  {
    "oid": "41f54dccb71dfe09a6835dd9c3ad41e626e663f8",
    "message": "check dead code in zero transform\n\n--HG--\nbranch : 0.0.9.x",
    "date": "2012-01-02T06:14:24Z",
    "url": "https://github.com/pxb1988/dex2jar/commit/41f54dccb71dfe09a6835dd9c3ad41e626e663f8"
  },
  {
    "oid": "30377462ad6c99969a3058736b3d6c8366c08abb",
    "message": "check dead code in zero transform\n\n--HG--\nbranch : 0.0.9.x",
    "date": "2012-01-01T10:28:25Z",
    "url": "https://github.com/pxb1988/dex2jar/commit/30377462ad6c99969a3058736b3d6c8366c08abb"
  },
  {
    "oid": "bacac414402bf221f38bfeca19a31178d25eb35d",
    "message": "reduce the size of array return by live analyze\n\n--HG--\nbranch : 0.0.9.x",
    "date": "2011-12-31T07:58:17Z",
    "url": "https://github.com/pxb1988/dex2jar/commit/bacac414402bf221f38bfeca19a31178d25eb35d"
  },
  {
    "oid": "0c435060cc048cfc82036dbcc96e41382d6f2d31",
    "message": "fix a bug in dex-reader\n\n\nFixes issue 97\n\n--HG--\nbranch : 0.0.9.x",
    "date": "2011-12-30T13:41:58Z",
    "url": "https://github.com/pxb1988/dex2jar/commit/0c435060cc048cfc82036dbcc96e41382d6f2d31"
  },
  {
    "oid": "a6b4b788f88d5a28220f0782738f40104abca168",
    "message": "start work 0.0.9.5\n\n--HG--\nbranch : 0.0.9.x",
    "date": "2011-12-25T07:41:21Z",
    "url": "https://github.com/pxb1988/dex2jar/commit/a6b4b788f88d5a28220f0782738f40104abca168"
  },
  {
    "oid": "a4800715220899c02fe42aa54abdff71ab32ae37",
    "message": "i\n\n--HG--\nbranch : 0.0.9.x",
    "date": "2011-12-14T12:07:39Z",
    "url": "https://github.com/pxb1988/dex2jar/commit/a4800715220899c02fe42aa54abdff71ab32ae37"
  },
  {
    "oid": "ec284bceca484567b327f57ae598c81e7b2974a2",
    "message": "never reuse this(local 0)\n\nconvert [x + (-1)] to [x - 1] and [x - (-1)] to [x + 1]\n\nFixes issue 93\n\n--HG--\nbranch : 0.0.9.x",
    "date": "2011-12-06T11:45:10Z",
    "url": "https://github.com/pxb1988/dex2jar/commit/ec284bceca484567b327f57ae598c81e7b2974a2"
  },
  {
    "oid": "922e27a59999c053f4989be9a034bd8992d69ecb",
    "message": "add support for register allocation\n\n--HG--\nbranch : 0.0.9.x",
    "date": "2011-12-05T11:37:23Z",
    "url": "https://github.com/pxb1988/dex2jar/commit/922e27a59999c053f4989be9a034bd8992d69ecb"
  },
  {
    "oid": "a11d516eec5ad9ca3131ce91fa2917d7f700fa84",
    "message": "apply patch from jcmdev0.\n\nignore TestDexClassV from junit\n\nFixes issue 94\n\n--HG--\nbranch : 0.0.9.x",
    "date": "2011-12-05T01:20:19Z",
    "url": "https://github.com/pxb1988/dex2jar/commit/a11d516eec5ad9ca3131ce91fa2917d7f700fa84"
  },
  {
    "oid": "23a13700898c8dfab4a56dfd96aa3d504dbff742",
    "message": "\n\n--HG--\nbranch : 0.0.9.x",
    "date": "2011-12-01T12:29:17Z",
    "url": "https://github.com/pxb1988/dex2jar/commit/23a13700898c8dfab4a56dfd96aa3d504dbff742"
  },
  {
    "oid": "804e013caa88daacd5b8b5c172ee2fc101af35cd",
    "message": "start work 0.0.9.4\n\n--HG--\nbranch : 0.0.9.x",
    "date": "2011-11-10T12:14:40Z",
    "url": "https://github.com/pxb1988/dex2jar/commit/804e013caa88daacd5b8b5c172ee2fc101af35cd"
  },
  {
    "oid": "9ab4d9073a4982ec73cb183ce9b77696b97c0b5c",
    "message": "add support to visit a label inside an instruction (issue 65)\n\n--HG--\nbranch : 0.0.9.x",
    "date": "2011-11-10T12:09:40Z",
    "url": "https://github.com/pxb1988/dex2jar/commit/9ab4d9073a4982ec73cb183ce9b77696b97c0b5c"
  },
  {
    "oid": "5cf0fd9357e322c2df48d6b489a56805eb623b74",
    "message": "\n\n--HG--\nbranch : 0.0.9.x",
    "date": "2011-11-04T05:21:16Z",
    "url": "https://github.com/pxb1988/dex2jar/commit/5cf0fd9357e322c2df48d6b489a56805eb623b74"
  },
  {
    "oid": "fc674a4f4fcc8e75503547358a0c257c1ffd6d68",
    "message": "add support to translate Annotation class\n\nFixes issue 89\nFixes issue 41\n\n--HG--\nbranch : 0.0.9.x",
    "date": "2011-11-02T13:31:19Z",
    "url": "https://github.com/pxb1988/dex2jar/commit/fc674a4f4fcc8e75503547358a0c257c1ffd6d68"
  },
  {
    "oid": "9373e5f58c1683e3049a719aa448a6478808bfd5",
    "message": "start 0.0.9.3\n\n--HG--\nbranch : 0.0.9.x",
    "date": "2011-11-02T11:50:00Z",
    "url": "https://github.com/pxb1988/dex2jar/commit/9373e5f58c1683e3049a719aa448a6478808bfd5"
  },
  {
    "oid": "144ab847df0928917347df95da1ce6a2ab4e2230",
    "message": "add version number to dex-ir\n\n--HG--\nbranch : 0.0.9.x",
    "date": "2011-11-02T11:48:23Z",
    "url": "https://github.com/pxb1988/dex2jar/commit/144ab847df0928917347df95da1ce6a2ab4e2230"
  },
  {
    "oid": "f62fe7f428c3d856ca6f0cb86571c4df06d847da",
    "message": "1. fix a bug in local remove\n\n--HG--\nbranch : 0.0.9.x",
    "date": "2011-11-02T10:47:07Z",
    "url": "https://github.com/pxb1988/dex2jar/commit/f62fe7f428c3d856ca6f0cb86571c4df06d847da"
  },
  {
    "oid": "37f1fec5de394d2162d2b0375937e55a28ce085e",
    "message": "start 0.0.9.2\n\n--HG--\nbranch : 0.0.9.x",
    "date": "2011-10-31T18:08:13Z",
    "url": "https://github.com/pxb1988/dex2jar/commit/37f1fec5de394d2162d2b0375937e55a28ce085e"
  },
  {
    "oid": "f24c5daecbb61303954250044ffadb727b7c1ed7",
    "message": "start 0.0.9.1\n\n--HG--\nbranch : 0.0.9.x",
    "date": "2011-10-29T17:58:38Z",
    "url": "https://github.com/pxb1988/dex2jar/commit/f24c5daecbb61303954250044ffadb727b7c1ed7"
  },
  {
    "oid": "df93c9f714fc48b6a93f82c3a691da4b0b75af44",
    "message": "1. add version to menifest\n\n--HG--\nbranch : 0.0.9.x",
    "date": "2011-10-29T17:43:44Z",
    "url": "https://github.com/pxb1988/dex2jar/commit/df93c9f714fc48b6a93f82c3a691da4b0b75af44"
  },
  {
    "oid": "3072a78095667b2fb3217d8b88e998c35be74e4f",
    "message": "1.Fix bug in StmtList\n\n--HG--\nbranch : 0.0.9.x",
    "date": "2011-10-29T16:13:52Z",
    "url": "https://github.com/pxb1988/dex2jar/commit/3072a78095667b2fb3217d8b88e998c35be74e4f"
  },
  {
    "oid": "a30474ca120d3ff1ba1356d8044763915d6da9ef",
    "message": "更正DexFileReader.java302行对Field的参数顺序\n\n--HG--\nbranch : 0.0.9.x",
    "date": "2011-10-24T01:19:29Z",
    "url": "https://github.com/pxb1988/dex2jar/commit/a30474ca120d3ff1ba1356d8044763915d6da9ef"
  },
  {
    "oid": "996282f1d3c9f4d8f02e150bebad57d3a44304f9",
    "message": "put the generated jar in the same folder of the dex file.\n\nFixes issue 83\n\n\n--HG--\nbranch : 0.0.9.x",
    "date": "2011-10-19T01:26:02Z",
    "url": "https://github.com/pxb1988/dex2jar/commit/996282f1d3c9f4d8f02e150bebad57d3a44304f9"
  },
  {
    "oid": "3a6d8342c889419d9423a762ce88e00f3876143b",
    "message": "remove dex-dumper\n\n--HG--\nbranch : 0.0.9.x",
    "date": "2011-10-13T05:08:09Z",
    "url": "https://github.com/pxb1988/dex2jar/commit/3a6d8342c889419d9423a762ce88e00f3876143b"
  },
  {
    "oid": "08b0670600217254c374fba8f5e3a89d4649e57c",
    "message": "add support NO_INDEX in debug_info_item\n\n--HG--\nbranch : 0.0.9.x",
    "date": "2011-09-25T15:03:59Z",
    "url": "https://github.com/pxb1988/dex2jar/commit/08b0670600217254c374fba8f5e3a89d4649e57c"
  },
  {
    "oid": "71207e037ebdeac9b32960b6db669bc471c45b19",
    "message": "call visitEnum if value is a Field\n\nFixes issue 75\n\n--HG--\nbranch : 0.0.9.x",
    "date": "2011-09-25T06:00:11Z",
    "url": "https://github.com/pxb1988/dex2jar/commit/71207e037ebdeac9b32960b6db669bc471c45b19"
  },
  {
    "oid": "6d8a7a5ac7a019ee5ffe6909f7fc59bef68144d2",
    "message": "associate the type(e.op) and type(e) in CHECK_CAST expr\n\n--HG--\nbranch : 0.0.9.x",
    "date": "2011-08-05T17:58:21Z",
    "url": "https://github.com/pxb1988/dex2jar/commit/6d8a7a5ac7a019ee5ffe6909f7fc59bef68144d2"
  },
  {
    "oid": "e78398ed32106c1c71bc47a1d5058fe3c8e5b9dd",
    "message": "bug fix\n\n--HG--\nbranch : 0.0.9.x",
    "date": "2011-08-05T17:46:28Z",
    "url": "https://github.com/pxb1988/dex2jar/commit/e78398ed32106c1c71bc47a1d5058fe3c8e5b9dd"
  },
  {
    "oid": "ff86b91cf6f38ad2d473bb5cfc0f48e231992a3b",
    "message": "bug fix\n\n--HG--\nbranch : 0.0.9.x",
    "date": "2011-08-03T16:24:03Z",
    "url": "https://github.com/pxb1988/dex2jar/commit/ff86b91cf6f38ad2d473bb5cfc0f48e231992a3b"
  },
  {
    "oid": "cbe7056c4acf29ae3753e51214c5e73008286ffa",
    "message": "Pop a local if it has no read\n\n--HG--\nbranch : 0.0.9.x",
    "date": "2011-07-31T08:46:20Z",
    "url": "https://github.com/pxb1988/dex2jar/commit/cbe7056c4acf29ae3753e51214c5e73008286ffa"
  },
  {
    "oid": "48f9849ac2e8b5d540664d334f87c75a7654320a",
    "message": "1.重写dex-reader\n\n--HG--\nbranch : 0.0.9.x",
    "date": "2011-04-05T06:55:48Z",
    "url": "https://github.com/pxb1988/dex2jar/commit/48f9849ac2e8b5d540664d334f87c75a7654320a"
  },
  {
    "oid": "0f6afbf5307a8f0a810b6406988c1f20ddf7a6f5",
    "message": "尝试指令顺序调整\n\n--HG--\nbranch : 0.0.7",
    "date": "2011-01-22T17:11:59Z",
    "url": "https://github.com/pxb1988/dex2jar/commit/0f6afbf5307a8f0a810b6406988c1f20ddf7a6f5"
  },
  {
    "oid": "d3a6ee9417cd05d03fa3d98008cb4de54155c801",
    "message": "start working 0.0.7.9\n\n--HG--\nbranch : 0.0.7",
    "date": "2011-01-03T12:02:56Z",
    "url": "https://github.com/pxb1988/dex2jar/commit/d3a6ee9417cd05d03fa3d98008cb4de54155c801"
  },
  {
    "oid": "39a5d7b6772df2b90497764e1b96e9d875529f90",
    "message": "Added tag 0.0.7.8 for changeset 9bb7ad84eace\n\n--HG--\nbranch : 0.0.7",
    "date": "2011-01-03T11:47:08Z",
    "url": "https://github.com/pxb1988/dex2jar/commit/39a5d7b6772df2b90497764e1b96e9d875529f90"
  },
  {
    "oid": "62691b673f3b31cfd3b916faad8463bca909c200",
    "message": "Fixes issue 38\n\n--HG--\nbranch : 0.0.7",
    "date": "2010-12-27T17:34:26Z",
    "url": "https://github.com/pxb1988/dex2jar/commit/62691b673f3b31cfd3b916faad8463bca909c200"
  },
  {
    "oid": "0c652c57e800d9105d51340d0f316015253e5388",
    "message": "Added tag 0.0.7.7 for changeset cb85fc62c818\n\n--HG--\nbranch : 0.0.7",
    "date": "2010-12-09T02:48:49Z",
    "url": "https://github.com/pxb1988/dex2jar/commit/0c652c57e800d9105d51340d0f316015253e5388"
  },
  {
    "oid": "945a9098aa8e774a4739105d14babe1ea65b4439",
    "message": "Add .hgignore\n\n--HG--\nbranch : 0.0.7",
    "date": "2010-12-04T11:46:42Z",
    "url": "https://github.com/pxb1988/dex2jar/commit/945a9098aa8e774a4739105d14babe1ea65b4439"
  },
  {
    "oid": "5b273888b2972c8179d6b64e6e9a0cd78ed220a0",
    "message": "1.移除pxb.android.dex2jar.org.objectweb.asm.tree包直接使用org.objectweb.asm.tree\n\n--HG--\nbranch : 0.0.7",
    "date": "2010-12-04T03:30:49Z",
    "url": "https://github.com/pxb1988/dex2jar/commit/5b273888b2972c8179d6b64e6e9a0cd78ed220a0"
  },
  {
    "oid": "6c2acc1147131dc2b907d7daccdb0d60e256874d",
    "message": "1.版本0.0.7.6改为0.0.7.7\n\n--HG--\nbranch : 0.0.7",
    "date": "2010-12-04T03:21:36Z",
    "url": "https://github.com/pxb1988/dex2jar/commit/6c2acc1147131dc2b907d7daccdb0d60e256874d"
  },
  {
    "oid": "5eee62ff6a77705c4d6960e138bb064743bcae3d",
    "message": "Added tag 0.0.7.6 for changeset 45e1e724eee2\n\n--HG--\nbranch : 0.0.7",
    "date": "2010-12-03T12:43:41Z",
    "url": "https://github.com/pxb1988/dex2jar/commit/5eee62ff6a77705c4d6960e138bb064743bcae3d"
  },
  {
    "oid": "1f74423aad91fb054ef587f93b6e962c8f5d87d5",
    "message": "Added tag 0.0.7.5 for changeset 9605cc1f3139\n\n--HG--\nbranch : 0.0.7",
    "date": "2010-11-06T20:35:28Z",
    "url": "https://github.com/pxb1988/dex2jar/commit/1f74423aad91fb054ef587f93b6e962c8f5d87d5"
  },
  {
    "oid": "415d3e021d5f62a6ba51bfba33d58dc74fa5da2e",
    "message": "(no commit message)\n\n--HG--\nbranch : 0.0.7",
    "date": "2010-11-06T20:34:59Z",
    "url": "https://github.com/pxb1988/dex2jar/commit/415d3e021d5f62a6ba51bfba33d58dc74fa5da2e"
  },
  {
    "oid": "9ab7f357377c16340d47738602523fb86b0137a9",
    "message": "Added tag 0.0.7.4 for changeset f415c01ff925\n\n--HG--\nbranch : 0.0.7",
    "date": "2010-09-26T15:53:28Z",
    "url": "https://github.com/pxb1988/dex2jar/commit/9ab7f357377c16340d47738602523fb86b0137a9"
  },
  {
    "oid": "62228895d6653671964a72a720d2f356d86a27cb",
    "message": "1.增加版本号\n\n--HG--\nbranch : 0.0.7",
    "date": "2010-09-26T15:53:14Z",
    "url": "https://github.com/pxb1988/dex2jar/commit/62228895d6653671964a72a720d2f356d86a27cb"
  },
  {
    "oid": "319b7416dc936ef3a469a71be0555241684bf76a",
    "message": "1.完善V3转换\n\n--HG--\nbranch : 0.0.7",
    "date": "2010-09-16T14:18:55Z",
    "url": "https://github.com/pxb1988/dex2jar/commit/319b7416dc936ef3a469a71be0555241684bf76a"
  },
  {
    "oid": "e5c2684225f66cb0696a63ed52c66fb09678dd22",
    "message": "修复一个POP指令使用错误\n\nFixes issue 26\n\n--HG--\nbranch : 0.0.7",
    "date": "2010-09-12T09:38:39Z",
    "url": "https://github.com/pxb1988/dex2jar/commit/e5c2684225f66cb0696a63ed52c66fb09678dd22"
  },
  {
    "oid": "65db63854b0a9a9a8259ec933937d2f5f72417d8",
    "message": "1.不把OP_ADD_INT_LIT8转换成IINC指令\n\nUpdate issue 23\n已知出现该问题的原因有两个\n1.OP_ADD_INT_LIT8指令会被优化成IINC指令,并在分块的时候未被正确处理\n2.class文件中long(J)/double(D)类型占用两个长度的Local变量\n\n现在1已经解决\n\n--HG--\nbranch : 0.0.7",
    "date": "2010-08-21T09:45:23Z",
    "url": "https://github.com/pxb1988/dex2jar/commit/65db63854b0a9a9a8259ec933937d2f5f72417d8"
  },
  {
    "oid": "39ae422f4bdf32bb3caac6c42d95061c0a02264e",
    "message": "1.将OP_INVOKE_SUPER转换成INVOKEVIRTUAL\n\n--HG--\nbranch : 0.0.7",
    "date": "2010-08-20T21:07:39Z",
    "url": "https://github.com/pxb1988/dex2jar/commit/39ae422f4bdf32bb3caac6c42d95061c0a02264e"
  },
  {
    "oid": "cf7760a49f200d184bb115fac48a2f8be4d873ca",
    "message": "1.完善v3块切分\n\n--HG--\nbranch : 0.0.7",
    "date": "2010-08-20T19:06:00Z",
    "url": "https://github.com/pxb1988/dex2jar/commit/cf7760a49f200d184bb115fac48a2f8be4d873ca"
  },
  {
    "oid": "da7b59036c17fcc514df135a5be66c2dbef42a01",
    "message": "Added tag 0.0.7.3 for changeset 98cb7e78cfaf\n\n--HG--\nbranch : 0.0.7",
    "date": "2010-08-19T07:38:45Z",
    "url": "https://github.com/pxb1988/dex2jar/commit/da7b59036c17fcc514df135a5be66c2dbef42a01"
  },
  {
    "oid": "98519673da022a99b4c83b29311374a6cc213eba",
    "message": "Added tag 0.0.7.2 for changeset 5de91e5a0e95",
    "date": "2010-07-26T16:52:56Z",
    "url": "https://github.com/pxb1988/dex2jar/commit/98519673da022a99b4c83b29311374a6cc213eba"
  },
  {
    "oid": "9d6c4432eed76d96f39a394136f00bc05800e5fc",
    "message": "1.修复处理内部类时的一个NPE，\n\nFixes  issue 21",
    "date": "2010-07-26T16:52:20Z",
    "url": "https://github.com/pxb1988/dex2jar/commit/9d6c4432eed76d96f39a394136f00bc05800e5fc"
  },
  {
    "oid": "3bee4946c8dbc1f73105f224f83a8e675c0cd5d0",
    "message": "Added tag 0.0.7.1 for changeset 6743b6bb8a38",
    "date": "2010-07-18T15:37:27Z",
    "url": "https://github.com/pxb1988/dex2jar/commit/3bee4946c8dbc1f73105f224f83a8e675c0cd5d0"
  },
  {
    "oid": "e7c27aa52f60902b86f4693b2525d94c85eca767",
    "message": "(no commit message)",
    "date": "2010-07-18T15:36:42Z",
    "url": "https://github.com/pxb1988/dex2jar/commit/e7c27aa52f60902b86f4693b2525d94c85eca767"
  },
  {
    "oid": "a78e020c6b1c9e0a93d7f8b518df13676cb0aa4b",
    "message": "Added tag 0.0.7 for changeset 4713eec717a3",
    "date": "2010-04-15T12:33:20Z",
    "url": "https://github.com/pxb1988/dex2jar/commit/a78e020c6b1c9e0a93d7f8b518df13676cb0aa4b"
  },
  {
    "oid": "7f8376d96db980e3df9828edbb61b6dd275f8d4d",
    "message": "1.修复case OP_FILLED_NEW_ARRAY_RANGE丢失的break;\n\n\nFixes issue 14\nthank you beanchx\n\n--HG--\nbranch : 0.0.7",
    "date": "2010-04-12T06:47:49Z",
    "url": "https://github.com/pxb1988/dex2jar/commit/7f8376d96db980e3df9828edbb61b6dd275f8d4d"
  },
  {
    "oid": "07cb7977848048918c1adc8e10057071ec5d9369",
    "message": "(no commit message)\n\n--HG--\nbranch : 0.0.7",
    "date": "2010-04-10T18:51:38Z",
    "url": "https://github.com/pxb1988/dex2jar/commit/07cb7977848048918c1adc8e10057071ec5d9369"
  },
  {
    "oid": "8356bbc7c62c06e262208d3f57eec606eab42b95",
    "message": "1.针对OP_ADD_INT_LIT8优化\n\n--HG--\nbranch : 0.0.7",
    "date": "2010-04-10T16:35:00Z",
    "url": "https://github.com/pxb1988/dex2jar/commit/8356bbc7c62c06e262208d3f57eec606eab42b95"
  },
  {
    "oid": "48e18f4935132ebe7bf46443d89c9df6816f8fec",
    "message": "改善dump对const的显示支持\n\n--HG--\nbranch : 0.0.7",
    "date": "2010-04-08T07:04:53Z",
    "url": "https://github.com/pxb1988/dex2jar/commit/48e18f4935132ebe7bf46443d89c9df6816f8fec"
  },
  {
    "oid": "f7f162b080dc3b7d4cae97b142786afd4da13a12",
    "message": "Starting '0.0.7' branch\n\n--HG--\nbranch : 0.0.7",
    "date": "2010-04-08T01:26:01Z",
    "url": "https://github.com/pxb1988/dex2jar/commit/f7f162b080dc3b7d4cae97b142786afd4da13a12"
  },
  {
    "oid": "0a208ccec418cadd82d5ebec81f905cf8a6113de",
    "message": "Added tag 0.0.6 for changeset 9361e645790f",
    "date": "2010-04-07T17:44:46Z",
    "url": "https://github.com/pxb1988/dex2jar/commit/0a208ccec418cadd82d5ebec81f905cf8a6113de"
  },
  {
    "oid": "d0b81e7e4fb70bb49cdde501f7f379ddbc8d115f",
    "message": "(no commit message)\n\n--HG--\nbranch : temp",
    "date": "2010-04-07T17:33:22Z",
    "url": "https://github.com/pxb1988/dex2jar/commit/d0b81e7e4fb70bb49cdde501f7f379ddbc8d115f"
  },
  {
    "oid": "3f3cdc3a1893051e7c89815b824c5e8060b4ddfa",
    "message": "(no commit message)",
    "date": "2010-04-02T17:01:55Z",
    "url": "https://github.com/pxb1988/dex2jar/commit/3f3cdc3a1893051e7c89815b824c5e8060b4ddfa"
  },
  {
    "oid": "22afcc68ddf89879a475e7782de3b761773519d1",
    "message": "测试不通过的问题",
    "date": "2010-04-02T05:11:51Z",
    "url": "https://github.com/pxb1988/dex2jar/commit/22afcc68ddf89879a475e7782de3b761773519d1"
  }
]