[
  {
    "oid": "3498cd7d544cce6223a19a47a588e44e71a7440a",
    "message": "Prepare next development version",
    "date": "2022-11-09T20:03:55Z",
    "url": "https://github.com/ReactiveX/RxAndroid/commit/3498cd7d544cce6223a19a47a588e44e71a7440a"
  },
  {
    "oid": "f3094ad123eb44969cf104ef2c92b95a1c49bb08",
    "message": "Merge pull request #596 from ReactiveX/jw/fix-non-robolectric/2022-11-09\n\nAdd the test",
    "date": "2022-11-09T19:33:50Z",
    "url": "https://github.com/ReactiveX/RxAndroid/commit/f3094ad123eb44969cf104ef2c92b95a1c49bb08"
  },
  {
    "oid": "1e79bedb9cd593badb2cae466b123bbe6f798e7f",
    "message": "Add the test",
    "date": "2022-11-09T19:29:57Z",
    "url": "https://github.com/ReactiveX/RxAndroid/commit/1e79bedb9cd593badb2cae466b123bbe6f798e7f"
  },
  {
    "oid": "22638e19cd817d6ad18f7dd60f50b1a73b574cf0",
    "message": "Better names",
    "date": "2022-11-09T03:50:16Z",
    "url": "https://github.com/ReactiveX/RxAndroid/commit/22638e19cd817d6ad18f7dd60f50b1a73b574cf0"
  },
  {
    "oid": "3f5e2121acc5e3b618a4fcee746047b75ccec72f",
    "message": "Fix template",
    "date": "2022-11-09T03:39:01Z",
    "url": "https://github.com/ReactiveX/RxAndroid/commit/3f5e2121acc5e3b618a4fcee746047b75ccec72f"
  },
  {
    "oid": "f8e1f0f03dd699609c9a4e639cf941222da9bd6d",
    "message": "Fix workflow name",
    "date": "2022-11-09T03:37:39Z",
    "url": "https://github.com/ReactiveX/RxAndroid/commit/f8e1f0f03dd699609c9a4e639cf941222da9bd6d"
  },
  {
    "oid": "fb4baad542edc16eb737482ec0f1db5a45e91955",
    "message": "Add manual close workflow",
    "date": "2022-11-09T03:37:08Z",
    "url": "https://github.com/ReactiveX/RxAndroid/commit/fb4baad542edc16eb737482ec0f1db5a45e91955"
  },
  {
    "oid": "a2c29ce400d9ca464a865fcb0af9bc145e2b16cb",
    "message": "Prepare next development version",
    "date": "2022-11-09T03:12:51Z",
    "url": "https://github.com/ReactiveX/RxAndroid/commit/a2c29ce400d9ca464a865fcb0af9bc145e2b16cb"
  },
  {
    "oid": "af0cfbced1a8055f4a06c62cef70df5e02e5b4d9",
    "message": "Prepare next development version",
    "date": "2022-11-09T03:01:46Z",
    "url": "https://github.com/ReactiveX/RxAndroid/commit/af0cfbced1a8055f4a06c62cef70df5e02e5b4d9"
  },
  {
    "oid": "31910a1f2ea69711a61079ff224271145b016b8d",
    "message": "Prepare version 3.0.1-rc1",
    "date": "2022-11-09T03:01:35Z",
    "url": "https://github.com/ReactiveX/RxAndroid/commit/31910a1f2ea69711a61079ff224271145b016b8d"
  },
  {
    "oid": "cc6258bb64dbd58e87aabe9b7f40daec288c1d1e",
    "message": "Publish before closeAndRelease",
    "date": "2022-11-09T03:01:07Z",
    "url": "https://github.com/ReactiveX/RxAndroid/commit/cc6258bb64dbd58e87aabe9b7f40daec288c1d1e"
  },
  {
    "oid": "1e35852267ac3e123f97c19afeac921536e3e5b4",
    "message": "Prepare next development version",
    "date": "2022-11-09T02:57:01Z",
    "url": "https://github.com/ReactiveX/RxAndroid/commit/1e35852267ac3e123f97c19afeac921536e3e5b4"
  },
  {
    "oid": "83e273a1dbb0ac1eff84e360fde70708bfd26583",
    "message": "Merge pull request #593 from ReactiveX/jw/things/2022-11-08\n\nRelease build needs to close and release its Sonatype repo",
    "date": "2022-11-09T02:44:34Z",
    "url": "https://github.com/ReactiveX/RxAndroid/commit/83e273a1dbb0ac1eff84e360fde70708bfd26583"
  },
  {
    "oid": "9d75f28ee27ffe341c49eeab6bde31f6462342b7",
    "message": "Release build needs to close and release its Sonatype repo",
    "date": "2022-11-09T02:44:24Z",
    "url": "https://github.com/ReactiveX/RxAndroid/commit/9d75f28ee27ffe341c49eeab6bde31f6462342b7"
  },
  {
    "oid": "205ea5a411dac8b851b58417ec34c41c61f7aeac",
    "message": "Merge pull request #590 from dineshr93/patch-1\n\nBump up rxjava version from 3.1.0 to 3.1.5",
    "date": "2022-11-07T17:07:44Z",
    "url": "https://github.com/ReactiveX/RxAndroid/commit/205ea5a411dac8b851b58417ec34c41c61f7aeac"
  },
  {
    "oid": "09b9614821ab97340a4d041fb36770b16c9235a1",
    "message": "Bump up rxjava version from 3.1.0 to 3.1.5\n\nhttps://github.com/ReactiveX/RxJava/blob/v3.1.5/build.gradle#L16",
    "date": "2022-11-07T16:46:17Z",
    "url": "https://github.com/ReactiveX/RxAndroid/commit/09b9614821ab97340a4d041fb36770b16c9235a1"
  },
  {
    "oid": "a2ecde5fb9f433a36e66fde6c47efaaa80fe4730",
    "message": "Add .gitattributes",
    "date": "2021-08-26T10:20:32Z",
    "url": "https://github.com/ReactiveX/RxAndroid/commit/a2ecde5fb9f433a36e66fde6c47efaaa80fe4730"
  },
  {
    "oid": "daf404cdc0bf7e7d1d65f1a49c824eb85e69d09d",
    "message": "Add .editorconfig",
    "date": "2021-08-26T10:20:13Z",
    "url": "https://github.com/ReactiveX/RxAndroid/commit/daf404cdc0bf7e7d1d65f1a49c824eb85e69d09d"
  },
  {
    "oid": "7d33609908fefffb48ce8c972ae96d0403e04699",
    "message": "Merge pull request #577 from gzsombor/old-android\n\nEnable rxAndroid usage on old Android versions",
    "date": "2021-08-10T13:22:30Z",
    "url": "https://github.com/ReactiveX/RxAndroid/commit/7d33609908fefffb48ce8c972ae96d0403e04699"
  },
  {
    "oid": "9bdef2f101675e600b8ae9306e1179e3bbc6518e",
    "message": "Use the same path, which has the correct guard to check for old Android version",
    "date": "2021-02-04T19:46:33Z",
    "url": "https://github.com/ReactiveX/RxAndroid/commit/9bdef2f101675e600b8ae9306e1179e3bbc6518e"
  },
  {
    "oid": "d32ba3946fe3ab1630914ffa9aef7d81c52a9096",
    "message": "Merge pull request #570 from gengjiawen/patch-1\n\nremove unused import",
    "date": "2020-05-09T13:19:20Z",
    "url": "https://github.com/ReactiveX/RxAndroid/commit/d32ba3946fe3ab1630914ffa9aef7d81c52a9096"
  },
  {
    "oid": "52d88da390e625e7d2387b11a5ae47ff7ab0a5cf",
    "message": "remove unused import",
    "date": "2020-05-09T09:12:54Z",
    "url": "https://github.com/ReactiveX/RxAndroid/commit/52d88da390e625e7d2387b11a5ae47ff7ab0a5cf"
  },
  {
    "oid": "0eb3973ae98c7ff96ed17f0ac513e33acc9ab011",
    "message": "Merge pull request #568 from pwittchen/rxjava-udpate\n\nUpdating RxJava version: 3.0.0 -> 3.0.3",
    "date": "2020-05-02T19:13:44Z",
    "url": "https://github.com/ReactiveX/RxAndroid/commit/0eb3973ae98c7ff96ed17f0ac513e33acc9ab011"
  },
  {
    "oid": "0020ed1165f9e8ef8d27ec8fe2bea62efd76fc13",
    "message": "updating RxJava version: 3.0.0 -> 3.0.3",
    "date": "2020-05-02T14:35:13Z",
    "url": "https://github.com/ReactiveX/RxAndroid/commit/0020ed1165f9e8ef8d27ec8fe2bea62efd76fc13"
  },
  {
    "oid": "cb60aefece9b8ed328d8b4047f3708d7ca0153ec",
    "message": "Merge pull request #566 from Evin1-/patch-1\n\nUpdate README.md",
    "date": "2020-03-27T00:27:24Z",
    "url": "https://github.com/ReactiveX/RxAndroid/commit/cb60aefece9b8ed328d8b4047f3708d7ca0153ec"
  },
  {
    "oid": "0d63b37fcff117f79615ac9a9aae9790f4f22e2e",
    "message": "Update README.md",
    "date": "2020-03-26T22:16:51Z",
    "url": "https://github.com/ReactiveX/RxAndroid/commit/0d63b37fcff117f79615ac9a9aae9790f4f22e2e"
  },
  {
    "oid": "802ef4b4b712a088183fac80e53116b9fa5f197c",
    "message": "Fix groupId",
    "date": "2020-03-16T18:14:52Z",
    "url": "https://github.com/ReactiveX/RxAndroid/commit/802ef4b4b712a088183fac80e53116b9fa5f197c"
  },
  {
    "oid": "faadd21736247b8621c69a640a91358ba50d5759",
    "message": "Prepare next development version",
    "date": "2020-02-14T15:27:29Z",
    "url": "https://github.com/ReactiveX/RxAndroid/commit/faadd21736247b8621c69a640a91358ba50d5759"
  },
  {
    "oid": "c617e3bb78bcd0b06ff5327331fe98e53e31e25f",
    "message": "Prepare version 3.0.0",
    "date": "2020-02-14T15:27:07Z",
    "url": "https://github.com/ReactiveX/RxAndroid/commit/c617e3bb78bcd0b06ff5327331fe98e53e31e25f"
  },
  {
    "oid": "34a62b82615c1fe4376f274e5e4090b2351bc0f9",
    "message": "Add `pull_request` to Wrapper Validation Triggers\n\n(cherry picked from commit bcad18536596ee0ea3589d0f39b612024a8f7d4b)",
    "date": "2020-02-14T15:07:44Z",
    "url": "https://github.com/ReactiveX/RxAndroid/commit/34a62b82615c1fe4376f274e5e4090b2351bc0f9"
  },
  {
    "oid": "b80ef3e504995a2a5c68bded9f3baadcac844c09",
    "message": "Official Gradle Wrapper Validation GitHub Action\n\nSee: https://github.com/gradle/wrapper-validation-action\n(cherry picked from commit 474643fc8d3ce264cb44cf782a275dbddf69b8f6)",
    "date": "2020-02-14T15:07:34Z",
    "url": "https://github.com/ReactiveX/RxAndroid/commit/b80ef3e504995a2a5c68bded9f3baadcac844c09"
  },
  {
    "oid": "ef3785c02d1738de9ea5e88209540f8b8ff62108",
    "message": "Merge pull request #553 from j3g/readme-add-jfrog-url\n\nadded the jfrog repository URL",
    "date": "2019-11-25T15:55:15Z",
    "url": "https://github.com/ReactiveX/RxAndroid/commit/ef3785c02d1738de9ea5e88209540f8b8ff62108"
  },
  {
    "oid": "c983820a53df6cd833f05e2b1d6e99dc332443b8",
    "message": "MOD: added the repository URL",
    "date": "2019-11-23T19:42:31Z",
    "url": "https://github.com/ReactiveX/RxAndroid/commit/c983820a53df6cd833f05e2b1d6e99dc332443b8"
  },
  {
    "oid": "3cca80d6f1334c646bd6d8a0e38c47748c7e78eb",
    "message": "Merge pull request #546 from ZacSweers/patch-1\n\nLowercase Androidx",
    "date": "2019-09-23T01:38:55Z",
    "url": "https://github.com/ReactiveX/RxAndroid/commit/3cca80d6f1334c646bd6d8a0e38c47748c7e78eb"
  },
  {
    "oid": "8c023a762b306e81bc2befc356bb7c952e834f76",
    "message": "Lowercase Androidx\n\nAmphasis",
    "date": "2019-09-23T01:37:08Z",
    "url": "https://github.com/ReactiveX/RxAndroid/commit/8c023a762b306e81bc2befc356bb7c952e834f76"
  },
  {
    "oid": "3188e4dfbafe2c6fd9fd9c37d3dcb8bd51bdd09c",
    "message": "Merge pull request #544 from ZacSweers/z/commentPosterity\n\nComment for posterity why androidx-core isn't used for async",
    "date": "2019-09-23T01:30:21Z",
    "url": "https://github.com/ReactiveX/RxAndroid/commit/3188e4dfbafe2c6fd9fd9c37d3dcb8bd51bdd09c"
  },
  {
    "oid": "2ad617cbd45e9095221a89c67563b378d09ed94a",
    "message": "Compile sdk 29",
    "date": "2019-09-22T19:45:25Z",
    "url": "https://github.com/ReactiveX/RxAndroid/commit/2ad617cbd45e9095221a89c67563b378d09ed94a"
  },
  {
    "oid": "2015ee72dbcdd7b3ab11c74722357a7db6dab3e6",
    "message": "AGP 3.5.0",
    "date": "2019-09-22T19:44:16Z",
    "url": "https://github.com/ReactiveX/RxAndroid/commit/2015ee72dbcdd7b3ab11c74722357a7db6dab3e6"
  },
  {
    "oid": "3bd37aaed6acee09f97f470fecfeb3bcbfb9af2a",
    "message": "Comment for posterity why androidx-core isn't used for async\n\nFrom personal experience, this kind of detail pointing to something Official™️ can save developers a lot of headache having to explain to skeptical colleagues.",
    "date": "2019-09-22T19:38:41Z",
    "url": "https://github.com/ReactiveX/RxAndroid/commit/3bd37aaed6acee09f97f470fecfeb3bcbfb9af2a"
  },
  {
    "oid": "d7a875f86856b901b1bd5e32c07b726457cd4076",
    "message": "Merge pull request #543 from ReactiveX/jakew/three/2019-09-17\n\nRxJava 3.0 RC3",
    "date": "2019-09-18T18:56:27Z",
    "url": "https://github.com/ReactiveX/RxAndroid/commit/d7a875f86856b901b1bd5e32c07b726457cd4076"
  },
  {
    "oid": "2d4e087e27970230552dc8ab56d6e2d7641599f8",
    "message": "RxJava 3.0 RC3",
    "date": "2019-09-18T18:43:57Z",
    "url": "https://github.com/ReactiveX/RxAndroid/commit/2d4e087e27970230552dc8ab56d6e2d7641599f8"
  },
  {
    "oid": "fb3c0aec115c3d021e9a2d2fd0d52fea91dc5905",
    "message": "Point to all RxJava/RxAndroid 3.x stuff in README",
    "date": "2019-09-06T03:54:17Z",
    "url": "https://github.com/ReactiveX/RxAndroid/commit/fb3c0aec115c3d021e9a2d2fd0d52fea91dc5905"
  },
  {
    "oid": "4a6920dea57c8f2dbe64a4f59497aca43e477621",
    "message": "Next version is 3.0.0\n\nAlso the groupId has changed.",
    "date": "2019-09-06T03:38:52Z",
    "url": "https://github.com/ReactiveX/RxAndroid/commit/4a6920dea57c8f2dbe64a4f59497aca43e477621"
  },
  {
    "oid": "e58f44d8842c082698c1b5e3d367f805b95d8509",
    "message": "Prepare next development version",
    "date": "2019-02-15T19:24:00Z",
    "url": "https://github.com/ReactiveX/RxAndroid/commit/e58f44d8842c082698c1b5e3d367f805b95d8509"
  },
  {
    "oid": "23bf0bd953dbb4390c065b59c6212bd47234d19d",
    "message": "Add new license SHA to CI script",
    "date": "2019-02-15T19:20:38Z",
    "url": "https://github.com/ReactiveX/RxAndroid/commit/23bf0bd953dbb4390c065b59c6212bd47234d19d"
  },
  {
    "oid": "7a4a1134a7c1959748ab3506b4c60bee57833181",
    "message": "Merge pull request #447 from ojh102/fix_license_link\n\nFix broken license link",
    "date": "2018-10-29T16:49:03Z",
    "url": "https://github.com/ReactiveX/RxAndroid/commit/7a4a1134a7c1959748ab3506b4c60bee57833181"
  },
  {
    "oid": "cde1b2b2a9a32233497122c693b762792afe603c",
    "message": "Fix broken license link",
    "date": "2018-10-29T16:35:30Z",
    "url": "https://github.com/ReactiveX/RxAndroid/commit/cde1b2b2a9a32233497122c693b762792afe603c"
  },
  {
    "oid": "b315cd17b5fab0f1e6bbeaa91ff325bb06d7453f",
    "message": "Prepare next development version",
    "date": "2018-08-16T14:27:59Z",
    "url": "https://github.com/ReactiveX/RxAndroid/commit/b315cd17b5fab0f1e6bbeaa91ff325bb06d7453f"
  },
  {
    "oid": "908e6ed745ce24e8328774bb113e497ac86be169",
    "message": "Update gradle version\n\nSigned-off-by: shaishavgandhi05 <shaishgandhi@gmail.com>",
    "date": "2018-08-10T21:18:32Z",
    "url": "https://github.com/ReactiveX/RxAndroid/commit/908e6ed745ce24e8328774bb113e497ac86be169"
  },
  {
    "oid": "e09c2d7e6236abfc14195823e62aa0276653b38d",
    "message": "Merge pull request #425 from ReactiveX/race\n\nRemove handler callbacks before setting disposed.",
    "date": "2018-07-01T02:55:14Z",
    "url": "https://github.com/ReactiveX/RxAndroid/commit/e09c2d7e6236abfc14195823e62aa0276653b38d"
  },
  {
    "oid": "c4ef6b0acc6d8fedbf90a06bcdc7112d59442bc3",
    "message": "Remove handler callbacks before setting disposed.\n\nThis change ensures that you can never observe `disposed` being set to `true` inside `run()`. `removeCallbacks` and the mechanism by which a `Looper` retrieves the head of the message queue are both governed by a lock. When `dispose()` is called on a non-main thread taking this lock is the race which determines cancelation and **not** the boolean.\r\n\r\nInclude a comment emphasizing that the boolean is tracked solely for the purposes of accurate `isDisposed()` reporting.",
    "date": "2018-05-03T03:14:50Z",
    "url": "https://github.com/ReactiveX/RxAndroid/commit/c4ef6b0acc6d8fedbf90a06bcdc7112d59442bc3"
  },
  {
    "oid": "5cb239130dceab95797b7313b19f2d8e95407d8f",
    "message": "Prepare next development version.",
    "date": "2018-02-12T21:14:32Z",
    "url": "https://github.com/ReactiveX/RxAndroid/commit/5cb239130dceab95797b7313b19f2d8e95407d8f"
  },
  {
    "oid": "3a425c0858a96cec076f81422c0d471672f1b03d",
    "message": "Merge pull request #415 from ReactiveX/jakew/disable-build-config/2018-02-11\n\nDisable BuildConfig generation.",
    "date": "2018-02-12T02:08:39Z",
    "url": "https://github.com/ReactiveX/RxAndroid/commit/3a425c0858a96cec076f81422c0d471672f1b03d"
  },
  {
    "oid": "0498fb7b6bf738cd6e387e8d997d319cd4c2a22e",
    "message": "Disable BuildConfig generation.",
    "date": "2018-02-12T01:57:29Z",
    "url": "https://github.com/ReactiveX/RxAndroid/commit/0498fb7b6bf738cd6e387e8d997d319cd4c2a22e"
  },
  {
    "oid": "8635f6281d68c2061d3163c09dc1f203fbe7c470",
    "message": "Defer to GitHub releases page for latest RxJava version number (#414)",
    "date": "2018-02-12T01:48:20Z",
    "url": "https://github.com/ReactiveX/RxAndroid/commit/8635f6281d68c2061d3163c09dc1f203fbe7c470"
  },
  {
    "oid": "58ff5337314b4561c3533afc03814dcea4f53b78",
    "message": "Merge pull request #412 from isfaaghyth/patch-1\n\nisn't superfluous negative check?",
    "date": "2018-01-13T22:33:09Z",
    "url": "https://github.com/ReactiveX/RxAndroid/commit/58ff5337314b4561c3533afc03814dcea4f53b78"
  },
  {
    "oid": "a7e888adc388a0d0722ea5822a32dc589364e5a1",
    "message": "isn't superfluous negative check?",
    "date": "2018-01-13T20:49:36Z",
    "url": "https://github.com/ReactiveX/RxAndroid/commit/a7e888adc388a0d0722ea5822a32dc589364e5a1"
  },
  {
    "oid": "b8036e97d0bba63fe315312daabad9dc61dcc7b7",
    "message": "Update README.md",
    "date": "2018-01-09T13:35:27Z",
    "url": "https://github.com/ReactiveX/RxAndroid/commit/b8036e97d0bba63fe315312daabad9dc61dcc7b7"
  },
  {
    "oid": "56e8231bd2e27fa4e302081be31cf8768cfc345b",
    "message": "Update Robolectric",
    "date": "2018-01-09T13:17:43Z",
    "url": "https://github.com/ReactiveX/RxAndroid/commit/56e8231bd2e27fa4e302081be31cf8768cfc345b"
  },
  {
    "oid": "c84e1d3c5832dd0c0cbf8e5322398e7100ba9004",
    "message": "Update gradle bintray plugin",
    "date": "2018-01-09T12:49:59Z",
    "url": "https://github.com/ReactiveX/RxAndroid/commit/c84e1d3c5832dd0c0cbf8e5322398e7100ba9004"
  },
  {
    "oid": "9a61de787bdb50babdb2dc91826d5b7e8b447e07",
    "message": "Update android gradle plugin",
    "date": "2018-01-09T12:48:16Z",
    "url": "https://github.com/ReactiveX/RxAndroid/commit/9a61de787bdb50babdb2dc91826d5b7e8b447e07"
  },
  {
    "oid": "83d942353340a63b3f6529e1c5a469c1101786d5",
    "message": "Merge pull request #408 from ReactiveX/jakew/remove-negative-check/2018-01-02\n\nRemove superfluous negative check.",
    "date": "2018-01-03T14:13:04Z",
    "url": "https://github.com/ReactiveX/RxAndroid/commit/83d942353340a63b3f6529e1c5a469c1101786d5"
  },
  {
    "oid": "5dc34ee449081d0ce4626d37a453469a2b9408f2",
    "message": "Remove superfluous negative check.\n\nHandler does this check already since 2009 when AOSP was imported to git (aka forever).",
    "date": "2018-01-03T03:09:56Z",
    "url": "https://github.com/ReactiveX/RxAndroid/commit/5dc34ee449081d0ce4626d37a453469a2b9408f2"
  },
  {
    "oid": "ffac4af4425d76b27406755ad1cc64f57bc5bcdc",
    "message": "Merge pull request #406 from nakker1218/patch-1\n\nUpdate README.md",
    "date": "2017-11-27T17:24:12Z",
    "url": "https://github.com/ReactiveX/RxAndroid/commit/ffac4af4425d76b27406755ad1cc64f57bc5bcdc"
  },
  {
    "oid": "a58546f8b7e14a3b732e025ae86e57d0ff718760",
    "message": "Update README.md",
    "date": "2017-11-27T17:12:06Z",
    "url": "https://github.com/ReactiveX/RxAndroid/commit/a58546f8b7e14a3b732e025ae86e57d0ff718760"
  },
  {
    "oid": "be4561837f898eb8810f9cec6d458a50162bc8b0",
    "message": "Merge pull request #400 from blundell/patch-1\n\nUpdate version in README.md",
    "date": "2017-10-12T13:11:32Z",
    "url": "https://github.com/ReactiveX/RxAndroid/commit/be4561837f898eb8810f9cec6d458a50162bc8b0"
  },
  {
    "oid": "fa42171613bdad1448af298ccdf50c5c8107e7c4",
    "message": "Update README.md\n\nincremental version update",
    "date": "2017-10-12T07:32:19Z",
    "url": "https://github.com/ReactiveX/RxAndroid/commit/fa42171613bdad1448af298ccdf50c5c8107e7c4"
  },
  {
    "oid": "eb832334da3f2feb9351350bdcc7748d36c4da20",
    "message": "Merge pull request #396 from tylerbwong/readme\n\nRemoving unnecessary git command from build instructions",
    "date": "2017-08-27T23:56:30Z",
    "url": "https://github.com/ReactiveX/RxAndroid/commit/eb832334da3f2feb9351350bdcc7748d36c4da20"
  },
  {
    "oid": "ffabd37a2955f7cb8e252761f2c81ab1365a8318",
    "message": "Removing unnecessary git command from build instructions",
    "date": "2017-08-27T23:49:50Z",
    "url": "https://github.com/ReactiveX/RxAndroid/commit/ffabd37a2955f7cb8e252761f2c81ab1365a8318"
  },
  {
    "oid": "3247913f393b966a3fe83b72462baf2d36c3e548",
    "message": "Merge pull request #395 from tylerbwong/readme\n\nUpdate RxJava2 Gradle dependency configuration version",
    "date": "2017-08-27T20:45:29Z",
    "url": "https://github.com/ReactiveX/RxAndroid/commit/3247913f393b966a3fe83b72462baf2d36c3e548"
  },
  {
    "oid": "4cbec64977ff67604e3e7432ee7a99cff06daf5b",
    "message": "Update RxJava2 Gradle dependency configuration version",
    "date": "2017-08-27T20:37:11Z",
    "url": "https://github.com/ReactiveX/RxAndroid/commit/4cbec64977ff67604e3e7432ee7a99cff06daf5b"
  },
  {
    "oid": "4156143342c61523a758e35d50cb658616e8d424",
    "message": "Merge pull request #388 from amincheloh/patch-2\n\nUpdate README.md",
    "date": "2017-08-09T04:54:58Z",
    "url": "https://github.com/ReactiveX/RxAndroid/commit/4156143342c61523a758e35d50cb658616e8d424"
  },
  {
    "oid": "a8868909493c0feb37ae924a67171f72ff27557f",
    "message": "Update README.md\n\nupdate RxJava version",
    "date": "2017-08-09T04:53:27Z",
    "url": "https://github.com/ReactiveX/RxAndroid/commit/a8868909493c0feb37ae924a67171f72ff27557f"
  },
  {
    "oid": "f997678133c59b686f2f009bffbbaca073463358",
    "message": "Merge pull request #376 from egor-n/patch-1\n\nFix RxAndroid Maven badge link",
    "date": "2017-05-06T19:59:03Z",
    "url": "https://github.com/ReactiveX/RxAndroid/commit/f997678133c59b686f2f009bffbbaca073463358"
  },
  {
    "oid": "a1fc048737bd402f18d194189e5e003b93d21f81",
    "message": "Fix RxAndroid Maven badge link\n\nFixes #375",
    "date": "2017-05-06T19:57:58Z",
    "url": "https://github.com/ReactiveX/RxAndroid/commit/a1fc048737bd402f18d194189e5e003b93d21f81"
  },
  {
    "oid": "5e2920b6544584eac9b7aca9cd656fc36163cd49",
    "message": "Merge pull request #374 from manijshrestha/patch-1\n\nUpdate README.md",
    "date": "2017-04-22T07:40:27Z",
    "url": "https://github.com/ReactiveX/RxAndroid/commit/5e2920b6544584eac9b7aca9cd656fc36163cd49"
  },
  {
    "oid": "5ee1ba8b9430eeda552c32f694013dd406f3c92d",
    "message": "Update README.md\n\nKeeping it up to date after 24 hours :)",
    "date": "2017-04-22T03:58:38Z",
    "url": "https://github.com/ReactiveX/RxAndroid/commit/5ee1ba8b9430eeda552c32f694013dd406f3c92d"
  },
  {
    "oid": "03b5fb5e24c40c170ff197288dd3ed12ffb5bd3a",
    "message": "Merge pull request #373 from manijshrestha/patch-1\n\nUpdate README.md",
    "date": "2017-04-21T04:52:21Z",
    "url": "https://github.com/ReactiveX/RxAndroid/commit/03b5fb5e24c40c170ff197288dd3ed12ffb5bd3a"
  },
  {
    "oid": "b876ff6e52894c52babb8fc8635492d59e65a8f6",
    "message": "Update README.md\n\nupdate version in documentation",
    "date": "2017-04-21T04:41:20Z",
    "url": "https://github.com/ReactiveX/RxAndroid/commit/b876ff6e52894c52babb8fc8635492d59e65a8f6"
  },
  {
    "oid": "8432dcb1c262692cda161119a905c028133eda81",
    "message": "Prepare next development version.",
    "date": "2016-11-12T17:26:44Z",
    "url": "https://github.com/ReactiveX/RxAndroid/commit/8432dcb1c262692cda161119a905c028133eda81"
  },
  {
    "oid": "8c65ad8e68a383e4e5ecfbef93d5a35ec18915f3",
    "message": "Merge pull request #345 from viniciussoares/2.x\n\nUpdate readme to point to RxAndroid final release",
    "date": "2016-10-29T22:30:11Z",
    "url": "https://github.com/ReactiveX/RxAndroid/commit/8c65ad8e68a383e4e5ecfbef93d5a35ec18915f3"
  },
  {
    "oid": "98ee31b4554f083a188da469aaf1ef0d5e388413",
    "message": "Update readme to point to RxAndroid final release",
    "date": "2016-10-29T19:31:07Z",
    "url": "https://github.com/ReactiveX/RxAndroid/commit/98ee31b4554f083a188da469aaf1ef0d5e388413"
  },
  {
    "oid": "0c52db05237a9700d8159e3ed3df39af5ea64895",
    "message": "Prepare next development version.",
    "date": "2016-10-29T12:18:47Z",
    "url": "https://github.com/ReactiveX/RxAndroid/commit/0c52db05237a9700d8159e3ed3df39af5ea64895"
  },
  {
    "oid": "c82f4719550dd98718c4624975e7b4ce2f3bc7d2",
    "message": "Merge pull request #343 from mTwTm/2.x\n\nFix typo in README.md",
    "date": "2016-10-23T15:18:25Z",
    "url": "https://github.com/ReactiveX/RxAndroid/commit/c82f4719550dd98718c4624975e7b4ce2f3bc7d2"
  },
  {
    "oid": "827e1608545537544f6c5c7eaf1dbacf4e51b2d4",
    "message": "Fix typo in README.md",
    "date": "2016-10-23T10:48:38Z",
    "url": "https://github.com/ReactiveX/RxAndroid/commit/827e1608545537544f6c5c7eaf1dbacf4e51b2d4"
  },
  {
    "oid": "c11117676955f911f3a586fd408bbc46b153bcc6",
    "message": "It's RC1.",
    "date": "2016-08-25T13:46:04Z",
    "url": "https://github.com/ReactiveX/RxAndroid/commit/c11117676955f911f3a586fd408bbc46b153bcc6"
  },
  {
    "oid": "c9a59ffb7da732d517a744c99491dc2dbc9c6da9",
    "message": "Prepare next development version.",
    "date": "2016-08-25T13:41:06Z",
    "url": "https://github.com/ReactiveX/RxAndroid/commit/c9a59ffb7da732d517a744c99491dc2dbc9c6da9"
  },
  {
    "oid": "dead3dc07960b8e952b96f969407c3defdc9386d",
    "message": "Merge pull request #321 from ReactiveX/jw/update\n\nUpdate sample to compile with latest RxJava 2.0 APIs.",
    "date": "2016-08-25T00:44:37Z",
    "url": "https://github.com/ReactiveX/RxAndroid/commit/dead3dc07960b8e952b96f969407c3defdc9386d"
  },
  {
    "oid": "a08e6ef8b41e4cdc48b7ee07a412e665f5b26556",
    "message": "Update sample to compile with latest RxJava 2.0 APIs.",
    "date": "2016-08-25T00:35:04Z",
    "url": "https://github.com/ReactiveX/RxAndroid/commit/a08e6ef8b41e4cdc48b7ee07a412e665f5b26556"
  },
  {
    "oid": "477dd756816e1624b6000c664ea3a3318e2dabb6",
    "message": "Merge pull request #315 from ReactiveX/jw/stuff-and-things\n\nLatest Robolectric.",
    "date": "2016-08-05T22:38:01Z",
    "url": "https://github.com/ReactiveX/RxAndroid/commit/477dd756816e1624b6000c664ea3a3318e2dabb6"
  },
  {
    "oid": "c57cd2e4c5ffac47ee18d30ef4d7d4f6497e66cd",
    "message": "Latest Robolectric.",
    "date": "2016-08-05T22:23:43Z",
    "url": "https://github.com/ReactiveX/RxAndroid/commit/c57cd2e4c5ffac47ee18d30ef4d7d4f6497e66cd"
  },
  {
    "oid": "0aad1bbbe6587e74b7ef2b4222c007d85d9eacb7",
    "message": "Merge pull request #314 from ReactiveX/jw/latest-robo\n\nLatest Robolectric.",
    "date": "2016-08-05T04:31:31Z",
    "url": "https://github.com/ReactiveX/RxAndroid/commit/0aad1bbbe6587e74b7ef2b4222c007d85d9eacb7"
  },
  {
    "oid": "5caba647fe48aaad5bc7903a4106cd1c58d13cc1",
    "message": "Merge pull request #313 from ReactiveX/jw/latest-rx\n\nLatest RxJava.",
    "date": "2016-08-05T03:48:22Z",
    "url": "https://github.com/ReactiveX/RxAndroid/commit/5caba647fe48aaad5bc7903a4106cd1c58d13cc1"
  },
  {
    "oid": "63727df312975244b8dec95e450b8d1211f56f6d",
    "message": "Latest RxJava.",
    "date": "2016-08-05T03:35:17Z",
    "url": "https://github.com/ReactiveX/RxAndroid/commit/63727df312975244b8dec95e450b8d1211f56f6d"
  },
  {
    "oid": "7730ae50a80bb7a792379681fe5b6c5d45c265de",
    "message": "Latest Robolectric.",
    "date": "2016-08-05T03:34:40Z",
    "url": "https://github.com/ReactiveX/RxAndroid/commit/7730ae50a80bb7a792379681fe5b6c5d45c265de"
  },
  {
    "oid": "5ce19577a0c0ef39f837944a27149d3b920ed304",
    "message": "Prepare next development version.",
    "date": "2016-06-16T22:21:26Z",
    "url": "https://github.com/ReactiveX/RxAndroid/commit/5ce19577a0c0ef39f837944a27149d3b920ed304"
  },
  {
    "oid": "f3665c6cd5e247174368547d1ec1d52164d0ce7e",
    "message": "Merge pull request #299 from ReactiveX/jw/sixteen-candles\n\nRxJava 1.1.6.",
    "date": "2016-06-16T22:18:57Z",
    "url": "https://github.com/ReactiveX/RxAndroid/commit/f3665c6cd5e247174368547d1ec1d52164d0ce7e"
  },
  {
    "oid": "d7a5bc5308e6372cd3e0dd7d02f179661fada581",
    "message": "Merge pull request #298 from shaunkawano/patch-1\n\nUpdate readme to point to RxJava 1.1.6",
    "date": "2016-06-16T22:15:08Z",
    "url": "https://github.com/ReactiveX/RxAndroid/commit/d7a5bc5308e6372cd3e0dd7d02f179661fada581"
  },
  {
    "oid": "1e9f55cb8c49c1bf721751f6f4d644d8ef30b62f",
    "message": "RxJava 1.1.6.",
    "date": "2016-06-16T22:14:14Z",
    "url": "https://github.com/ReactiveX/RxAndroid/commit/1e9f55cb8c49c1bf721751f6f4d644d8ef30b62f"
  },
  {
    "oid": "c18fbe550cba8d9b0113be31a6fad29da235dee4",
    "message": "Update readme to point to RxJava 1.1.6\n\nand show travis build status badge.",
    "date": "2016-06-16T14:39:42Z",
    "url": "https://github.com/ReactiveX/RxAndroid/commit/c18fbe550cba8d9b0113be31a6fad29da235dee4"
  },
  {
    "oid": "fc72d3ae29022a5f2064a7b149d81058a378294f",
    "message": "Merge pull request #293 from akarnokd/ReadmeRxJavaVersion\n\nUpdate readme to point to RxJava 1.1.5",
    "date": "2016-05-11T13:05:57Z",
    "url": "https://github.com/ReactiveX/RxAndroid/commit/fc72d3ae29022a5f2064a7b149d81058a378294f"
  },
  {
    "oid": "8a1b7111bdf42993dbc857f916b062b3a5f3f4e8",
    "message": "Update readme to point to RxJava 1.1.5",
    "date": "2016-05-11T09:13:46Z",
    "url": "https://github.com/ReactiveX/RxAndroid/commit/8a1b7111bdf42993dbc857f916b062b3a5f3f4e8"
  },
  {
    "oid": "10b908ad706e9c79189bdd2e7c2b0e984a5e1af5",
    "message": "Merge pull request #292 from EddieRingle/rxjava_1.1.5\n\nUpdate to RxJava 1.1.5 to get filter() bugfix",
    "date": "2016-05-10T19:05:31Z",
    "url": "https://github.com/ReactiveX/RxAndroid/commit/10b908ad706e9c79189bdd2e7c2b0e984a5e1af5"
  },
  {
    "oid": "39e80618c5c2758ff67af55c341b8dab8cd10935",
    "message": "Update to RxJava 1.1.5 to get filter() bugfix\n\nRE: ReactiveX/RxJava#3912\n\nSigned-off-by: Eddie Ringle <eddie@ringle.io>",
    "date": "2016-05-10T18:56:51Z",
    "url": "https://github.com/ReactiveX/RxAndroid/commit/39e80618c5c2758ff67af55c341b8dab8cd10935"
  },
  {
    "oid": "82d7f4e57e98530191e51a87710c08e24a8646df",
    "message": "Merge pull request #290 from artem-zinnatullin/patch-1\n\nSmall markdown fix",
    "date": "2016-05-04T23:30:27Z",
    "url": "https://github.com/ReactiveX/RxAndroid/commit/82d7f4e57e98530191e51a87710c08e24a8646df"
  },
  {
    "oid": "a8285e6052139c9a807fe81e1b01c4f0fc1fa9fa",
    "message": "Small markdown fix",
    "date": "2016-05-04T22:52:57Z",
    "url": "https://github.com/ReactiveX/RxAndroid/commit/a8285e6052139c9a807fe81e1b01c4f0fc1fa9fa"
  },
  {
    "oid": "4295f5a84a11bcb34c0da8e8e3baee89d7d4c16c",
    "message": "Prepare next development version.",
    "date": "2016-05-03T04:44:44Z",
    "url": "https://github.com/ReactiveX/RxAndroid/commit/4295f5a84a11bcb34c0da8e8e3baee89d7d4c16c"
  },
  {
    "oid": "a45bcb63ade4717e6293a982fc6600ce9a3523b8",
    "message": "Merge pull request #287 from ReactiveX/jw/cached-instance\n\nFix AndroidSchedulers to create an instance using hook only once.",
    "date": "2016-05-02T19:15:56Z",
    "url": "https://github.com/ReactiveX/RxAndroid/commit/a45bcb63ade4717e6293a982fc6600ce9a3523b8"
  },
  {
    "oid": "3bc8aeea68258236666413684d7f9b67d4ed30c6",
    "message": "Merge pull request #288 from ReactiveX/jw/diamond\n\nDIAMONDS",
    "date": "2016-05-02T19:15:23Z",
    "url": "https://github.com/ReactiveX/RxAndroid/commit/3bc8aeea68258236666413684d7f9b67d4ed30c6"
  },
  {
    "oid": "e4eeaca36dd1a749b5aa5d92cbc9a8f2ef47a55d",
    "message": "DIAMONDS",
    "date": "2016-05-02T19:05:42Z",
    "url": "https://github.com/ReactiveX/RxAndroid/commit/e4eeaca36dd1a749b5aa5d92cbc9a8f2ef47a55d"
  },
  {
    "oid": "ce9c29ac789687188ab5aad9967770cf5adcf88c",
    "message": "Fix AndroidSchedulers to create an instance using hook only once.\n\nPreviously we were asking the hook for an instance every time `mainThread()` was called. This not only impacted performance, but also broke the contract the that hook was a factory–instead requiring that it behave like a thread-safe, lazily-initialized instance cache.\n\nIf for whatever reason you do need to change the instance over time, return a scheduler instance which delegates to another and allows swapping out the delegate.",
    "date": "2016-05-02T18:33:10Z",
    "url": "https://github.com/ReactiveX/RxAndroid/commit/ce9c29ac789687188ab5aad9967770cf5adcf88c"
  },
  {
    "oid": "4c6b137e86eba895c20c2e0cbd1c6097c87d2579",
    "message": "Merge pull request #286 from ReactiveX/jw/no-reset\n\nRemove unnecessary reset. These tests don't use the global instance.",
    "date": "2016-05-02T18:32:46Z",
    "url": "https://github.com/ReactiveX/RxAndroid/commit/4c6b137e86eba895c20c2e0cbd1c6097c87d2579"
  },
  {
    "oid": "e859fcbc9f0c977c9139eba914e05aed79e8e42a",
    "message": "Merge pull request #285 from ReactiveX/jw/experimental\n\nSwitch reset() to @Experimental to match RxJava.",
    "date": "2016-05-02T18:32:40Z",
    "url": "https://github.com/ReactiveX/RxAndroid/commit/e859fcbc9f0c977c9139eba914e05aed79e8e42a"
  },
  {
    "oid": "271df6a2cfb7319be7d0bf70906982d8c800c032",
    "message": "Remove unnecessary reset. These tests don't use the global instance.",
    "date": "2016-05-02T18:23:29Z",
    "url": "https://github.com/ReactiveX/RxAndroid/commit/271df6a2cfb7319be7d0bf70906982d8c800c032"
  },
  {
    "oid": "14e6bc66061ba323b264ab96900af3b6305ee9b5",
    "message": "Switch reset() to @Experimental to match RxJava.",
    "date": "2016-05-02T18:21:21Z",
    "url": "https://github.com/ReactiveX/RxAndroid/commit/14e6bc66061ba323b264ab96900af3b6305ee9b5"
  },
  {
    "oid": "fc29ac0892bee2c857090e252324ee1a7312a6b3",
    "message": "Merge pull request #283 from ReactiveX/jw/javadoc\n\nCorrect rendered output of '@' in Javadoc.",
    "date": "2016-05-02T13:35:31Z",
    "url": "https://github.com/ReactiveX/RxAndroid/commit/fc29ac0892bee2c857090e252324ee1a7312a6b3"
  },
  {
    "oid": "402d01b67278a24dbd3ece83365eb9a7f2840297",
    "message": "Correct rendered output of '@' in Javadoc.",
    "date": "2016-05-02T03:25:18Z",
    "url": "https://github.com/ReactiveX/RxAndroid/commit/402d01b67278a24dbd3ece83365eb9a7f2840297"
  },
  {
    "oid": "04141b058346a1972258c30cfddfef2653299cdf",
    "message": "Merge pull request #277 from ReactiveX/jw/simplify-tests\n\nRewrite HandlerScheduler tests to be black box.",
    "date": "2016-04-25T21:00:45Z",
    "url": "https://github.com/ReactiveX/RxAndroid/commit/04141b058346a1972258c30cfddfef2653299cdf"
  },
  {
    "oid": "9824509c328660289b5c794da3f45bea86f5055c",
    "message": "Rewrite HandlerScheduler tests to be black box.\n\nPreviously we mocked a Handler and relied on verifying the correct methods were called. This meant that changing the implementation of HandlerScheduler meant changing the tests. This is prone to masking errors since it focuses on *what* the implementation does instead of *how* it behaves. All we care about is behavior, and all these new tests do is verify behavior.\n\nIt should be noted that these new tests (just like the old ones) are still reliant on the behavior of Robolectric's fake Looper.",
    "date": "2016-04-22T20:33:41Z",
    "url": "https://github.com/ReactiveX/RxAndroid/commit/9824509c328660289b5c794da3f45bea86f5055c"
  },
  {
    "oid": "77e690d0d3d6cc65d400bd15328d7a1450994917",
    "message": "Merge pull request #270 from ReactiveX/jw/disable-doclint\n\nDisable doclint on JDK 8",
    "date": "2016-04-22T17:39:06Z",
    "url": "https://github.com/ReactiveX/RxAndroid/commit/77e690d0d3d6cc65d400bd15328d7a1450994917"
  },
  {
    "oid": "9507c848b5d4e7f6311f6d550ad374c677d08cf2",
    "message": "Merge pull request #274 from PaulWoitaschek/patch-2\n\nRxJava version updated",
    "date": "2016-04-16T17:26:59Z",
    "url": "https://github.com/ReactiveX/RxAndroid/commit/9507c848b5d4e7f6311f6d550ad374c677d08cf2"
  },
  {
    "oid": "3cf63df94a33ef8d145cc4a668b55cd1c6f41d3c",
    "message": "RxJava version updated",
    "date": "2016-04-16T12:08:05Z",
    "url": "https://github.com/ReactiveX/RxAndroid/commit/3cf63df94a33ef8d145cc4a668b55cd1c6f41d3c"
  },
  {
    "oid": "04b8a685745f09cdc5f5ac31597b31faecf0e165",
    "message": "Disable doclint on JDK 8",
    "date": "2016-02-20T23:13:20Z",
    "url": "https://github.com/ReactiveX/RxAndroid/commit/04b8a685745f09cdc5f5ac31597b31faecf0e165"
  },
  {
    "oid": "f811a98ef333d9903fad0004df304437749436ca",
    "message": "Merge pull request #258 from homer-jay/patch-1\n\nFixed custom thread snippet",
    "date": "2016-02-20T22:58:52Z",
    "url": "https://github.com/ReactiveX/RxAndroid/commit/f811a98ef333d9903fad0004df304437749436ca"
  },
  {
    "oid": "04bc1fd83cac741c710d805735e7d81e2b224a3e",
    "message": "Merge pull request #253 from ReactiveX/jw/release-document\n\nDocument release process.",
    "date": "2016-02-20T22:58:16Z",
    "url": "https://github.com/ReactiveX/RxAndroid/commit/04bc1fd83cac741c710d805735e7d81e2b224a3e"
  },
  {
    "oid": "feb19988d21e2ce70e157dd2c31a497a9787897b",
    "message": "Document release process.",
    "date": "2016-02-20T22:56:52Z",
    "url": "https://github.com/ReactiveX/RxAndroid/commit/feb19988d21e2ce70e157dd2c31a497a9787897b"
  },
  {
    "oid": "3b686a39d924e54c7d2885601113a6a19e7867b5",
    "message": "Merge pull request #260 from ReactiveX/jw/nuke-synthetic-methods\n\nRemove creation of synthetic accessor method.",
    "date": "2015-12-22T07:08:20Z",
    "url": "https://github.com/ReactiveX/RxAndroid/commit/3b686a39d924e54c7d2885601113a6a19e7867b5"
  },
  {
    "oid": "80c4d7133bfb0e2eed20641114be79098861f84d",
    "message": "Remove creation of synthetic accessor method.",
    "date": "2015-12-22T06:41:32Z",
    "url": "https://github.com/ReactiveX/RxAndroid/commit/80c4d7133bfb0e2eed20641114be79098861f84d"
  },
  {
    "oid": "79f6965d2bcbbc2b2c2720990836b6e28685e4a2",
    "message": "Fixed custom thread snippet\n\nThe custom thread example fails because there is no message queue attached.\r\n\r\nThe exception is:\r\n```java\r\njava.lang.RuntimeException: Can't create handler inside thread that has not called Looper.prepare()\r\n```",
    "date": "2015-12-18T13:26:20Z",
    "url": "https://github.com/ReactiveX/RxAndroid/commit/79f6965d2bcbbc2b2c2720990836b6e28685e4a2"
  },
  {
    "oid": "508eada444bb926ff826c662e754d3ce5b26fb2c",
    "message": "Merge branch 'master' of https://github.com/ReactiveX/RxAndroid",
    "date": "2015-12-09T23:20:58Z",
    "url": "https://github.com/ReactiveX/RxAndroid/commit/508eada444bb926ff826c662e754d3ce5b26fb2c"
  },
  {
    "oid": "36c1bf28d128357535bdb2549584d6382c2c01d3",
    "message": "Mention initializer fix.",
    "date": "2015-12-09T23:20:52Z",
    "url": "https://github.com/ReactiveX/RxAndroid/commit/36c1bf28d128357535bdb2549584d6382c2c01d3"
  },
  {
    "oid": "c142622751a2f790622b7dce9667a4e318a2b6b8",
    "message": "Merge pull request #254 from EddieRingle/patch-1\n\nFix javadoc typo",
    "date": "2015-12-09T21:10:08Z",
    "url": "https://github.com/ReactiveX/RxAndroid/commit/c142622751a2f790622b7dce9667a4e318a2b6b8"
  },
  {
    "oid": "35c7008af19f1cb92abd32c172d75cc07a013496",
    "message": "Fix javadoc typo",
    "date": "2015-12-09T21:09:18Z",
    "url": "https://github.com/ReactiveX/RxAndroid/commit/35c7008af19f1cb92abd32c172d75cc07a013496"
  },
  {
    "oid": "468dcee4aa2b0d64156ff62e8a4d31b0169a2048",
    "message": "Prepare next development version.",
    "date": "2015-12-09T20:25:20Z",
    "url": "https://github.com/ReactiveX/RxAndroid/commit/468dcee4aa2b0d64156ff62e8a4d31b0169a2048"
  },
  {
    "oid": "db59c052310d035c1b38805347cf46ce1da1f580",
    "message": "Version 1.1.0.",
    "date": "2015-12-09T20:23:29Z",
    "url": "https://github.com/ReactiveX/RxAndroid/commit/db59c052310d035c1b38805347cf46ce1da1f580"
  },
  {
    "oid": "eb1ecfc76e11b0cec674e484e7e3aef1a9fdded7",
    "message": "Merge pull request #237 from Ph1b/patch-1\n\nUpdated rxJava dependency",
    "date": "2015-11-07T12:11:42Z",
    "url": "https://github.com/ReactiveX/RxAndroid/commit/eb1ecfc76e11b0cec674e484e7e3aef1a9fdded7"
  },
  {
    "oid": "48261229020c513b8b261033d8805877a09a753d",
    "message": "Updated rxJava dependency",
    "date": "2015-11-06T18:25:46Z",
    "url": "https://github.com/ReactiveX/RxAndroid/commit/48261229020c513b8b261033d8805877a09a753d"
  },
  {
    "oid": "91c77f92da320d77f9e884c8c442ef744ef5dfbe",
    "message": "Merge pull request #235 from vanniktech/master_rxjava_update\n\nUpdate RxJava to 1.0.15",
    "date": "2015-11-01T02:32:06Z",
    "url": "https://github.com/ReactiveX/RxAndroid/commit/91c77f92da320d77f9e884c8c442ef744ef5dfbe"
  },
  {
    "oid": "f5bde9dda2cdc149b1c9be06bc8432fe39510064",
    "message": "Update RxJava to 1.0.15",
    "date": "2015-10-31T10:18:21Z",
    "url": "https://github.com/ReactiveX/RxAndroid/commit/f5bde9dda2cdc149b1c9be06bc8432fe39510064"
  },
  {
    "oid": "b1cc3d7876e45bbcba26e72bf75602bd1e54e1c2",
    "message": "Add SHA-256 checksum verification",
    "date": "2015-09-13T03:24:21Z",
    "url": "https://github.com/ReactiveX/RxAndroid/commit/b1cc3d7876e45bbcba26e72bf75602bd1e54e1c2"
  },
  {
    "oid": "ceeb6f22b028265aac79c06b7c9858a6e26451b1",
    "message": "Merge pull request #226 from ReactiveX/jw/attribution\n\nAttribute the license to all RxAndroid authors.",
    "date": "2015-09-11T14:41:21Z",
    "url": "https://github.com/ReactiveX/RxAndroid/commit/ceeb6f22b028265aac79c06b7c9858a6e26451b1"
  },
  {
    "oid": "23cf60f264f6c72f245271f0f7314c39c143e0cb",
    "message": "Attribute the license to all RxAndroid authors.",
    "date": "2015-09-10T20:23:04Z",
    "url": "https://github.com/ReactiveX/RxAndroid/commit/23cf60f264f6c72f245271f0f7314c39c143e0cb"
  },
  {
    "oid": "cde9e9491e84b7d3f320a506770e038075b13c19",
    "message": "Merge pull request #223 from xfumihiro/master\n\nUpdate android-gradle-plugin to 1.3.1",
    "date": "2015-09-05T01:29:32Z",
    "url": "https://github.com/ReactiveX/RxAndroid/commit/cde9e9491e84b7d3f320a506770e038075b13c19"
  },
  {
    "oid": "3aa74c6eece0e223ecd52ec91ac5633b07349395",
    "message": "Update android-gradle-plugin to 1.3.1",
    "date": "2015-09-04T07:24:57Z",
    "url": "https://github.com/ReactiveX/RxAndroid/commit/3aa74c6eece0e223ecd52ec91ac5633b07349395"
  },
  {
    "oid": "4d1b4f03ab783520f295db630b40f6d94ca80251",
    "message": "Make sure comment fits without horizontal scrolling.",
    "date": "2015-08-31T18:30:35Z",
    "url": "https://github.com/ReactiveX/RxAndroid/commit/4d1b4f03ab783520f295db630b40f6d94ca80251"
  },
  {
    "oid": "b3ac7ab1c69ed3328e46c7c1d9b9d2e01b6122dd",
    "message": "Merge pull request #221 from ReactiveX/jw/rxjava-dep\n\nRecommend sibling RxJava dependency.",
    "date": "2015-08-31T18:29:54Z",
    "url": "https://github.com/ReactiveX/RxAndroid/commit/b3ac7ab1c69ed3328e46c7c1d9b9d2e01b6122dd"
  },
  {
    "oid": "3f7e5089fefcd61945d165bfd780370985a5e07d",
    "message": "Recommend sibling RxJava dependency.",
    "date": "2015-08-31T18:05:30Z",
    "url": "https://github.com/ReactiveX/RxAndroid/commit/3f7e5089fefcd61945d165bfd780370985a5e07d"
  },
  {
    "oid": "dc9adfabbbc94e7024391c83405e510e4794fce0",
    "message": "Merge pull request #218 from vanniktech/master\n\nUpgrade RxJava from 1.0.13 to 1.0.14",
    "date": "2015-08-13T12:00:02Z",
    "url": "https://github.com/ReactiveX/RxAndroid/commit/dc9adfabbbc94e7024391c83405e510e4794fce0"
  },
  {
    "oid": "0d02ae6260f463cf9a8c682fe4f5a47da2f293c7",
    "message": "Upgrade RxJava from 1.0.13 to 1.0.14",
    "date": "2015-08-13T07:34:41Z",
    "url": "https://github.com/ReactiveX/RxAndroid/commit/0d02ae6260f463cf9a8c682fe4f5a47da2f293c7"
  },
  {
    "oid": "a0ebabdf62d42f0096bcfe9af4f66bd103610044",
    "message": "Prepare next development version.",
    "date": "2015-08-10T00:39:43Z",
    "url": "https://github.com/ReactiveX/RxAndroid/commit/a0ebabdf62d42f0096bcfe9af4f66bd103610044"
  },
  {
    "oid": "ccc37bc8d5d04c55caf83e9bd75e630d3d020e26",
    "message": "Bump to version 1.0.1.",
    "date": "2015-08-10T00:39:16Z",
    "url": "https://github.com/ReactiveX/RxAndroid/commit/ccc37bc8d5d04c55caf83e9bd75e630d3d020e26"
  },
  {
    "oid": "36395ce51ae27b62a584522b825d2606a5df3d46",
    "message": "Merge pull request #213 from jameswald/patch-1\n\nFix minor grammatical error in README.md",
    "date": "2015-08-06T03:38:00Z",
    "url": "https://github.com/ReactiveX/RxAndroid/commit/36395ce51ae27b62a584522b825d2606a5df3d46"
  },
  {
    "oid": "5cf7620eba67adcc91fba3ac15058204994b8a19",
    "message": "Fix minor grammatical error in README.md",
    "date": "2015-08-06T03:36:37Z",
    "url": "https://github.com/ReactiveX/RxAndroid/commit/5cf7620eba67adcc91fba3ac15058204994b8a19"
  },
  {
    "oid": "012bef46c9d4342ad390115d2dca1e7c6696a79a",
    "message": "The SO tag has a dash in it (for some reason)",
    "date": "2015-08-05T20:51:53Z",
    "url": "https://github.com/ReactiveX/RxAndroid/commit/012bef46c9d4342ad390115d2dca1e7c6696a79a"
  },
  {
    "oid": "8e3419c78670675bed79d55fe401ee42b69d803f",
    "message": "Bump to version 1.0.0",
    "date": "2015-08-05T19:35:32Z",
    "url": "https://github.com/ReactiveX/RxAndroid/commit/8e3419c78670675bed79d55fe401ee42b69d803f"
  },
  {
    "oid": "f34bf73821134a831d247362dcd7aabd975e9963",
    "message": "Merge pull request #212 from dlew/dlew/build-info\n\nAdded --info to snapshot/release builds",
    "date": "2015-08-05T19:30:28Z",
    "url": "https://github.com/ReactiveX/RxAndroid/commit/f34bf73821134a831d247362dcd7aabd975e9963"
  },
  {
    "oid": "7489573fa0934fe425799822d8967099dfa5f72e",
    "message": "Added --info to snapshot/release builds\n\nThen we might actually know what's going on when it's publishing!",
    "date": "2015-08-05T19:21:24Z",
    "url": "https://github.com/ReactiveX/RxAndroid/commit/7489573fa0934fe425799822d8967099dfa5f72e"
  },
  {
    "oid": "e39c67c46e8145254b6a0cfcb187b3f18afc428b",
    "message": "Added tasks for creating library source/javadoc artifacts",
    "date": "2015-07-31T18:12:01Z",
    "url": "https://github.com/ReactiveX/RxAndroid/commit/e39c67c46e8145254b6a0cfcb187b3f18afc428b"
  },
  {
    "oid": "f5e5ea6d99228e3710b5f029055e216b6764e120",
    "message": "Merge pull request #200 from aaronhe42/rx-java-1.0.13\n\nUpdate RxJava version to 1.0.13",
    "date": "2015-07-21T01:54:57Z",
    "url": "https://github.com/ReactiveX/RxAndroid/commit/f5e5ea6d99228e3710b5f029055e216b6764e120"
  },
  {
    "oid": "d4121e6100294da663ba4de0c924eea837754e54",
    "message": "Update RxJava version to 1.0.13",
    "date": "2015-07-21T01:37:09Z",
    "url": "https://github.com/ReactiveX/RxAndroid/commit/d4121e6100294da663ba4de0c924eea837754e54"
  },
  {
    "oid": "4225290cacde342333409e0bd0df5d2df24fec37",
    "message": "Merge pull request #193 from ReactiveX/jw/remove-target-sdk\n\nRemove targetSdkVersion from library.",
    "date": "2015-07-02T03:28:33Z",
    "url": "https://github.com/ReactiveX/RxAndroid/commit/4225290cacde342333409e0bd0df5d2df24fec37"
  },
  {
    "oid": "8a638267b734c8d943d1ad71902ea1d844ec01b3",
    "message": "Remove targetSdkVersion from library.\n\nThis value participates in manifest merging downstream and while I'm a strong advocate for always targetting the latest, we gain nothing by specifying it and will inevitably cause someone a merging error.",
    "date": "2015-07-02T03:21:00Z",
    "url": "https://github.com/ReactiveX/RxAndroid/commit/8a638267b734c8d943d1ad71902ea1d844ec01b3"
  },
  {
    "oid": "62abc883236c1193bfcc63f796f5b03a0a6b2a45",
    "message": "Revert \"minSdkVersion=9\"\n\nThis reverts commit 0d245e6bc31893045ce898753e1dd4383df48073.",
    "date": "2015-06-30T20:57:25Z",
    "url": "https://github.com/ReactiveX/RxAndroid/commit/62abc883236c1193bfcc63f796f5b03a0a6b2a45"
  },
  {
    "oid": "698aa7c450d80a5b79b8a82d3b98d4d42b7c9cf4",
    "message": "Merge pull request #190 from ReactiveX/jw/nine\n\nminSdkVersion=9",
    "date": "2015-06-30T20:53:09Z",
    "url": "https://github.com/ReactiveX/RxAndroid/commit/698aa7c450d80a5b79b8a82d3b98d4d42b7c9cf4"
  },
  {
    "oid": "0d245e6bc31893045ce898753e1dd4383df48073",
    "message": "minSdkVersion=9",
    "date": "2015-06-30T20:35:38Z",
    "url": "https://github.com/ReactiveX/RxAndroid/commit/0d245e6bc31893045ce898753e1dd4383df48073"
  },
  {
    "oid": "9a0907a6232124d2fa454c9e51166aab6e6126e6",
    "message": "Remove unused dependency and configuration.",
    "date": "2015-06-30T14:40:16Z",
    "url": "https://github.com/ReactiveX/RxAndroid/commit/9a0907a6232124d2fa454c9e51166aab6e6126e6"
  },
  {
    "oid": "5584213566af8049cdc01c25e2b24659221fc94b",
    "message": "support releasing via Travis",
    "date": "2015-06-29T16:17:27Z",
    "url": "https://github.com/ReactiveX/RxAndroid/commit/5584213566af8049cdc01c25e2b24659221fc94b"
  },
  {
    "oid": "60741117c936b198ebc89dcc058ccaaa2b09ebfb",
    "message": "Merge pull request #177 from ReactiveX/jw/dep-updates\n\nSwitch to container infra w/caching.",
    "date": "2015-06-19T06:05:03Z",
    "url": "https://github.com/ReactiveX/RxAndroid/commit/60741117c936b198ebc89dcc058ccaaa2b09ebfb"
  },
  {
    "oid": "ba27e6305a18131923130c164309a58cf6e81a37",
    "message": "Switch to container infra w/caching.",
    "date": "2015-06-19T05:58:18Z",
    "url": "https://github.com/ReactiveX/RxAndroid/commit/ba27e6305a18131923130c164309a58cf6e81a37"
  },
  {
    "oid": "bc91476649e6f8e96d1f3069c7ae734375748b43",
    "message": "Use 'just' not the old 'from' in example.",
    "date": "2015-06-19T05:35:29Z",
    "url": "https://github.com/ReactiveX/RxAndroid/commit/bc91476649e6f8e96d1f3069c7ae734375748b43"
  },
  {
    "oid": "77747b35c6094f01598d9b7149007b332095823b",
    "message": "Begin change log for next release.",
    "date": "2015-06-19T04:44:50Z",
    "url": "https://github.com/ReactiveX/RxAndroid/commit/77747b35c6094f01598d9b7149007b332095823b"
  },
  {
    "oid": "d0deba90371cf35e0deef0e76125e83af6ca529f",
    "message": "Merge pull request #146 from wuman/add_missing_test\n\nadd missing test annotation",
    "date": "2015-03-11T05:22:17Z",
    "url": "https://github.com/ReactiveX/RxAndroid/commit/d0deba90371cf35e0deef0e76125e83af6ca529f"
  },
  {
    "oid": "b6be52c99109e2cf577ea8c7ad5c18b672e97379",
    "message": "add missing test annotation",
    "date": "2015-03-11T05:17:41Z",
    "url": "https://github.com/ReactiveX/RxAndroid/commit/b6be52c99109e2cf577ea8c7ad5c18b672e97379"
  },
  {
    "oid": "a4515842c1baaca41748ba39b71d666211c06d65",
    "message": "Merge pull request #142 from ReactiveX/JakeWharton-patch-1\n\nMove the badges from cluttering the top of the README.",
    "date": "2015-03-03T20:16:49Z",
    "url": "https://github.com/ReactiveX/RxAndroid/commit/a4515842c1baaca41748ba39b71d666211c06d65"
  },
  {
    "oid": "103dca86404c583a98299e08875ce6c5e678fceb",
    "message": "Move the badges from cluttering the top of the README.",
    "date": "2015-03-03T19:30:09Z",
    "url": "https://github.com/ReactiveX/RxAndroid/commit/103dca86404c583a98299e08875ce6c5e678fceb"
  },
  {
    "oid": "c56d77cf2d6d55e2438320c5adefb2fbec1e15e4",
    "message": "Merge pull request #137 from ReactiveX/jw/latest\n\nLatest plugin, tools, and Android API.",
    "date": "2015-02-26T06:57:20Z",
    "url": "https://github.com/ReactiveX/RxAndroid/commit/c56d77cf2d6d55e2438320c5adefb2fbec1e15e4"
  },
  {
    "oid": "278b1dc04d99843099625bba64899597ddad3c64",
    "message": "Latest plugin, tools, and Android API.",
    "date": "2015-02-26T04:46:12Z",
    "url": "https://github.com/ReactiveX/RxAndroid/commit/278b1dc04d99843099625bba64899597ddad3c64"
  },
  {
    "oid": "8ba5c40c98147b5799ea55bbb22c1eebe34fea70",
    "message": "Merge pull request #124 from kaushikgopal/0.24_changes\n\nUpdate CHANGES.md for 0.24",
    "date": "2015-01-11T04:04:35Z",
    "url": "https://github.com/ReactiveX/RxAndroid/commit/8ba5c40c98147b5799ea55bbb22c1eebe34fea70"
  },
  {
    "oid": "a5afd432bc7fa59ecba515301738463c9a67c935",
    "message": "Update CHANGES.md for 0.24\nas part of fix for #109",
    "date": "2015-01-11T03:01:45Z",
    "url": "https://github.com/ReactiveX/RxAndroid/commit/a5afd432bc7fa59ecba515301738463c9a67c935"
  },
  {
    "oid": "a9c3244fc812991761d77f6855c6d16ecf978108",
    "message": "Merge pull request #119 from hiddenmin/patch-1\n\nUpdate README.md",
    "date": "2015-01-05T00:41:03Z",
    "url": "https://github.com/ReactiveX/RxAndroid/commit/a9c3244fc812991761d77f6855c6d16ecf978108"
  },
  {
    "oid": "bece1d0dc57fb68c436835f986e712b6ee4b0f14",
    "message": "Update README.md\n\nJust change version to 0.24.0",
    "date": "2015-01-04T16:13:08Z",
    "url": "https://github.com/ReactiveX/RxAndroid/commit/bece1d0dc57fb68c436835f986e712b6ee4b0f14"
  },
  {
    "oid": "a1c2dca597af64270178c2c355cf3ccdedf231db",
    "message": "Disable sample-app\n\nIt doesn't work with Gradle 2",
    "date": "2015-01-03T16:29:59Z",
    "url": "https://github.com/ReactiveX/RxAndroid/commit/a1c2dca597af64270178c2c355cf3ccdedf231db"
  },
  {
    "oid": "741dd5857cbc761c09e0e6dddb35364cf9b8b613",
    "message": "Merge pull request #111 from eddieringle/fix/0.x/emmit-javadoc-typos\n\nFix javadoc typos: emmit -> emit(s)",
    "date": "2014-12-13T01:46:35Z",
    "url": "https://github.com/ReactiveX/RxAndroid/commit/741dd5857cbc761c09e0e6dddb35364cf9b8b613"
  },
  {
    "oid": "4ee7528efcdb58c5f28cea2907afe4b63928ae2a",
    "message": "Fix javadoc typos. emmit -> emit(s)\n\nSigned-off-by: Eddie Ringle <eddie@ringle.io>",
    "date": "2014-12-13T00:31:36Z",
    "url": "https://github.com/ReactiveX/RxAndroid/commit/4ee7528efcdb58c5f28cea2907afe4b63928ae2a"
  },
  {
    "oid": "f5edaf16e8bd7772e4acc4314d2a16e30fad87df",
    "message": "io.reactivex:rxjava:1.0.+",
    "date": "2014-12-04T00:47:51Z",
    "url": "https://github.com/ReactiveX/RxAndroid/commit/f5edaf16e8bd7772e4acc4314d2a16e30fad87df"
  },
  {
    "oid": "8d92f98754e032d46fa7f22e4eec871e418d1063",
    "message": "Merge pull request #107 from aried3r/patch-1\n\nUpdate README.md",
    "date": "2014-12-03T14:17:51Z",
    "url": "https://github.com/ReactiveX/RxAndroid/commit/8d92f98754e032d46fa7f22e4eec871e418d1063"
  },
  {
    "oid": "133de572a474783b0e972889f733bbd5a5fb927d",
    "message": "Update README.md",
    "date": "2014-12-03T13:39:22Z",
    "url": "https://github.com/ReactiveX/RxAndroid/commit/133de572a474783b0e972889f733bbd5a5fb927d"
  },
  {
    "oid": "c5504c0ea94bf00c660638628be12e5934eaeddb",
    "message": "Add Rx utilities to ReactiveDialog",
    "date": "2014-12-02T18:00:27Z",
    "url": "https://github.com/ReactiveX/RxAndroid/commit/c5504c0ea94bf00c660638628be12e5934eaeddb"
  },
  {
    "oid": "0c3bd5822ccbe56ad924d96113551be2c1c0260c",
    "message": "Merge pull request #104 from ReactiveX/jw/useless-javadoc\n\nRemove redundant documentation.",
    "date": "2014-11-29T22:16:20Z",
    "url": "https://github.com/ReactiveX/RxAndroid/commit/0c3bd5822ccbe56ad924d96113551be2c1c0260c"
  },
  {
    "oid": "fbf380f03693e9b670b3ec9ecd82bf798d3138a8",
    "message": "Remove redundant documentation.",
    "date": "2014-11-29T08:27:45Z",
    "url": "https://github.com/ReactiveX/RxAndroid/commit/fbf380f03693e9b670b3ec9ecd82bf798d3138a8"
  },
  {
    "oid": "e6b0b6fafd706164e127f85fa8aec609be451a49",
    "message": "Merge pull request #102 from dlew/dlew/fix-build\n\nFixed broken builds in IntelliJ",
    "date": "2014-11-28T22:01:03Z",
    "url": "https://github.com/ReactiveX/RxAndroid/commit/e6b0b6fafd706164e127f85fa8aec609be451a49"
  },
  {
    "oid": "f3b55da7c089c1fa3b0a7592f2a4eedcfc14b38f",
    "message": "Fixed broken builds in IntelliJ\n\nTo be honest, not even sure how it was building command-line, but now\nit's no longer double-including all its funky dependencies.",
    "date": "2014-11-28T13:51:57Z",
    "url": "https://github.com/ReactiveX/RxAndroid/commit/f3b55da7c089c1fa3b0a7592f2a4eedcfc14b38f"
  },
  {
    "oid": "bb0d852eb9a75b0d85444a807321a2f1fec49678",
    "message": "Add missing assertion to util class ctor.",
    "date": "2014-11-27T09:37:00Z",
    "url": "https://github.com/ReactiveX/RxAndroid/commit/bb0d852eb9a75b0d85444a807321a2f1fec49678"
  },
  {
    "oid": "ae556b7512f286e92bcad9aba82453598980ee4f",
    "message": "Merge pull request #90 from omo/style-fix\n\nA style fix following #88",
    "date": "2014-11-26T17:21:43Z",
    "url": "https://github.com/ReactiveX/RxAndroid/commit/ae556b7512f286e92bcad9aba82453598980ee4f"
  },
  {
    "oid": "3dc973be7597de5000d307ee9380edb1870989c1",
    "message": "A style fix following #88",
    "date": "2014-11-26T14:56:53Z",
    "url": "https://github.com/ReactiveX/RxAndroid/commit/3dc973be7597de5000d307ee9380edb1870989c1"
  },
  {
    "oid": "f9e02ef99d1b0767d7e29edac3dd090298f22693",
    "message": "Merge pull request #86 from hamidp/fixup-textview-actions\n\nUse ViewAction1 in ViewAction.setText and setTextResource.",
    "date": "2014-11-25T23:06:42Z",
    "url": "https://github.com/ReactiveX/RxAndroid/commit/f9e02ef99d1b0767d7e29edac3dd090298f22693"
  },
  {
    "oid": "4299cccd78c7537b86870b1c99cb19af3578bed7",
    "message": "Use ViewAction1 in ViewAction.setText and setTextResource.",
    "date": "2014-11-25T22:56:24Z",
    "url": "https://github.com/ReactiveX/RxAndroid/commit/4299cccd78c7537b86870b1c99cb19af3578bed7"
  },
  {
    "oid": "febe37dcddf068bff3fab9bba68838712411db92",
    "message": "fixup! Added LifecycleObserver and tests",
    "date": "2014-11-24T14:38:15Z",
    "url": "https://github.com/ReactiveX/RxAndroid/commit/febe37dcddf068bff3fab9bba68838712411db92"
  },
  {
    "oid": "8b7c07bfacb48fbf0f02a2f2cadc67a5fb36bb12",
    "message": "fixup! Added OperatorSubscribeUntil and tests",
    "date": "2014-11-23T22:55:38Z",
    "url": "https://github.com/ReactiveX/RxAndroid/commit/8b7c07bfacb48fbf0f02a2f2cadc67a5fb36bb12"
  },
  {
    "oid": "0c3cbe97b9df0ac0de2629a2e7a06d7ebc756c80",
    "message": "fixup! Added LifecycleObserver and tests",
    "date": "2014-11-23T19:05:16Z",
    "url": "https://github.com/ReactiveX/RxAndroid/commit/0c3cbe97b9df0ac0de2629a2e7a06d7ebc756c80"
  },
  {
    "oid": "047a7e97ada68f2dafe47fdcc8795f34ac412176",
    "message": "fixup! Added OperatorSubscribeUntil and tests",
    "date": "2014-11-23T18:57:21Z",
    "url": "https://github.com/ReactiveX/RxAndroid/commit/047a7e97ada68f2dafe47fdcc8795f34ac412176"
  },
  {
    "oid": "65e7074b2b59288dd92ff68692f158339d217456",
    "message": "Added LifecycleEvent enum\n\nCan be used for all the major Activity and Fragment events.",
    "date": "2014-11-23T15:42:08Z",
    "url": "https://github.com/ReactiveX/RxAndroid/commit/65e7074b2b59288dd92ff68692f158339d217456"
  },
  {
    "oid": "9d3690518a119ccab0617d69a77e5db9da350b5c",
    "message": "bindActivity(): Move observeOn() rightside.\n\nTo make it conventional.",
    "date": "2014-11-20T06:24:42Z",
    "url": "https://github.com/ReactiveX/RxAndroid/commit/9d3690518a119ccab0617d69a77e5db9da350b5c"
  },
  {
    "oid": "234fe10f0d9522192d8c1c8579245b13a9c035aa",
    "message": "RxJava 1.0.0",
    "date": "2014-11-19T19:07:02Z",
    "url": "https://github.com/ReactiveX/RxAndroid/commit/234fe10f0d9522192d8c1c8579245b13a9c035aa"
  },
  {
    "oid": "9ec0f722cc9d8713a62e7dc66521a3a7a04ce94e",
    "message": "Merge pull request #48 from ReactiveX/avoid-publishing-root\n\navoid the unncessary publish of the root project",
    "date": "2014-11-19T10:59:10Z",
    "url": "https://github.com/ReactiveX/RxAndroid/commit/9ec0f722cc9d8713a62e7dc66521a3a7a04ce94e"
  },
  {
    "oid": "91c50a3f3acb3c0c13b68e0bb72b00d820e4d0dc",
    "message": "rxproject isn't designed for multi-module projects, this change should avoid the unncessary publish of the root project",
    "date": "2014-11-13T18:09:16Z",
    "url": "https://github.com/ReactiveX/RxAndroid/commit/91c50a3f3acb3c0c13b68e0bb72b00d820e4d0dc"
  },
  {
    "oid": "c215482175d55bc525dd27b093df6b83800e6b4b",
    "message": "Pass version onto sub-project.",
    "date": "2014-11-12T07:43:24Z",
    "url": "https://github.com/ReactiveX/RxAndroid/commit/c215482175d55bc525dd27b093df6b83800e6b4b"
  },
  {
    "oid": "a303ff1b8fb7cdd6b5b6aa5d1b61b6a663c9b907",
    "message": "Remove some irrelevant entries from gitignore",
    "date": "2014-11-07T13:06:00Z",
    "url": "https://github.com/ReactiveX/RxAndroid/commit/a303ff1b8fb7cdd6b5b6aa5d1b61b6a663c9b907"
  },
  {
    "oid": "34925e57b2d35c6dfb3acc9a55d016a83838010f",
    "message": "Provide custom build command to Travis",
    "date": "2014-11-07T12:53:01Z",
    "url": "https://github.com/ReactiveX/RxAndroid/commit/34925e57b2d35c6dfb3acc9a55d016a83838010f"
  },
  {
    "oid": "3ca3f152e4e73215d110322bdeb92287cda294e6",
    "message": "Simplify test for ANDROID_HOME",
    "date": "2014-11-07T12:48:32Z",
    "url": "https://github.com/ReactiveX/RxAndroid/commit/3ca3f152e4e73215d110322bdeb92287cda294e6"
  },
  {
    "oid": "1ac188f0a5b9334ff420f0da79d4d5927e9d306e",
    "message": "Note on 0.x vs 1.x versioning and GroupIDs",
    "date": "2014-10-27T16:07:26Z",
    "url": "https://github.com/ReactiveX/RxAndroid/commit/1ac188f0a5b9334ff420f0da79d4d5927e9d306e"
  },
  {
    "oid": "85685036f9f9f710a03da12e1db4dc2873ec4c29",
    "message": "Merge pull request #39 from Kusand/patch-1\n\nUpdate README.md for gradle dependency example",
    "date": "2014-10-26T09:48:46Z",
    "url": "https://github.com/ReactiveX/RxAndroid/commit/85685036f9f9f710a03da12e1db4dc2873ec4c29"
  },
  {
    "oid": "6c6386bcc5d278550c0a3069bce7d412a849e602",
    "message": "Update version number in other README examples",
    "date": "2014-10-26T03:17:05Z",
    "url": "https://github.com/ReactiveX/RxAndroid/commit/6c6386bcc5d278550c0a3069bce7d412a849e602"
  },
  {
    "oid": "d0a78aa33cee0e5d40db86b1b27d8cafc9319e77",
    "message": "Update README.md for gradle dependency example",
    "date": "2014-10-25T16:13:48Z",
    "url": "https://github.com/ReactiveX/RxAndroid/commit/d0a78aa33cee0e5d40db86b1b27d8cafc9319e77"
  },
  {
    "oid": "bd66849382f691498858a247776e33ad24825f87",
    "message": "Merge pull request #38 from prt2121/0.x\n\nFix README.md",
    "date": "2014-10-23T16:37:25Z",
    "url": "https://github.com/ReactiveX/RxAndroid/commit/bd66849382f691498858a247776e33ad24825f87"
  },
  {
    "oid": "41564f8f9b6a6f5faf25ae74e6f6c66fe50593f5",
    "message": "fix README.md",
    "date": "2014-10-23T14:33:16Z",
    "url": "https://github.com/ReactiveX/RxAndroid/commit/41564f8f9b6a6f5faf25ae74e6f6c66fe50593f5"
  },
  {
    "oid": "72dff2cb6d370d6c4ac98b3be578b27896d535c6",
    "message": "Merge pull request #35 from johnjohndoe/syntax-highlighting\n\nEnable syntax highlighting for code snippets.",
    "date": "2014-10-22T13:18:52Z",
    "url": "https://github.com/ReactiveX/RxAndroid/commit/72dff2cb6d370d6c4ac98b3be578b27896d535c6"
  },
  {
    "oid": "72d3b84eb09da5c7e4e363e3d6bf95cdbe127503",
    "message": "Enable syntax highlighting for code snippets.",
    "date": "2014-10-22T12:10:59Z",
    "url": "https://github.com/ReactiveX/RxAndroid/commit/72d3b84eb09da5c7e4e363e3d6bf95cdbe127503"
  },
  {
    "oid": "e8539b1d52c666576b234e70286f8afbddaed5ab",
    "message": "Add Maven badge to front page",
    "date": "2014-10-22T10:31:17Z",
    "url": "https://github.com/ReactiveX/RxAndroid/commit/e8539b1d52c666576b234e70286f8afbddaed5ab"
  },
  {
    "oid": "91fb06536e087dfa47e9c4c5dceb3aa6926e529c",
    "message": "Update README.md\n\nFix Maven/Ivy artifact names\r\n\r\nfixes #34",
    "date": "2014-10-22T10:28:49Z",
    "url": "https://github.com/ReactiveX/RxAndroid/commit/91fb06536e087dfa47e9c4c5dceb3aa6926e529c"
  },
  {
    "oid": "25a17bfd35b1565118dba1ba986282b72ef3b339",
    "message": "Add change log",
    "date": "2014-10-15T17:10:31Z",
    "url": "https://github.com/ReactiveX/RxAndroid/commit/25a17bfd35b1565118dba1ba986282b72ef3b339"
  },
  {
    "oid": "cbd4fea0807905786d6783bb0fbeb8ac85e1a05a",
    "message": "Merge pull request #29 from egor-n/0.x\n\nFix a typo in the docs of AndroidSubscriptions.unsubscribeInUiThread()",
    "date": "2014-10-15T07:56:02Z",
    "url": "https://github.com/ReactiveX/RxAndroid/commit/cbd4fea0807905786d6783bb0fbeb8ac85e1a05a"
  },
  {
    "oid": "188277cc3dce2a059e0ee737abbacbee16d5d781",
    "message": "Fix a typo in the docs\n\nAnd a bit of formatting",
    "date": "2014-10-13T20:51:22Z",
    "url": "https://github.com/ReactiveX/RxAndroid/commit/188277cc3dce2a059e0ee737abbacbee16d5d781"
  },
  {
    "oid": "6dde4b2b0f223f3bfd35cf1351211929c7aab177",
    "message": "remove isUnsubscribed call befor item emittion",
    "date": "2014-10-13T09:30:50Z",
    "url": "https://github.com/ReactiveX/RxAndroid/commit/6dde4b2b0f223f3bfd35cf1351211929c7aab177"
  },
  {
    "oid": "6b7cfe2a0acb8903ea10014d2f66386954a37813",
    "message": "Break up tests from OperatorAdapterViewOnItemClickTest into separated scenarios",
    "date": "2014-10-11T10:18:04Z",
    "url": "https://github.com/ReactiveX/RxAndroid/commit/6b7cfe2a0acb8903ea10014d2f66386954a37813"
  },
  {
    "oid": "837620c51bc3b37f3696e17021eb0849346c70cb",
    "message": "Update gitignore file",
    "date": "2014-10-09T10:28:22Z",
    "url": "https://github.com/ReactiveX/RxAndroid/commit/837620c51bc3b37f3696e17021eb0849346c70cb"
  },
  {
    "oid": "46ea1a046735fd49ad7632542d8eb780fca21d8c",
    "message": "Make OnItemClickEvent class non-final",
    "date": "2014-10-08T15:42:55Z",
    "url": "https://github.com/ReactiveX/RxAndroid/commit/46ea1a046735fd49ad7632542d8eb780fca21d8c"
  },
  {
    "oid": "025e5ab7dce38b5de751b87230caaa9b59767f82",
    "message": "Remove useless generics, prodive some helper methods",
    "date": "2014-10-08T14:05:46Z",
    "url": "https://github.com/ReactiveX/RxAndroid/commit/025e5ab7dce38b5de751b87230caaa9b59767f82"
  },
  {
    "oid": "48c3e97530606d7cb1c56f4cefda9bbe2738a4e4",
    "message": "Merge pull request #11 from jdreesen/patch-1\n\nUpdate README.md",
    "date": "2014-09-18T16:02:33Z",
    "url": "https://github.com/ReactiveX/RxAndroid/commit/48c3e97530606d7cb1c56f4cefda9bbe2738a4e4"
  },
  {
    "oid": "962c07cc20eb1f3e6bbf9de697a1225ccd078611",
    "message": "Update README.md\n\nfix typo",
    "date": "2014-09-09T14:47:21Z",
    "url": "https://github.com/ReactiveX/RxAndroid/commit/962c07cc20eb1f3e6bbf9de697a1225ccd078611"
  },
  {
    "oid": "387214691886664db7ea4bfd4e29d3c82e09e16c",
    "message": "Fix test compilation (now removed method was being used)",
    "date": "2014-09-09T11:52:31Z",
    "url": "https://github.com/ReactiveX/RxAndroid/commit/387214691886664db7ea4bfd4e29d3c82e09e16c"
  },
  {
    "oid": "a641e5146b81effed073cb5693ab37f4c8787b77",
    "message": "Add Nebula extra-config plugin so the project actually imports/builds",
    "date": "2014-09-09T11:52:10Z",
    "url": "https://github.com/ReactiveX/RxAndroid/commit/a641e5146b81effed073cb5693ab37f4c8787b77"
  },
  {
    "oid": "84f560ea2cf456b51fcb50c17138ad7b1781bceb",
    "message": "Update README.md",
    "date": "2014-09-09T03:40:50Z",
    "url": "https://github.com/ReactiveX/RxAndroid/commit/84f560ea2cf456b51fcb50c17138ad7b1781bceb"
  },
  {
    "oid": "58388b0a088b8804e047ba92c69472c04effd9ea",
    "message": "Create .travis.yml",
    "date": "2014-09-01T18:42:44Z",
    "url": "https://github.com/ReactiveX/RxAndroid/commit/58388b0a088b8804e047ba92c69472c04effd9ea"
  },
  {
    "oid": "4412f1820f03c460513945a9aa42b4f0986cdbeb",
    "message": "rxjava 1.0.+",
    "date": "2014-08-30T05:53:25Z",
    "url": "https://github.com/ReactiveX/RxAndroid/commit/4412f1820f03c460513945a9aa42b4f0986cdbeb"
  },
  {
    "oid": "0cb51c08baeace06c7639c4e9c98c78a1b5955a0",
    "message": "Clarify OperatorTextViewInputTest methods",
    "date": "2014-08-14T14:57:07Z",
    "url": "https://github.com/ReactiveX/RxAndroid/commit/0cb51c08baeace06c7639c4e9c98c78a1b5955a0"
  },
  {
    "oid": "b1329399fbf4b0b75c7895c99e9c8ca90a17cb34",
    "message": "Bump to Robolectric 2.3, make samples build under Studio 0.8.+\n\nrefs https://github.com/Netflix/RxJava/pull/1449",
    "date": "2014-07-27T19:19:40Z",
    "url": "https://github.com/ReactiveX/RxAndroid/commit/b1329399fbf4b0b75c7895c99e9c8ca90a17cb34"
  },
  {
    "oid": "551162eda2ba96b9239346f2544f243a08b5412f",
    "message": "Remove build provided references (except for rxjava-android)",
    "date": "2014-07-09T21:32:25Z",
    "url": "https://github.com/ReactiveX/RxAndroid/commit/551162eda2ba96b9239346f2544f243a08b5412f"
  },
  {
    "oid": "3d8925c77a700e1d305c183e9bcf1bcecf5ee77b",
    "message": "Using the correct code style for variable name and removing unused imports.\n\nSigned-off-by: David Marques <dpsmarques@gmail.com>",
    "date": "2014-06-07T10:38:00Z",
    "url": "https://github.com/ReactiveX/RxAndroid/commit/3d8925c77a700e1d305c183e9bcf1bcecf5ee77b"
  },
  {
    "oid": "3adab7f134965076987c4e17c947adc1b8c7c82c",
    "message": "Adding ScheduledSubscription to parent in order to properly chain unsubscribe.\n\nSigned-off-by: David Marques <dpsmarques@gmail.com>",
    "date": "2014-06-05T13:52:36Z",
    "url": "https://github.com/ReactiveX/RxAndroid/commit/3adab7f134965076987c4e17c947adc1b8c7c82c"
  },
  {
    "oid": "354d0af78a671b90df34fac775de592e5c7f7c7e",
    "message": "Using a ScheduledAction in order to ensure correct subscription behaviour.\n\nSigned-off-by: David Marques <dpsmarques@gmail.com>",
    "date": "2014-06-05T00:52:28Z",
    "url": "https://github.com/ReactiveX/RxAndroid/commit/354d0af78a671b90df34fac775de592e5c7f7c7e"
  },
  {
    "oid": "9dfcc194d280ea16a9ef088bbb747300769250c9",
    "message": "Guard the log calls",
    "date": "2014-03-12T17:31:12Z",
    "url": "https://github.com/ReactiveX/RxAndroid/commit/9dfcc194d280ea16a9ef088bbb747300769250c9"
  },
  {
    "oid": "d7cc2149114f0d66466b7886fd7351f68ace512b",
    "message": "Some cleaning up",
    "date": "2014-03-12T17:29:41Z",
    "url": "https://github.com/ReactiveX/RxAndroid/commit/d7cc2149114f0d66466b7886fd7351f68ace512b"
  },
  {
    "oid": "45d5ee6ac6f14c38413fa328aaa8fd073fbc6578",
    "message": "correct link to maven search",
    "date": "2014-02-26T16:19:42Z",
    "url": "https://github.com/ReactiveX/RxAndroid/commit/45d5ee6ac6f14c38413fa328aaa8fd073fbc6578"
  },
  {
    "oid": "5dcf55632ce7f01f7d0dc2b9f4ebc6041103750b",
    "message": "Add 'Fragment-Host' to rxjava-contrib modules for OSGi",
    "date": "2014-02-11T11:33:30Z",
    "url": "https://github.com/ReactiveX/RxAndroid/commit/5dcf55632ce7f01f7d0dc2b9f4ebc6041103750b"
  },
  {
    "oid": "3e29ac8b47cf971fe8b07d4e38e786feedb51a41",
    "message": "Add Subscription.isUnsubscribed()",
    "date": "2014-02-01T00:47:07Z",
    "url": "https://github.com/ReactiveX/RxAndroid/commit/3e29ac8b47cf971fe8b07d4e38e786feedb51a41"
  },
  {
    "oid": "08133c80de0ecf0f35410e484b59e14ce6862f5b",
    "message": "Compiling. Unit Tests Failing.\n\nNow that Observer is an abstract class, Mockito is having issues with it so unit tests are a mess.",
    "date": "2014-01-23T06:33:47Z",
    "url": "https://github.com/ReactiveX/RxAndroid/commit/08133c80de0ecf0f35410e484b59e14ce6862f5b"
  },
  {
    "oid": "6797179f2db50bca3440ef9c3350ad64d9b2d012",
    "message": "Make Observable Methods Final\n\nTheir behavior is interrelated and co-dependent and should therefore not be over-written.\nObservable itself is not made final as there are some limited reasons for inheritance (such as GroupedObservable and Subjects).",
    "date": "2014-01-15T07:36:48Z",
    "url": "https://github.com/ReactiveX/RxAndroid/commit/6797179f2db50bca3440ef9c3350ad64d9b2d012"
  },
  {
    "oid": "ecbaa4dbe54a55d69d6af65de1cbed00eb3dd720",
    "message": "Use Object as argument type for fromFragment helper\n\nThis is to prevent compilation failures in projects that do not link the support-v4 library. The only other option I saw to fix this would have been to split up the android module into one for native fragments and one for support fragments, which I found would come with unjustified overhead. Hence I settled for the cheap way, which is to sacrifice type safety here.\n\nRefs https://github.com/soundcloud/RxJava/issues/2",
    "date": "2013-11-27T12:04:29Z",
    "url": "https://github.com/ReactiveX/RxAndroid/commit/ecbaa4dbe54a55d69d6af65de1cbed00eb3dd720"
  },
  {
    "oid": "085d3790d35a2f3992fb59a0d711741eecfdc101",
    "message": "Singularize AndroidObservables, move to observables package",
    "date": "2013-10-29T10:37:06Z",
    "url": "https://github.com/ReactiveX/RxAndroid/commit/085d3790d35a2f3992fb59a0d711741eecfdc101"
  },
  {
    "oid": "8ab3ac147b4ad0c85c91459b20cbb52a8ca07650",
    "message": "Renamed the log tag as it was too long",
    "date": "2013-10-29T10:25:50Z",
    "url": "https://github.com/ReactiveX/RxAndroid/commit/8ab3ac147b4ad0c85c91459b20cbb52a8ca07650"
  },
  {
    "oid": "8f421bf80f15a0ad99aefcabde12f905fd11da34",
    "message": "Remove isFinishing check when calling back to activities\n\nWe decided it's sufficient for the callback to be safe as long as the caller unsubscribes in onDestroy",
    "date": "2013-10-14T08:26:44Z",
    "url": "https://github.com/ReactiveX/RxAndroid/commit/8f421bf80f15a0ad99aefcabde12f905fd11da34"
  },
  {
    "oid": "936c68ef4934fd504ac75262069109acbddd3bf3",
    "message": "Add guards around log statements",
    "date": "2013-10-14T08:23:18Z",
    "url": "https://github.com/ReactiveX/RxAndroid/commit/936c68ef4934fd504ac75262069109acbddd3bf3"
  },
  {
    "oid": "24a2e03da78963d98b9d3efba9ae0bde73e86575",
    "message": "Only release references in unsubscribe\n\nWe decided it's better to leave it to the caller when it's appropriate to release, cf. #1",
    "date": "2013-10-14T08:22:26Z",
    "url": "https://github.com/ReactiveX/RxAndroid/commit/24a2e03da78963d98b9d3efba9ae0bde73e86575"
  },
  {
    "oid": "13092f7303d11cccb64a02eb24731faf629c7197",
    "message": "Drop volatile in favor of failing fast if not subscribed from UI thread",
    "date": "2013-10-14T08:14:25Z",
    "url": "https://github.com/ReactiveX/RxAndroid/commit/13092f7303d11cccb64a02eb24731faf629c7197"
  },
  {
    "oid": "11b1452ffba156d35e83c9c35c77b70f38ee60cb",
    "message": "added variance to Func2, too",
    "date": "2013-08-31T13:56:14Z",
    "url": "https://github.com/ReactiveX/RxAndroid/commit/11b1452ffba156d35e83c9c35c77b70f38ee60cb"
  },
  {
    "oid": "21bae9b1591b3e0abc8d42e972134448bf9d110c",
    "message": "Cleaning up rxjava-android build.gradle",
    "date": "2013-08-27T19:54:41Z",
    "url": "https://github.com/ReactiveX/RxAndroid/commit/21bae9b1591b3e0abc8d42e972134448bf9d110c"
  },
  {
    "oid": "a1cd1b7aa0ee56b821a78fbdfd01bca14373b9f5",
    "message": "Update README.md\n\nAdded sample usage of Android Handler schedulers.",
    "date": "2013-08-24T16:37:22Z",
    "url": "https://github.com/ReactiveX/RxAndroid/commit/a1cd1b7aa0ee56b821a78fbdfd01bca14373b9f5"
  },
  {
    "oid": "da89b54bd01e1131112d5cfcfb2e1640e2260e46",
    "message": "Update README.md",
    "date": "2013-08-24T04:24:41Z",
    "url": "https://github.com/ReactiveX/RxAndroid/commit/da89b54bd01e1131112d5cfcfb2e1640e2260e46"
  },
  {
    "oid": "19f7139d5c8a5487d95ebe50e57208d0f49f8208",
    "message": "Create README.md",
    "date": "2013-08-24T04:24:05Z",
    "url": "https://github.com/ReactiveX/RxAndroid/commit/19f7139d5c8a5487d95ebe50e57208d0f49f8208"
  },
  {
    "oid": "fa5abdc0bca628bd13dacac1c924779f40fe003f",
    "message": "AtomicObservableSubscription to SafeObservableSubscription",
    "date": "2013-08-24T04:00:24Z",
    "url": "https://github.com/ReactiveX/RxAndroid/commit/fa5abdc0bca628bd13dacac1c924779f40fe003f"
  },
  {
    "oid": "e06da6ad5b3b5cbf473b392416cc2e77e808156a",
    "message": "Add empty .gitignore file so that git checks out the values folder",
    "date": "2013-08-14T11:06:02Z",
    "url": "https://github.com/ReactiveX/RxAndroid/commit/e06da6ad5b3b5cbf473b392416cc2e77e808156a"
  },
  {
    "oid": "fa2beae0f209cfc97a42ac13f23b5ce4dc80c86c",
    "message": "Reduce duplication by making \"schedule now\" the special case\n\nForwards to \"schedule later\" with delay of 0 now.",
    "date": "2013-08-14T10:01:09Z",
    "url": "https://github.com/ReactiveX/RxAndroid/commit/fa2beae0f209cfc97a42ac13f23b5ce4dc80c86c"
  },
  {
    "oid": "5e5dd4b723d6b75ee16391b854780bfb00f0c71f",
    "message": "Add unit tests for HandlerThreadScheduler",
    "date": "2013-08-14T09:44:56Z",
    "url": "https://github.com/ReactiveX/RxAndroid/commit/5e5dd4b723d6b75ee16391b854780bfb00f0c71f"
  },
  {
    "oid": "3a9abd009d3c31d8696088e3d4d22d26cfbdfb7e",
    "message": "Expose main thread scheduler through AndroidSchedulers class",
    "date": "2013-08-14T08:38:26Z",
    "url": "https://github.com/ReactiveX/RxAndroid/commit/3a9abd009d3c31d8696088e3d4d22d26cfbdfb7e"
  },
  {
    "oid": "775e853732e7b1040907239f062b925134684d09",
    "message": "Add HandlerThreadScheduler which schedules actions on an Android Handler thread",
    "date": "2013-08-14T08:38:10Z",
    "url": "https://github.com/ReactiveX/RxAndroid/commit/775e853732e7b1040907239f062b925134684d09"
  },
  {
    "oid": "360c213c7021cf50ea0686d49ab03bc3820b2f0f",
    "message": "Add rxjava-android build module + config\n\nShould this be shared with other contribs through the parent module? Lots of copy and paste here.",
    "date": "2013-08-14T08:37:51Z",
    "url": "https://github.com/ReactiveX/RxAndroid/commit/360c213c7021cf50ea0686d49ab03bc3820b2f0f"
  }
]