[
  {
    "oid": "6bb2cf9ddbca980b664d3edbb6ff775d75369278",
    "message": "Update README.md",
    "date": "2021-11-15T23:36:16Z",
    "url": "https://github.com/sqshq/piggymetrics/commit/6bb2cf9ddbca980b664d3edbb6ff775d75369278"
  },
  {
    "oid": "d1522dd4dccb0faa16755f9da7e9505b8a98f178",
    "message": "Update README.md",
    "date": "2021-11-12T06:39:39Z",
    "url": "https://github.com/sqshq/piggymetrics/commit/d1522dd4dccb0faa16755f9da7e9505b8a98f178"
  },
  {
    "oid": "fd5ee3c555ea9cd6067eacf3f2a3e8b85fe4fe77",
    "message": "Merge pull request #64 from ramazansakin/master\n\nUpdate README.md",
    "date": "2021-01-19T20:08:06Z",
    "url": "https://github.com/sqshq/piggymetrics/commit/fd5ee3c555ea9cd6067eacf3f2a3e8b85fe4fe77"
  },
  {
    "oid": "8df591dffa5513423a288d863f5e35b31e5eeb40",
    "message": "Update README.md\n\ntypo fix",
    "date": "2021-01-19T18:25:21Z",
    "url": "https://github.com/sqshq/piggymetrics/commit/8df591dffa5513423a288d863f5e35b31e5eeb40"
  },
  {
    "oid": "ad4fabed06d83e83dc2a82e2afc3be085cb286a8",
    "message": "Update README.md",
    "date": "2020-02-02T04:29:38Z",
    "url": "https://github.com/sqshq/piggymetrics/commit/ad4fabed06d83e83dc2a82e2afc3be085cb286a8"
  },
  {
    "oid": "f935a0731523e5a6c0daffb28a2b6b7f1036f2d7",
    "message": "Update README.md",
    "date": "2020-02-02T04:17:01Z",
    "url": "https://github.com/sqshq/piggymetrics/commit/f935a0731523e5a6c0daffb28a2b6b7f1036f2d7"
  },
  {
    "oid": "cf6eac005582b538127ca8f33b0cc1d0636ce312",
    "message": "Update .travis.yml",
    "date": "2019-12-21T23:37:24Z",
    "url": "https://github.com/sqshq/piggymetrics/commit/cf6eac005582b538127ca8f33b0cc1d0636ce312"
  },
  {
    "oid": "70133dc1ad871f1754e999c756376090e9a68cee",
    "message": "Add dist:trusty to travis.yml",
    "date": "2019-12-21T23:09:36Z",
    "url": "https://github.com/sqshq/piggymetrics/commit/70133dc1ad871f1754e999c756376090e9a68cee"
  },
  {
    "oid": "3817a047fa89f5e5e88a04305c2b62657d3e11aa",
    "message": "adjust readme for .env file usage",
    "date": "2019-09-15T11:14:18Z",
    "url": "https://github.com/sqshq/piggymetrics/commit/3817a047fa89f5e5e88a04305c2b62657d3e11aa"
  },
  {
    "oid": "73840b4f192326416c563b7970dbef6e4c9d32ce",
    "message": "Merge pull request #56 from spiashko/master\n\nRevert \"Fix Monitoring server port missing\"",
    "date": "2019-09-14T17:06:23Z",
    "url": "https://github.com/sqshq/piggymetrics/commit/73840b4f192326416c563b7970dbef6e4c9d32ce"
  },
  {
    "oid": "aaf8e174d7a56e71780897f5c84757bcd26067f6",
    "message": "add env file for faster docker-compose bootstrapping",
    "date": "2019-09-14T15:58:36Z",
    "url": "https://github.com/sqshq/piggymetrics/commit/aaf8e174d7a56e71780897f5c84757bcd26067f6"
  },
  {
    "oid": "fd32bf935bbf154376b8326cd31533e4c67b8d3c",
    "message": "Revert \"Fix Monitoring server port missing\"\n\nThis reverts commit d3beabc5\n\ndocker-compose ports section has mapping <host>:<container>\nso specified port with 9000 brought to wrong port mapping therefore dashboard is not available",
    "date": "2019-09-14T15:42:23Z",
    "url": "https://github.com/sqshq/piggymetrics/commit/fd32bf935bbf154376b8326cd31533e4c67b8d3c"
  },
  {
    "oid": "0ea268e8c10edafcf4ef1f84517db900f098a750",
    "message": "Merge pull request #52 from elkolotfi/fixReadme\n\nFix readme broken link",
    "date": "2019-07-30T14:18:01Z",
    "url": "https://github.com/sqshq/piggymetrics/commit/0ea268e8c10edafcf4ef1f84517db900f098a750"
  },
  {
    "oid": "48d822a70fef85d8fcbb4b272efc717c15b57b57",
    "message": "Merge pull request #53 from elkolotfi/windowsMacContribute\n\nMongoDB container for windows (and mac) contributors",
    "date": "2019-07-30T14:17:31Z",
    "url": "https://github.com/sqshq/piggymetrics/commit/48d822a70fef85d8fcbb4b272efc717c15b57b57"
  },
  {
    "oid": "55ed483298b429cbf4c993f1333e5e3099556023",
    "message": "Fix MongoDb containers [init.sh]",
    "date": "2019-07-30T13:19:41Z",
    "url": "https://github.com/sqshq/piggymetrics/commit/55ed483298b429cbf4c993f1333e5e3099556023"
  },
  {
    "oid": "49c2d6a901e3e227ea7e89a34e0826e77f3a6ea1",
    "message": "fix hystrix dashboard repo link on README.md",
    "date": "2019-07-30T13:16:48Z",
    "url": "https://github.com/sqshq/piggymetrics/commit/49c2d6a901e3e227ea7e89a34e0826e77f3a6ea1"
  },
  {
    "oid": "20237e62b4305dc888aa55b61e1e103fbd3856bf",
    "message": "Merge pull request #48 from zuzhi/master\n\nFix Monitoring server port missing",
    "date": "2019-04-08T01:03:57Z",
    "url": "https://github.com/sqshq/piggymetrics/commit/20237e62b4305dc888aa55b61e1e103fbd3856bf"
  },
  {
    "oid": "d3beabc5461cd591331cca1dbd4d7b04c1bfe233",
    "message": "Fix Monitoring server port missing\n\nIt should be 9000 according to README",
    "date": "2019-04-04T09:25:14Z",
    "url": "https://github.com/sqshq/piggymetrics/commit/d3beabc5461cd591331cca1dbd4d7b04c1bfe233"
  },
  {
    "oid": "07a86f3665062653c22ab2db824dff91d2849632",
    "message": "Merge pull request #46 from Sam-WEI/master\n\nfix a typo in README.md",
    "date": "2019-04-02T02:54:39Z",
    "url": "https://github.com/sqshq/piggymetrics/commit/07a86f3665062653c22ab2db824dff91d2849632"
  },
  {
    "oid": "ac05b97babfc05e880e8ae010ffa6e7a39ded442",
    "message": "Fix a typo in README.md",
    "date": "2019-03-09T19:17:49Z",
    "url": "https://github.com/sqshq/piggymetrics/commit/ac05b97babfc05e880e8ae010ffa6e7a39ded442"
  },
  {
    "oid": "3fe6e1555c18422d8fcf1fca82ebc82ecb4ebd3b",
    "message": "Fix a typo in README.md",
    "date": "2019-03-09T16:51:53Z",
    "url": "https://github.com/sqshq/piggymetrics/commit/3fe6e1555c18422d8fcf1fca82ebc82ecb4ebd3b"
  },
  {
    "oid": "0409199b2a674ed458953114fd5ed61211ba109e",
    "message": "fix a typo in README.md",
    "date": "2019-03-09T16:22:50Z",
    "url": "https://github.com/sqshq/piggymetrics/commit/0409199b2a674ed458953114fd5ed61211ba109e"
  },
  {
    "oid": "8ce92fe723a701bca9545b5dc5e0cdc8b0c7bd50",
    "message": "Update README.md",
    "date": "2019-02-03T19:49:42Z",
    "url": "https://github.com/sqshq/piggymetrics/commit/8ce92fe723a701bca9545b5dc5e0cdc8b0c7bd50"
  },
  {
    "oid": "e7b982836f73ffa3d1a679498bfca5b727881e44",
    "message": "Update README with a link to the piggymetrics.tk",
    "date": "2018-11-28T04:16:55Z",
    "url": "https://github.com/sqshq/piggymetrics/commit/e7b982836f73ffa3d1a679498bfca5b727881e44"
  },
  {
    "oid": "836a97f2b387ff921591f967e601145c2001c0dc",
    "message": "fixed exchange rates test after the provider API change",
    "date": "2018-09-25T12:55:19Z",
    "url": "https://github.com/sqshq/piggymetrics/commit/836a97f2b387ff921591f967e601145c2001c0dc"
  },
  {
    "oid": "480ce4a2ee5adfe6eb23c367c7e691ca8352cb06",
    "message": "Merge pull request #43 from clevertension/add-eclipse-ignore\n\nadd eclipse ignore files",
    "date": "2018-09-23T18:35:40Z",
    "url": "https://github.com/sqshq/piggymetrics/commit/480ce4a2ee5adfe6eb23c367c7e691ca8352cb06"
  },
  {
    "oid": "018a3e42e7428e3909fda9f49d57673290352b91",
    "message": "add eclipse ignore files",
    "date": "2018-09-22T10:01:53Z",
    "url": "https://github.com/sqshq/piggymetrics/commit/018a3e42e7428e3909fda9f49d57673290352b91"
  },
  {
    "oid": "b8baaf40b63752f0256921c9aa3ea819d28b0f51",
    "message": "update travis.yml to support changes in docker login command",
    "date": "2018-09-16T12:22:06Z",
    "url": "https://github.com/sqshq/piggymetrics/commit/b8baaf40b63752f0256921c9aa3ea819d28b0f51"
  },
  {
    "oid": "20e23d1701671841940f1cd55f4647fcf40871a1",
    "message": "update README.md",
    "date": "2018-09-15T22:30:43Z",
    "url": "https://github.com/sqshq/piggymetrics/commit/20e23d1701671841940f1cd55f4647fcf40871a1"
  },
  {
    "oid": "5d606f12d50d7f40a088066e6dbdac632dc4d7f4",
    "message": "change artifact id to turbine-stream-service",
    "date": "2018-09-15T20:15:48Z",
    "url": "https://github.com/sqshq/piggymetrics/commit/5d606f12d50d7f40a088066e6dbdac632dc4d7f4"
  },
  {
    "oid": "cca06422b31df0e1109ea41cd517e40646b2f1dd",
    "message": "mongodb dockerfile update to resolve possible certificates issue",
    "date": "2018-09-15T09:37:57Z",
    "url": "https://github.com/sqshq/piggymetrics/commit/cca06422b31df0e1109ea41cd517e40646b2f1dd"
  },
  {
    "oid": "469455d23549417fca3e8c7f5d521638e7996612",
    "message": "add unit test for StatisticsServiceClientFallback",
    "date": "2018-09-11T05:54:54Z",
    "url": "https://github.com/sqshq/piggymetrics/commit/469455d23549417fca3e8c7f5d521638e7996612"
  },
  {
    "oid": "5cb4627330e1559107ea0871f2363e2cc936e23f",
    "message": "add turbine build to travis",
    "date": "2018-09-10T07:32:20Z",
    "url": "https://github.com/sqshq/piggymetrics/commit/5cb4627330e1559107ea0871f2363e2cc936e23f"
  },
  {
    "oid": "57e5b059d59f826d66e7afa9d69991b87c2c982b",
    "message": "add turbine stream service module to parent pom",
    "date": "2018-09-10T07:19:26Z",
    "url": "https://github.com/sqshq/piggymetrics/commit/57e5b059d59f826d66e7afa9d69991b87c2c982b"
  },
  {
    "oid": "25ef0412ad6ab3ab49d8d9fa1abb71e2990563ee",
    "message": "Merge pull request #33 from clevertension/master\n\nFix issue 32 of Container is unhealthy",
    "date": "2018-08-22T02:55:52Z",
    "url": "https://github.com/sqshq/piggymetrics/commit/25ef0412ad6ab3ab49d8d9fa1abb71e2990563ee"
  },
  {
    "oid": "38d8e1dd30459ba8088ce7fefa3f9eb088737521",
    "message": "Fix issue 32 of Container is unhealthy",
    "date": "2018-08-22T02:07:23Z",
    "url": "https://github.com/sqshq/piggymetrics/commit/38d8e1dd30459ba8088ce7fefa3f9eb088737521"
  },
  {
    "oid": "2060d05aec9867e6bc73491c590365f2ab9203a0",
    "message": "Delete issue-template.md",
    "date": "2018-07-22T22:20:21Z",
    "url": "https://github.com/sqshq/piggymetrics/commit/2060d05aec9867e6bc73491c590365f2ab9203a0"
  },
  {
    "oid": "e8e2c870a2f01a9daf3b683cb2247a7022f891dc",
    "message": "Update README.md",
    "date": "2018-07-22T21:57:46Z",
    "url": "https://github.com/sqshq/piggymetrics/commit/e8e2c870a2f01a9daf3b683cb2247a7022f891dc"
  },
  {
    "oid": "7772ef63067069e7fe4825d4981e6aaed1676bd6",
    "message": "update exchange rate provider when init in frontend\nrelated to PR #24",
    "date": "2018-07-18T06:56:19Z",
    "url": "https://github.com/sqshq/piggymetrics/commit/7772ef63067069e7fe4825d4981e6aaed1676bd6"
  },
  {
    "oid": "811e2792ba3e0f22f2f4dc8b168518004a03a403",
    "message": "Revert \"default stripPrefix=true in gateway\"\n\nThis reverts commit f7f5a15",
    "date": "2018-07-18T05:02:15Z",
    "url": "https://github.com/sqshq/piggymetrics/commit/811e2792ba3e0f22f2f4dc8b168518004a03a403"
  },
  {
    "oid": "f7f5a15c4c31c8684f41a6a9537b993a94b78934",
    "message": "default stripPrefix=true in gateway",
    "date": "2018-07-18T05:00:53Z",
    "url": "https://github.com/sqshq/piggymetrics/commit/f7f5a15c4c31c8684f41a6a9537b993a94b78934"
  },
  {
    "oid": "40be6ea9f7879d46eb50e07db2b168bd3da4ee23",
    "message": "remove secret from browser client",
    "date": "2018-07-17T16:19:08Z",
    "url": "https://github.com/sqshq/piggymetrics/commit/40be6ea9f7879d46eb50e07db2b168bd3da4ee23"
  },
  {
    "oid": "b2ff99fb11cba32390f372105c56e665f56b461f",
    "message": "specific password encoder instead of using id password encoder",
    "date": "2018-07-17T06:21:46Z",
    "url": "https://github.com/sqshq/piggymetrics/commit/b2ff99fb11cba32390f372105c56e665f56b461f"
  },
  {
    "oid": "f58f61b438d28e27419dc7d3cfde35314988d1c1",
    "message": "spring security 5 always require password encoder id\nhttps://spring.io/blog/2017/11/01/spring-security-5-0-0-rc1-released#password-storage-format",
    "date": "2018-07-17T05:49:59Z",
    "url": "https://github.com/sqshq/piggymetrics/commit/f58f61b438d28e27419dc7d3cfde35314988d1c1"
  },
  {
    "oid": "0a71de6d6f3d4db97df469e47b72b6de7940752b",
    "message": "update default spring security user password in config server",
    "date": "2018-07-17T04:36:06Z",
    "url": "https://github.com/sqshq/piggymetrics/commit/0a71de6d6f3d4db97df469e47b72b6de7940752b"
  },
  {
    "oid": "3ecad94e24f410970ec01f27a2c42ffad2bd081e",
    "message": "add single quote for RecipientRepository",
    "date": "2018-07-16T06:39:07Z",
    "url": "https://github.com/sqshq/piggymetrics/commit/3ecad94e24f410970ec01f27a2c42ffad2bd081e"
  },
  {
    "oid": "33fafc7df10b976cd534032e3cf48d5e9ccdd2cd",
    "message": "fix openfiegn import for accountServiceClient",
    "date": "2018-07-16T06:38:09Z",
    "url": "https://github.com/sqshq/piggymetrics/commit/33fafc7df10b976cd534032e3cf48d5e9ccdd2cd"
  },
  {
    "oid": "cda40fb26f5e39a214040b0263362732b6799cf3",
    "message": "update notification server to spring boot 2.0.3 and spring cloud finchley",
    "date": "2018-07-16T06:36:37Z",
    "url": "https://github.com/sqshq/piggymetrics/commit/cda40fb26f5e39a214040b0263362732b6799cf3"
  },
  {
    "oid": "7358254d9402cd8be9a78f252d15c7b2d92fb070",
    "message": "change server.context-path to server.servlet.context-path",
    "date": "2018-07-16T06:17:36Z",
    "url": "https://github.com/sqshq/piggymetrics/commit/7358254d9402cd8be9a78f252d15c7b2d92fb070"
  },
  {
    "oid": "c90fff1fb5b6a6a5335c903f8b960522b0d2b88c",
    "message": "fix openfeign import",
    "date": "2018-07-16T06:01:40Z",
    "url": "https://github.com/sqshq/piggymetrics/commit/c90fff1fb5b6a6a5335c903f8b960522b0d2b88c"
  },
  {
    "oid": "91eaaa8ec1687019ed68a10691b4d872723c087d",
    "message": "update statstic service to spring boot 2.0.3 and spring cloud finchley",
    "date": "2018-07-16T05:59:42Z",
    "url": "https://github.com/sqshq/piggymetrics/commit/91eaaa8ec1687019ed68a10691b4d872723c087d"
  },
  {
    "oid": "a3a091feb94a761211f2a9e514fcd6ed6fb01bd3",
    "message": "update auth server to spring boot 2.0.3 and spring cloud finchley",
    "date": "2018-07-16T05:41:44Z",
    "url": "https://github.com/sqshq/piggymetrics/commit/a3a091feb94a761211f2a9e514fcd6ed6fb01bd3"
  },
  {
    "oid": "1be5dffa8e444110e40e063494a1813169ca791a",
    "message": "update auth server to spring boot 2.0.3 and spring cloud finchley",
    "date": "2018-07-16T05:41:44Z",
    "url": "https://github.com/sqshq/piggymetrics/commit/1be5dffa8e444110e40e063494a1813169ca791a"
  },
  {
    "oid": "50d896e8a20c150b4f2972edd2d421d69e552aa8",
    "message": "update registry server to spring boot 2.0.3 and spring cloud finchley",
    "date": "2018-07-16T05:41:44Z",
    "url": "https://github.com/sqshq/piggymetrics/commit/50d896e8a20c150b4f2972edd2d421d69e552aa8"
  },
  {
    "oid": "bd74c7c1446566a659a84e8aed376b6359c4c3b1",
    "message": "update config server to spring boot 2.0.3 and spring cloud finchley",
    "date": "2018-07-16T05:41:44Z",
    "url": "https://github.com/sqshq/piggymetrics/commit/bd74c7c1446566a659a84e8aed376b6359c4c3b1"
  },
  {
    "oid": "eaec3c0d29e5b1b3e69f5a0ef2dd406840ed74e1",
    "message": "Merge pull request #22 from Zanoshky/patch-1\n\nUpdate attribution.html by removing typo",
    "date": "2018-06-02T03:33:32Z",
    "url": "https://github.com/sqshq/piggymetrics/commit/eaec3c0d29e5b1b3e69f5a0ef2dd406840ed74e1"
  },
  {
    "oid": "ef317218af5ac870c16459c3cdad20376db499a2",
    "message": "Update attribution.html",
    "date": "2018-05-29T08:29:18Z",
    "url": "https://github.com/sqshq/piggymetrics/commit/ef317218af5ac870c16459c3cdad20376db499a2"
  },
  {
    "oid": "1715202fcb0358413c9e645cb2e0dcf856bb56ee",
    "message": "Merge pull request #21 from AlekseySpiridonov/master\n\nFix issue with connectivity to Mongo",
    "date": "2018-05-04T02:57:47Z",
    "url": "https://github.com/sqshq/piggymetrics/commit/1715202fcb0358413c9e645cb2e0dcf856bb56ee"
  },
  {
    "oid": "9928dc2cef61b3f3db15ef99077aa07e63161f94",
    "message": "Fix issue with connectivity to Mongo",
    "date": "2018-03-22T08:22:01Z",
    "url": "https://github.com/sqshq/piggymetrics/commit/9928dc2cef61b3f3db15ef99077aa07e63161f94"
  },
  {
    "oid": "914ed4781a1999a70dcdc5e2d4a5133ae296f4c6",
    "message": "Merge pull request #17 from ddubson/master\n\nAdded build project directions to 'Before you start' subsection",
    "date": "2017-08-03T18:22:17Z",
    "url": "https://github.com/sqshq/piggymetrics/commit/914ed4781a1999a70dcdc5e2d4a5133ae296f4c6"
  },
  {
    "oid": "e36f3a0a19ddfd91fdf27612fbd98368e61cb646",
    "message": "Added build project directions to 'Before you start' subsection in README",
    "date": "2017-08-03T15:15:29Z",
    "url": "https://github.com/sqshq/piggymetrics/commit/e36f3a0a19ddfd91fdf27612fbd98368e61cb646"
  },
  {
    "oid": "49d45b83466c9cf14913cb8b12b77607ca3b75d1",
    "message": "minor README update",
    "date": "2017-07-08T23:07:38Z",
    "url": "https://github.com/sqshq/piggymetrics/commit/49d45b83466c9cf14913cb8b12b77607ca3b75d1"
  },
  {
    "oid": "ca63664979327f5d79a0a552b233b2ee9a6e905b",
    "message": "minor README update",
    "date": "2017-07-08T23:02:11Z",
    "url": "https://github.com/sqshq/piggymetrics/commit/ca63664979327f5d79a0a552b233b2ee9a6e905b"
  },
  {
    "oid": "be941219dae901ef687cb3a642ee0de3384596d8",
    "message": "minor README update",
    "date": "2017-05-11T21:10:11Z",
    "url": "https://github.com/sqshq/piggymetrics/commit/be941219dae901ef687cb3a642ee0de3384596d8"
  },
  {
    "oid": "b6bdb80e95ef5a705f1dcf961ab89fd215fedea0",
    "message": "docker healthcheck for config service (needed for compose's depends_on option)",
    "date": "2017-05-09T17:48:50Z",
    "url": "https://github.com/sqshq/piggymetrics/commit/b6bdb80e95ef5a705f1dcf961ab89fd215fedea0"
  },
  {
    "oid": "28dacdc1eee9607da16165a3f99a60d0447f12e9",
    "message": "minor README update",
    "date": "2017-05-09T17:47:16Z",
    "url": "https://github.com/sqshq/piggymetrics/commit/28dacdc1eee9607da16165a3f99a60d0447f12e9"
  },
  {
    "oid": "0f9acf570293f6e779779609df081353ccf39862",
    "message": "Merge pull request #13 from ddubson/patch-1\n\nFixed minor spelling error in README.md",
    "date": "2016-09-24T11:05:47Z",
    "url": "https://github.com/sqshq/piggymetrics/commit/0f9acf570293f6e779779609df081353ccf39862"
  },
  {
    "oid": "96588fa2703a5d9b4602fb12e4b33f1093c33723",
    "message": "Fixed minor spelling error in README.md\n\nChanged 'hearbeats' to 'heartbeats'",
    "date": "2016-09-23T18:53:38Z",
    "url": "https://github.com/sqshq/piggymetrics/commit/96588fa2703a5d9b4602fb12e4b33f1093c33723"
  },
  {
    "oid": "a55675809fdc49dd24389113933d906a8a3cbffc",
    "message": "endpoints clarification",
    "date": "2016-06-22T21:25:37Z",
    "url": "https://github.com/sqshq/piggymetrics/commit/a55675809fdc49dd24389113933d906a8a3cbffc"
  },
  {
    "oid": "8ff8c120ea0ff10f37207627b597c3062b27543f",
    "message": "zuul removing headers workaround for all routes",
    "date": "2016-06-21T11:10:48Z",
    "url": "https://github.com/sqshq/piggymetrics/commit/8ff8c120ea0ff10f37207627b597c3062b27543f"
  },
  {
    "oid": "721a16b99213812015d54588b6d277331ca60c9a",
    "message": "zuul removing headers workaround\n\nThanks @Braidner",
    "date": "2016-06-21T08:36:59Z",
    "url": "https://github.com/sqshq/piggymetrics/commit/721a16b99213812015d54588b6d277331ca60c9a"
  },
  {
    "oid": "79df48ec3a16f1144f2b2329c07d1feb7be61693",
    "message": "ignore eureka services by default to prevent zuul from accidentally exposing services that should only be accessible from the inside. (You have to add routes explicitely)",
    "date": "2016-06-11T08:29:05Z",
    "url": "https://github.com/sqshq/piggymetrics/commit/79df48ec3a16f1144f2b2329c07d1feb7be61693"
  },
  {
    "oid": "bf2071174f6fbb561d5591a986be9c5ca946a72d",
    "message": "Update README.md",
    "date": "2016-04-30T15:08:43Z",
    "url": "https://github.com/sqshq/piggymetrics/commit/bf2071174f6fbb561d5591a986be9c5ca946a72d"
  },
  {
    "oid": "983d97ab9c72c8b55c7378d56704f11f65abeb0b",
    "message": "Update README.md",
    "date": "2016-04-09T16:06:52Z",
    "url": "https://github.com/sqshq/piggymetrics/commit/983d97ab9c72c8b55c7378d56704f11f65abeb0b"
  },
  {
    "oid": "60a30dc1fb497650b7d8c3f5496225872e71bc8c",
    "message": "Update README.md",
    "date": "2016-04-04T23:01:02Z",
    "url": "https://github.com/sqshq/piggymetrics/commit/60a30dc1fb497650b7d8c3f5496225872e71bc8c"
  },
  {
    "oid": "de90b2407fde53d348f1daf5b1a4a337b7cfd758",
    "message": "Update README.md",
    "date": "2016-04-04T22:57:26Z",
    "url": "https://github.com/sqshq/piggymetrics/commit/de90b2407fde53d348f1daf5b1a4a337b7cfd758"
  },
  {
    "oid": "fc6b7a68bbd752ac3a55bed1cfaf9db5fc9e10aa",
    "message": "Update README.md",
    "date": "2016-04-03T22:19:06Z",
    "url": "https://github.com/sqshq/piggymetrics/commit/fc6b7a68bbd752ac3a55bed1cfaf9db5fc9e10aa"
  },
  {
    "oid": "e94c4bc2c0c504b08c8c81ee2d417db05af9da15",
    "message": "Update README.md",
    "date": "2016-04-02T21:28:54Z",
    "url": "https://github.com/sqshq/piggymetrics/commit/e94c4bc2c0c504b08c8c81ee2d417db05af9da15"
  },
  {
    "oid": "79531eee9d56d51ac5472ae890c13c8491c5fc7c",
    "message": "Update README.md",
    "date": "2016-04-02T20:55:47Z",
    "url": "https://github.com/sqshq/piggymetrics/commit/79531eee9d56d51ac5472ae890c13c8491c5fc7c"
  },
  {
    "oid": "4ead9bf83645fcce0c48109e26832eb72af6ef36",
    "message": "Update README.md",
    "date": "2016-04-01T23:51:30Z",
    "url": "https://github.com/sqshq/piggymetrics/commit/4ead9bf83645fcce0c48109e26832eb72af6ef36"
  },
  {
    "oid": "ff4b9ce8192d3268f2d914bcf4c0a248b6877a03",
    "message": "Update README.md",
    "date": "2016-04-01T23:16:58Z",
    "url": "https://github.com/sqshq/piggymetrics/commit/ff4b9ce8192d3268f2d914bcf4c0a248b6877a03"
  },
  {
    "oid": "cca5d44ff3e97d129e85b99b7512b67b789fdf5b",
    "message": "Merge remote-tracking branch 'origin/master'",
    "date": "2016-04-01T00:22:53Z",
    "url": "https://github.com/sqshq/piggymetrics/commit/cca5d44ff3e97d129e85b99b7512b67b789fdf5b"
  },
  {
    "oid": "f039a41939019b6f738f2978c3a559e91b357787",
    "message": "remove useless annotation",
    "date": "2016-04-01T00:18:56Z",
    "url": "https://github.com/sqshq/piggymetrics/commit/f039a41939019b6f738f2978c3a559e91b357787"
  },
  {
    "oid": "ad71257b472995bfd8545705bb7a80d5ccb270d6",
    "message": "Update README.md",
    "date": "2016-04-01T00:18:24Z",
    "url": "https://github.com/sqshq/piggymetrics/commit/ad71257b472995bfd8545705bb7a80d5ccb270d6"
  },
  {
    "oid": "5b7b9f36892a55a7042031077e3f520a075f344d",
    "message": "Update README.md",
    "date": "2016-04-01T00:12:57Z",
    "url": "https://github.com/sqshq/piggymetrics/commit/5b7b9f36892a55a7042031077e3f520a075f344d"
  },
  {
    "oid": "b09d75ec25eb7ab479e9ebf6086917e50eaca449",
    "message": "Update README.md",
    "date": "2016-04-01T00:05:40Z",
    "url": "https://github.com/sqshq/piggymetrics/commit/b09d75ec25eb7ab479e9ebf6086917e50eaca449"
  },
  {
    "oid": "5a86d6e8be309d13f06bae6c7ce76f624729d516",
    "message": "Update README.md",
    "date": "2016-03-31T23:31:24Z",
    "url": "https://github.com/sqshq/piggymetrics/commit/5a86d6e8be309d13f06bae6c7ce76f624729d516"
  },
  {
    "oid": "afbf96d4e6e599db2c5fed15fe8d8cb32bc2c5cd",
    "message": "Update README.md",
    "date": "2016-03-31T00:16:32Z",
    "url": "https://github.com/sqshq/piggymetrics/commit/afbf96d4e6e599db2c5fed15fe8d8cb32bc2c5cd"
  },
  {
    "oid": "c421a6f98df28430c98941b6c2b41b131ee89928",
    "message": "Update README.md",
    "date": "2016-03-30T23:54:01Z",
    "url": "https://github.com/sqshq/piggymetrics/commit/c421a6f98df28430c98941b6c2b41b131ee89928"
  },
  {
    "oid": "6e7f20349668acac7f9b35364206d5572b7d50ed",
    "message": "Update README.md",
    "date": "2016-03-30T23:51:12Z",
    "url": "https://github.com/sqshq/piggymetrics/commit/6e7f20349668acac7f9b35364206d5572b7d50ed"
  },
  {
    "oid": "02ed99a000d12801d8cecb976c4695d47bca88e6",
    "message": "Update README.md",
    "date": "2016-03-30T22:35:23Z",
    "url": "https://github.com/sqshq/piggymetrics/commit/02ed99a000d12801d8cecb976c4695d47bca88e6"
  },
  {
    "oid": "f7c92afdaf1f490c1e29241ad917913665296986",
    "message": "Update README.md",
    "date": "2016-03-30T14:14:13Z",
    "url": "https://github.com/sqshq/piggymetrics/commit/f7c92afdaf1f490c1e29241ad917913665296986"
  },
  {
    "oid": "e75865a7cfd39089c6c4ef750f41882731504b3b",
    "message": "Update README.md",
    "date": "2016-03-29T23:39:26Z",
    "url": "https://github.com/sqshq/piggymetrics/commit/e75865a7cfd39089c6c4ef750f41882731504b3b"
  },
  {
    "oid": "db5a35b7767e09f09a2e5c084591bd6514850815",
    "message": "Update README.md",
    "date": "2016-03-22T22:46:50Z",
    "url": "https://github.com/sqshq/piggymetrics/commit/db5a35b7767e09f09a2e5c084591bd6514850815"
  },
  {
    "oid": "30ca01d186d53c25b4cd8b0edbea2a2ef728a4ac",
    "message": "Update README.md",
    "date": "2016-03-22T22:46:28Z",
    "url": "https://github.com/sqshq/piggymetrics/commit/30ca01d186d53c25b4cd8b0edbea2a2ef728a4ac"
  },
  {
    "oid": "512024a069185a8c0cba105d93e9d836c49bb2bc",
    "message": "Update README.md",
    "date": "2016-03-22T17:19:54Z",
    "url": "https://github.com/sqshq/piggymetrics/commit/512024a069185a8c0cba105d93e9d836c49bb2bc"
  },
  {
    "oid": "2375781ba1b2833d8e1a9cca1d171b74b48ad0fa",
    "message": "Update README.md",
    "date": "2016-03-22T17:13:02Z",
    "url": "https://github.com/sqshq/piggymetrics/commit/2375781ba1b2833d8e1a9cca1d171b74b48ad0fa"
  },
  {
    "oid": "8094cd393c6565e356e6beccd04d17c3fa13e34b",
    "message": "Update README.md",
    "date": "2016-03-22T00:19:12Z",
    "url": "https://github.com/sqshq/piggymetrics/commit/8094cd393c6565e356e6beccd04d17c3fa13e34b"
  },
  {
    "oid": "2f92e3229f89ca7aa67dd8296e4c72cc1452456c",
    "message": "Update README.md",
    "date": "2016-03-21T09:56:06Z",
    "url": "https://github.com/sqshq/piggymetrics/commit/2f92e3229f89ca7aa67dd8296e4c72cc1452456c"
  },
  {
    "oid": "f170ea5df3d581c6cd4d109c47599e18d25e120f",
    "message": "Update README.md",
    "date": "2016-03-20T23:41:36Z",
    "url": "https://github.com/sqshq/piggymetrics/commit/f170ea5df3d581c6cd4d109c47599e18d25e120f"
  },
  {
    "oid": "cdc2df26925ad924f2bc2e1930e46384daf1f509",
    "message": "Update README.md",
    "date": "2016-03-20T22:31:46Z",
    "url": "https://github.com/sqshq/piggymetrics/commit/cdc2df26925ad924f2bc2e1930e46384daf1f509"
  },
  {
    "oid": "dd623d4dec6b87568ea8997889f5bad046548001",
    "message": "Update README.md",
    "date": "2016-03-20T21:35:48Z",
    "url": "https://github.com/sqshq/piggymetrics/commit/dd623d4dec6b87568ea8997889f5bad046548001"
  },
  {
    "oid": "30e42be1d05323547c8036a8ae0f020ddad98e68",
    "message": "Update README.md",
    "date": "2016-03-20T20:08:23Z",
    "url": "https://github.com/sqshq/piggymetrics/commit/30e42be1d05323547c8036a8ae0f020ddad98e68"
  },
  {
    "oid": "027bf341fd18287583aec06d383c0e5601468a97",
    "message": "Update README.md",
    "date": "2016-03-20T18:00:16Z",
    "url": "https://github.com/sqshq/piggymetrics/commit/027bf341fd18287583aec06d383c0e5601468a97"
  },
  {
    "oid": "5856760fe4cdc3dc04a94a09eef41d0332411e67",
    "message": "Update README.md",
    "date": "2016-03-17T23:29:10Z",
    "url": "https://github.com/sqshq/piggymetrics/commit/5856760fe4cdc3dc04a94a09eef41d0332411e67"
  },
  {
    "oid": "d06e7800a6010db026b5aac1afc254dfee2a4981",
    "message": "Update README.md",
    "date": "2016-03-17T23:22:21Z",
    "url": "https://github.com/sqshq/piggymetrics/commit/d06e7800a6010db026b5aac1afc254dfee2a4981"
  },
  {
    "oid": "670917d2385fd3f66cca6c99a29da1e17628034c",
    "message": "LICENCE added",
    "date": "2016-03-17T22:31:57Z",
    "url": "https://github.com/sqshq/piggymetrics/commit/670917d2385fd3f66cca6c99a29da1e17628034c"
  },
  {
    "oid": "cef2d898a137a2456afad272652b7d83af35bf59",
    "message": "Update README.md",
    "date": "2016-03-16T22:04:26Z",
    "url": "https://github.com/sqshq/piggymetrics/commit/cef2d898a137a2456afad272652b7d83af35bf59"
  },
  {
    "oid": "a5ee33b85dc867b3e01d2dcac94164df9221c7f9",
    "message": "minor fixes",
    "date": "2016-03-13T22:52:25Z",
    "url": "https://github.com/sqshq/piggymetrics/commit/a5ee33b85dc867b3e01d2dcac94164df9221c7f9"
  },
  {
    "oid": "c860bf08fb6b50506cef04521b266388578fe4ef",
    "message": "docker hub support",
    "date": "2016-03-13T01:37:11Z",
    "url": "https://github.com/sqshq/piggymetrics/commit/c860bf08fb6b50506cef04521b266388578fe4ef"
  },
  {
    "oid": "a69d882ede72ad32a532090496afa6c155470e26",
    "message": "docker hub support",
    "date": "2016-03-13T01:07:37Z",
    "url": "https://github.com/sqshq/piggymetrics/commit/a69d882ede72ad32a532090496afa6c155470e26"
  },
  {
    "oid": "109812e787359ae6681cc85aa4f41f122a0d1a93",
    "message": "docker hub support",
    "date": "2016-03-13T00:55:26Z",
    "url": "https://github.com/sqshq/piggymetrics/commit/109812e787359ae6681cc85aa4f41f122a0d1a93"
  },
  {
    "oid": "ad409699fc541d8d4b8793249a6466e2dcfbca60",
    "message": "docker hub support",
    "date": "2016-03-13T00:54:29Z",
    "url": "https://github.com/sqshq/piggymetrics/commit/ad409699fc541d8d4b8793249a6466e2dcfbca60"
  },
  {
    "oid": "d65f6458c74c70d35bff4d27bfb71fa92914e10e",
    "message": "docker hub support",
    "date": "2016-03-13T00:41:12Z",
    "url": "https://github.com/sqshq/piggymetrics/commit/d65f6458c74c70d35bff4d27bfb71fa92914e10e"
  },
  {
    "oid": "b4de7f38969e82aa4abef4e69585ffe251c8424d",
    "message": "fix",
    "date": "2016-03-12T18:17:26Z",
    "url": "https://github.com/sqshq/piggymetrics/commit/b4de7f38969e82aa4abef4e69585ffe251c8424d"
  },
  {
    "oid": "316e2a23dee88fe90fe7c6f31c06f0fde58810df",
    "message": "var renaming bugfix",
    "date": "2016-03-12T00:57:29Z",
    "url": "https://github.com/sqshq/piggymetrics/commit/316e2a23dee88fe90fe7c6f31c06f0fde58810df"
  },
  {
    "oid": "6eff20c28f744ad3684dcf9635f58b50961e0576",
    "message": "error codes handlers",
    "date": "2016-03-12T00:08:46Z",
    "url": "https://github.com/sqshq/piggymetrics/commit/6eff20c28f744ad3684dcf9635f58b50961e0576"
  },
  {
    "oid": "99d13c0ccb3848e796b57de4911f18c21558136c",
    "message": "bugfix",
    "date": "2016-03-09T00:18:02Z",
    "url": "https://github.com/sqshq/piggymetrics/commit/99d13c0ccb3848e796b57de4911f18c21558136c"
  },
  {
    "oid": "09e9a7ee0fae2ada49d47829e9a58240e0025115",
    "message": "user details service tests",
    "date": "2016-03-09T00:09:16Z",
    "url": "https://github.com/sqshq/piggymetrics/commit/09e9a7ee0fae2ada49d47829e9a58240e0025115"
  },
  {
    "oid": "6ce199c52dfa6cff6a6a71261d0b06fecc7c5723",
    "message": "minor fix",
    "date": "2016-03-08T22:14:28Z",
    "url": "https://github.com/sqshq/piggymetrics/commit/6ce199c52dfa6cff6a6a71261d0b06fecc7c5723"
  },
  {
    "oid": "a94469ed87ea2ba4466748bc0303fd8d2376e8d8",
    "message": "statistics service client test",
    "date": "2016-02-27T00:34:33Z",
    "url": "https://github.com/sqshq/piggymetrics/commit/a94469ed87ea2ba4466748bc0303fd8d2376e8d8"
  },
  {
    "oid": "09d2d9f9cdef4d712f2fd6ced44120ba29a66ec1",
    "message": "Merge remote-tracking branch 'origin/master'",
    "date": "2016-02-27T00:23:13Z",
    "url": "https://github.com/sqshq/piggymetrics/commit/09d2d9f9cdef4d712f2fd6ced44120ba29a66ec1"
  },
  {
    "oid": "b2625aba1a88eff840f9fde7cf6f96062a224401",
    "message": "Update README.md",
    "date": "2016-02-26T23:39:59Z",
    "url": "https://github.com/sqshq/piggymetrics/commit/b2625aba1a88eff840f9fde7cf6f96062a224401"
  },
  {
    "oid": "3b87c6aa34cd5fdf3dc5dae465e2467fc46affd0",
    "message": "Merge pull request #2 from gitter-badger/gitter-badge\n\nAdd a Gitter chat badge to README.md",
    "date": "2016-02-26T23:39:10Z",
    "url": "https://github.com/sqshq/piggymetrics/commit/3b87c6aa34cd5fdf3dc5dae465e2467fc46affd0"
  },
  {
    "oid": "ea8870f54dad82a12c6072936f970d441138ec80",
    "message": "Add Gitter badge",
    "date": "2016-02-26T23:37:20Z",
    "url": "https://github.com/sqshq/piggymetrics/commit/ea8870f54dad82a12c6072936f970d441138ec80"
  },
  {
    "oid": "a719c1a38e501182fef4e794a0e62e7a3ae5ab5e",
    "message": "demo account dump extension",
    "date": "2016-02-23T23:55:15Z",
    "url": "https://github.com/sqshq/piggymetrics/commit/a719c1a38e501182fef4e794a0e62e7a3ae5ab5e"
  },
  {
    "oid": "c6ac07d87b29d11cd12bde9d15682dab3a64a367",
    "message": "Merge remote-tracking branch 'origin/master'",
    "date": "2016-02-14T20:07:01Z",
    "url": "https://github.com/sqshq/piggymetrics/commit/c6ac07d87b29d11cd12bde9d15682dab3a64a367"
  },
  {
    "oid": "9aae977562ab7e97a9ffeabb1e9a2de7456a2345",
    "message": "jacoco plugin",
    "date": "2016-02-14T20:06:51Z",
    "url": "https://github.com/sqshq/piggymetrics/commit/9aae977562ab7e97a9ffeabb1e9a2de7456a2345"
  },
  {
    "oid": "6ccdd66516afaed74923139a882e83d5c45d7c58",
    "message": "codecov badge",
    "date": "2016-02-14T19:51:36Z",
    "url": "https://github.com/sqshq/piggymetrics/commit/6ccdd66516afaed74923139a882e83d5c45d7c58"
  },
  {
    "oid": "de15f6244c06a176d4aeeabcfc02e0e1d35cb71b",
    "message": "jacoco plugin",
    "date": "2016-02-14T19:08:49Z",
    "url": "https://github.com/sqshq/piggymetrics/commit/de15f6244c06a176d4aeeabcfc02e0e1d35cb71b"
  },
  {
    "oid": "c5d0998d14581b148a374824d5cab4b777ce55a4",
    "message": "add jacoco",
    "date": "2016-02-14T00:36:41Z",
    "url": "https://github.com/sqshq/piggymetrics/commit/c5d0998d14581b148a374824d5cab4b777ce55a4"
  },
  {
    "oid": "ecd9f6e6d9e3d7f512c625ce299eac20c19654a9",
    "message": "Use Codecov bash uploader",
    "date": "2016-02-14T00:35:18Z",
    "url": "https://github.com/sqshq/piggymetrics/commit/ecd9f6e6d9e3d7f512c625ce299eac20c19654a9"
  },
  {
    "oid": "90a9bbdd0017264ea99e7fe7cd281314c0beeaed",
    "message": "sudo required",
    "date": "2016-02-13T22:37:08Z",
    "url": "https://github.com/sqshq/piggymetrics/commit/90a9bbdd0017264ea99e7fe7cd281314c0beeaed"
  },
  {
    "oid": "6b1efdb4c2a1498c7dfa6a864e149bd39b8d355d",
    "message": "codecov support",
    "date": "2016-02-13T21:50:54Z",
    "url": "https://github.com/sqshq/piggymetrics/commit/6b1efdb4c2a1498c7dfa6a864e149bd39b8d355d"
  },
  {
    "oid": "af75ddb815393599dc7f00329e79b01e9f65e058",
    "message": "codecov support",
    "date": "2016-02-13T21:44:41Z",
    "url": "https://github.com/sqshq/piggymetrics/commit/af75ddb815393599dc7f00329e79b01e9f65e058"
  },
  {
    "oid": "177402e7b756072e215fcf990ad6367ce6e0c45a",
    "message": "Merge remote-tracking branch 'origin/master'",
    "date": "2016-02-07T22:13:20Z",
    "url": "https://github.com/sqshq/piggymetrics/commit/177402e7b756072e215fcf990ad6367ce6e0c45a"
  },
  {
    "oid": "f91d54729b827739b73616dc7a8387eed9e52a1a",
    "message": "config fix",
    "date": "2016-02-07T22:13:08Z",
    "url": "https://github.com/sqshq/piggymetrics/commit/f91d54729b827739b73616dc7a8387eed9e52a1a"
  },
  {
    "oid": "d6edd6f48ead95ca3e45d8092f5e7e682de0ea06",
    "message": "Update README.md",
    "date": "2016-02-07T22:09:20Z",
    "url": "https://github.com/sqshq/piggymetrics/commit/d6edd6f48ead95ca3e45d8092f5e7e682de0ea06"
  },
  {
    "oid": "f6e484ee3ced784cce944f1184571db530410e0c",
    "message": "travis ci config",
    "date": "2016-02-07T22:06:38Z",
    "url": "https://github.com/sqshq/piggymetrics/commit/f6e484ee3ced784cce944f1184571db530410e0c"
  },
  {
    "oid": "3f10456076fdf98ebddc17c569e5957f0a4fdeb7",
    "message": "ui migration",
    "date": "2016-01-29T21:48:10Z",
    "url": "https://github.com/sqshq/piggymetrics/commit/3f10456076fdf98ebddc17c569e5957f0a4fdeb7"
  },
  {
    "oid": "5171942c926cebb15a6541828458dd89a391a3b4",
    "message": "ui migration",
    "date": "2016-01-28T22:32:15Z",
    "url": "https://github.com/sqshq/piggymetrics/commit/5171942c926cebb15a6541828458dd89a391a3b4"
  },
  {
    "oid": "3301ecd42a6908aa4365d80f337ffe9e4d69f9f0",
    "message": "eureka names",
    "date": "2016-01-25T22:31:39Z",
    "url": "https://github.com/sqshq/piggymetrics/commit/3301ecd42a6908aa4365d80f337ffe9e4d69f9f0"
  },
  {
    "oid": "24c1e072cc3f22a4d949c38786bb15054d7fb77e",
    "message": "eureka names",
    "date": "2016-01-25T22:31:39Z",
    "url": "https://github.com/sqshq/piggymetrics/commit/24c1e072cc3f22a4d949c38786bb15054d7fb77e"
  },
  {
    "oid": "957740a22b7b2cd92e0c3f175cb08953e9e685e0",
    "message": "Merge remote-tracking branch 'origin/master'",
    "date": "2015-06-28T20:40:12Z",
    "url": "https://github.com/sqshq/piggymetrics/commit/957740a22b7b2cd92e0c3f175cb08953e9e685e0"
  },
  {
    "oid": "eb9becc5a7448498b9e4719933dadd0b6e1f5b11",
    "message": "Merge remote-tracking branch 'origin/master'",
    "date": "2015-06-28T20:40:12Z",
    "url": "https://github.com/sqshq/piggymetrics/commit/eb9becc5a7448498b9e4719933dadd0b6e1f5b11"
  },
  {
    "oid": "e632202c7b92c65de39cefda006c7973f4e9b88d",
    "message": "readme fix",
    "date": "2015-06-28T20:11:46Z",
    "url": "https://github.com/sqshq/piggymetrics/commit/e632202c7b92c65de39cefda006c7973f4e9b88d"
  },
  {
    "oid": "3f73a59112ff25bc99cf276c70dc6ae74a963282",
    "message": "readme fix",
    "date": "2015-06-28T20:11:46Z",
    "url": "https://github.com/sqshq/piggymetrics/commit/3f73a59112ff25bc99cf276c70dc6ae74a963282"
  },
  {
    "oid": "605e553f9bc900b530ff54988dc4a283d4252ca8",
    "message": "readme",
    "date": "2015-04-29T06:30:33Z",
    "url": "https://github.com/sqshq/piggymetrics/commit/605e553f9bc900b530ff54988dc4a283d4252ca8"
  }
]