[
  {
    "oid": "016672137e413a9462313b5d73ca6f736b8ad99f",
    "message": "Update README.md",
    "date": "2024-11-29T13:41:09Z",
    "url": "https://github.com/Yalantis/uCrop/commit/016672137e413a9462313b5d73ca6f736b8ad99f"
  },
  {
    "oid": "b6dfe6adc806ede0adeffcb96990b84b4123c51f",
    "message": "Merge pull request #923 from Yalantis/change/license_update\n\nUpdate license text",
    "date": "2024-08-16T11:17:15Z",
    "url": "https://github.com/Yalantis/uCrop/commit/b6dfe6adc806ede0adeffcb96990b84b4123c51f"
  },
  {
    "oid": "1ccd6b46242be3af52391a50fe87f2eb77f638e4",
    "message": "Update license text",
    "date": "2024-08-16T11:12:30Z",
    "url": "https://github.com/Yalantis/uCrop/commit/1ccd6b46242be3af52391a50fe87f2eb77f638e4"
  },
  {
    "oid": "ed2b293657f367dfbe5118d90f40baf77f6a4b3e",
    "message": "Code refactoring",
    "date": "2024-05-21T10:56:40Z",
    "url": "https://github.com/Yalantis/uCrop/commit/ed2b293657f367dfbe5118d90f40baf77f6a4b3e"
  },
  {
    "oid": "ec3aba80fc95410247d442dd8a890b2dc3652156",
    "message": "Merge pull request #908 from an22/feature/use-java-11-for-jitpack\n\nuse java 11 for jitpack publishing",
    "date": "2024-03-19T11:28:49Z",
    "url": "https://github.com/Yalantis/uCrop/commit/ec3aba80fc95410247d442dd8a890b2dc3652156"
  },
  {
    "oid": "45c4e5a483fc7c9fb1ea7a7a35be6bdc533c2b8a",
    "message": "use java 11 for jitpack publishing",
    "date": "2024-03-19T11:27:23Z",
    "url": "https://github.com/Yalantis/uCrop/commit/45c4e5a483fc7c9fb1ea7a7a35be6bdc533c2b8a"
  },
  {
    "oid": "077d8241a1e8621ffb35a54c4c7ace76364a73d3",
    "message": "Merge pull request #907 from an22/feature/migration_to_maven_publish\n\nmigration to maven publish plugin",
    "date": "2024-03-19T11:04:36Z",
    "url": "https://github.com/Yalantis/uCrop/commit/077d8241a1e8621ffb35a54c4c7ace76364a73d3"
  },
  {
    "oid": "f5ab287cdd89c40916e715b3d4595933c680b837",
    "message": "migration to maven publish",
    "date": "2024-03-19T11:01:28Z",
    "url": "https://github.com/Yalantis/uCrop/commit/f5ab287cdd89c40916e715b3d4595933c680b837"
  },
  {
    "oid": "23114c3adfcc37c17812636c295e8e2307ced5d1",
    "message": "Merge pull request #899 from Yalantis/fix/readme_file\n\nUpdate README.md",
    "date": "2023-12-01T11:10:40Z",
    "url": "https://github.com/Yalantis/uCrop/commit/23114c3adfcc37c17812636c295e8e2307ced5d1"
  },
  {
    "oid": "2c1920be7345fabf06371a43c2b415def14b700f",
    "message": "Update README.md",
    "date": "2023-12-01T11:06:40Z",
    "url": "https://github.com/Yalantis/uCrop/commit/2c1920be7345fabf06371a43c2b415def14b700f"
  },
  {
    "oid": "eadab6172ca0734bd090525aaa6326c592d07f79",
    "message": "Merge pull request #886 from dinhlamvn/develop\n\nSupport destination uri as a content provider uri",
    "date": "2023-11-30T15:07:54Z",
    "url": "https://github.com/Yalantis/uCrop/commit/eadab6172ca0734bd090525aaa6326c592d07f79"
  },
  {
    "oid": "3501dad7fa07990828f0c8dee47c0b08e0697366",
    "message": "Update README.md",
    "date": "2023-11-29T09:44:23Z",
    "url": "https://github.com/Yalantis/uCrop/commit/3501dad7fa07990828f0c8dee47c0b08e0697366"
  },
  {
    "oid": "5363ca8a0f32eb894ad2c75bc5e01c4f6608f87f",
    "message": "Update README.md",
    "date": "2023-11-29T09:41:59Z",
    "url": "https://github.com/Yalantis/uCrop/commit/5363ca8a0f32eb894ad2c75bc5e01c4f6608f87f"
  },
  {
    "oid": "2044df9986ef48700eb97d774ea88de082d78419",
    "message": "Update README.md",
    "date": "2023-11-24T15:33:11Z",
    "url": "https://github.com/Yalantis/uCrop/commit/2044df9986ef48700eb97d774ea88de082d78419"
  },
  {
    "oid": "4f297d540e002ea7a7340735c69faeb3c13de507",
    "message": "Update README.md",
    "date": "2023-11-24T15:15:53Z",
    "url": "https://github.com/Yalantis/uCrop/commit/4f297d540e002ea7a7340735c69faeb3c13de507"
  },
  {
    "oid": "dc1f36d5c5db5612ec0addef3ceff9a61be953f3",
    "message": "Start uCrop flow using ActivityResultLauncher",
    "date": "2023-11-24T12:39:55Z",
    "url": "https://github.com/Yalantis/uCrop/commit/dc1f36d5c5db5612ec0addef3ceff9a61be953f3"
  },
  {
    "oid": "70acd300c9a3598f7fec634524fa2c0dcf484f34",
    "message": "Temporarily comment out the mavenpush.gradle file until the next release",
    "date": "2023-11-17T11:40:18Z",
    "url": "https://github.com/Yalantis/uCrop/commit/70acd300c9a3598f7fec634524fa2c0dcf484f34"
  },
  {
    "oid": "2ed9a82fa03cf73d875ead4ccad57270167522ca",
    "message": "support destination uri as a content provider uri",
    "date": "2023-07-04T02:20:04Z",
    "url": "https://github.com/Yalantis/uCrop/commit/2ed9a82fa03cf73d875ead4ccad57270167522ca"
  },
  {
    "oid": "5f6f37587e3ab05a56597b14198902232ba69e83",
    "message": "Added functionality to enable/disable gestures in GestureCropImageView",
    "date": "2022-01-25T13:50:49Z",
    "url": "https://github.com/Yalantis/uCrop/commit/5f6f37587e3ab05a56597b14198902232ba69e83"
  },
  {
    "oid": "4cc5291bae1bdea0c6e95f1ac54cda5e18d4b80f",
    "message": "Improve readme",
    "date": "2022-01-25T13:19:30Z",
    "url": "https://github.com/Yalantis/uCrop/commit/4cc5291bae1bdea0c6e95f1ac54cda5e18d4b80f"
  },
  {
    "oid": "f48dfcdc5ae99754a4f1107f9048a8d2865c3481",
    "message": "fix portuguese language file",
    "date": "2022-01-21T13:43:53Z",
    "url": "https://github.com/Yalantis/uCrop/commit/f48dfcdc5ae99754a4f1107f9048a8d2865c3481"
  },
  {
    "oid": "dd7f41112476b9945390264fe69389425ce6e2cd",
    "message": "feat(i18n): update Simplified and traditional Chinese language",
    "date": "2022-01-21T13:35:55Z",
    "url": "https://github.com/Yalantis/uCrop/commit/dd7f41112476b9945390264fe69389425ce6e2cd"
  },
  {
    "oid": "18fa855f7c49fa06882ebb35c5f7c856957e65c2",
    "message": "update german localization",
    "date": "2022-01-21T13:32:29Z",
    "url": "https://github.com/Yalantis/uCrop/commit/18fa855f7c49fa06882ebb35c5f7c856957e65c2"
  },
  {
    "oid": "befdedb5624c98b84f24cdc05bbc2519a1d77166",
    "message": "Add Farsi (Persian) string translations",
    "date": "2022-01-21T13:31:31Z",
    "url": "https://github.com/Yalantis/uCrop/commit/befdedb5624c98b84f24cdc05bbc2519a1d77166"
  },
  {
    "oid": "602066bab6234d228f5c4464c02e6c23a8cc95f3",
    "message": "nl locale",
    "date": "2022-01-21T13:29:33Z",
    "url": "https://github.com/Yalantis/uCrop/commit/602066bab6234d228f5c4464c02e6c23a8cc95f3"
  },
  {
    "oid": "b829a280d059b0adec0e257666c90bff042e3f55",
    "message": "Merge pull request #709 from alesharik/develop\n\nAdd ru locale",
    "date": "2022-01-21T13:20:53Z",
    "url": "https://github.com/Yalantis/uCrop/commit/b829a280d059b0adec0e257666c90bff042e3f55"
  },
  {
    "oid": "9697ec54b99dbd43a7df81e8d5abd75b4e617700",
    "message": "add zh locale strings",
    "date": "2022-01-21T13:19:46Z",
    "url": "https://github.com/Yalantis/uCrop/commit/9697ec54b99dbd43a7df81e8d5abd75b4e617700"
  },
  {
    "oid": "4d3623ec574e1b895db165b2e50d039beeb9a8ec",
    "message": "Migrate jcenter usage to mavenCentral\n\nSigned-off-by: dmorozov <dmytro.morozov@yalantis.net>",
    "date": "2022-01-21T13:00:49Z",
    "url": "https://github.com/Yalantis/uCrop/commit/4d3623ec574e1b895db165b2e50d039beeb9a8ec"
  },
  {
    "oid": "eabe0ef0cd3d08fe3b3dee0349f7ebfb7691512a",
    "message": "Fix launch of sample app on Android 12",
    "date": "2022-01-21T12:50:39Z",
    "url": "https://github.com/Yalantis/uCrop/commit/eabe0ef0cd3d08fe3b3dee0349f7ebfb7691512a"
  },
  {
    "oid": "6a5ef6973506448829a92ea1f0a93cac552abe2d",
    "message": "Add ru locale",
    "date": "2020-09-29T22:07:11Z",
    "url": "https://github.com/Yalantis/uCrop/commit/6a5ef6973506448829a92ea1f0a93cac552abe2d"
  },
  {
    "oid": "1a7653e102414d805ff13095efb049f95de594f1",
    "message": "Update README.md",
    "date": "2020-08-20T14:50:22Z",
    "url": "https://github.com/Yalantis/uCrop/commit/1a7653e102414d805ff13095efb049f95de594f1"
  },
  {
    "oid": "f4183225ba16d8f245329c97fc322a462301be4b",
    "message": "Merge pull request #691 from zalesskyi/fix/uCrop_image_saving_android_q\n\nFixed image saving on Android Q.",
    "date": "2020-08-20T12:57:00Z",
    "url": "https://github.com/Yalantis/uCrop/commit/f4183225ba16d8f245329c97fc322a462301be4b"
  },
  {
    "oid": "e051a12c71787694d232f332cec82baa0502caff",
    "message": "Fixed image saving on Android Q.",
    "date": "2020-08-20T09:35:14Z",
    "url": "https://github.com/Yalantis/uCrop/commit/e051a12c71787694d232f332cec82baa0502caff"
  },
  {
    "oid": "37d3275a6db78d68fb678ed92bbda55c2a4dded3",
    "message": "Merge pull request #690 from zalesskyi/fix/uCrop_high_resolution_crash\n\nFixed 'high resolution' crash.",
    "date": "2020-08-20T08:18:14Z",
    "url": "https://github.com/Yalantis/uCrop/commit/37d3275a6db78d68fb678ed92bbda55c2a4dded3"
  },
  {
    "oid": "7f2d55673a8b2c08f6c5f0af7ed6f01518a384fa",
    "message": "Fixed 'high resolution' crash.",
    "date": "2020-08-20T07:53:14Z",
    "url": "https://github.com/Yalantis/uCrop/commit/7f2d55673a8b2c08f6c5f0af7ed6f01518a384fa"
  },
  {
    "oid": "464a8ea59d2ce3a061f27125f084bad751a7af25",
    "message": "updated readme",
    "date": "2020-04-29T09:23:12Z",
    "url": "https://github.com/Yalantis/uCrop/commit/464a8ea59d2ce3a061f27125f084bad751a7af25"
  },
  {
    "oid": "7580d3329ec45e082dcfca1f72b07be448834ba0",
    "message": "Merge pull request #547 from koji-1009/feature/lang_ja\n\nAdd Japanese translation",
    "date": "2020-04-01T12:20:29Z",
    "url": "https://github.com/Yalantis/uCrop/commit/7580d3329ec45e082dcfca1f72b07be448834ba0"
  },
  {
    "oid": "b8eefbb7a8955e015c770847cb0361b4d6046684",
    "message": "Merge pull request #575 from JoSeBu1/master\n\nAdd Spanish translation",
    "date": "2020-04-01T12:19:47Z",
    "url": "https://github.com/Yalantis/uCrop/commit/b8eefbb7a8955e015c770847cb0361b4d6046684"
  },
  {
    "oid": "706aab05660af74a7dcd60bba1639943f0849849",
    "message": "Merge pull request #576 from paulocmbraga/patch-1\n\nTranslate Brazil Portuguese",
    "date": "2020-04-01T12:18:38Z",
    "url": "https://github.com/Yalantis/uCrop/commit/706aab05660af74a7dcd60bba1639943f0849849"
  },
  {
    "oid": "f8851825af982dbfd98466bf0827a6f5c875f551",
    "message": "Merge pull request #607 from beigirad/develop\n\nremoved unused permission for picking",
    "date": "2020-03-19T14:29:29Z",
    "url": "https://github.com/Yalantis/uCrop/commit/f8851825af982dbfd98466bf0827a6f5c875f551"
  },
  {
    "oid": "4261c068a72cf5095fd79192a44a7be723ac5be6",
    "message": "removed unused permission for picking",
    "date": "2020-01-05T15:01:54Z",
    "url": "https://github.com/Yalantis/uCrop/commit/4261c068a72cf5095fd79192a44a7be723ac5be6"
  },
  {
    "oid": "5044c1f14d71036cc634dd53729ffa50547f102e",
    "message": "Change ja-JP to ja",
    "date": "2019-10-03T05:44:41Z",
    "url": "https://github.com/Yalantis/uCrop/commit/5044c1f14d71036cc634dd53729ffa50547f102e"
  },
  {
    "oid": "3877baa360d7b00084634d4ece53e1d351086225",
    "message": "Translate Brazil Portuguese\n\nTranslate for brazilian portuguese (pt-br)",
    "date": "2019-10-02T20:48:42Z",
    "url": "https://github.com/Yalantis/uCrop/commit/3877baa360d7b00084634d4ece53e1d351086225"
  },
  {
    "oid": "f416a8327caf20318657576c7d2b3ff9d22dbb67",
    "message": "Added Spanish language",
    "date": "2019-09-28T16:41:56Z",
    "url": "https://github.com/Yalantis/uCrop/commit/f416a8327caf20318657576c7d2b3ff9d22dbb67"
  },
  {
    "oid": "14bd3361343c057cb2ed7a01d6865c3a0ab9dedb",
    "message": "Added ripple effect to rotate controls",
    "date": "2019-09-11T12:51:03Z",
    "url": "https://github.com/Yalantis/uCrop/commit/14bd3361343c057cb2ed7a01d6865c3a0ab9dedb"
  },
  {
    "oid": "24adeffc7148524ae9b64505558a1ea4e3154db4",
    "message": "Added ripple effect to rotate controls",
    "date": "2019-09-11T10:33:53Z",
    "url": "https://github.com/Yalantis/uCrop/commit/24adeffc7148524ae9b64505558a1ea4e3154db4"
  },
  {
    "oid": "6a683094069c30d3f0002a18eda4800d75a6e58c",
    "message": "Dot placed little upper\n\n(cherry picked from commit ef97e61117643633993cb2d7932f667da031d2bc)",
    "date": "2019-09-09T10:59:02Z",
    "url": "https://github.com/Yalantis/uCrop/commit/6a683094069c30d3f0002a18eda4800d75a6e58c"
  },
  {
    "oid": "59acb992e4960e002777333a6bd830385d324a3b",
    "message": "Add ja-JP string file",
    "date": "2019-07-26T09:49:44Z",
    "url": "https://github.com/Yalantis/uCrop/commit/59acb992e4960e002777333a6bd830385d324a3b"
  },
  {
    "oid": "49f8f586fc9dc777621f0c4816b6b92d6d15fc24",
    "message": "gradle properties sync library version",
    "date": "2019-04-04T18:36:29Z",
    "url": "https://github.com/Yalantis/uCrop/commit/49f8f586fc9dc777621f0c4816b6b92d6d15fc24"
  },
  {
    "oid": "53e220260ececb07bd54a60b99fa7cf5d99e7754",
    "message": "Fixed samsung hardware menu button crash",
    "date": "2019-04-04T10:57:56Z",
    "url": "https://github.com/Yalantis/uCrop/commit/53e220260ececb07bd54a60b99fa7cf5d99e7754"
  },
  {
    "oid": "27f8381bfb6d6477c359f7d1dd79a1c60cc38787",
    "message": "Merge branch 'develop' into feature/redesign",
    "date": "2019-04-01T14:20:16Z",
    "url": "https://github.com/Yalantis/uCrop/commit/27f8381bfb6d6477c359f7d1dd79a1c60cc38787"
  },
  {
    "oid": "00816e2cb0a5961299474404feb2c23c85cc9d8c",
    "message": "Merge pull request #499 from Yalantis/bugfix/aspect_ratio_crash_native\n\nFixed crash in UCrop.getOutputCropAspectRatio(data) for native variant",
    "date": "2019-04-01T14:17:43Z",
    "url": "https://github.com/Yalantis/uCrop/commit/00816e2cb0a5961299474404feb2c23c85cc9d8c"
  },
  {
    "oid": "ef97e61117643633993cb2d7932f667da031d2bc",
    "message": "Dot placed little upper",
    "date": "2019-03-31T14:45:42Z",
    "url": "https://github.com/Yalantis/uCrop/commit/ef97e61117643633993cb2d7932f667da031d2bc"
  },
  {
    "oid": "9ee30674115272009de7d0731220b724cdebb86d",
    "message": "Merge pull request #501 from Yalantis/feature/ucrop_fragment_inside_fragment\n\nAdded support of ucrop fragment inside fragment",
    "date": "2019-03-26T17:14:52Z",
    "url": "https://github.com/Yalantis/uCrop/commit/9ee30674115272009de7d0731220b724cdebb86d"
  },
  {
    "oid": "57fb8238bbaffadbede387d0549737afb765f410",
    "message": "Added support of ucrop fragment inside fragment",
    "date": "2019-03-26T16:29:22Z",
    "url": "https://github.com/Yalantis/uCrop/commit/57fb8238bbaffadbede387d0549737afb765f410"
  },
  {
    "oid": "0743be8eabc6c7ad8afadaf69ba13d3bdf9dc786",
    "message": "Merge pull request #496 from beigirad/develop\n\ncompatibled for using in fragment",
    "date": "2019-03-26T16:08:30Z",
    "url": "https://github.com/Yalantis/uCrop/commit/0743be8eabc6c7ad8afadaf69ba13d3bdf9dc786"
  },
  {
    "oid": "ffe7b490cb690ff5782e3e5d7c589ce3301788b9",
    "message": "Fixed crash in UCrop.getOutputCropAspectRatio(data) for native variant",
    "date": "2019-03-25T09:34:14Z",
    "url": "https://github.com/Yalantis/uCrop/commit/ffe7b490cb690ff5782e3e5d7c589ce3301788b9"
  },
  {
    "oid": "91bf702812fa69a9e70ac5886eba675fc6f21a84",
    "message": "compatibled for using in fragment",
    "date": "2019-03-19T19:55:07Z",
    "url": "https://github.com/Yalantis/uCrop/commit/91bf702812fa69a9e70ac5886eba675fc6f21a84"
  },
  {
    "oid": "1efbaa7bff3789462a6d6bc9a50636cae39d18d5",
    "message": "Merge pull request #277 from ollija/master\n\nAdd Finnish translation to cropping view",
    "date": "2019-03-18T16:19:32Z",
    "url": "https://github.com/Yalantis/uCrop/commit/1efbaa7bff3789462a6d6bc9a50636cae39d18d5"
  },
  {
    "oid": "32d35ae5e4780ecc8b139cc428fc9122c8ff2568",
    "message": "Merge pull request #257 from speedy2day/fix/onOptionsItemSelected\n\nFix: Return true from 'onOptionsItemSelected' when item was consumed",
    "date": "2019-03-18T16:18:07Z",
    "url": "https://github.com/Yalantis/uCrop/commit/32d35ae5e4780ecc8b139cc428fc9122c8ff2568"
  },
  {
    "oid": "8e1ac1aa0502ae0a10ea5e8cb3680dc1f8daef67",
    "message": "Merge pull request #493 from Yalantis/bugfix/non-native_rotation\n\nFixed bug with rotation without cropping in non-native variant.",
    "date": "2019-03-18T15:17:39Z",
    "url": "https://github.com/Yalantis/uCrop/commit/8e1ac1aa0502ae0a10ea5e8cb3680dc1f8daef67"
  },
  {
    "oid": "007605759c6ba47cd25faad4df341f7fdc97cc0f",
    "message": "Fixed bug with rotation without cropping in non-native variant.",
    "date": "2019-03-18T15:16:29Z",
    "url": "https://github.com/Yalantis/uCrop/commit/007605759c6ba47cd25faad4df341f7fdc97cc0f"
  },
  {
    "oid": "c29592c7ba872cd2f99eb5084082e12d9185fa93",
    "message": "Merge pull request #481 from acolombo25/master\n\nAdd Italian translation",
    "date": "2019-03-18T12:56:15Z",
    "url": "https://github.com/Yalantis/uCrop/commit/c29592c7ba872cd2f99eb5084082e12d9185fa93"
  },
  {
    "oid": "37a0735b0da1953e61e963f451ea52bf6a2e712d",
    "message": "Add Italian translation",
    "date": "2019-01-07T14:43:16Z",
    "url": "https://github.com/Yalantis/uCrop/commit/37a0735b0da1953e61e963f451ea52bf6a2e712d"
  },
  {
    "oid": "3f560b7600587648cafa545c2b0b69f4820fd1d9",
    "message": "Merge pull request #423 from nectarine/master\n\nTranslation for Korean added.",
    "date": "2018-05-08T11:05:10Z",
    "url": "https://github.com/Yalantis/uCrop/commit/3f560b7600587648cafa545c2b0b69f4820fd1d9"
  },
  {
    "oid": "0f626caf897184cf5841df3cc9107415f12323aa",
    "message": "Translation for Korean added.",
    "date": "2018-05-08T09:26:07Z",
    "url": "https://github.com/Yalantis/uCrop/commit/0f626caf897184cf5841df3cc9107415f12323aa"
  },
  {
    "oid": "c3df5cd9b5d3e2f5a2c640d5122a7328f34a0f41",
    "message": "Update deprecated tag",
    "date": "2018-04-18T13:43:39Z",
    "url": "https://github.com/Yalantis/uCrop/commit/c3df5cd9b5d3e2f5a2c640d5122a7328f34a0f41"
  },
  {
    "oid": "9ed7790641c26858d4b5ce9630f9bfe09908c1c5",
    "message": "Add support exifinterface lib",
    "date": "2018-04-18T13:40:13Z",
    "url": "https://github.com/Yalantis/uCrop/commit/9ed7790641c26858d4b5ce9630f9bfe09908c1c5"
  },
  {
    "oid": "7bf45fab0589f5576603693ca9d705202cb51dd8",
    "message": "Update deprecated tag",
    "date": "2018-04-17T17:21:24Z",
    "url": "https://github.com/Yalantis/uCrop/commit/7bf45fab0589f5576603693ca9d705202cb51dd8"
  },
  {
    "oid": "8e77b7bac3e61012b20d20d11bc331c63cef988b",
    "message": "Add support exifinterface lib",
    "date": "2018-04-17T17:19:16Z",
    "url": "https://github.com/Yalantis/uCrop/commit/8e77b7bac3e61012b20d20d11bc331c63cef988b"
  },
  {
    "oid": "065ae1189fcd92538faa0c745c485604314d63ce",
    "message": "Update README.md",
    "date": "2018-04-09T09:51:14Z",
    "url": "https://github.com/Yalantis/uCrop/commit/065ae1189fcd92538faa0c745c485604314d63ce"
  },
  {
    "oid": "40b1310102dfe3da77f850baef2fe89794b62013",
    "message": "Update README.md",
    "date": "2018-04-09T09:48:56Z",
    "url": "https://github.com/Yalantis/uCrop/commit/40b1310102dfe3da77f850baef2fe89794b62013"
  },
  {
    "oid": "154b7f77bf171282d4898880b526447bc4342b6e",
    "message": "log fix",
    "date": "2018-04-05T07:52:41Z",
    "url": "https://github.com/Yalantis/uCrop/commit/154b7f77bf171282d4898880b526447bc4342b6e"
  },
  {
    "oid": "dc1f5aeb1eec38733de6616c1f46db1bca834db4",
    "message": "log fix",
    "date": "2018-04-05T07:49:13Z",
    "url": "https://github.com/Yalantis/uCrop/commit/dc1f5aeb1eec38733de6616c1f46db1bca834db4"
  },
  {
    "oid": "f140b2cd793c51b8a66ae5a300cbf22d0d05f1a0",
    "message": "min limit for all",
    "date": "2018-03-28T15:50:29Z",
    "url": "https://github.com/Yalantis/uCrop/commit/f140b2cd793c51b8a66ae5a300cbf22d0d05f1a0"
  },
  {
    "oid": "9f402187b43777fae1cab3d21e88ac39b8d174d4",
    "message": "no need anymore",
    "date": "2018-03-27T11:10:49Z",
    "url": "https://github.com/Yalantis/uCrop/commit/9f402187b43777fae1cab3d21e88ac39b8d174d4"
  },
  {
    "oid": "c93120694a0125ca9020100a85a68a14b3af9d22",
    "message": "Merge pull request #297 from Lx/patch-1\n\nfix Markdown formatting",
    "date": "2018-01-04T10:05:37Z",
    "url": "https://github.com/Yalantis/uCrop/commit/c93120694a0125ca9020100a85a68a14b3af9d22"
  },
  {
    "oid": "2dd877ff9639f69f4746a20b437db1206d54f52b",
    "message": "Update appCompat version",
    "date": "2017-08-28T08:55:31Z",
    "url": "https://github.com/Yalantis/uCrop/commit/2dd877ff9639f69f4746a20b437db1206d54f52b"
  },
  {
    "oid": "9e2bb067631ac3bd3817c0fb55c51db3d61edfe0",
    "message": "Fix issue #318. FileUtils NumberFormatException",
    "date": "2017-08-11T15:17:29Z",
    "url": "https://github.com/Yalantis/uCrop/commit/9e2bb067631ac3bd3817c0fb55c51db3d61edfe0"
  },
  {
    "oid": "5af24b3aa4d30551ef41102aa88888c16c202c9a",
    "message": "Merge pull request #245 from mapyo/fix-should-crop\n\nWhen a square image is rotated by 90 (180, 270) degrees, it is not croped.",
    "date": "2017-08-10T13:08:51Z",
    "url": "https://github.com/Yalantis/uCrop/commit/5af24b3aa4d30551ef41102aa88888c16c202c9a"
  },
  {
    "oid": "1c447c0aca71917017babbbec830e27bc2141e6a",
    "message": "Fix issue #329. Update okhttp3",
    "date": "2017-08-02T07:39:55Z",
    "url": "https://github.com/Yalantis/uCrop/commit/1c447c0aca71917017babbbec830e27bc2141e6a"
  },
  {
    "oid": "e63698a970f667b763f9eb1d11bd56b32cecf6e8",
    "message": "not translated error strings should be marked with translatable = false",
    "date": "2017-05-15T05:14:47Z",
    "url": "https://github.com/Yalantis/uCrop/commit/e63698a970f667b763f9eb1d11bd56b32cecf6e8"
  },
  {
    "oid": "cc4c6014af881ec21c9078aebd7e315b3c358d20",
    "message": "added German translation",
    "date": "2017-05-15T05:13:34Z",
    "url": "https://github.com/Yalantis/uCrop/commit/cc4c6014af881ec21c9078aebd7e315b3c358d20"
  },
  {
    "oid": "efca78dbef2bf2c6d743be2c46e468966512245e",
    "message": "fix Markdown formatting",
    "date": "2017-05-15T04:42:58Z",
    "url": "https://github.com/Yalantis/uCrop/commit/efca78dbef2bf2c6d743be2c46e468966512245e"
  },
  {
    "oid": "f9f75f73e0e338548b7fd2c8b6c7c87ed613b236",
    "message": "Update README.md",
    "date": "2017-04-19T13:19:01Z",
    "url": "https://github.com/Yalantis/uCrop/commit/f9f75f73e0e338548b7fd2c8b6c7c87ed613b236"
  },
  {
    "oid": "d856762d17e01423a74769f94209f2ac1be276e9",
    "message": "Update README.md",
    "date": "2017-04-19T13:17:35Z",
    "url": "https://github.com/Yalantis/uCrop/commit/d856762d17e01423a74769f94209f2ac1be276e9"
  },
  {
    "oid": "0a50f4bd7fc7bde037678546bedf4834bb893160",
    "message": "Update README.md",
    "date": "2017-04-19T13:10:26Z",
    "url": "https://github.com/Yalantis/uCrop/commit/0a50f4bd7fc7bde037678546bedf4834bb893160"
  },
  {
    "oid": "614dfab47a19a09f5d801c52867c51a1c1184d3b",
    "message": "Update README.md",
    "date": "2017-04-19T13:08:56Z",
    "url": "https://github.com/Yalantis/uCrop/commit/614dfab47a19a09f5d801c52867c51a1c1184d3b"
  },
  {
    "oid": "62767ce657da92606cd2cdde0babfc6a0b1a6598",
    "message": "Merge pull request #278 from Sirelon/master\n\nHotFix for #271",
    "date": "2017-04-03T13:49:49Z",
    "url": "https://github.com/Yalantis/uCrop/commit/62767ce657da92606cd2cdde0babfc6a0b1a6598"
  },
  {
    "oid": "454e723c7d410c2b986888005d87d002b8dab756",
    "message": "HotFix for #271",
    "date": "2017-04-03T13:31:34Z",
    "url": "https://github.com/Yalantis/uCrop/commit/454e723c7d410c2b986888005d87d002b8dab756"
  },
  {
    "oid": "588b2b1f04291b560fc471952b6c50ba8352aaf5",
    "message": "Add Finnish translation",
    "date": "2017-04-03T12:12:02Z",
    "url": "https://github.com/Yalantis/uCrop/commit/588b2b1f04291b560fc471952b6c50ba8352aaf5"
  },
  {
    "oid": "c78b61de2dcd4006513eae8961ef674612614ab7",
    "message": "Fix: Return true from 'onOptionsItemSelected' when item was consumed",
    "date": "2017-02-08T13:24:30Z",
    "url": "https://github.com/Yalantis/uCrop/commit/c78b61de2dcd4006513eae8961ef674612614ab7"
  },
  {
    "oid": "0b4c13f854d9ba69bcf452b22a0202690ffb60d7",
    "message": "Update README.md",
    "date": "2017-01-11T20:13:25Z",
    "url": "https://github.com/Yalantis/uCrop/commit/0b4c13f854d9ba69bcf452b22a0202690ffb60d7"
  },
  {
    "oid": "32eb2b4db872fdba80211c46d8954f12976ca89c",
    "message": "Fix shouldCrop\n\nWhen a square image is rotated by 90 (180, 270) degrees, it is not croped.",
    "date": "2016-12-16T09:24:47Z",
    "url": "https://github.com/Yalantis/uCrop/commit/32eb2b4db872fdba80211c46d8954f12976ca89c"
  },
  {
    "oid": "5535c7f536dfb21a1de99eec31fcf21784b7fec0",
    "message": "Merge pull request #231 from uDevel/fix/jumping_grid\n\nFix: In freestyle crop, where user tap inside of the crop rect then o…",
    "date": "2016-11-30T14:44:40Z",
    "url": "https://github.com/Yalantis/uCrop/commit/5535c7f536dfb21a1de99eec31fcf21784b7fec0"
  },
  {
    "oid": "103a371bb4fffa467cd2c759915437a77f9a52d4",
    "message": "Update UI after setting freestyle mode.",
    "date": "2016-11-22T01:06:51Z",
    "url": "https://github.com/Yalantis/uCrop/commit/103a371bb4fffa467cd2c759915437a77f9a52d4"
  },
  {
    "oid": "0aebfe3b7c36a3d0fabcb025214b6211a4b2e7b1",
    "message": "Fix: In freestyle crop, where user tap inside of the crop rect then outside, and then inside again would make the crop rect jump.  Reset previous touch points.",
    "date": "2016-11-21T21:17:51Z",
    "url": "https://github.com/Yalantis/uCrop/commit/0aebfe3b7c36a3d0fabcb025214b6211a4b2e7b1"
  },
  {
    "oid": "c6429967b62cfa9795ddc10e32ebe3fed4cda929",
    "message": "Merge pull request #227 from dejandobnikar/feature/removeStoragePermission\n\nM permissions removed: not mandatory",
    "date": "2016-11-15T11:52:15Z",
    "url": "https://github.com/Yalantis/uCrop/commit/c6429967b62cfa9795ddc10e32ebe3fed4cda929"
  },
  {
    "oid": "91a1945bce03e04233aaa966fe6fd11b7ac8c7a7",
    "message": "Merge pull request #229 from clemp6r/master\n\nadd FR translation file",
    "date": "2016-11-14T16:25:38Z",
    "url": "https://github.com/Yalantis/uCrop/commit/91a1945bce03e04233aaa966fe6fd11b7ac8c7a7"
  },
  {
    "oid": "51b399eec0bc71df315d93c725128461db803ca9",
    "message": "Merge pull request #165 from jasl/patch-1\n\nMade cropCIMG static",
    "date": "2016-11-14T16:09:26Z",
    "url": "https://github.com/Yalantis/uCrop/commit/51b399eec0bc71df315d93c725128461db803ca9"
  },
  {
    "oid": "014d3aed7d33f1f4b97816189a44e6f65489d49a",
    "message": "fix typo in FR translations",
    "date": "2016-11-14T16:02:24Z",
    "url": "https://github.com/Yalantis/uCrop/commit/014d3aed7d33f1f4b97816189a44e6f65489d49a"
  },
  {
    "oid": "834a344df2eaab7650b881bb5e9c75dc28ca1b51",
    "message": "add FR translation file (#1)",
    "date": "2016-11-14T14:29:29Z",
    "url": "https://github.com/Yalantis/uCrop/commit/834a344df2eaab7650b881bb5e9c75dc28ca1b51"
  },
  {
    "oid": "a6893311767479eb41b761b9ec714b1edf3c5266",
    "message": "maxSdkVersion removed\n\nmaxSdkVersion removed - needed for saving image to Downloads",
    "date": "2016-11-11T08:08:54Z",
    "url": "https://github.com/Yalantis/uCrop/commit/a6893311767479eb41b761b9ec714b1edf3c5266"
  },
  {
    "oid": "a52454fbf2535cbc00762fbd036a630f4a4b8271",
    "message": "Merge pull request #219 from vanniktech/add_image_size\n\nAdd methods in UCrop for getting the image width + height",
    "date": "2016-11-08T16:29:29Z",
    "url": "https://github.com/Yalantis/uCrop/commit/a52454fbf2535cbc00762fbd036a630f4a4b8271"
  },
  {
    "oid": "11a172e2f1913ab557872c4cee7abee78daa2b75",
    "message": "Add methods in UCrop for getting the image width + height",
    "date": "2016-11-01T10:56:44Z",
    "url": "https://github.com/Yalantis/uCrop/commit/11a172e2f1913ab557872c4cee7abee78daa2b75"
  },
  {
    "oid": "df187eac0011e18154bc7de74d6abd8709e98743",
    "message": "Merge pull request #215 from hearsilent/zh-tw\n\nAdd zh-tw strings",
    "date": "2016-10-27T08:14:15Z",
    "url": "https://github.com/Yalantis/uCrop/commit/df187eac0011e18154bc7de74d6abd8709e98743"
  },
  {
    "oid": "d37514e25b31ffc21ea61b21044f0c7bfad87feb",
    "message": "Add zh-tw localize",
    "date": "2016-10-26T16:12:32Z",
    "url": "https://github.com/Yalantis/uCrop/commit/d37514e25b31ffc21ea61b21044f0c7bfad87feb"
  },
  {
    "oid": "4fd0876650f903bcd53330ae9edd5a8daf66cf96",
    "message": "Merge pull request #194 from peterhav/master\n\nAdded Dutch translation",
    "date": "2016-09-11T12:56:31Z",
    "url": "https://github.com/Yalantis/uCrop/commit/4fd0876650f903bcd53330ae9edd5a8daf66cf96"
  },
  {
    "oid": "f04a64fc525fb4b6889001591155e51f3c360d77",
    "message": "Update strings.xml",
    "date": "2016-09-11T11:14:16Z",
    "url": "https://github.com/Yalantis/uCrop/commit/f04a64fc525fb4b6889001591155e51f3c360d77"
  },
  {
    "oid": "708da5d0391b8164fb24ecb564a8005ddf54ae80",
    "message": "Merge pull request #1 from peterhav/Dutch_translation\n\nAdded dutch translation",
    "date": "2016-09-11T11:13:15Z",
    "url": "https://github.com/Yalantis/uCrop/commit/708da5d0391b8164fb24ecb564a8005ddf54ae80"
  },
  {
    "oid": "fd9f2aae46088892ba3cdb0501f3fd0ee70eb840",
    "message": "Add files via upload\n\nAdded Dutch strings",
    "date": "2016-09-11T11:12:50Z",
    "url": "https://github.com/Yalantis/uCrop/commit/fd9f2aae46088892ba3cdb0501f3fd0ee70eb840"
  },
  {
    "oid": "be45a6e113e18a545c39409394e0c61a4ba26141",
    "message": "Merge pull request #171 from pylerSM/patch-1\n\nAdded Slovak strings",
    "date": "2016-09-09T11:08:49Z",
    "url": "https://github.com/Yalantis/uCrop/commit/be45a6e113e18a545c39409394e0c61a4ba26141"
  },
  {
    "oid": "32b0e677afd88eed187a5c13e20ed978c6c344e3",
    "message": "updated README.md",
    "date": "2016-09-08T20:49:08Z",
    "url": "https://github.com/Yalantis/uCrop/commit/32b0e677afd88eed187a5c13e20ed978c6c344e3"
  },
  {
    "oid": "dbd6321d7ad05182ba97e9c8a9f2679e9aa9c131",
    "message": "Merge branch 'master' into feature/non_native",
    "date": "2016-09-08T18:56:20Z",
    "url": "https://github.com/Yalantis/uCrop/commit/dbd6321d7ad05182ba97e9c8a9f2679e9aa9c131"
  },
  {
    "oid": "e73f98e2e2691ea0ce4850b41dc3ac12788a5399",
    "message": "fixed initial min scale",
    "date": "2016-09-08T18:56:10Z",
    "url": "https://github.com/Yalantis/uCrop/commit/e73f98e2e2691ea0ce4850b41dc3ac12788a5399"
  },
  {
    "oid": "a2a8669935117007b99269fb765c54e2d79b094f",
    "message": "Changed calculation for min scale.",
    "date": "2016-09-08T18:18:31Z",
    "url": "https://github.com/Yalantis/uCrop/commit/a2a8669935117007b99269fb765c54e2d79b094f"
  },
  {
    "oid": "d2810098432dd547166c9c163d3fe78f0dd07c52",
    "message": "Freestyle overlay can be moved with the finger.",
    "date": "2016-09-08T18:04:47Z",
    "url": "https://github.com/Yalantis/uCrop/commit/d2810098432dd547166c9c163d3fe78f0dd07c52"
  },
  {
    "oid": "86a1fff7acf3f2f60b24c3e1b0386247959f0b35",
    "message": "Merge pull request #162 from PGMacDesign/patch-1\n\nFixed null file sent back (Issue #142)",
    "date": "2016-09-08T11:14:47Z",
    "url": "https://github.com/Yalantis/uCrop/commit/86a1fff7acf3f2f60b24c3e1b0386247959f0b35"
  },
  {
    "oid": "07fb0c435ade06cd927457b65b4d9051d4c00e57",
    "message": "Update README.md",
    "date": "2016-08-16T14:37:08Z",
    "url": "https://github.com/Yalantis/uCrop/commit/07fb0c435ade06cd927457b65b4d9051d4c00e57"
  },
  {
    "oid": "7092be14b427e313122412a45819b9851c643752",
    "message": "Update README.md",
    "date": "2016-08-16T14:36:13Z",
    "url": "https://github.com/Yalantis/uCrop/commit/7092be14b427e313122412a45819b9851c643752"
  },
  {
    "oid": "22f3463ebc81ecb898df9108521d34232db18d3e",
    "message": "Update README.md",
    "date": "2016-08-16T14:33:51Z",
    "url": "https://github.com/Yalantis/uCrop/commit/22f3463ebc81ecb898df9108521d34232db18d3e"
  },
  {
    "oid": "9e5737eaeca4e300c3ee4929c6389367268570e7",
    "message": "Update README.md",
    "date": "2016-08-16T14:33:22Z",
    "url": "https://github.com/Yalantis/uCrop/commit/9e5737eaeca4e300c3ee4929c6389367268570e7"
  },
  {
    "oid": "0628946db495e929d2f288f0462852a0be6be0fb",
    "message": "Update README.md",
    "date": "2016-08-15T08:58:52Z",
    "url": "https://github.com/Yalantis/uCrop/commit/0628946db495e929d2f288f0462852a0be6be0fb"
  },
  {
    "oid": "d48e62be6b43183defbb86c5a9ffe33750ae5a0b",
    "message": "Update README.md",
    "date": "2016-08-11T07:40:16Z",
    "url": "https://github.com/Yalantis/uCrop/commit/d48e62be6b43183defbb86c5a9ffe33750ae5a0b"
  },
  {
    "oid": "4f30e812ee0c579f4ffe995e104d5ea5744185d0",
    "message": "Added Slovak strings",
    "date": "2016-08-09T15:28:56Z",
    "url": "https://github.com/Yalantis/uCrop/commit/4f30e812ee0c579f4ffe995e104d5ea5744185d0"
  },
  {
    "oid": "e3e7be6b8804284b37701f295cb99d6054faf57b",
    "message": "Made cropCIMG static",
    "date": "2016-07-31T23:00:15Z",
    "url": "https://github.com/Yalantis/uCrop/commit/e3e7be6b8804284b37701f295cb99d6054faf57b"
  },
  {
    "oid": "b294d140883d3174c70e686e437d90d2ddbf62da",
    "message": "Fixed null file sent back (Issue #142)\n\nAs per issue 142 (https://github.com/Yalantis/uCrop/issues/142), it mentions the issue of files being sent back as null if they make no changes (No cropping). The solution was simply just to check the paths and confirm if they are identical. In the event that the paths are the same, trying to copy one file to the other will cause both files to become null. simply skipping this step if the paths are identical solves that problem. This pull request should fix that issue entirely",
    "date": "2016-07-29T17:15:55Z",
    "url": "https://github.com/Yalantis/uCrop/commit/b294d140883d3174c70e686e437d90d2ddbf62da"
  },
  {
    "oid": "4575f1c4ede13ea61077b5e5b18a059fd186bd01",
    "message": "Merge remote-tracking branch 'github/master'",
    "date": "2016-07-24T08:06:48Z",
    "url": "https://github.com/Yalantis/uCrop/commit/4575f1c4ede13ea61077b5e5b18a059fd186bd01"
  },
  {
    "oid": "ab75c9df047fcc0130cb5bc1f594e5daca8fab3b",
    "message": "Added ISSUE_TEMPLATE.md for a better future.",
    "date": "2016-07-24T08:06:30Z",
    "url": "https://github.com/Yalantis/uCrop/commit/ab75c9df047fcc0130cb5bc1f594e5daca8fab3b"
  },
  {
    "oid": "e45b930677b25c474d1de0da71d52a8505085330",
    "message": "Update .gitattributes",
    "date": "2016-07-23T20:45:17Z",
    "url": "https://github.com/Yalantis/uCrop/commit/e45b930677b25c474d1de0da71d52a8505085330"
  },
  {
    "oid": "c202113ea7988cf9bf054369ec6f59ddaf1bd6d1",
    "message": "Added .gitattributes to show coding language stats properly.",
    "date": "2016-07-23T20:42:01Z",
    "url": "https://github.com/Yalantis/uCrop/commit/c202113ea7988cf9bf054369ec6f59ddaf1bd6d1"
  },
  {
    "oid": "781ca8782b5256506255a2eb0777498dd3abfc91",
    "message": "updated sample version",
    "date": "2016-06-27T07:56:03Z",
    "url": "https://github.com/Yalantis/uCrop/commit/781ca8782b5256506255a2eb0777498dd3abfc91"
  },
  {
    "oid": "d8e0f2c045d7e47d89bc52ba08f82940bb0a5175",
    "message": "Added preview res",
    "date": "2016-06-27T07:44:47Z",
    "url": "https://github.com/Yalantis/uCrop/commit/d8e0f2c045d7e47d89bc52ba08f82940bb0a5175"
  },
  {
    "oid": "5db96f849ad5eb74eb9ed9e068bf84cf27b55757",
    "message": "Updated README.md",
    "date": "2016-06-27T07:44:30Z",
    "url": "https://github.com/Yalantis/uCrop/commit/5db96f849ad5eb74eb9ed9e068bf84cf27b55757"
  },
  {
    "oid": "5792149a95ffa4785b98007fa04c094ce3c3f4ab",
    "message": "Added API to set all configs via UCrop.Options class.",
    "date": "2016-06-24T14:57:17Z",
    "url": "https://github.com/Yalantis/uCrop/commit/5792149a95ffa4785b98007fa04c094ce3c3f4ab"
  },
  {
    "oid": "7f9f458758b3f6a53de8d1eb9533c9afe6e61ada",
    "message": "Merge remote-tracking branch 'github/master'\n\n# Conflicts:\n#\tucrop/src/main/java/com/yalantis/ucrop/util/BitmapLoadUtils.java",
    "date": "2016-06-21T06:38:38Z",
    "url": "https://github.com/Yalantis/uCrop/commit/7f9f458758b3f6a53de8d1eb9533c9afe6e61ada"
  },
  {
    "oid": "f1d1067f02f5d23656345952239f1915495686fa",
    "message": "Update README.md",
    "date": "2016-06-13T10:42:30Z",
    "url": "https://github.com/Yalantis/uCrop/commit/f1d1067f02f5d23656345952239f1915495686fa"
  },
  {
    "oid": "48686d6d9f3cf28d19c24481b91e89fd490b995c",
    "message": "Update README.md",
    "date": "2016-06-07T09:11:22Z",
    "url": "https://github.com/Yalantis/uCrop/commit/48686d6d9f3cf28d19c24481b91e89fd490b995c"
  },
  {
    "oid": "cc7d8d483cd063f01b2453cb4bfec2b3f31c90de",
    "message": "Update README.md",
    "date": "2016-05-06T12:29:17Z",
    "url": "https://github.com/Yalantis/uCrop/commit/cc7d8d483cd063f01b2453cb4bfec2b3f31c90de"
  },
  {
    "oid": "ace3146571266f5e06b30a310a33243dfe2f03e8",
    "message": "Merge remote-tracking branch 'github/master'",
    "date": "2016-05-02T19:44:14Z",
    "url": "https://github.com/Yalantis/uCrop/commit/ace3146571266f5e06b30a310a33243dfe2f03e8"
  },
  {
    "oid": "c9973a8d742e3729bf4d0292d81d95099f06f42c",
    "message": "Update README.md",
    "date": "2016-04-21T15:40:30Z",
    "url": "https://github.com/Yalantis/uCrop/commit/c9973a8d742e3729bf4d0292d81d95099f06f42c"
  },
  {
    "oid": "7ad26de5178e3c5a43f1bc1873a26d48e42f88ec",
    "message": "lil refactoring for BitmapLoadUtils.java",
    "date": "2016-04-08T15:32:16Z",
    "url": "https://github.com/Yalantis/uCrop/commit/7ad26de5178e3c5a43f1bc1873a26d48e42f88ec"
  },
  {
    "oid": "43e78204d4f9d300ff415154e65cd29339d48d38",
    "message": "Update AndroidManifest.xml",
    "date": "2016-04-07T14:14:27Z",
    "url": "https://github.com/Yalantis/uCrop/commit/43e78204d4f9d300ff415154e65cd29339d48d38"
  },
  {
    "oid": "c00f07d575f3c31688aaa11f9b0c9708c5c27be3",
    "message": "clean-up",
    "date": "2016-04-07T12:45:59Z",
    "url": "https://github.com/Yalantis/uCrop/commit/c00f07d575f3c31688aaa11f9b0c9708c5c27be3"
  },
  {
    "oid": "0394fe34725044498bb9b6d35fc2051829bb228e",
    "message": "Merge pull request #74 from dlabs/feature/roundingFix\n\nFixed rounding of image sizes by using Math.round instead of casting to int",
    "date": "2016-04-07T10:42:43Z",
    "url": "https://github.com/Yalantis/uCrop/commit/0394fe34725044498bb9b6d35fc2051829bb228e"
  },
  {
    "oid": "b119acebc1d3ec62d77a58d5cff71ef835d63af8",
    "message": "Fixed rounding by using Math.round instead of casting to int",
    "date": "2016-04-04T18:37:51Z",
    "url": "https://github.com/Yalantis/uCrop/commit/b119acebc1d3ec62d77a58d5cff71ef835d63af8"
  },
  {
    "oid": "33130128d702c7c0992b84b7a77a4f6074627453",
    "message": "Reverted whitespace styling in activity_sample.xml - fix",
    "date": "2016-04-03T17:01:31Z",
    "url": "https://github.com/Yalantis/uCrop/commit/33130128d702c7c0992b84b7a77a4f6074627453"
  },
  {
    "oid": "f04971c572575e2cd923e3e84953709361317017",
    "message": "Reverted whitespace styling in activity_sample.xml",
    "date": "2016-04-03T17:00:14Z",
    "url": "https://github.com/Yalantis/uCrop/commit/f04971c572575e2cd923e3e84953709361317017"
  },
  {
    "oid": "aefb78c7a0986ee79312907180b7e52a3f8fa9fb",
    "message": "Revert \"Revert \"Revert \"1\"\"\"\n\nThis reverts commit 830e413f9d7b2c9caf8a3169a009392cdce53669.",
    "date": "2016-04-03T11:39:19Z",
    "url": "https://github.com/Yalantis/uCrop/commit/aefb78c7a0986ee79312907180b7e52a3f8fa9fb"
  },
  {
    "oid": "ea5936f94cd6b2e757d6e448ba51af3d43cc7e46",
    "message": "Merge branch 'refs/heads/solving_highi-res_problems'",
    "date": "2016-04-03T11:30:29Z",
    "url": "https://github.com/Yalantis/uCrop/commit/ea5936f94cd6b2e757d6e448ba51af3d43cc7e46"
  },
  {
    "oid": "830e413f9d7b2c9caf8a3169a009392cdce53669",
    "message": "Revert \"Revert \"1\"\"\n\nThis reverts commit 69cd509d4a9f5c2479815f2503accbbe892b7adc.",
    "date": "2016-04-03T11:28:24Z",
    "url": "https://github.com/Yalantis/uCrop/commit/830e413f9d7b2c9caf8a3169a009392cdce53669"
  },
  {
    "oid": "69cd509d4a9f5c2479815f2503accbbe892b7adc",
    "message": "Revert \"1\"\n\nThis reverts commit 9bfbf33d506925fbc582c46604403f7802783740.",
    "date": "2016-04-03T11:28:05Z",
    "url": "https://github.com/Yalantis/uCrop/commit/69cd509d4a9f5c2479815f2503accbbe892b7adc"
  },
  {
    "oid": "9bfbf33d506925fbc582c46604403f7802783740",
    "message": "1\n\n123",
    "date": "2016-04-03T11:27:50Z",
    "url": "https://github.com/Yalantis/uCrop/commit/9bfbf33d506925fbc582c46604403f7802783740"
  },
  {
    "oid": "06379f1481887d43bc28fe64b2bbd3e56e7df8c3",
    "message": "CropActivity rotate fix",
    "date": "2016-03-31T13:01:47Z",
    "url": "https://github.com/Yalantis/uCrop/commit/06379f1481887d43bc28fe64b2bbd3e56e7df8c3"
  },
  {
    "oid": "ba406d3fe10ec66a5686f31b0ab828f6e15595a8",
    "message": "Merge pull request #45 from liangricha/rl-bitmap-decode-err\n\nExit cropping if decoding from Uri failed.",
    "date": "2016-03-20T12:49:34Z",
    "url": "https://github.com/Yalantis/uCrop/commit/ba406d3fe10ec66a5686f31b0ab828f6e15595a8"
  },
  {
    "oid": "f9f36ad9b459f9600d5211b164019a656c61554a",
    "message": "Update README.md",
    "date": "2016-03-16T16:22:56Z",
    "url": "https://github.com/Yalantis/uCrop/commit/f9f36ad9b459f9600d5211b164019a656c61554a"
  },
  {
    "oid": "27dabba9f3b352956cf220cd737afd31f3c42beb",
    "message": "Exit cropping if decoding from Uri failed.\n\nDecoding can fail if we fail to\nretrieve bounds for the bitmap (-1 for either\nwidth or height) or if we fail to decode\nthe actual bitmap pixels (BitmapFractory.decode's\nresult will be null",
    "date": "2016-02-27T14:47:12Z",
    "url": "https://github.com/Yalantis/uCrop/commit/27dabba9f3b352956cf220cd737afd31f3c42beb"
  },
  {
    "oid": "7a7311eaaf9f047db8dc33cc35cfa2ffa35e7576",
    "message": "Merge pull request #36 from liangricha/rl-recycle\n\nRecycle attr TypedArray in AspectRatioTextView after use",
    "date": "2016-02-22T15:58:11Z",
    "url": "https://github.com/Yalantis/uCrop/commit/7a7311eaaf9f047db8dc33cc35cfa2ffa35e7576"
  },
  {
    "oid": "414f4969f48aafa94904a49ad6a8d53448d2199d",
    "message": "Recycle attr TypedArray in AspectRatioTextView after use",
    "date": "2016-02-18T02:55:26Z",
    "url": "https://github.com/Yalantis/uCrop/commit/414f4969f48aafa94904a49ad6a8d53448d2199d"
  },
  {
    "oid": "ef7ea220e9ff903accba05b3721ae88c1872f3d4",
    "message": "Add Chinese Language",
    "date": "2016-02-03T11:37:30Z",
    "url": "https://github.com/Yalantis/uCrop/commit/ef7ea220e9ff903accba05b3721ae88c1872f3d4"
  },
  {
    "oid": "cc998a23dc2c768bf7702c2b97859b814758db88",
    "message": "Merge pull request #14 from hearsilent/master\n\nImprove setLayerType API version check",
    "date": "2016-01-30T17:00:18Z",
    "url": "https://github.com/Yalantis/uCrop/commit/cc998a23dc2c768bf7702c2b97859b814758db88"
  },
  {
    "oid": "42367864121c67ec58d193310bb826b7f832ca0f",
    "message": "Improve setLayerType.",
    "date": "2016-01-30T14:47:14Z",
    "url": "https://github.com/Yalantis/uCrop/commit/42367864121c67ec58d193310bb826b7f832ca0f"
  },
  {
    "oid": "c8055edee3a6b36bb2b9f81a578df60a81276680",
    "message": "Added fix for case when Bitmap.createBitmap method returns the same object.",
    "date": "2016-01-22T10:56:43Z",
    "url": "https://github.com/Yalantis/uCrop/commit/c8055edee3a6b36bb2b9f81a578df60a81276680"
  },
  {
    "oid": "87d978287f6d8e790937b856f757acdc42262e5f",
    "message": "updated README.md",
    "date": "2016-01-21T14:45:34Z",
    "url": "https://github.com/Yalantis/uCrop/commit/87d978287f6d8e790937b856f757acdc42262e5f"
  }
]