{
  "intraFileMappings" : {
    "matchedElements" : [
 {
      "left" : "CoreOperationCompare",
      "right" : "CoreOperationCompare",
      "info" : "TypeDeclaration[1185-4456]:TypeDeclaration[1185-4580]"
    }, {
      "left" : "public CoreOperationCompare(Expression arg1, Expression arg2)",
      "right" : "public CoreOperationCompare(Expression arg1, Expression arg2)",
      "info" : "MethodDeclaration[1421-1538]:MethodDeclaration[1421-1538]"
    }, {
      "left" : "protected boolean equal(\n        EvalContext context,\n        Expression left,\n        Expression right)",
      "right" : "protected boolean equal(\n        EvalContext context,\n        Expression left,\n        Expression right)",
      "info" : "MethodDeclaration[1544-2840]:MethodDeclaration[1544-2964]"
    }, {
      "left" : "protected boolean contains(Iterator it, Object value)",
      "right" : "protected boolean contains(Iterator it, Object value)",
      "info" : "MethodDeclaration[2846-3094]:MethodDeclaration[2970-3218]"
    }, {
      "left" : "protected boolean findMatch(Iterator lit, Iterator rit)",
      "right" : "protected boolean findMatch(Iterator lit, Iterator rit)",
      "info" : "MethodDeclaration[3100-3441]:MethodDeclaration[3224-3565]"
    }, {
      "left" : "protected boolean equal(Object l, Object r)",
      "right" : "protected boolean equal(Object l, Object r)",
      "info" : "MethodDeclaration[3447-4453]:MethodDeclaration[3571-4577]"
    } ],
    "mappings" : [
 {
      "left" : "public",
      "right" : "public",
      "info" : "Modifier[1349-1355]:Modifier[1349-1355]"
    }, {
      "left" : "abstract",
      "right" : "abstract",
      "info" : "Modifier[1356-1364]:Modifier[1356-1364]"
    }, {
      "left" : "class",
      "right" : "class",
      "info" : "TYPE_DECLARATION_KIND[1365-1370]:TYPE_DECLARATION_KIND[1365-1370]"
    }, {
      "left" : "CoreOperationCompare",
      "right" : "CoreOperationCompare",
      "info" : "SimpleName[1371-1391]:SimpleName[1371-1391]"
    }, {
      "left" : "CoreOperation",
      "right" : "CoreOperation",
      "info" : "SimpleType[1400-1413]:SimpleType[1400-1413]"
    }, {
      "left" : "public",
      "right" : "public",
      "info" : "Modifier[1421-1427]:Modifier[1421-1427]"
    }, {
      "left" : "CoreOperationCompare",
      "right" : "CoreOperationCompare",
      "info" : "SimpleName[1428-1448]:SimpleName[1428-1448]"
    }, {
      "left" : "Expression arg1",
      "right" : "Expression arg1",
      "info" : "SingleVariableDeclaration[1449-1464]:SingleVariableDeclaration[1449-1464]"
    }, {
      "left" : "Expression arg2",
      "right" : "Expression arg2",
      "info" : "SingleVariableDeclaration[1466-1481]:SingleVariableDeclaration[1466-1481]"
    }, {
      "left" : "{}",
      "right" : "{}",
      "info" : "Block[1483-1538]:Block[1483-1538]"
    }, {
      "left" : "super(new Expression[] { arg1, arg2 });",
      "right" : "super(new Expression[] { arg1, arg2 });",
      "info" : "SuperConstructorInvocation[1493-1532]:SuperConstructorInvocation[1493-1532]"
    }, {
      "left" : "protected",
      "right" : "protected",
      "info" : "Modifier[1587-1596]:Modifier[1587-1596]"
    }, {
      "left" : "boolean",
      "right" : "boolean",
      "info" : "PrimitiveType[1597-1604]:PrimitiveType[1597-1604]"
    }, {
      "left" : "equal",
      "right" : "equal",
      "info" : "SimpleName[1605-1610]:SimpleName[1605-1610]"
    }, {
      "left" : "EvalContext context",
      "right" : "EvalContext context",
      "info" : "SingleVariableDeclaration[1620-1639]:SingleVariableDeclaration[1620-1639]"
    }, {
      "left" : "Expression left",
      "right" : "Expression left",
      "info" : "SingleVariableDeclaration[1649-1664]:SingleVariableDeclaration[1649-1664]"
    }, {
      "left" : "Expression right",
      "right" : "Expression right",
      "info" : "SingleVariableDeclaration[1674-1690]:SingleVariableDeclaration[1674-1690]"
    }, {
      "left" : "{}",
      "right" : "{}",
      "info" : "Block[1697-2840]:Block[1697-2964]"
    }, {
      "left" : "Object l = left.compute(context);",
      "right" : "Object l = left.compute(context);",
      "info" : "VariableDeclarationStatement[1707-1740]:VariableDeclarationStatement[1707-1740]"
    }, {
      "left" : "Object r = right.compute(context);",
      "right" : "Object r = right.compute(context);",
      "info" : "VariableDeclarationStatement[1749-1783]:VariableDeclarationStatement[1749-1783]"
    }, {
      "left" : "if (l instanceof InitialContext || l instanceof SelfContext)",
      "right" : "if (l instanceof SelfContext)",
      "info" : "IfStatement[1969-2099]:IfStatement[2062-2161]"
    }, {
      "left" : "l instanceof SelfContext",
      "right" : "l instanceof SelfContext",
      "info" : "InstanceofExpression[2004-2028]:InstanceofExpression[2066-2090]"
    }, {
      "left" : "{}",
      "right" : "{}",
      "info" : "Block[2030-2099]:Block[2092-2161]"
    }, {
      "left" : "l = ((EvalContext) l).getSingleNodePointer();",
      "right" : "l = ((EvalContext) l).getSingleNodePointer();",
      "info" : "ExpressionStatement[2044-2089]:ExpressionStatement[2106-2151]"
    }, {
      "left" : "if (r instanceof InitialContext || r instanceof SelfContext)",
      "right" : "if (r instanceof SelfContext)",
      "info" : "IfStatement[2109-2239]:IfStatement[2264-2363]"
    }, {
      "left" : "r instanceof SelfContext",
      "right" : "r instanceof SelfContext",
      "info" : "InstanceofExpression[2144-2168]:InstanceofExpression[2268-2292]"
    }, {
      "left" : "{}",
      "right" : "{}",
      "info" : "Block[2170-2239]:Block[2294-2363]"
    }, {
      "left" : "r = ((EvalContext) r).getSingleNodePointer();",
      "right" : "r = ((EvalContext) r).getSingleNodePointer();",
      "info" : "ExpressionStatement[2184-2229]:ExpressionStatement[2308-2353]"
    }, {
      "left" : "if (l instanceof Collection)",
      "right" : "if (l instanceof Collection)",
      "info" : "IfStatement[2249-2334]:IfStatement[2373-2458]"
    }, {
      "left" : "{}",
      "right" : "{}",
      "info" : "Block[2278-2334]:Block[2402-2458]"
    }, {
      "left" : "l = ((Collection) l).iterator();",
      "right" : "l = ((Collection) l).iterator();",
      "info" : "ExpressionStatement[2292-2324]:ExpressionStatement[2416-2448]"
    }, {
      "left" : "if (r instanceof Collection)",
      "right" : "if (r instanceof Collection)",
      "info" : "IfStatement[2344-2429]:IfStatement[2468-2553]"
    }, {
      "left" : "{}",
      "right" : "{}",
      "info" : "Block[2373-2429]:Block[2497-2553]"
    }, {
      "left" : "r = ((Collection) r).iterator();",
      "right" : "r = ((Collection) r).iterator();",
      "info" : "ExpressionStatement[2387-2419]:ExpressionStatement[2511-2543]"
    }, {
      "left" : "if ((l instanceof Iterator) && !(r instanceof Iterator))",
      "right" : "if ((l instanceof Iterator) && !(r instanceof Iterator))",
      "info" : "IfStatement[2439-2553]:IfStatement[2563-2677]"
    }, {
      "left" : "{}",
      "right" : "{}",
      "info" : "Block[2496-2553]:Block[2620-2677]"
    }, {
      "left" : "return contains((Iterator) l, r);",
      "right" : "return contains((Iterator) l, r);",
      "info" : "ReturnStatement[2510-2543]:ReturnStatement[2634-2667]"
    }, {
      "left" : "if (!(l instanceof Iterator) && (r instanceof Iterator))",
      "right" : "if (!(l instanceof Iterator) && (r instanceof Iterator))",
      "info" : "IfStatement[2562-2676]:IfStatement[2686-2800]"
    }, {
      "left" : "{}",
      "right" : "{}",
      "info" : "Block[2619-2676]:Block[2743-2800]"
    }, {
      "left" : "return contains((Iterator) r, l);",
      "right" : "return contains((Iterator) r, l);",
      "info" : "ReturnStatement[2633-2666]:ReturnStatement[2757-2790]"
    }, {
      "left" : "if (l instanceof Iterator && r instanceof Iterator)",
      "right" : "if (l instanceof Iterator && r instanceof Iterator)",
      "info" : "IfStatement[2685-2806]:IfStatement[2809-2930]"
    }, {
      "left" : "{}",
      "right" : "{}",
      "info" : "Block[2737-2806]:Block[2861-2930]"
    }, {
      "left" : "return findMatch((Iterator) l, (Iterator) r);",
      "right" : "return findMatch((Iterator) l, (Iterator) r);",
      "info" : "ReturnStatement[2751-2796]:ReturnStatement[2875-2920]"
    }, {
      "left" : "return equal(l, r);",
      "right" : "return equal(l, r);",
      "info" : "ReturnStatement[2815-2834]:ReturnStatement[2939-2958]"
    }, {
      "left" : "protected",
      "right" : "protected",
      "info" : "Modifier[2846-2855]:Modifier[2970-2979]"
    }, {
      "left" : "boolean",
      "right" : "boolean",
      "info" : "PrimitiveType[2856-2863]:PrimitiveType[2980-2987]"
    }, {
      "left" : "contains",
      "right" : "contains",
      "info" : "SimpleName[2864-2872]:SimpleName[2988-2996]"
    }, {
      "left" : "Iterator it",
      "right" : "Iterator it",
      "info" : "SingleVariableDeclaration[2873-2884]:SingleVariableDeclaration[2997-3008]"
    }, {
      "left" : "Object value",
      "right" : "Object value",
      "info" : "SingleVariableDeclaration[2886-2898]:SingleVariableDeclaration[3010-3022]"
    }, {
      "left" : "{}",
      "right" : "{}",
      "info" : "Block[2900-3094]:Block[3024-3218]"
    }, {
      "left" : "while (it.hasNext())",
      "right" : "while (it.hasNext())",
      "info" : "WhileStatement[2910-3066]:WhileStatement[3034-3190]"
    }, {
      "left" : "{}",
      "right" : "{}",
      "info" : "Block[2931-3066]:Block[3055-3190]"
    }, {
      "left" : "Object element = it.next();",
      "right" : "Object element = it.next();",
      "info" : "VariableDeclarationStatement[2945-2972]:VariableDeclarationStatement[3069-3096]"
    }, {
      "left" : "if (equal(element, value))",
      "right" : "if (equal(element, value))",
      "info" : "IfStatement[2985-3056]:IfStatement[3109-3180]"
    }, {
      "left" : "{}",
      "right" : "{}",
      "info" : "Block[3012-3056]:Block[3136-3180]"
    }, {
      "left" : "return true;",
      "right" : "return true;",
      "info" : "ReturnStatement[3030-3042]:ReturnStatement[3154-3166]"
    }, {
      "left" : "return false;",
      "right" : "return false;",
      "info" : "ReturnStatement[3075-3088]:ReturnStatement[3199-3212]"
    }, {
      "left" : "protected",
      "right" : "protected",
      "info" : "Modifier[3100-3109]:Modifier[3224-3233]"
    }, {
      "left" : "boolean",
      "right" : "boolean",
      "info" : "PrimitiveType[3110-3117]:PrimitiveType[3234-3241]"
    }, {
      "left" : "findMatch",
      "right" : "findMatch",
      "info" : "SimpleName[3118-3127]:SimpleName[3242-3251]"
    }, {
      "left" : "Iterator lit",
      "right" : "Iterator lit",
      "info" : "SingleVariableDeclaration[3128-3140]:SingleVariableDeclaration[3252-3264]"
    }, {
      "left" : "Iterator rit",
      "right" : "Iterator rit",
      "info" : "SingleVariableDeclaration[3142-3154]:SingleVariableDeclaration[3266-3278]"
    }, {
      "left" : "{}",
      "right" : "{}",
      "info" : "Block[3156-3441]:Block[3280-3565]"
    }, {
      "left" : "HashSet left = new HashSet();",
      "right" : "HashSet left = new HashSet();",
      "info" : "VariableDeclarationStatement[3166-3195]:VariableDeclarationStatement[3290-3319]"
    }, {
      "left" : "while (lit.hasNext())",
      "right" : "while (lit.hasNext())",
      "info" : "WhileStatement[3204-3271]:WhileStatement[3328-3395]"
    }, {
      "left" : "{}",
      "right" : "{}",
      "info" : "Block[3226-3271]:Block[3350-3395]"
    }, {
      "left" : "left.add(lit.next());",
      "right" : "left.add(lit.next());",
      "info" : "ExpressionStatement[3240-3261]:ExpressionStatement[3364-3385]"
    }, {
      "left" : "while (rit.hasNext())",
      "right" : "while (rit.hasNext())",
      "info" : "WhileStatement[3280-3413]:WhileStatement[3404-3537]"
    }, {
      "left" : "{}",
      "right" : "{}",
      "info" : "Block[3302-3413]:Block[3426-3537]"
    }, {
      "left" : "if (contains(left.iterator(), rit.next()))",
      "right" : "if (contains(left.iterator(), rit.next()))",
      "info" : "IfStatement[3316-3403]:IfStatement[3440-3527]"
    }, {
      "left" : "{}",
      "right" : "{}",
      "info" : "Block[3359-3403]:Block[3483-3527]"
    }, {
      "left" : "return true;",
      "right" : "return true;",
      "info" : "ReturnStatement[3377-3389]:ReturnStatement[3501-3513]"
    }, {
      "left" : "return false;",
      "right" : "return false;",
      "info" : "ReturnStatement[3422-3435]:ReturnStatement[3546-3559]"
    }, {
      "left" : "protected",
      "right" : "protected",
      "info" : "Modifier[3447-3456]:Modifier[3571-3580]"
    }, {
      "left" : "boolean",
      "right" : "boolean",
      "info" : "PrimitiveType[3457-3464]:PrimitiveType[3581-3588]"
    }, {
      "left" : "equal",
      "right" : "equal",
      "info" : "SimpleName[3465-3470]:SimpleName[3589-3594]"
    }, {
      "left" : "Object l",
      "right" : "Object l",
      "info" : "SingleVariableDeclaration[3471-3479]:SingleVariableDeclaration[3595-3603]"
    }, {
      "left" : "Object r",
      "right" : "Object r",
      "info" : "SingleVariableDeclaration[3481-3489]:SingleVariableDeclaration[3605-3613]"
    }, {
      "left" : "{}",
      "right" : "{}",
      "info" : "Block[3491-4453]:Block[3615-4577]"
    }, {
      "left" : "if (l instanceof Pointer && r instanceof Pointer)",
      "right" : "if (l instanceof Pointer && r instanceof Pointer)",
      "info" : "IfStatement[3501-3636]:IfStatement[3625-3760]"
    }, {
      "left" : "{}",
      "right" : "{}",
      "info" : "Block[3551-3636]:Block[3675-3760]"
    }, {
      "left" : "if (l.equals(r))",
      "right" : "if (l.equals(r))",
      "info" : "IfStatement[3565-3626]:IfStatement[3689-3750]"
    }, {
      "left" : "{}",
      "right" : "{}",
      "info" : "Block[3582-3626]:Block[3706-3750]"
    }, {
      "left" : "return true;",
      "right" : "return true;",
      "info" : "ReturnStatement[3600-3612]:ReturnStatement[3724-3736]"
    }, {
      "left" : "if (l instanceof Pointer)",
      "right" : "if (l instanceof Pointer)",
      "info" : "IfStatement[3646-3725]:IfStatement[3770-3849]"
    }, {
      "left" : "{}",
      "right" : "{}",
      "info" : "Block[3672-3725]:Block[3796-3849]"
    }, {
      "left" : "l = ((Pointer) l).getValue();",
      "right" : "l = ((Pointer) l).getValue();",
      "info" : "ExpressionStatement[3686-3715]:ExpressionStatement[3810-3839]"
    }, {
      "left" : "if (r instanceof Pointer)",
      "right" : "if (r instanceof Pointer)",
      "info" : "IfStatement[3735-3814]:IfStatement[3859-3938]"
    }, {
      "left" : "{}",
      "right" : "{}",
      "info" : "Block[3761-3814]:Block[3885-3938]"
    }, {
      "left" : "r = ((Pointer) r).getValue();",
      "right" : "r = ((Pointer) r).getValue();",
      "info" : "ExpressionStatement[3775-3804]:ExpressionStatement[3899-3928]"
    }, {
      "left" : "if (l == r)",
      "right" : "if (l == r)",
      "info" : "IfStatement[3824-3872]:IfStatement[3948-3996]"
    }, {
      "left" : "{}",
      "right" : "{}",
      "info" : "Block[3836-3872]:Block[3960-3996]"
    }, {
      "left" : "return true;",
      "right" : "return true;",
      "info" : "ReturnStatement[3850-3862]:ReturnStatement[3974-3986]"
    }, {
      "left" : "if (l instanceof Boolean || r instanceof Boolean)",
      "right" : "if (l instanceof Boolean || r instanceof Boolean)",
      "info" : "IfStatement[3948-4090]:IfStatement[4072-4214]"
    }, {
      "left" : "{}",
      "right" : "{}",
      "info" : "Block[3998-4090]:Block[4122-4214]"
    }, {
      "left" : "return (InfoSetUtil.booleanValue(l) == InfoSetUtil.booleanValue(r));",
      "right" : "return (InfoSetUtil.booleanValue(l) == InfoSetUtil.booleanValue(r));",
      "info" : "ReturnStatement[4012-4080]:ReturnStatement[4136-4204]"
    }, {
      "left" : "if (l instanceof Number || r instanceof Number)",
      "right" : "if (l instanceof Number || r instanceof Number)",
      "info" : "IfStatement[4099-4237]:IfStatement[4223-4361]"
    }, {
      "left" : "{}",
      "right" : "{}",
      "info" : "Block[4147-4237]:Block[4271-4361]"
    }, {
      "left" : "return (InfoSetUtil.doubleValue(l) == InfoSetUtil.doubleValue(r));",
      "right" : "return (InfoSetUtil.doubleValue(l) == InfoSetUtil.doubleValue(r));",
      "info" : "ReturnStatement[4161-4227]:ReturnStatement[4285-4351]"
    }, {
      "left" : "if (l instanceof String || r instanceof String)",
      "right" : "if (l instanceof String || r instanceof String)",
      "info" : "IfStatement[4246-4406]:IfStatement[4370-4530]"
    }, {
      "left" : "{}",
      "right" : "{}",
      "info" : "Block[4294-4406]:Block[4418-4530]"
    }, {
      "left" : "return (\n                InfoSetUtil.stringValue(l).equals(InfoSetUtil.stringValue(r)));",
      "right" : "return (\n                InfoSetUtil.stringValue(l).equals(InfoSetUtil.stringValue(r)));",
      "info" : "ReturnStatement[4308-4396]:ReturnStatement[4432-4520]"
    }, {
      "left" : "return l != null && l.equals(r);",
      "right" : "return l != null && l.equals(r);",
      "info" : "ReturnStatement[4415-4447]:ReturnStatement[4539-4571]"
    } ]
  },
  "interFileMappings" : { }
}