{"PLAIN_CONFIGURATION": "ClassicGumtree-bu_minsim-0.1-bu_minsize-100-st_minprio-1-st_priocalc-size", "MATCHER": "ClassicGumtree", "NRACTIONS": 103, "SIMACTIONS": 62, "NRROOTS": null, "NR_INSERT": 44, "NR_DELETE": 36, "NR_UPDATE": 4, "NR_MOVE": 19, "NR_TREEINSERT": 0, "NR_TREEDELETE": 0, "TIME": 45, "NROPTIONS": 0, "TIMEOUT": 0, "bu_minsim": 0.1, "bu_minsize": 100, "st_minprio": 1, "st_priocalc": "size", "cd_labsim": null, "cd_maxleaves": null, "cd_structsim1": null, "cd_structsim2": null, "xy_minsim": null}