{
  "intraFileMappings" : {
    "matchedElements" : [
 {
      "left" : "ValueMarker",
      "right" : "ValueMarker",
      "info" : "TypeDeclaration[1947-4975]:TypeDeclaration[1947-4989]"
    }, {
      "left" : "private double value;",
      "right" : "private double value;",
      "info" : "FieldDeclaration[2120-2164]:FieldDeclaration[2120-2164]"
    }, {
      "left" : "public ValueMarker(double value)",
      "right" : "public ValueMarker(double value)",
      "info" : "MethodDeclaration[2172-2350]:MethodDeclaration[2172-2350]"
    }, {
      "left" : "public ValueMarker(double value, Paint paint, Stroke stroke)",
      "right" : "public ValueMarker(double value, Paint paint, Stroke stroke)",
      "info" : "MethodDeclaration[2362-2715]:MethodDeclaration[2362-2715]"
    }, {
      "left" : "public ValueMarker(double value, Paint paint, Stroke stroke, \r\n                       Paint outlinePaint, Stroke outlineStroke, float alpha)",
      "right" : "public ValueMarker(double value, Paint paint, Stroke stroke, \r\n                       Paint outlinePaint, Stroke outlineStroke, float alpha)",
      "info" : "MethodDeclaration[2727-3422]:MethodDeclaration[2727-3436]"
    }, {
      "left" : "public double getValue()",
      "right" : "public double getValue()",
      "info" : "MethodDeclaration[3434-3615]:MethodDeclaration[3448-3629]"
    }, {
      "left" : "public void setValue(double value)",
      "right" : "public void setValue(double value)",
      "info" : "MethodDeclaration[3627-3993]:MethodDeclaration[3641-4007]"
    }, {
      "left" : "public boolean equals(Object obj)",
      "right" : "public boolean equals(Object obj)",
      "info" : "MethodDeclaration[4001-4972]:MethodDeclaration[4015-4986]"
    } ],
    "mappings" : [
 {
      "left" : "public",
      "right" : "public",
      "info" : "Modifier[2067-2073]:Modifier[2067-2073]"
    }, {
      "left" : "class",
      "right" : "class",
      "info" : "TYPE_DECLARATION_KIND[2074-2079]:TYPE_DECLARATION_KIND[2074-2079]"
    }, {
      "left" : "ValueMarker",
      "right" : "ValueMarker",
      "info" : "SimpleName[2080-2091]:SimpleName[2080-2091]"
    }, {
      "left" : "Marker",
      "right" : "Marker",
      "info" : "SimpleType[2100-2106]:SimpleType[2100-2106]"
    }, {
      "left" : "public",
      "right" : "public",
      "info" : "Modifier[2262-2268]:Modifier[2262-2268]"
    }, {
      "left" : "ValueMarker",
      "right" : "ValueMarker",
      "info" : "SimpleName[2269-2280]:SimpleName[2269-2280]"
    }, {
      "left" : "double value",
      "right" : "double value",
      "info" : "SingleVariableDeclaration[2281-2293]:SingleVariableDeclaration[2281-2293]"
    }, {
      "left" : "{}",
      "right" : "{}",
      "info" : "Block[2295-2350]:Block[2295-2350]"
    }, {
      "left" : "super();",
      "right" : "super();",
      "info" : "SuperConstructorInvocation[2306-2314]:SuperConstructorInvocation[2306-2314]"
    }, {
      "left" : "this.value = value;",
      "right" : "this.value = value;",
      "info" : "ExpressionStatement[2324-2343]:ExpressionStatement[2324-2343]"
    }, {
      "left" : "public",
      "right" : "public",
      "info" : "Modifier[2588-2594]:Modifier[2588-2594]"
    }, {
      "left" : "ValueMarker",
      "right" : "ValueMarker",
      "info" : "SimpleName[2595-2606]:SimpleName[2595-2606]"
    }, {
      "left" : "double value",
      "right" : "double value",
      "info" : "SingleVariableDeclaration[2607-2619]:SingleVariableDeclaration[2607-2619]"
    }, {
      "left" : "Paint paint",
      "right" : "Paint paint",
      "info" : "SingleVariableDeclaration[2621-2632]:SingleVariableDeclaration[2621-2632]"
    }, {
      "left" : "Stroke stroke",
      "right" : "Stroke stroke",
      "info" : "SingleVariableDeclaration[2634-2647]:SingleVariableDeclaration[2634-2647]"
    }, {
      "left" : "{}",
      "right" : "{}",
      "info" : "Block[2649-2715]:Block[2649-2715]"
    }, {
      "left" : "this(value, paint, stroke, paint, stroke, 1.0f);",
      "right" : "this(value, paint, stroke, paint, stroke, 1.0f);",
      "info" : "ConstructorInvocation[2660-2708]:ConstructorInvocation[2660-2708]"
    }, {
      "left" : "public",
      "right" : "public",
      "info" : "Modifier[3191-3197]:Modifier[3191-3197]"
    }, {
      "left" : "ValueMarker",
      "right" : "ValueMarker",
      "info" : "SimpleName[3198-3209]:SimpleName[3198-3209]"
    }, {
      "left" : "double value",
      "right" : "double value",
      "info" : "SingleVariableDeclaration[3210-3222]:SingleVariableDeclaration[3210-3222]"
    }, {
      "left" : "Paint paint",
      "right" : "Paint paint",
      "info" : "SingleVariableDeclaration[3224-3235]:SingleVariableDeclaration[3224-3235]"
    }, {
      "left" : "Stroke stroke",
      "right" : "Stroke stroke",
      "info" : "SingleVariableDeclaration[3237-3250]:SingleVariableDeclaration[3237-3250]"
    }, {
      "left" : "Paint outlinePaint",
      "right" : "Paint outlinePaint",
      "info" : "SingleVariableDeclaration[3277-3295]:SingleVariableDeclaration[3277-3295]"
    }, {
      "left" : "Stroke outlineStroke",
      "right" : "Stroke outlineStroke",
      "info" : "SingleVariableDeclaration[3297-3317]:SingleVariableDeclaration[3297-3317]"
    }, {
      "left" : "float alpha",
      "right" : "float alpha",
      "info" : "SingleVariableDeclaration[3319-3330]:SingleVariableDeclaration[3319-3330]"
    }, {
      "left" : "{}",
      "right" : "{}",
      "info" : "Block[3332-3422]:Block[3332-3436]"
    }, {
      "left" : "super(paint, stroke, paint, stroke, alpha);",
      "right" : "super(paint, stroke, outlinePaint, outlineStroke, alpha);",
      "info" : "SuperConstructorInvocation[3343-3386]:SuperConstructorInvocation[3343-3400]"
    }, {
      "left" : "paint",
      "right" : "outlinePaint",
      "info" : "SimpleName[3364-3369]:SimpleName[3364-3376]"
    }, {
      "left" : "stroke",
      "right" : "outlineStroke",
      "info" : "SimpleName[3371-3377]:SimpleName[3378-3391]"
    }, {
      "left" : "this.value = value;",
      "right" : "this.value = value;",
      "info" : "ExpressionStatement[3396-3415]:ExpressionStatement[3410-3429]"
    }, {
      "left" : "public",
      "right" : "public",
      "info" : "Modifier[3554-3560]:Modifier[3568-3574]"
    }, {
      "left" : "double",
      "right" : "double",
      "info" : "PrimitiveType[3561-3567]:PrimitiveType[3575-3581]"
    }, {
      "left" : "getValue",
      "right" : "getValue",
      "info" : "SimpleName[3568-3576]:SimpleName[3582-3590]"
    }, {
      "left" : "{}",
      "right" : "{}",
      "info" : "Block[3579-3615]:Block[3593-3629]"
    }, {
      "left" : "return this.value;",
      "right" : "return this.value;",
      "info" : "ReturnStatement[3590-3608]:ReturnStatement[3604-3622]"
    }, {
      "left" : "public",
      "right" : "public",
      "info" : "Modifier[3865-3871]:Modifier[3879-3885]"
    }, {
      "left" : "void",
      "right" : "void",
      "info" : "PrimitiveType[3872-3876]:PrimitiveType[3886-3890]"
    }, {
      "left" : "setValue",
      "right" : "setValue",
      "info" : "SimpleName[3877-3885]:SimpleName[3891-3899]"
    }, {
      "left" : "double value",
      "right" : "double value",
      "info" : "SingleVariableDeclaration[3886-3898]:SingleVariableDeclaration[3900-3912]"
    }, {
      "left" : "{}",
      "right" : "{}",
      "info" : "Block[3900-3993]:Block[3914-4007]"
    }, {
      "left" : "this.value = value;",
      "right" : "this.value = value;",
      "info" : "ExpressionStatement[3912-3931]:ExpressionStatement[3926-3945]"
    }, {
      "left" : "notifyListeners(new MarkerChangeEvent(this));",
      "right" : "notifyListeners(new MarkerChangeEvent(this));",
      "info" : "ExpressionStatement[3941-3986]:ExpressionStatement[3955-4000]"
    }, {
      "left" : "public",
      "right" : "public",
      "info" : "Modifier[4560-4566]:Modifier[4574-4580]"
    }, {
      "left" : "boolean",
      "right" : "boolean",
      "info" : "PrimitiveType[4567-4574]:PrimitiveType[4581-4588]"
    }, {
      "left" : "equals",
      "right" : "equals",
      "info" : "SimpleName[4575-4581]:SimpleName[4589-4595]"
    }, {
      "left" : "Object obj",
      "right" : "Object obj",
      "info" : "SingleVariableDeclaration[4582-4592]:SingleVariableDeclaration[4596-4606]"
    }, {
      "left" : "{}",
      "right" : "{}",
      "info" : "Block[4594-4972]:Block[4608-4986]"
    }, {
      "left" : "if (obj == this)",
      "right" : "if (obj == this)",
      "info" : "IfStatement[4605-4660]:IfStatement[4619-4674]"
    }, {
      "left" : "{}",
      "right" : "{}",
      "info" : "Block[4622-4660]:Block[4636-4674]"
    }, {
      "left" : "return true;",
      "right" : "return true;",
      "info" : "ReturnStatement[4637-4649]:ReturnStatement[4651-4663]"
    }, {
      "left" : "if (!super.equals(obj))",
      "right" : "if (!super.equals(obj))",
      "info" : "IfStatement[4670-4733]:IfStatement[4684-4747]"
    }, {
      "left" : "{}",
      "right" : "{}",
      "info" : "Block[4694-4733]:Block[4708-4747]"
    }, {
      "left" : "return false;",
      "right" : "return false;",
      "info" : "ReturnStatement[4709-4722]:ReturnStatement[4723-4736]"
    }, {
      "left" : "if (!(obj instanceof ValueMarker))",
      "right" : "if (!(obj instanceof ValueMarker))",
      "info" : "IfStatement[4743-4817]:IfStatement[4757-4831]"
    }, {
      "left" : "{}",
      "right" : "{}",
      "info" : "Block[4778-4817]:Block[4792-4831]"
    }, {
      "left" : "return false;",
      "right" : "return false;",
      "info" : "ReturnStatement[4793-4806]:ReturnStatement[4807-4820]"
    }, {
      "left" : "ValueMarker that = (ValueMarker) obj;",
      "right" : "ValueMarker that = (ValueMarker) obj;",
      "info" : "VariableDeclarationStatement[4827-4864]:VariableDeclarationStatement[4841-4878]"
    }, {
      "left" : "if (this.value != that.value)",
      "right" : "if (this.value != that.value)",
      "info" : "IfStatement[4874-4943]:IfStatement[4888-4957]"
    }, {
      "left" : "{}",
      "right" : "{}",
      "info" : "Block[4904-4943]:Block[4918-4957]"
    }, {
      "left" : "return false;",
      "right" : "return false;",
      "info" : "ReturnStatement[4919-4932]:ReturnStatement[4933-4946]"
    }, {
      "left" : "return true;",
      "right" : "return true;",
      "info" : "ReturnStatement[4953-4965]:ReturnStatement[4967-4979]"
    } ]
  },
  "interFileMappings" : { }
}