{
  "intraFileMappings" : {
    "matchedElements" : [
 {
      "left" : "CoreOperationGreaterThanOrEqual",
      "right" : "CoreOperationGreaterThanOrEqual",
      "info" : "TypeDeclaration[948-1633]:TypeDeclaration[850-1359]"
    }, {
      "left" : "public CoreOperationGreaterThanOrEqual(Expression arg1, Expression arg2)",
      "right" : "public CoreOperationGreaterThanOrEqual(Expression arg1, Expression arg2)",
      "info" : "MethodDeclaration[1178-1306]:MethodDeclaration[1080-1208]"
    }, {
      "left" : "public String getSymbol()",
      "right" : "public String getSymbol()",
      "info" : "MethodDeclaration[1577-1631]:MethodDeclaration[1303-1357]"
    } ],
    "mappings" : [
 {
      "left" : "public",
      "right" : "public",
      "info" : "Modifier[1076-1082]:Modifier[978-984]"
    }, {
      "left" : "class",
      "right" : "class",
      "info" : "TYPE_DECLARATION_KIND[1083-1088]:TYPE_DECLARATION_KIND[985-990]"
    }, {
      "left" : "CoreOperationGreaterThanOrEqual",
      "right" : "CoreOperationGreaterThanOrEqual",
      "info" : "SimpleName[1089-1120]:SimpleName[991-1022]"
    }, {
      "left" : "CoreOperationRelationalExpression",
      "right" : "CoreOperationRelationalExpression",
      "info" : "SimpleType[1137-1170]:SimpleType[1039-1072]"
    }, {
      "left" : "public",
      "right" : "public",
      "info" : "Modifier[1178-1184]:Modifier[1080-1086]"
    }, {
      "left" : "CoreOperationGreaterThanOrEqual",
      "right" : "CoreOperationGreaterThanOrEqual",
      "info" : "SimpleName[1185-1216]:SimpleName[1087-1118]"
    }, {
      "left" : "Expression arg1",
      "right" : "Expression arg1",
      "info" : "SingleVariableDeclaration[1217-1232]:SingleVariableDeclaration[1119-1134]"
    }, {
      "left" : "Expression arg2",
      "right" : "Expression arg2",
      "info" : "SingleVariableDeclaration[1234-1249]:SingleVariableDeclaration[1136-1151]"
    }, {
      "left" : "{}",
      "right" : "{}",
      "info" : "Block[1251-1306]:Block[1153-1208]"
    }, {
      "left" : "super(new Expression[] { arg1, arg2 });",
      "right" : "super(new Expression[] { arg1, arg2 });",
      "info" : "SuperConstructorInvocation[1261-1300]:SuperConstructorInvocation[1163-1202]"
    }, {
      "left" : "public",
      "right" : "public",
      "info" : "Modifier[1577-1583]:Modifier[1303-1309]"
    }, {
      "left" : "String",
      "right" : "String",
      "info" : "SimpleType[1584-1590]:SimpleType[1310-1316]"
    }, {
      "left" : "getSymbol",
      "right" : "getSymbol",
      "info" : "SimpleName[1591-1600]:SimpleName[1317-1326]"
    }, {
      "left" : "{}",
      "right" : "{}",
      "info" : "Block[1603-1631]:Block[1329-1357]"
    }, {
      "left" : "return \">=\";",
      "right" : "return \">=\";",
      "info" : "ReturnStatement[1613-1625]:ReturnStatement[1339-1351]"
    } ]
  },
  "interFileMappings" : { }
}