{
  "intraFileMappings" : {
    "matchedElements" : [
 {
      "left" : "CoreOperationGreaterThanOrEqual",
      "right" : "CoreOperationGreaterThanOrEqual",
      "info" : "TypeDeclaration[948-1633]:TypeDeclaration[850-1359]"
    }, {
      "left" : "public CoreOperationGreaterThanOrEqual(Expression arg1, Expression arg2)",
      "right" : "public CoreOperationGreaterThanOrEqual(Expression arg1, Expression arg2)",
      "info" : "MethodDeclaration[1178-1306]:MethodDeclaration[1080-1208]"
    }, {
      "left" : "public Object computeValue(EvalContext context)",
      "right" : "protected boolean evaluateCompare(int compare)",
      "info" : "MethodDeclaration[1312-1571]:MethodDeclaration[1214-1297]"
    }, {
      "left" : "public String getSymbol()",
      "right" : "public String getSymbol()",
      "info" : "MethodDeclaration[1577-1631]:MethodDeclaration[1303-1357]"
    } ],
    "mappings" : [
 {
      "left" : "public",
      "right" : "public",
      "info" : "Modifier[1076-1082]:Modifier[978-984]"
    }, {
      "left" : "class",
      "right" : "class",
      "info" : "TYPE_DECLARATION_KIND[1083-1088]:TYPE_DECLARATION_KIND[985-990]"
    }, {
      "left" : "CoreOperationGreaterThanOrEqual",
      "right" : "CoreOperationGreaterThanOrEqual",
      "info" : "SimpleName[1089-1120]:SimpleName[991-1022]"
    }, {
      "left" : "CoreOperationRelationalExpression",
      "right" : "CoreOperationRelationalExpression",
      "info" : "SimpleType[1137-1170]:SimpleType[1039-1072]"
    }, {
      "left" : "public",
      "right" : "public",
      "info" : "Modifier[1178-1184]:Modifier[1080-1086]"
    }, {
      "left" : "CoreOperationGreaterThanOrEqual",
      "right" : "CoreOperationGreaterThanOrEqual",
      "info" : "SimpleName[1185-1216]:SimpleName[1087-1118]"
    }, {
      "left" : "Expression arg1",
      "right" : "Expression arg1",
      "info" : "SingleVariableDeclaration[1217-1232]:SingleVariableDeclaration[1119-1134]"
    }, {
      "left" : "Expression arg2",
      "right" : "Expression arg2",
      "info" : "SingleVariableDeclaration[1234-1249]:SingleVariableDeclaration[1136-1151]"
    }, {
      "left" : "{}",
      "right" : "{}",
      "info" : "Block[1251-1306]:Block[1153-1208]"
    }, {
      "left" : "super(new Expression[] { arg1, arg2 });",
      "right" : "super(new Expression[] { arg1, arg2 });",
      "info" : "SuperConstructorInvocation[1261-1300]:SuperConstructorInvocation[1163-1202]"
    }, {
      "left" : "public",
      "right" : "protected",
      "info" : "Modifier[1312-1318]:Modifier[1214-1223]"
    }, {
      "left" : "double",
      "right" : "boolean",
      "info" : "PrimitiveType[1370-1376]:PrimitiveType[1224-1231]"
    }, {
      "left" : "computeValue",
      "right" : "evaluateCompare",
      "info" : "SimpleName[1413-1425]:SimpleName[1232-1247]"
    }, {
      "left" : "double",
      "right" : "int",
      "info" : "PrimitiveType[1445-1451]:PrimitiveType[1248-1251]"
    }, {
      "left" : "computeValue",
      "right" : "compare",
      "info" : "SimpleName[1488-1500]:SimpleName[1252-1259]"
    }, {
      "left" : "return l >= r ? Boolean.TRUE : Boolean.FALSE;",
      "right" : "return compare >= 0;",
      "info" : "ReturnStatement[1520-1565]:ReturnStatement[1271-1291]"
    }, {
      "left" : "l",
      "right" : "compare",
      "info" : "SimpleName[1527-1528]:SimpleName[1278-1285]"
    }, {
      "left" : "l >= r",
      "right" : "compare >= 0",
      "info" : "InfixExpression[1527-1533]:InfixExpression[1278-1290]"
    }, {
      "left" : "public",
      "right" : "public",
      "info" : "Modifier[1577-1583]:Modifier[1303-1309]"
    }, {
      "left" : "String",
      "right" : "String",
      "info" : "SimpleType[1584-1590]:SimpleType[1310-1316]"
    }, {
      "left" : "getSymbol",
      "right" : "getSymbol",
      "info" : "SimpleName[1591-1600]:SimpleName[1317-1326]"
    }, {
      "left" : "{}",
      "right" : "{}",
      "info" : "Block[1603-1631]:Block[1329-1357]"
    }, {
      "left" : "return \">=\";",
      "right" : "return \">=\";",
      "info" : "ReturnStatement[1613-1625]:ReturnStatement[1339-1351]"
    } ]
  },
  "interFileMappings" : { }
}