{
  "intraFileMappings" : {
    "matchedElements" : [
 {
      "left" : "UserEntityTest",
      "right" : "UserEntityTest",
      "info" : "TypeDeclaration[211-1840]:TypeDeclaration[268-1897]"
    }, {
      "left" : "public void testSetPicture_pictureShouldBeSavedWhenNotNull()",
      "right" : "public void testSetPicture_pictureShouldBeSavedWhenNotNull()",
      "info" : "MethodDeclaration[283-689]:MethodDeclaration[340-746]"
    }, {
      "left" : "public void testSetPicture_pictureShouldBeDeletedWhenNull()",
      "right" : "public void testSetPicture_pictureShouldBeDeletedWhenNull()",
      "info" : "MethodDeclaration[693-921]:MethodDeclaration[750-978]"
    }, {
      "left" : "TestableUserEntity",
      "right" : "TestableUserEntity",
      "info" : "TypeDeclaration[925-1837]:TypeDeclaration[982-1894]"
    }, {
      "left" : "private boolean hasSavePictureBeenCalled = false;",
      "right" : "private boolean hasSavePictureBeenCalled = false;",
      "info" : "FieldDeclaration[1006-1055]:FieldDeclaration[1063-1112]"
    }, {
      "left" : "private boolean hasDeletePictureBeenCalled = false;",
      "right" : "private boolean hasDeletePictureBeenCalled = false;",
      "info" : "FieldDeclaration[1060-1111]:FieldDeclaration[1117-1168]"
    }, {
      "left" : "protected void savePicture(Picture picture)",
      "right" : "protected void savePicture(Picture picture)",
      "info" : "MethodDeclaration[1117-1223]:MethodDeclaration[1174-1280]"
    }, {
      "left" : "protected void deletePicture()",
      "right" : "protected void deletePicture()",
      "info" : "MethodDeclaration[1229-1324]:MethodDeclaration[1286-1381]"
    }, {
      "left" : "public boolean getHasSavePictureBeenCalled()",
      "right" : "public boolean getHasSavePictureBeenCalled()",
      "info" : "MethodDeclaration[1330-1421]:MethodDeclaration[1387-1478]"
    }, {
      "left" : "public void setHasSavePictureBeenCalled(boolean hasSavePictureBeenCalled)",
      "right" : "public void setHasSavePictureBeenCalled(boolean hasSavePictureBeenCalled)",
      "info" : "MethodDeclaration[1427-1572]:MethodDeclaration[1484-1629]"
    }, {
      "left" : "public boolean getHasDeletePictureBeenCalled()",
      "right" : "public boolean getHasDeletePictureBeenCalled()",
      "info" : "MethodDeclaration[1578-1673]:MethodDeclaration[1635-1730]"
    }, {
      "left" : "public void setHasDeletePictureBeenCalled(boolean hasDeletePictureBeenCalled)",
      "right" : "public void setHasDeletePictureBeenCalled(boolean hasDeletePictureBeenCalled)",
      "info" : "MethodDeclaration[1679-1832]:MethodDeclaration[1736-1889]"
    } ],
    "mappings" : [
 {
      "left" : "{}",
      "right" : "{}",
      "info" : "Block[352-689]:Block[409-746]"
    }, {
      "left" : "TestableUserEntity userEntity = new TestableUserEntity();",
      "right" : "TestableUserEntity userEntity = new TestableUserEntity();",
      "info" : "VariableDeclarationStatement[358-415]:VariableDeclarationStatement[415-472]"
    }, {
      "left" : "Picture picture = new Picture(null, null);",
      "right" : "Picture picture = new Picture(null, null);",
      "info" : "VariableDeclarationStatement[420-462]:VariableDeclarationStatement[477-519]"
    }, {
      "left" : "userEntity.setPicture(picture);",
      "right" : "userEntity.setPicture(picture);",
      "info" : "ExpressionStatement[535-566]:ExpressionStatement[592-623]"
    }, {
      "left" : "assertTrue(userEntity.getHasSavePictureBeenCalled());",
      "right" : "assertTrue(userEntity.getHasSavePictureBeenCalled());",
      "info" : "ExpressionStatement[571-624]:ExpressionStatement[628-681]"
    }, {
      "left" : "assertFalse(userEntity.getHasDeletePictureBeenCalled());",
      "right" : "assertFalse(userEntity.getHasDeletePictureBeenCalled());",
      "info" : "ExpressionStatement[629-685]:ExpressionStatement[686-742]"
    }, {
      "left" : "{}",
      "right" : "{}",
      "info" : "Block[761-921]:Block[818-978]"
    }, {
      "left" : "TestableUserEntity userEntity = new TestableUserEntity();",
      "right" : "TestableUserEntity userEntity = new TestableUserEntity();",
      "info" : "VariableDeclarationStatement[767-824]:VariableDeclarationStatement[824-881]"
    }, {
      "left" : "userEntity.setPicture(null);",
      "right" : "userEntity.setPicture(null);",
      "info" : "ExpressionStatement[829-857]:ExpressionStatement[886-914]"
    }, {
      "left" : "assertTrue(userEntity.getHasDeletePictureBeenCalled());",
      "right" : "assertTrue(userEntity.getHasDeletePictureBeenCalled());",
      "info" : "ExpressionStatement[862-917]:ExpressionStatement[919-974]"
    }, {
      "left" : "{}",
      "right" : "{}",
      "info" : "Block[1175-1223]:Block[1232-1280]"
    }, {
      "left" : "setHasSavePictureBeenCalled(true);",
      "right" : "setHasSavePictureBeenCalled(true);",
      "info" : "ExpressionStatement[1183-1217]:ExpressionStatement[1240-1274]"
    }, {
      "left" : "{}",
      "right" : "{}",
      "info" : "Block[1274-1324]:Block[1331-1381]"
    }, {
      "left" : "setHasDeletePictureBeenCalled(true);",
      "right" : "setHasDeletePictureBeenCalled(true);",
      "info" : "ExpressionStatement[1282-1318]:ExpressionStatement[1339-1375]"
    }, {
      "left" : "{}",
      "right" : "{}",
      "info" : "Block[1375-1421]:Block[1432-1478]"
    }, {
      "left" : "return hasSavePictureBeenCalled;",
      "right" : "return hasSavePictureBeenCalled;",
      "info" : "ReturnStatement[1383-1415]:ReturnStatement[1440-1472]"
    }, {
      "left" : "{}",
      "right" : "{}",
      "info" : "Block[1501-1572]:Block[1558-1629]"
    }, {
      "left" : "this.hasSavePictureBeenCalled = hasSavePictureBeenCalled;",
      "right" : "this.hasSavePictureBeenCalled = hasSavePictureBeenCalled;",
      "info" : "ExpressionStatement[1509-1566]:ExpressionStatement[1566-1623]"
    }, {
      "left" : "{}",
      "right" : "{}",
      "info" : "Block[1625-1673]:Block[1682-1730]"
    }, {
      "left" : "return hasDeletePictureBeenCalled;",
      "right" : "return hasDeletePictureBeenCalled;",
      "info" : "ReturnStatement[1633-1667]:ReturnStatement[1690-1724]"
    }, {
      "left" : "{}",
      "right" : "{}",
      "info" : "Block[1757-1832]:Block[1814-1889]"
    }, {
      "left" : "this.hasDeletePictureBeenCalled = hasDeletePictureBeenCalled;",
      "right" : "this.hasDeletePictureBeenCalled = hasDeletePictureBeenCalled;",
      "info" : "ExpressionStatement[1765-1826]:ExpressionStatement[1822-1883]"
    } ]
  },
  "interFileMappings" : { }
}