{
  "intraFileMappings" : {
    "matchedElements" : [
 {
      "left" : "KeyedObjects2D",
      "right" : "KeyedObjects2D",
      "info" : "TypeDeclaration[1898-14328]:TypeDeclaration[1898-15440]"
    }, {
      "left" : "private static final long serialVersionUID = -1015873563138522374L;",
      "right" : "private static final long serialVersionUID = -1015873563138522374L;",
      "info" : "FieldDeclaration[2124-2222]:FieldDeclaration[2124-2222]"
    }, {
      "left" : "private List rowKeys;",
      "right" : "private List rowKeys;",
      "info" : "FieldDeclaration[2234-2281]:FieldDeclaration[2234-2281]"
    }, {
      "left" : "private List columnKeys;",
      "right" : "private List columnKeys;",
      "info" : "FieldDeclaration[2289-2342]:FieldDeclaration[2289-2342]"
    }, {
      "left" : "private List rows;",
      "right" : "private List rows;",
      "info" : "FieldDeclaration[2350-2394]:FieldDeclaration[2350-2394]"
    }, {
      "left" : "public KeyedObjects2D()",
      "right" : "public KeyedObjects2D()",
      "info" : "MethodDeclaration[2402-2655]:MethodDeclaration[2402-2655]"
    }, {
      "left" : "public int getRowCount()",
      "right" : "public int getRowCount()",
      "info" : "MethodDeclaration[2663-2861]:MethodDeclaration[2663-2861]"
    }, {
      "left" : "public int getColumnCount()",
      "right" : "public int getColumnCount()",
      "info" : "MethodDeclaration[2869-3076]:MethodDeclaration[2869-3076]"
    }, {
      "left" : "public Object getObject(int row, int column)",
      "right" : "public Object getObject(int row, int column)",
      "info" : "MethodDeclaration[3084-3963]:MethodDeclaration[3084-3963]"
    }, {
      "left" : "public Comparable getRowKey(int row)",
      "right" : "public Comparable getRowKey(int row)",
      "info" : "MethodDeclaration[3971-4269]:MethodDeclaration[3971-4269]"
    }, {
      "left" : "public int getRowIndex(Comparable key)",
      "right" : "public int getRowIndex(Comparable key)",
      "info" : "MethodDeclaration[4277-4546]:MethodDeclaration[4277-4546]"
    }, {
      "left" : "public List getRowKeys()",
      "right" : "public List getRowKeys()",
      "info" : "MethodDeclaration[4554-4795]:MethodDeclaration[4554-4795]"
    }, {
      "left" : "public Comparable getColumnKey(int column)",
      "right" : "public Comparable getColumnKey(int column)",
      "info" : "MethodDeclaration[4803-5100]:MethodDeclaration[4803-5100]"
    }, {
      "left" : "public int getColumnIndex(Comparable key)",
      "right" : "public int getColumnIndex(Comparable key)",
      "info" : "MethodDeclaration[5108-5392]:MethodDeclaration[5108-5392]"
    }, {
      "left" : "public List getColumnKeys()",
      "right" : "public List getColumnKeys()",
      "info" : "MethodDeclaration[5400-5653]:MethodDeclaration[5400-5653]"
    }, {
      "left" : "public Object getObject(Comparable rowKey, Comparable columnKey)",
      "right" : "public Object getObject(Comparable rowKey, Comparable columnKey)",
      "info" : "MethodDeclaration[5661-7145]:MethodDeclaration[5661-7193]"
    }, {
      "left" : "public void addObject(Object object, Comparable rowKey, \r\n            Comparable columnKey)",
      "right" : "public void addObject(Object object, Comparable rowKey, \r\n            Comparable columnKey)",
      "info" : "MethodDeclaration[7153-7588]:MethodDeclaration[7201-7636]"
    }, {
      "left" : "public void setObject(Object object, Comparable rowKey, \r\n            Comparable columnKey)",
      "right" : "public void setObject(Object object, Comparable rowKey, \r\n            Comparable columnKey)",
      "info" : "MethodDeclaration[7596-8697]:MethodDeclaration[7644-8745]"
    }, {
      "left" : "public void removeObject(Comparable rowKey, Comparable columnKey)",
      "right" : "public void removeObject(Comparable rowKey, Comparable columnKey)",
      "info" : "MethodDeclaration[8705-9944]:MethodDeclaration[8753-10825]"
    }, {
      "left" : "public void removeRow(int rowIndex)",
      "right" : "public void removeRow(int rowIndex)",
      "info" : "MethodDeclaration[9952-10226]:MethodDeclaration[10833-11107]"
    }, {
      "left" : "public void removeRow(Comparable rowKey)",
      "right" : "public void removeRow(Comparable rowKey)",
      "info" : "MethodDeclaration[10234-10629]:MethodDeclaration[11115-11657]"
    }, {
      "left" : "public void removeColumn(int columnIndex)",
      "right" : "public void removeColumn(int columnIndex)",
      "info" : "MethodDeclaration[10637-10939]:MethodDeclaration[11665-11967]"
    }, {
      "left" : "public void removeColumn(Comparable columnKey)",
      "right" : "public void removeColumn(Comparable columnKey)",
      "info" : "MethodDeclaration[10947-11747]:MethodDeclaration[11975-12859]"
    }, {
      "left" : "public boolean equals(Object obj)",
      "right" : "public boolean equals(Object obj)",
      "info" : "MethodDeclaration[11755-13200]:MethodDeclaration[12867-14312]"
    }, {
      "left" : "public int hashCode()",
      "right" : "public int hashCode()",
      "info" : "MethodDeclaration[13208-13539]:MethodDeclaration[14320-14651]"
    }, {
      "left" : "public Object clone() throws CloneNotSupportedException",
      "right" : "public Object clone() throws CloneNotSupportedException",
      "info" : "MethodDeclaration[13547-14323]:MethodDeclaration[14659-15435]"
    } ],
    "mappings" : [
 {
      "left" : "{}",
      "right" : "{}",
      "info" : "Block[2494-2655]:Block[2494-2655]"
    }, {
      "left" : "this.rowKeys = new java.util.ArrayList();",
      "right" : "this.rowKeys = new java.util.ArrayList();",
      "info" : "ExpressionStatement[2505-2546]:ExpressionStatement[2505-2546]"
    }, {
      "left" : "this.columnKeys = new java.util.ArrayList();",
      "right" : "this.columnKeys = new java.util.ArrayList();",
      "info" : "ExpressionStatement[2556-2600]:ExpressionStatement[2556-2600]"
    }, {
      "left" : "this.rows = new java.util.ArrayList();",
      "right" : "this.rows = new java.util.ArrayList();",
      "info" : "ExpressionStatement[2610-2648]:ExpressionStatement[2610-2648]"
    }, {
      "left" : "{}",
      "right" : "{}",
      "info" : "Block[2816-2861]:Block[2816-2861]"
    }, {
      "left" : "return this.rowKeys.size();",
      "right" : "return this.rowKeys.size();",
      "info" : "ReturnStatement[2827-2854]:ReturnStatement[2827-2854]"
    }, {
      "left" : "{}",
      "right" : "{}",
      "info" : "Block[3028-3076]:Block[3028-3076]"
    }, {
      "left" : "return this.columnKeys.size();",
      "right" : "return this.columnKeys.size();",
      "info" : "ReturnStatement[3039-3069]:ReturnStatement[3039-3069]"
    }, {
      "left" : "{}",
      "right" : "{}",
      "info" : "Block[3487-3963]:Block[3487-3963]"
    }, {
      "left" : "Object result = null;",
      "right" : "Object result = null;",
      "info" : "VariableDeclarationStatement[3498-3519]:VariableDeclarationStatement[3498-3519]"
    }, {
      "left" : "KeyedObjects rowData = (KeyedObjects) this.rows.get(row);",
      "right" : "KeyedObjects rowData = (KeyedObjects) this.rows.get(row);",
      "info" : "VariableDeclarationStatement[3529-3586]:VariableDeclarationStatement[3529-3586]"
    }, {
      "left" : "if (rowData != null)",
      "right" : "if (rowData != null)",
      "info" : "IfStatement[3596-3932]:IfStatement[3596-3932]"
    }, {
      "left" : "{}",
      "right" : "{}",
      "info" : "Block[3617-3932]:Block[3617-3932]"
    }, {
      "left" : "Comparable columnKey = (Comparable) this.columnKeys.get(column);",
      "right" : "Comparable columnKey = (Comparable) this.columnKeys.get(column);",
      "info" : "VariableDeclarationStatement[3632-3696]:VariableDeclarationStatement[3632-3696]"
    }, {
      "left" : "if (columnKey != null)",
      "right" : "if (columnKey != null)",
      "info" : "IfStatement[3710-3921]:IfStatement[3710-3921]"
    }, {
      "left" : "{}",
      "right" : "{}",
      "info" : "Block[3733-3921]:Block[3733-3921]"
    }, {
      "left" : "int index = rowData.getIndex(columnKey);",
      "right" : "int index = rowData.getIndex(columnKey);",
      "info" : "VariableDeclarationStatement[3752-3792]:VariableDeclarationStatement[3752-3792]"
    }, {
      "left" : "if (index >= 0)",
      "right" : "if (index >= 0)",
      "info" : "IfStatement[3810-3906]:IfStatement[3810-3906]"
    }, {
      "left" : "{}",
      "right" : "{}",
      "info" : "Block[3826-3906]:Block[3826-3906]"
    }, {
      "left" : "result = rowData.getObject(columnKey);",
      "right" : "result = rowData.getObject(columnKey);",
      "info" : "ExpressionStatement[3849-3887]:ExpressionStatement[3849-3887]"
    }, {
      "left" : "return result;",
      "right" : "return result;",
      "info" : "ReturnStatement[3942-3956]:ReturnStatement[3942-3956]"
    }, {
      "left" : "{}",
      "right" : "{}",
      "info" : "Block[4209-4269]:Block[4209-4269]"
    }, {
      "left" : "return (Comparable) this.rowKeys.get(row);",
      "right" : "return (Comparable) this.rowKeys.get(row);",
      "info" : "ReturnStatement[4220-4262]:ReturnStatement[4220-4262]"
    }, {
      "left" : "{}",
      "right" : "{}",
      "info" : "Block[4495-4546]:Block[4495-4546]"
    }, {
      "left" : "return this.rowKeys.indexOf(key);",
      "right" : "return this.rowKeys.indexOf(key);",
      "info" : "ReturnStatement[4506-4539]:ReturnStatement[4506-4539]"
    }, {
      "left" : "{}",
      "right" : "{}",
      "info" : "Block[4727-4795]:Block[4727-4795]"
    }, {
      "left" : "return Collections.unmodifiableList(this.rowKeys);",
      "right" : "return Collections.unmodifiableList(this.rowKeys);",
      "info" : "ReturnStatement[4738-4788]:ReturnStatement[4738-4788]"
    }, {
      "left" : "{}",
      "right" : "{}",
      "info" : "Block[5034-5100]:Block[5034-5100]"
    }, {
      "left" : "return (Comparable) this.columnKeys.get(column);",
      "right" : "return (Comparable) this.columnKeys.get(column);",
      "info" : "ReturnStatement[5045-5093]:ReturnStatement[5045-5093]"
    }, {
      "left" : "{}",
      "right" : "{}",
      "info" : "Block[5338-5392]:Block[5338-5392]"
    }, {
      "left" : "return this.columnKeys.indexOf(key);",
      "right" : "return this.columnKeys.indexOf(key);",
      "info" : "ReturnStatement[5349-5385]:ReturnStatement[5349-5385]"
    }, {
      "left" : "{}",
      "right" : "{}",
      "info" : "Block[5582-5653]:Block[5582-5653]"
    }, {
      "left" : "return Collections.unmodifiableList(this.columnKeys);",
      "right" : "return Collections.unmodifiableList(this.columnKeys);",
      "info" : "ReturnStatement[5593-5646]:ReturnStatement[5593-5646]"
    }, {
      "left" : "{}",
      "right" : "{}",
      "info" : "Block[6283-7145]:Block[6283-7193]"
    }, {
      "left" : "if (rowKey == null)",
      "right" : "if (rowKey == null)",
      "info" : "IfStatement[6294-6402]:IfStatement[6294-6402]"
    }, {
      "left" : "{}",
      "right" : "{}",
      "info" : "Block[6314-6402]:Block[6314-6402]"
    }, {
      "left" : "throw new IllegalArgumentException(\"Null 'rowKey' argument.\");",
      "right" : "throw new IllegalArgumentException(\"Null 'rowKey' argument.\");",
      "info" : "ThrowStatement[6329-6391]:ThrowStatement[6329-6391]"
    }, {
      "left" : "if (columnKey == null)",
      "right" : "if (columnKey == null)",
      "info" : "IfStatement[6412-6526]:IfStatement[6412-6526]"
    }, {
      "left" : "{}",
      "right" : "{}",
      "info" : "Block[6435-6526]:Block[6435-6526]"
    }, {
      "left" : "throw new IllegalArgumentException(\"Null 'columnKey' argument.\");",
      "right" : "throw new IllegalArgumentException(\"Null 'columnKey' argument.\");",
      "info" : "ThrowStatement[6450-6515]:ThrowStatement[6450-6515]"
    }, {
      "left" : "int row = this.rowKeys.indexOf(rowKey);",
      "right" : "int row = this.rowKeys.indexOf(rowKey);",
      "info" : "VariableDeclarationStatement[6536-6575]:VariableDeclarationStatement[6536-6575]"
    }, {
      "left" : "if (row < 0)",
      "right" : "if (row < 0)",
      "info" : "IfStatement[6585-6720]:IfStatement[6585-6720]"
    }, {
      "left" : "{}",
      "right" : "{}",
      "info" : "Block[6598-6720]:Block[6598-6720]"
    }, {
      "left" : "throw new UnknownKeyException(\"Row key (\" + rowKey \r\n                    + \") not recognised.\");",
      "right" : "throw new UnknownKeyException(\"Row key (\" + rowKey \r\n                    + \") not recognised.\");",
      "info" : "ThrowStatement[6613-6709]:ThrowStatement[6613-6709]"
    }, {
      "left" : "int column = this.columnKeys.indexOf(columnKey);",
      "right" : "int column = this.columnKeys.indexOf(columnKey);",
      "info" : "VariableDeclarationStatement[6730-6778]:VariableDeclarationStatement[6730-6778]"
    }, {
      "left" : "if (column < 0)",
      "right" : "if (column < 0)",
      "info" : "IfStatement[6788-6932]:IfStatement[6788-6932]"
    }, {
      "left" : "{}",
      "right" : "{}",
      "info" : "Block[6804-6932]:Block[6804-6932]"
    }, {
      "left" : "throw new UnknownKeyException(\"Column key (\" + columnKey \r\n                    + \") not recognised.\");",
      "right" : "throw new UnknownKeyException(\"Column key (\" + columnKey \r\n                    + \") not recognised.\");",
      "info" : "ThrowStatement[6819-6921]:ThrowStatement[6819-6921]"
    }, {
      "left" : "KeyedObjects rowData = (KeyedObjects) this.rows.get(row);",
      "right" : "KeyedObjects rowData = (KeyedObjects) this.rows.get(row);",
      "info" : "VariableDeclarationStatement[6967-7024]:VariableDeclarationStatement[6942-6999]"
    }, {
      "left" : "return rowData.getObject(columnKey);",
      "right" : "return rowData.getObject(index);",
      "info" : "ReturnStatement[7038-7074]:ReturnStatement[7090-7122]"
    }, {
      "left" : "{}",
      "right" : "{}",
      "info" : "Block[7100-7138]:Block[7148-7186]"
    }, {
      "left" : "return null;",
      "right" : "return null;",
      "info" : "ReturnStatement[7115-7127]:ReturnStatement[7163-7175]"
    }, {
      "left" : "{}",
      "right" : "{}",
      "info" : "Block[7533-7588]:Block[7581-7636]"
    }, {
      "left" : "setObject(object, rowKey, columnKey);",
      "right" : "setObject(object, rowKey, columnKey);",
      "info" : "ExpressionStatement[7544-7581]:ExpressionStatement[7592-7629]"
    }, {
      "left" : "{}",
      "right" : "{}",
      "info" : "Block[7930-8697]:Block[7978-8745]"
    }, {
      "left" : "if (rowKey == null)",
      "right" : "if (rowKey == null)",
      "info" : "IfStatement[7943-8051]:IfStatement[7991-8099]"
    }, {
      "left" : "{}",
      "right" : "{}",
      "info" : "Block[7963-8051]:Block[8011-8099]"
    }, {
      "left" : "throw new IllegalArgumentException(\"Null 'rowKey' argument.\");",
      "right" : "throw new IllegalArgumentException(\"Null 'rowKey' argument.\");",
      "info" : "ThrowStatement[7978-8040]:ThrowStatement[8026-8088]"
    }, {
      "left" : "if (columnKey == null)",
      "right" : "if (columnKey == null)",
      "info" : "IfStatement[8061-8175]:IfStatement[8109-8223]"
    }, {
      "left" : "{}",
      "right" : "{}",
      "info" : "Block[8084-8175]:Block[8132-8223]"
    }, {
      "left" : "throw new IllegalArgumentException(\"Null 'columnKey' argument.\");",
      "right" : "throw new IllegalArgumentException(\"Null 'columnKey' argument.\");",
      "info" : "ThrowStatement[8099-8164]:ThrowStatement[8147-8212]"
    }, {
      "left" : "KeyedObjects row;",
      "right" : "KeyedObjects row;",
      "info" : "VariableDeclarationStatement[8185-8202]:VariableDeclarationStatement[8233-8250]"
    }, {
      "left" : "int rowIndex = this.rowKeys.indexOf(rowKey);",
      "right" : "int rowIndex = this.rowKeys.indexOf(rowKey);",
      "info" : "VariableDeclarationStatement[8212-8256]:VariableDeclarationStatement[8260-8304]"
    }, {
      "left" : "if (rowIndex >= 0)",
      "right" : "if (rowIndex >= 0)",
      "info" : "IfStatement[8266-8494]:IfStatement[8314-8542]"
    }, {
      "left" : "{}",
      "right" : "{}",
      "info" : "Block[8285-8356]:Block[8333-8404]"
    }, {
      "left" : "row = (KeyedObjects) this.rows.get(rowIndex);",
      "right" : "row = (KeyedObjects) this.rows.get(rowIndex);",
      "info" : "ExpressionStatement[8300-8345]:ExpressionStatement[8348-8393]"
    }, {
      "left" : "{}",
      "right" : "{}",
      "info" : "Block[8371-8494]:Block[8419-8542]"
    }, {
      "left" : "this.rowKeys.add(rowKey);",
      "right" : "this.rowKeys.add(rowKey);",
      "info" : "ExpressionStatement[8386-8411]:ExpressionStatement[8434-8459]"
    }, {
      "left" : "row = new KeyedObjects();",
      "right" : "row = new KeyedObjects();",
      "info" : "ExpressionStatement[8425-8450]:ExpressionStatement[8473-8498]"
    }, {
      "left" : "this.rows.add(row);",
      "right" : "this.rows.add(row);",
      "info" : "ExpressionStatement[8464-8483]:ExpressionStatement[8512-8531]"
    }, {
      "left" : "row.setObject(columnKey, object);",
      "right" : "row.setObject(columnKey, object);",
      "info" : "ExpressionStatement[8504-8537]:ExpressionStatement[8552-8585]"
    }, {
      "left" : "int columnIndex = this.columnKeys.indexOf(columnKey);",
      "right" : "int columnIndex = this.columnKeys.indexOf(columnKey);",
      "info" : "VariableDeclarationStatement[8547-8600]:VariableDeclarationStatement[8595-8648]"
    }, {
      "left" : "if (columnIndex < 0)",
      "right" : "if (columnIndex < 0)",
      "info" : "IfStatement[8610-8688]:IfStatement[8658-8736]"
    }, {
      "left" : "{}",
      "right" : "{}",
      "info" : "Block[8631-8688]:Block[8679-8736]"
    }, {
      "left" : "this.columnKeys.add(columnKey);",
      "right" : "this.columnKeys.add(columnKey);",
      "info" : "ExpressionStatement[8646-8677]:ExpressionStatement[8694-8725]"
    }, {
      "left" : "{}",
      "right" : "{}",
      "info" : "Block[9233-9944]:Block[9281-10825]"
    }, {
      "left" : "setObject(null, rowKey, columnKey);",
      "right" : "setObject(null, rowKey, columnKey);",
      "info" : "ExpressionStatement[9244-9279]:ExpressionStatement[9292-9327]"
    }, {
      "left" : "boolean allNull = true;",
      "right" : "boolean allNull = true;",
      "info" : "VariableDeclarationStatement[9350-9373]:VariableDeclarationStatement[9398-9421]"
    }, {
      "left" : "int rowIndex = getRowIndex(rowKey);",
      "right" : "int rowIndex = getRowIndex(rowKey);",
      "info" : "VariableDeclarationStatement[9383-9418]:VariableDeclarationStatement[9431-9466]"
    }, {
      "left" : "KeyedObjects row = (KeyedObjects) this.rows.get(rowIndex);",
      "right" : "KeyedObjects row = (KeyedObjects) this.rows.get(rowIndex);",
      "info" : "VariableDeclarationStatement[9428-9486]:VariableDeclarationStatement[9476-9534]"
    }, {
      "left" : "for (int item = 0, itemCount = row.getItemCount(); item < itemCount; \r\n             item++)",
      "right" : "for (int item = 0, itemCount = row.getItemCount(); item < itemCount; \r\n             item++)",
      "info" : "ForStatement[9498-9723]:ForStatement[9546-9771]"
    }, {
      "left" : "{}",
      "right" : "{}",
      "info" : "Block[9590-9723]:Block[9638-9771]"
    }, {
      "left" : "if (row.getObject(item) != null)",
      "right" : "if (row.getObject(item) != null)",
      "info" : "IfStatement[9605-9712]:IfStatement[9653-9760]"
    }, {
      "left" : "{}",
      "right" : "{}",
      "info" : "Block[9638-9712]:Block[9686-9760]"
    }, {
      "left" : "allNull = false;",
      "right" : "allNull = false;",
      "info" : "ExpressionStatement[9657-9673]:ExpressionStatement[9705-9721]"
    }, {
      "left" : "break;",
      "right" : "break;",
      "info" : "BreakStatement[9691-9697]:BreakStatement[9739-9745]"
    }, {
      "left" : "if (allNull)",
      "right" : "if (allNull)",
      "info" : "IfStatement[9743-9853]:IfStatement[9791-9901]"
    }, {
      "left" : "{}",
      "right" : "{}",
      "info" : "Block[9756-9853]:Block[9804-9901]"
    }, {
      "left" : "this.rowKeys.remove(rowIndex);",
      "right" : "this.rowKeys.remove(rowIndex);",
      "info" : "ExpressionStatement[9771-9801]:ExpressionStatement[9819-9849]"
    }, {
      "left" : "this.rows.remove(rowIndex);",
      "right" : "this.rows.remove(rowIndex);",
      "info" : "ExpressionStatement[9815-9842]:ExpressionStatement[9863-9890]"
    }, {
      "left" : "{}",
      "right" : "{}",
      "info" : "Block[10141-10226]:Block[11022-11107]"
    }, {
      "left" : "this.rowKeys.remove(rowIndex);",
      "right" : "this.rowKeys.remove(rowIndex);",
      "info" : "ExpressionStatement[10152-10182]:ExpressionStatement[11033-11063]"
    }, {
      "left" : "this.rows.remove(rowIndex);",
      "right" : "this.rows.remove(rowIndex);",
      "info" : "ExpressionStatement[10192-10219]:ExpressionStatement[11073-11100]"
    }, {
      "left" : "{}",
      "right" : "{}",
      "info" : "Block[10552-10629]:Block[11433-11657]"
    }, {
      "left" : "int index = getRowIndex(rowKey);",
      "right" : "int index = getRowIndex(rowKey);",
      "info" : "VariableDeclarationStatement[10563-10595]:VariableDeclarationStatement[11444-11476]"
    }, {
      "left" : "removeRow(index);",
      "right" : "removeRow(index);",
      "info" : "ExpressionStatement[10605-10622]:ExpressionStatement[11633-11650]"
    }, {
      "left" : "{}",
      "right" : "{}",
      "info" : "Block[10838-10939]:Block[11866-11967]"
    }, {
      "left" : "Comparable columnKey = getColumnKey(columnIndex);",
      "right" : "Comparable columnKey = getColumnKey(columnIndex);",
      "info" : "VariableDeclarationStatement[10849-10898]:VariableDeclarationStatement[11877-11926]"
    }, {
      "left" : "removeColumn(columnKey);",
      "right" : "removeColumn(columnKey);",
      "info" : "ExpressionStatement[10908-10932]:ExpressionStatement[11936-11960]"
    }, {
      "left" : "{}",
      "right" : "{}",
      "info" : "Block[11277-11747]:Block[12305-12859]"
    }, {
      "left" : "int index = getColumnIndex(columnKey);",
      "right" : "int index = getColumnIndex(columnKey);",
      "info" : "VariableDeclarationStatement[11288-11326]:VariableDeclarationStatement[12316-12354]"
    }, {
      "left" : "if (index < 0)",
      "right" : "if (index < 0)",
      "info" : "IfStatement[11336-11479]:IfStatement[12364-12507]"
    }, {
      "left" : "{}",
      "right" : "{}",
      "info" : "Block[11351-11479]:Block[12379-12507]"
    }, {
      "left" : "throw new UnknownKeyException(\"Column key (\" + columnKey \r\n                    + \") not recognised.\");",
      "right" : "throw new UnknownKeyException(\"Column key (\" + columnKey \r\n                    + \") not recognised.\");",
      "info" : "ThrowStatement[11366-11468]:ThrowStatement[12394-12496]"
    }, {
      "left" : "Iterator iterator = this.rows.iterator();",
      "right" : "Iterator iterator = this.rows.iterator();",
      "info" : "VariableDeclarationStatement[11489-11530]:VariableDeclarationStatement[12517-12558]"
    }, {
      "left" : "while (iterator.hasNext())",
      "right" : "while (iterator.hasNext())",
      "info" : "WhileStatement[11540-11696]:WhileStatement[12568-12808]"
    }, {
      "left" : "{}",
      "right" : "{}",
      "info" : "Block[11567-11696]:Block[12595-12808]"
    }, {
      "left" : "KeyedObjects rowData = (KeyedObjects) iterator.next();",
      "right" : "KeyedObjects rowData = (KeyedObjects) iterator.next();",
      "info" : "VariableDeclarationStatement[11582-11636]:VariableDeclarationStatement[12610-12664]"
    }, {
      "left" : "rowData.removeValue(columnKey);",
      "right" : "rowData.removeValue(i);",
      "info" : "ExpressionStatement[11654-11685]:ExpressionStatement[12759-12782]"
    }, {
      "left" : "this.columnKeys.remove(columnKey);",
      "right" : "this.columnKeys.remove(columnKey);",
      "info" : "ExpressionStatement[11706-11740]:ExpressionStatement[12818-12852]"
    }, {
      "left" : "{}",
      "right" : "{}",
      "info" : "Block[11985-13200]:Block[13097-14312]"
    }, {
      "left" : "if (obj == this)",
      "right" : "if (obj == this)",
      "info" : "IfStatement[11996-12051]:IfStatement[13108-13163]"
    }, {
      "left" : "{}",
      "right" : "{}",
      "info" : "Block[12013-12051]:Block[13125-13163]"
    }, {
      "left" : "return true;",
      "right" : "return true;",
      "info" : "ReturnStatement[12028-12040]:ReturnStatement[13140-13152]"
    }, {
      "left" : "if (!(obj instanceof KeyedObjects2D))",
      "right" : "if (!(obj instanceof KeyedObjects2D))",
      "info" : "IfStatement[12061-12138]:IfStatement[13173-13250]"
    }, {
      "left" : "{}",
      "right" : "{}",
      "info" : "Block[12099-12138]:Block[13211-13250]"
    }, {
      "left" : "return false;",
      "right" : "return false;",
      "info" : "ReturnStatement[12114-12127]:ReturnStatement[13226-13239]"
    }, {
      "left" : "KeyedObjects2D that = (KeyedObjects2D) obj;",
      "right" : "KeyedObjects2D that = (KeyedObjects2D) obj;",
      "info" : "VariableDeclarationStatement[12158-12201]:VariableDeclarationStatement[13270-13313]"
    }, {
      "left" : "if (!getRowKeys().equals(that.getRowKeys()))",
      "right" : "if (!getRowKeys().equals(that.getRowKeys()))",
      "info" : "IfStatement[12211-12295]:IfStatement[13323-13407]"
    }, {
      "left" : "{}",
      "right" : "{}",
      "info" : "Block[12256-12295]:Block[13368-13407]"
    }, {
      "left" : "return false;",
      "right" : "return false;",
      "info" : "ReturnStatement[12271-12284]:ReturnStatement[13383-13396]"
    }, {
      "left" : "if (!getColumnKeys().equals(that.getColumnKeys()))",
      "right" : "if (!getColumnKeys().equals(that.getColumnKeys()))",
      "info" : "IfStatement[12305-12395]:IfStatement[13417-13507]"
    }, {
      "left" : "{}",
      "right" : "{}",
      "info" : "Block[12356-12395]:Block[13468-13507]"
    }, {
      "left" : "return false;",
      "right" : "return false;",
      "info" : "ReturnStatement[12371-12384]:ReturnStatement[13483-13496]"
    }, {
      "left" : "int rowCount = getRowCount();",
      "right" : "int rowCount = getRowCount();",
      "info" : "VariableDeclarationStatement[12405-12434]:VariableDeclarationStatement[13517-13546]"
    }, {
      "left" : "if (rowCount != that.getRowCount())",
      "right" : "if (rowCount != that.getRowCount())",
      "info" : "IfStatement[12444-12519]:IfStatement[13556-13631]"
    }, {
      "left" : "{}",
      "right" : "{}",
      "info" : "Block[12480-12519]:Block[13592-13631]"
    }, {
      "left" : "return false;",
      "right" : "return false;",
      "info" : "ReturnStatement[12495-12508]:ReturnStatement[13607-13620]"
    }, {
      "left" : "int colCount = getColumnCount();",
      "right" : "int colCount = getColumnCount();",
      "info" : "VariableDeclarationStatement[12529-12561]:VariableDeclarationStatement[13641-13673]"
    }, {
      "left" : "if (colCount != that.getColumnCount())",
      "right" : "if (colCount != that.getColumnCount())",
      "info" : "IfStatement[12571-12649]:IfStatement[13683-13761]"
    }, {
      "left" : "{}",
      "right" : "{}",
      "info" : "Block[12610-12649]:Block[13722-13761]"
    }, {
      "left" : "return false;",
      "right" : "return false;",
      "info" : "ReturnStatement[12625-12638]:ReturnStatement[13737-13750]"
    }, {
      "left" : "for (int r = 0; r < rowCount; r++)",
      "right" : "for (int r = 0; r < rowCount; r++)",
      "info" : "ForStatement[12659-13171]:ForStatement[13771-14283]"
    }, {
      "left" : "{}",
      "right" : "{}",
      "info" : "Block[12694-13171]:Block[13806-14283]"
    }, {
      "left" : "for (int c = 0; c < colCount; c++)",
      "right" : "for (int c = 0; c < colCount; c++)",
      "info" : "ForStatement[12709-13160]:ForStatement[13821-14272]"
    }, {
      "left" : "{}",
      "right" : "{}",
      "info" : "Block[12744-13160]:Block[13856-14272]"
    }, {
      "left" : "Object v1 = getObject(r, c);",
      "right" : "Object v1 = getObject(r, c);",
      "info" : "VariableDeclarationStatement[12763-12791]:VariableDeclarationStatement[13875-13903]"
    }, {
      "left" : "Object v2 = that.getObject(r, c);",
      "right" : "Object v2 = that.getObject(r, c);",
      "info" : "VariableDeclarationStatement[12809-12842]:VariableDeclarationStatement[13921-13954]"
    }, {
      "left" : "if (v1 == null)",
      "right" : "if (v1 == null)",
      "info" : "IfStatement[12860-13145]:IfStatement[13972-14257]"
    }, {
      "left" : "{}",
      "right" : "{}",
      "info" : "Block[12876-12997]:Block[13988-14109]"
    }, {
      "left" : "if (v2 != null)",
      "right" : "if (v2 != null)",
      "info" : "IfStatement[12899-12978]:IfStatement[14011-14090]"
    }, {
      "left" : "{}",
      "right" : "{}",
      "info" : "Block[12915-12978]:Block[14027-14090]"
    }, {
      "left" : "return false;",
      "right" : "return false;",
      "info" : "ReturnStatement[12942-12955]:ReturnStatement[14054-14067]"
    }, {
      "left" : "{}",
      "right" : "{}",
      "info" : "Block[13020-13145]:Block[14132-14257]"
    }, {
      "left" : "if (!v1.equals(v2))",
      "right" : "if (!v1.equals(v2))",
      "info" : "IfStatement[13043-13126]:IfStatement[14155-14238]"
    }, {
      "left" : "{}",
      "right" : "{}",
      "info" : "Block[13063-13126]:Block[14175-14238]"
    }, {
      "left" : "return false;",
      "right" : "return false;",
      "info" : "ReturnStatement[13090-13103]:ReturnStatement[14202-14215]"
    }, {
      "left" : "return true;",
      "right" : "return true;",
      "info" : "ReturnStatement[13181-13193]:ReturnStatement[14293-14305]"
    }, {
      "left" : "{}",
      "right" : "{}",
      "info" : "Block[13329-13539]:Block[14441-14651]"
    }, {
      "left" : "int result;",
      "right" : "int result;",
      "info" : "VariableDeclarationStatement[13340-13351]:VariableDeclarationStatement[14452-14463]"
    }, {
      "left" : "result = this.rowKeys.hashCode();",
      "right" : "result = this.rowKeys.hashCode();",
      "info" : "ExpressionStatement[13361-13394]:ExpressionStatement[14473-14506]"
    }, {
      "left" : "result = 29 * result + this.columnKeys.hashCode();",
      "right" : "result = 29 * result + this.columnKeys.hashCode();",
      "info" : "ExpressionStatement[13404-13454]:ExpressionStatement[14516-14566]"
    }, {
      "left" : "result = 29 * result + this.rows.hashCode();",
      "right" : "result = 29 * result + this.rows.hashCode();",
      "info" : "ExpressionStatement[13464-13508]:ExpressionStatement[14576-14620]"
    }, {
      "left" : "return result;",
      "right" : "return result;",
      "info" : "ReturnStatement[13518-13532]:ReturnStatement[14630-14644]"
    }, {
      "left" : "{}",
      "right" : "{}",
      "info" : "Block[13823-14323]:Block[14935-15435]"
    }, {
      "left" : "KeyedObjects2D clone = (KeyedObjects2D) super.clone();",
      "right" : "KeyedObjects2D clone = (KeyedObjects2D) super.clone();",
      "info" : "VariableDeclarationStatement[13834-13888]:VariableDeclarationStatement[14946-15000]"
    }, {
      "left" : "clone.columnKeys = new java.util.ArrayList(this.columnKeys);",
      "right" : "clone.columnKeys = new java.util.ArrayList(this.columnKeys);",
      "info" : "ExpressionStatement[13898-13958]:ExpressionStatement[15010-15070]"
    }, {
      "left" : "clone.rowKeys = new java.util.ArrayList(this.rowKeys);",
      "right" : "clone.rowKeys = new java.util.ArrayList(this.rowKeys);",
      "info" : "ExpressionStatement[13968-14022]:ExpressionStatement[15080-15134]"
    }, {
      "left" : "clone.rows = new java.util.ArrayList(this.rows.size());",
      "right" : "clone.rows = new java.util.ArrayList(this.rows.size());",
      "info" : "ExpressionStatement[14032-14087]:ExpressionStatement[15144-15199]"
    }, {
      "left" : "Iterator iterator = this.rows.iterator();",
      "right" : "Iterator iterator = this.rows.iterator();",
      "info" : "VariableDeclarationStatement[14097-14138]:VariableDeclarationStatement[15209-15250]"
    }, {
      "left" : "while (iterator.hasNext())",
      "right" : "while (iterator.hasNext())",
      "info" : "WhileStatement[14148-14293]:WhileStatement[15260-15405]"
    }, {
      "left" : "{}",
      "right" : "{}",
      "info" : "Block[14175-14293]:Block[15287-15405]"
    }, {
      "left" : "KeyedObjects row = (KeyedObjects) iterator.next();",
      "right" : "KeyedObjects row = (KeyedObjects) iterator.next();",
      "info" : "VariableDeclarationStatement[14190-14240]:VariableDeclarationStatement[15302-15352]"
    }, {
      "left" : "clone.rows.add(row.clone());",
      "right" : "clone.rows.add(row.clone());",
      "info" : "ExpressionStatement[14254-14282]:ExpressionStatement[15366-15394]"
    }, {
      "left" : "return clone;",
      "right" : "return clone;",
      "info" : "ReturnStatement[14303-14316]:ReturnStatement[15415-15428]"
    } ]
  },
  "interFileMappings" : { }
}