{"PLAIN_CONFIGURATION": "ClassicGumtree-bu_minsim-0.1-bu_minsize-400-st_minprio-2-st_priocalc-size", "MATCHER": "ClassicGumtree", "NRACTIONS": 73, "SIMACTIONS": 17, "NRROOTS": null, "NR_INSERT": 68, "NR_DELETE": 0, "NR_UPDATE": 1, "NR_MOVE": 4, "NR_TREEINSERT": 0, "NR_TREEDELETE": 0, "TIME": 161, "NROPTIONS": 0, "TIMEOUT": 0, "bu_minsim": 0.1, "bu_minsize": 400, "st_minprio": 2, "st_priocalc": "size", "cd_labsim": null, "cd_maxleaves": null, "cd_structsim1": null, "cd_structsim2": null, "xy_minsim": null}