{
  "intraFileMappings" : {
    "matchedElements" : [
 {
      "left" : "TextBuffer",
      "right" : "TextBuffer",
      "info" : "TypeDeclaration[176-22056]:TypeDeclaration[176-22115]"
    }, {
      "left" : "final static char[] NO_CHARS = new char[0];",
      "right" : "final static char[] NO_CHARS = new char[0];",
      "info" : "FieldDeclaration[894-937]:FieldDeclaration[894-937]"
    }, {
      "left" : "final static int MIN_SEGMENT_LEN = 1000;",
      "right" : "final static int MIN_SEGMENT_LEN = 1000;",
      "info" : "FieldDeclaration[943-1075]:FieldDeclaration[943-1075]"
    }, {
      "left" : "final static int MAX_SEGMENT_LEN = 0x40000;",
      "right" : "final static int MAX_SEGMENT_LEN = 0x40000;",
      "info" : "FieldDeclaration[1085-1225]:FieldDeclaration[1085-1225]"
    }, {
      "left" : "private final BufferRecycler _allocator;",
      "right" : "private final BufferRecycler _allocator;",
      "info" : "FieldDeclaration[1401-1441]:FieldDeclaration[1401-1441]"
    }, {
      "left" : "private char[] _inputBuffer;",
      "right" : "private char[] _inputBuffer;",
      "info" : "FieldDeclaration[1619-1853]:FieldDeclaration[1619-1853]"
    }, {
      "left" : "private int _inputStart;",
      "right" : "private int _inputStart;",
      "info" : "FieldDeclaration[1859-2042]:FieldDeclaration[1859-2042]"
    }, {
      "left" : "private int _inputLen;",
      "right" : "private int _inputLen;",
      "info" : "FieldDeclaration[2048-2070]:FieldDeclaration[2048-2070]"
    }, {
      "left" : "private ArrayList<char[]> _segments;",
      "right" : "private ArrayList<char[]> _segments;",
      "info" : "FieldDeclaration[2275-2386]:FieldDeclaration[2275-2386]"
    }, {
      "left" : "private boolean _hasSegments = false;",
      "right" : "private boolean _hasSegments = false;",
      "info" : "FieldDeclaration[2392-2503]:FieldDeclaration[2392-2503]"
    }, {
      "left" : "private int _segmentSize;",
      "right" : "private int _segmentSize;",
      "info" : "FieldDeclaration[2580-2682]:FieldDeclaration[2580-2682]"
    }, {
      "left" : "private char[] _currentSegment;",
      "right" : "private char[] _currentSegment;",
      "info" : "FieldDeclaration[2688-2719]:FieldDeclaration[2688-2719]"
    }, {
      "left" : "private int _currentSize;",
      "right" : "private int _currentSize;",
      "info" : "FieldDeclaration[2725-2829]:FieldDeclaration[2725-2829]"
    }, {
      "left" : "private String _resultString;",
      "right" : "private String _resultString;",
      "info" : "FieldDeclaration[3005-3184]:FieldDeclaration[3005-3184]"
    }, {
      "left" : "private char[] _resultArray;",
      "right" : "private char[] _resultArray;",
      "info" : "FieldDeclaration[3190-3218]:FieldDeclaration[3190-3218]"
    }, {
      "left" : "public TextBuffer(BufferRecycler allocator)",
      "right" : "public TextBuffer(BufferRecycler allocator)",
      "info" : "MethodDeclaration[3386-3473]:MethodDeclaration[3386-3473]"
    }, {
      "left" : "public void releaseBuffers()",
      "right" : "public void releaseBuffers()",
      "info" : "MethodDeclaration[3479-4426]:MethodDeclaration[3479-4426]"
    }, {
      "left" : "public void resetWithEmpty()",
      "right" : "public void resetWithEmpty()",
      "info" : "MethodDeclaration[4432-4942]:MethodDeclaration[4432-4942]"
    }, {
      "left" : "public void resetWithShared(char[] buf, int start, int len)",
      "right" : "public void resetWithShared(char[] buf, int start, int len)",
      "info" : "MethodDeclaration[4948-5705]:MethodDeclaration[4948-5705]"
    }, {
      "left" : "public void resetWithCopy(char[] buf, int start, int len)",
      "right" : "public void resetWithCopy(char[] buf, int start, int len)",
      "info" : "MethodDeclaration[5711-6253]:MethodDeclaration[5711-6253]"
    }, {
      "left" : "public void resetWithString(String value)",
      "right" : "public void resetWithString(String value)",
      "info" : "MethodDeclaration[6259-6554]:MethodDeclaration[6259-6554]"
    }, {
      "left" : "private char[] findBuffer(int needed)",
      "right" : "private char[] findBuffer(int needed)",
      "info" : "MethodDeclaration[6564-6919]:MethodDeclaration[6564-6919]"
    }, {
      "left" : "private void clearSegments()",
      "right" : "private void clearSegments()",
      "info" : "MethodDeclaration[6925-7396]:MethodDeclaration[6925-7396]"
    }, {
      "left" : "public int size()",
      "right" : "public int size()",
      "info" : "MethodDeclaration[7597-8066]:MethodDeclaration[7597-8066]"
    }, {
      "left" : "public int getTextOffset()",
      "right" : "public int getTextOffset()",
      "info" : "MethodDeclaration[8072-8377]:MethodDeclaration[8072-8377]"
    }, {
      "left" : "public boolean hasTextAsCharacters()",
      "right" : "public boolean hasTextAsCharacters()",
      "info" : "MethodDeclaration[8383-8851]:MethodDeclaration[8383-8851]"
    }, {
      "left" : "public char[] getTextBuffer()",
      "right" : "public char[] getTextBuffer()",
      "info" : "MethodDeclaration[8861-9454]:MethodDeclaration[8861-9454]"
    }, {
      "left" : "public String contentsAsString()",
      "right" : "public String contentsAsString()",
      "info" : "MethodDeclaration[9628-11341]:MethodDeclaration[9628-11341]"
    }, {
      "left" : "public char[] contentsAsArray()",
      "right" : "public char[] contentsAsArray()",
      "info" : "MethodDeclaration[11348-11548]:MethodDeclaration[11348-11548]"
    }, {
      "left" : "public BigDecimal contentsAsDecimal()\n        throws NumberFormatException",
      "right" : "public BigDecimal contentsAsDecimal()\n        throws NumberFormatException",
      "info" : "MethodDeclaration[11554-12360]:MethodDeclaration[11554-12419]"
    }, {
      "left" : "public double contentsAsDouble()\n        throws NumberFormatException",
      "right" : "public double contentsAsDouble()\n        throws NumberFormatException",
      "info" : "MethodDeclaration[12366-12615]:MethodDeclaration[12425-12674]"
    }, {
      "left" : "public void ensureNotShared()",
      "right" : "public void ensureNotShared()",
      "info" : "MethodDeclaration[12789-13052]:MethodDeclaration[12848-13111]"
    }, {
      "left" : "public void append(char c)",
      "right" : "public void append(char c)",
      "info" : "MethodDeclaration[13058-13478]:MethodDeclaration[13117-13537]"
    }, {
      "left" : "public void append(char[] c, int start, int len)",
      "right" : "public void append(char[] c, int start, int len)",
      "info" : "MethodDeclaration[13484-14685]:MethodDeclaration[13543-14744]"
    }, {
      "left" : "public void append(String str, int offset, int len)",
      "right" : "public void append(String str, int offset, int len)",
      "info" : "MethodDeclaration[14691-15887]:MethodDeclaration[14750-15946]"
    }, {
      "left" : "public char[] getCurrentSegment()",
      "right" : "public char[] getCurrentSegment()",
      "info" : "MethodDeclaration[16082-16733]:MethodDeclaration[16141-16792]"
    }, {
      "left" : "public char[] emptyAndGetCurrentSegment()",
      "right" : "public char[] emptyAndGetCurrentSegment()",
      "info" : "MethodDeclaration[16739-17312]:MethodDeclaration[16798-17371]"
    }, {
      "left" : "public int getCurrentSegmentSize()",
      "right" : "public int getCurrentSegmentSize()",
      "info" : "MethodDeclaration[17318-17389]:MethodDeclaration[17377-17448]"
    }, {
      "left" : "public void setCurrentLength(int len)",
      "right" : "public void setCurrentLength(int len)",
      "info" : "MethodDeclaration[17395-17468]:MethodDeclaration[17454-17527]"
    }, {
      "left" : "public char[] finishCurrentSegment()",
      "right" : "public char[] finishCurrentSegment()",
      "info" : "MethodDeclaration[17474-17991]:MethodDeclaration[17533-18050]"
    }, {
      "left" : "public char[] expandCurrentSegment()",
      "right" : "public char[] expandCurrentSegment()",
      "info" : "MethodDeclaration[17997-18602]:MethodDeclaration[18056-18661]"
    }, {
      "left" : "public String toString()",
      "right" : "public String toString()",
      "info" : "MethodDeclaration[18777-19043]:MethodDeclaration[18836-19102]"
    }, {
      "left" : "private void unshare(int needExtra)",
      "right" : "private void unshare(int needExtra)",
      "info" : "MethodDeclaration[19218-19997]:MethodDeclaration[19277-20056]"
    }, {
      "left" : "private void expand(int minNewSegmentSize)",
      "right" : "private void expand(int minNewSegmentSize)",
      "info" : "MethodDeclaration[20003-20782]:MethodDeclaration[20062-20841]"
    }, {
      "left" : "private char[] buildResultArray()",
      "right" : "private char[] buildResultArray()",
      "info" : "MethodDeclaration[20788-21976]:MethodDeclaration[20847-22035]"
    }, {
      "left" : "private char[] _charArray(int len)",
      "right" : "private char[] _charArray(int len)",
      "info" : "MethodDeclaration[21982-22054]:MethodDeclaration[22041-22113]"
    } ],
    "mappings" : [
 {
      "left" : "{}",
      "right" : "{}",
      "info" : "Block[3434-3473]:Block[3434-3473]"
    }, {
      "left" : "_allocator = allocator;",
      "right" : "_allocator = allocator;",
      "info" : "ExpressionStatement[3444-3467]:ExpressionStatement[3444-3467]"
    }, {
      "left" : "{}",
      "right" : "{}",
      "info" : "Block[3937-4426]:Block[3937-4426]"
    }, {
      "left" : "if (_allocator == null)",
      "right" : "if (_allocator == null)",
      "info" : "IfStatement[3947-4420]:IfStatement[3947-4420]"
    }, {
      "left" : "{}",
      "right" : "{}",
      "info" : "Block[3971-4012]:Block[3971-4012]"
    }, {
      "left" : "resetWithEmpty();",
      "right" : "resetWithEmpty();",
      "info" : "ExpressionStatement[3985-4002]:ExpressionStatement[3985-4002]"
    }, {
      "left" : "{}",
      "right" : "{}",
      "info" : "Block[4018-4420]:Block[4018-4420]"
    }, {
      "left" : "if (_currentSegment != null)",
      "right" : "if (_currentSegment != null)",
      "info" : "IfStatement[4032-4410]:IfStatement[4032-4410]"
    }, {
      "left" : "{}",
      "right" : "{}",
      "info" : "Block[4061-4410]:Block[4061-4410]"
    }, {
      "left" : "resetWithEmpty();",
      "right" : "resetWithEmpty();",
      "info" : "ExpressionStatement[4153-4170]:ExpressionStatement[4153-4170]"
    }, {
      "left" : "char[] buf = _currentSegment;",
      "right" : "char[] buf = _currentSegment;",
      "info" : "VariableDeclarationStatement[4233-4262]:VariableDeclarationStatement[4233-4262]"
    }, {
      "left" : "_currentSegment = null;",
      "right" : "_currentSegment = null;",
      "info" : "ExpressionStatement[4279-4302]:ExpressionStatement[4279-4302]"
    }, {
      "left" : "_allocator.releaseCharBuffer(BufferRecycler.CharBufferType.TEXT_BUFFER, buf);",
      "right" : "_allocator.releaseCharBuffer(BufferRecycler.CharBufferType.TEXT_BUFFER, buf);",
      "info" : "ExpressionStatement[4319-4396]:ExpressionStatement[4319-4396]"
    }, {
      "left" : "{}",
      "right" : "{}",
      "info" : "Block[4603-4942]:Block[4603-4942]"
    }, {
      "left" : "_inputStart = -1;",
      "right" : "_inputStart = -1;",
      "info" : "ExpressionStatement[4613-4630]:ExpressionStatement[4613-4630]"
    }, {
      "left" : "_currentSize = 0;",
      "right" : "_currentSize = 0;",
      "info" : "ExpressionStatement[4675-4692]:ExpressionStatement[4675-4692]"
    }, {
      "left" : "_inputLen = 0;",
      "right" : "_inputLen = 0;",
      "info" : "ExpressionStatement[4701-4715]:ExpressionStatement[4701-4715]"
    }, {
      "left" : "_inputBuffer = null;",
      "right" : "_inputBuffer = null;",
      "info" : "ExpressionStatement[4725-4745]:ExpressionStatement[4725-4745]"
    }, {
      "left" : "_resultString = null;",
      "right" : "_resultString = null;",
      "info" : "ExpressionStatement[4754-4775]:ExpressionStatement[4754-4775]"
    }, {
      "left" : "_resultArray = null;",
      "right" : "_resultArray = null;",
      "info" : "ExpressionStatement[4784-4804]:ExpressionStatement[4784-4804]"
    }, {
      "left" : "if (_hasSegments)",
      "right" : "if (_hasSegments)",
      "info" : "IfStatement[4878-4936]:IfStatement[4878-4936]"
    }, {
      "left" : "{}",
      "right" : "{}",
      "info" : "Block[4896-4936]:Block[4896-4936]"
    }, {
      "left" : "clearSegments();",
      "right" : "clearSegments();",
      "info" : "ExpressionStatement[4910-4926]:ExpressionStatement[4910-4926]"
    }, {
      "left" : "{}",
      "right" : "{}",
      "info" : "Block[5304-5705]:Block[5304-5705]"
    }, {
      "left" : "_resultString = null;",
      "right" : "_resultString = null;",
      "info" : "ExpressionStatement[5373-5394]:ExpressionStatement[5373-5394]"
    }, {
      "left" : "_resultArray = null;",
      "right" : "_resultArray = null;",
      "info" : "ExpressionStatement[5403-5423]:ExpressionStatement[5403-5423]"
    }, {
      "left" : "_inputBuffer = buf;",
      "right" : "_inputBuffer = buf;",
      "info" : "ExpressionStatement[5494-5513]:ExpressionStatement[5494-5513]"
    }, {
      "left" : "_inputStart = start;",
      "right" : "_inputStart = start;",
      "info" : "ExpressionStatement[5522-5542]:ExpressionStatement[5522-5542]"
    }, {
      "left" : "_inputLen = len;",
      "right" : "_inputLen = len;",
      "info" : "ExpressionStatement[5551-5567]:ExpressionStatement[5551-5567]"
    }, {
      "left" : "if (_hasSegments)",
      "right" : "if (_hasSegments)",
      "info" : "IfStatement[5641-5699]:IfStatement[5641-5699]"
    }, {
      "left" : "{}",
      "right" : "{}",
      "info" : "Block[5659-5699]:Block[5659-5699]"
    }, {
      "left" : "clearSegments();",
      "right" : "clearSegments();",
      "info" : "ExpressionStatement[5673-5689]:ExpressionStatement[5673-5689]"
    }, {
      "left" : "{}",
      "right" : "{}",
      "info" : "Block[5773-6253]:Block[5773-6253]"
    }, {
      "left" : "_inputBuffer = null;",
      "right" : "_inputBuffer = null;",
      "info" : "ExpressionStatement[5783-5803]:ExpressionStatement[5783-5803]"
    }, {
      "left" : "_inputStart = -1;",
      "right" : "_inputStart = -1;",
      "info" : "ExpressionStatement[5812-5829]:ExpressionStatement[5812-5829]"
    }, {
      "left" : "_inputLen = 0;",
      "right" : "_inputLen = 0;",
      "info" : "ExpressionStatement[5874-5888]:ExpressionStatement[5874-5888]"
    }, {
      "left" : "_resultString = null;",
      "right" : "_resultString = null;",
      "info" : "ExpressionStatement[5898-5919]:ExpressionStatement[5898-5919]"
    }, {
      "left" : "_resultArray = null;",
      "right" : "_resultArray = null;",
      "info" : "ExpressionStatement[5928-5948]:ExpressionStatement[5928-5948]"
    }, {
      "left" : "if (_hasSegments)",
      "right" : "if (_hasSegments)",
      "info" : "IfStatement[6022-6173]:IfStatement[6022-6173]"
    }, {
      "left" : "{}",
      "right" : "{}",
      "info" : "Block[6040-6080]:Block[6040-6080]"
    }, {
      "left" : "clearSegments();",
      "right" : "clearSegments();",
      "info" : "ExpressionStatement[6054-6070]:ExpressionStatement[6054-6070]"
    }, {
      "left" : "if (_currentSegment == null)",
      "right" : "if (_currentSegment == null)",
      "info" : "IfStatement[6086-6173]:IfStatement[6086-6173]"
    }, {
      "left" : "{}",
      "right" : "{}",
      "info" : "Block[6115-6173]:Block[6115-6173]"
    }, {
      "left" : "_currentSegment = findBuffer(len);",
      "right" : "_currentSegment = findBuffer(len);",
      "info" : "ExpressionStatement[6129-6163]:ExpressionStatement[6129-6163]"
    }, {
      "left" : "_currentSize = _segmentSize = 0;",
      "right" : "_currentSize = _segmentSize = 0;",
      "info" : "ExpressionStatement[6182-6214]:ExpressionStatement[6182-6214]"
    }, {
      "left" : "append(buf, start, len);",
      "right" : "append(buf, start, len);",
      "info" : "ExpressionStatement[6223-6247]:ExpressionStatement[6223-6247]"
    }, {
      "left" : "{}",
      "right" : "{}",
      "info" : "Block[6305-6554]:Block[6305-6554]"
    }, {
      "left" : "_inputBuffer = null;",
      "right" : "_inputBuffer = null;",
      "info" : "ExpressionStatement[6315-6335]:ExpressionStatement[6315-6335]"
    }, {
      "left" : "_inputStart = -1;",
      "right" : "_inputStart = -1;",
      "info" : "ExpressionStatement[6344-6361]:ExpressionStatement[6344-6361]"
    }, {
      "left" : "_inputLen = 0;",
      "right" : "_inputLen = 0;",
      "info" : "ExpressionStatement[6370-6384]:ExpressionStatement[6370-6384]"
    }, {
      "left" : "_resultString = value;",
      "right" : "_resultString = value;",
      "info" : "ExpressionStatement[6394-6416]:ExpressionStatement[6394-6416]"
    }, {
      "left" : "_resultArray = null;",
      "right" : "_resultArray = null;",
      "info" : "ExpressionStatement[6425-6445]:ExpressionStatement[6425-6445]"
    }, {
      "left" : "if (_hasSegments)",
      "right" : "if (_hasSegments)",
      "info" : "IfStatement[6455-6513]:IfStatement[6455-6513]"
    }, {
      "left" : "{}",
      "right" : "{}",
      "info" : "Block[6473-6513]:Block[6473-6513]"
    }, {
      "left" : "clearSegments();",
      "right" : "clearSegments();",
      "info" : "ExpressionStatement[6487-6503]:ExpressionStatement[6487-6503]"
    }, {
      "left" : "_currentSize = 0;",
      "right" : "_currentSize = 0;",
      "info" : "ExpressionStatement[6522-6539]:ExpressionStatement[6522-6539]"
    }, {
      "left" : "{}",
      "right" : "{}",
      "info" : "Block[6710-6919]:Block[6710-6919]"
    }, {
      "left" : "if (_allocator != null)",
      "right" : "if (_allocator != null)",
      "info" : "IfStatement[6720-6853]:IfStatement[6720-6853]"
    }, {
      "left" : "{}",
      "right" : "{}",
      "info" : "Block[6744-6853]:Block[6744-6853]"
    }, {
      "left" : "return _allocator.allocCharBuffer(BufferRecycler.CharBufferType.TEXT_BUFFER, needed);",
      "right" : "return _allocator.allocCharBuffer(BufferRecycler.CharBufferType.TEXT_BUFFER, needed);",
      "info" : "ReturnStatement[6758-6843]:ReturnStatement[6758-6843]"
    }, {
      "left" : "return new char[Math.max(needed, MIN_SEGMENT_LEN)];",
      "right" : "return new char[Math.max(needed, MIN_SEGMENT_LEN)];",
      "info" : "ReturnStatement[6862-6913]:ReturnStatement[6862-6913]"
    }, {
      "left" : "{}",
      "right" : "{}",
      "info" : "Block[6958-7396]:Block[6958-7396]"
    }, {
      "left" : "_hasSegments = false;",
      "right" : "_hasSegments = false;",
      "info" : "ExpressionStatement[6968-6989]:ExpressionStatement[6968-6989]"
    }, {
      "left" : "_segments.clear();",
      "right" : "_segments.clear();",
      "info" : "ExpressionStatement[7331-7349]:ExpressionStatement[7331-7349]"
    }, {
      "left" : "_currentSize = _segmentSize = 0;",
      "right" : "_currentSize = _segmentSize = 0;",
      "info" : "ExpressionStatement[7358-7390]:ExpressionStatement[7358-7390]"
    }, {
      "left" : "{}",
      "right" : "{}",
      "info" : "Block[7702-8066]:Block[7702-8066]"
    }, {
      "left" : "if (_inputStart >= 0)",
      "right" : "if (_inputStart >= 0)",
      "info" : "IfStatement[7712-7805]:IfStatement[7712-7805]"
    }, {
      "left" : "{}",
      "right" : "{}",
      "info" : "Block[7734-7805]:Block[7734-7805]"
    }, {
      "left" : "return _inputLen;",
      "right" : "return _inputLen;",
      "info" : "ReturnStatement[7778-7795]:ReturnStatement[7778-7795]"
    }, {
      "left" : "if (_resultArray != null)",
      "right" : "if (_resultArray != null)",
      "info" : "IfStatement[7814-7891]:IfStatement[7814-7891]"
    }, {
      "left" : "{}",
      "right" : "{}",
      "info" : "Block[7840-7891]:Block[7840-7891]"
    }, {
      "left" : "return _resultArray.length;",
      "right" : "return _resultArray.length;",
      "info" : "ReturnStatement[7854-7881]:ReturnStatement[7854-7881]"
    }, {
      "left" : "if (_resultString != null)",
      "right" : "if (_resultString != null)",
      "info" : "IfStatement[7900-7981]:IfStatement[7900-7981]"
    }, {
      "left" : "{}",
      "right" : "{}",
      "info" : "Block[7927-7981]:Block[7927-7981]"
    }, {
      "left" : "return _resultString.length();",
      "right" : "return _resultString.length();",
      "info" : "ReturnStatement[7941-7971]:ReturnStatement[7941-7971]"
    }, {
      "left" : "return _segmentSize + _currentSize;",
      "right" : "return _segmentSize + _currentSize;",
      "info" : "ReturnStatement[8025-8060]:ReturnStatement[8025-8060]"
    }, {
      "left" : "{}",
      "right" : "{}",
      "info" : "Block[8103-8377]:Block[8103-8377]"
    }, {
      "left" : "return (_inputStart >= 0) ? _inputStart : 0;",
      "right" : "return (_inputStart >= 0) ? _inputStart : 0;",
      "info" : "ReturnStatement[8327-8371]:ReturnStatement[8327-8371]"
    }, {
      "left" : "{}",
      "right" : "{}",
      "info" : "Block[8570-8851]:Block[8570-8851]"
    }, {
      "left" : "if (_inputStart >= 0 || _resultArray != null)",
      "right" : "if (_inputStart >= 0 || _resultArray != null)",
      "info" : "IfStatement[8627-8709]:IfStatement[8627-8709]"
    }, {
      "left" : "{}",
      "right" : "{}",
      "info" : "Block[8673-8709]:Block[8673-8709]"
    }, {
      "left" : "return true;",
      "right" : "return true;",
      "info" : "ReturnStatement[8687-8699]:ReturnStatement[8687-8699]"
    }, {
      "left" : "if (_resultString != null)",
      "right" : "if (_resultString != null)",
      "info" : "IfStatement[8760-8824]:IfStatement[8760-8824]"
    }, {
      "left" : "{}",
      "right" : "{}",
      "info" : "Block[8787-8824]:Block[8787-8824]"
    }, {
      "left" : "return false;",
      "right" : "return false;",
      "info" : "ReturnStatement[8801-8814]:ReturnStatement[8801-8814]"
    }, {
      "left" : "return true;",
      "right" : "return true;",
      "info" : "ReturnStatement[8833-8845]:ReturnStatement[8833-8845]"
    }, {
      "left" : "{}",
      "right" : "{}",
      "info" : "Block[8895-9454]:Block[8895-9454]"
    }, {
      "left" : "if (_inputStart >= 0)",
      "right" : "if (_inputStart >= 0)",
      "info" : "IfStatement[8955-9021]:IfStatement[8955-9021]"
    }, {
      "left" : "{}",
      "right" : "{}",
      "info" : "Block[8977-9021]:Block[8977-9021]"
    }, {
      "left" : "return _inputBuffer;",
      "right" : "return _inputBuffer;",
      "info" : "ReturnStatement[8991-9011]:ReturnStatement[8991-9011]"
    }, {
      "left" : "if (_resultArray != null)",
      "right" : "if (_resultArray != null)",
      "info" : "IfStatement[9030-9100]:IfStatement[9030-9100]"
    }, {
      "left" : "{}",
      "right" : "{}",
      "info" : "Block[9056-9100]:Block[9056-9100]"
    }, {
      "left" : "return _resultArray;",
      "right" : "return _resultArray;",
      "info" : "ReturnStatement[9070-9090]:ReturnStatement[9070-9090]"
    }, {
      "left" : "if (_resultString != null)",
      "right" : "if (_resultString != null)",
      "info" : "IfStatement[9109-9212]:IfStatement[9109-9212]"
    }, {
      "left" : "{}",
      "right" : "{}",
      "info" : "Block[9136-9212]:Block[9136-9212]"
    }, {
      "left" : "return (_resultArray = _resultString.toCharArray());",
      "right" : "return (_resultArray = _resultString.toCharArray());",
      "info" : "ReturnStatement[9150-9202]:ReturnStatement[9150-9202]"
    }, {
      "left" : "if (!_hasSegments)",
      "right" : "if (!_hasSegments)",
      "info" : "IfStatement[9275-9341]:IfStatement[9275-9341]"
    }, {
      "left" : "{}",
      "right" : "{}",
      "info" : "Block[9294-9341]:Block[9294-9341]"
    }, {
      "left" : "return _currentSegment;",
      "right" : "return _currentSegment;",
      "info" : "ReturnStatement[9308-9331]:ReturnStatement[9308-9331]"
    }, {
      "left" : "return contentsAsArray();",
      "right" : "return contentsAsArray();",
      "info" : "ReturnStatement[9423-9448]:ReturnStatement[9423-9448]"
    }, {
      "left" : "{}",
      "right" : "{}",
      "info" : "Block[9665-11341]:Block[9665-11341]"
    }, {
      "left" : "if (_resultString == null)",
      "right" : "if (_resultString == null)",
      "info" : "IfStatement[9675-11305]:IfStatement[9675-11305]"
    }, {
      "left" : "{}",
      "right" : "{}",
      "info" : "Block[9702-11305]:Block[9702-11305]"
    }, {
      "left" : "if (_resultArray != null)",
      "right" : "if (_resultArray != null)",
      "info" : "IfStatement[9785-11295]:IfStatement[9785-11295]"
    }, {
      "left" : "{}",
      "right" : "{}",
      "info" : "Block[9811-9884]:Block[9811-9884]"
    }, {
      "left" : "_resultString = new String(_resultArray);",
      "right" : "_resultString = new String(_resultArray);",
      "info" : "ExpressionStatement[9829-9870]:ExpressionStatement[9829-9870]"
    }, {
      "left" : "{}",
      "right" : "{}",
      "info" : "Block[9890-11295]:Block[9890-11295]"
    }, {
      "left" : "if (_inputStart >= 0)",
      "right" : "if (_inputStart >= 0)",
      "info" : "IfStatement[9951-11281]:IfStatement[9951-11281]"
    }, {
      "left" : "{}",
      "right" : "{}",
      "info" : "Block[9973-10194]:Block[9973-10194]"
    }, {
      "left" : "if (_inputLen < 1)",
      "right" : "if (_inputLen < 1)",
      "info" : "IfStatement[9995-10090]:IfStatement[9995-10090]"
    }, {
      "left" : "{}",
      "right" : "{}",
      "info" : "Block[10014-10090]:Block[10014-10090]"
    }, {
      "left" : "return (_resultString = \"\");",
      "right" : "return (_resultString = \"\");",
      "info" : "ReturnStatement[10040-10068]:ReturnStatement[10040-10068]"
    }, {
      "left" : "_resultString = new String(_inputBuffer, _inputStart, _inputLen);",
      "right" : "_resultString = new String(_inputBuffer, _inputStart, _inputLen);",
      "info" : "ExpressionStatement[10111-10176]:ExpressionStatement[10111-10176]"
    }, {
      "left" : "{}",
      "right" : "{}",
      "info" : "Block[10200-11281]:Block[10200-11281]"
    }, {
      "left" : "int segLen = _segmentSize;",
      "right" : "int segLen = _segmentSize;",
      "info" : "VariableDeclarationStatement[10317-10343]:VariableDeclarationStatement[10317-10343]"
    }, {
      "left" : "int currLen = _currentSize;",
      "right" : "int currLen = _currentSize;",
      "info" : "VariableDeclarationStatement[10364-10391]:VariableDeclarationStatement[10364-10391]"
    }, {
      "left" : "if (segLen == 0)",
      "right" : "if (segLen == 0)",
      "info" : "IfStatement[10433-11263]:IfStatement[10433-11263]"
    }, {
      "left" : "{}",
      "right" : "{}",
      "info" : "Block[10450-10583]:Block[10450-10583]"
    }, {
      "left" : "_resultString = (currLen == 0) ? \"\" : new String(_currentSegment, 0, currLen);",
      "right" : "_resultString = (currLen == 0) ? \"\" : new String(_currentSegment, 0, currLen);",
      "info" : "ExpressionStatement[10483-10561]:ExpressionStatement[10483-10561]"
    }, {
      "left" : "{}",
      "right" : "{}",
      "info" : "Block[10589-11263]:Block[10589-11263]"
    }, {
      "left" : "StringBuilder sb = new StringBuilder(segLen + currLen);",
      "right" : "StringBuilder sb = new StringBuilder(segLen + currLen);",
      "info" : "VariableDeclarationStatement[10638-10693]:VariableDeclarationStatement[10638-10693]"
    }, {
      "left" : "if (_segments != null)",
      "right" : "if (_segments != null)",
      "info" : "IfStatement[10767-11060]:IfStatement[10767-11060]"
    }, {
      "left" : "{}",
      "right" : "{}",
      "info" : "Block[10790-11060]:Block[10790-11060]"
    }, {
      "left" : "for (int i = 0, len = _segments.size(); i < len; ++i)",
      "right" : "for (int i = 0, len = _segments.size(); i < len; ++i)",
      "info" : "ForStatement[10820-11034]:ForStatement[10820-11034]"
    }, {
      "left" : "{}",
      "right" : "{}",
      "info" : "Block[10874-11034]:Block[10874-11034]"
    }, {
      "left" : "char[] curr = _segments.get(i);",
      "right" : "char[] curr = _segments.get(i);",
      "info" : "VariableDeclarationStatement[10908-10939]:VariableDeclarationStatement[10908-10939]"
    }, {
      "left" : "sb.append(curr, 0, curr.length);",
      "right" : "sb.append(curr, 0, curr.length);",
      "info" : "ExpressionStatement[10972-11004]:ExpressionStatement[10972-11004]"
    }, {
      "left" : "sb.append(_currentSegment, 0, _currentSize);",
      "right" : "sb.append(_currentSegment, 0, _currentSize);",
      "info" : "ExpressionStatement[11142-11186]:ExpressionStatement[11142-11186]"
    }, {
      "left" : "_resultString = sb.toString();",
      "right" : "_resultString = sb.toString();",
      "info" : "ExpressionStatement[11211-11241]:ExpressionStatement[11211-11241]"
    }, {
      "left" : "return _resultString;",
      "right" : "return _resultString;",
      "info" : "ReturnStatement[11314-11335]:ReturnStatement[11314-11335]"
    }, {
      "left" : "{}",
      "right" : "{}",
      "info" : "Block[11384-11548]:Block[11384-11548]"
    }, {
      "left" : "char[] result = _resultArray;",
      "right" : "char[] result = _resultArray;",
      "info" : "VariableDeclarationStatement[11394-11423]:VariableDeclarationStatement[11394-11423]"
    }, {
      "left" : "if (result == null)",
      "right" : "if (result == null)",
      "info" : "IfStatement[11432-11519]:IfStatement[11432-11519]"
    }, {
      "left" : "{}",
      "right" : "{}",
      "info" : "Block[11452-11519]:Block[11452-11519]"
    }, {
      "left" : "_resultArray = result = buildResultArray();",
      "right" : "_resultArray = result = buildResultArray();",
      "info" : "ExpressionStatement[11466-11509]:ExpressionStatement[11466-11509]"
    }, {
      "left" : "return result;",
      "right" : "return result;",
      "info" : "ReturnStatement[11528-11542]:ReturnStatement[11528-11542]"
    }, {
      "left" : "{}",
      "right" : "{}",
      "info" : "Block[11747-12360]:Block[11747-12419]"
    }, {
      "left" : "if (_resultArray != null)",
      "right" : "if (_resultArray != null)",
      "info" : "IfStatement[11797-11896]:IfStatement[11797-11896]"
    }, {
      "left" : "{}",
      "right" : "{}",
      "info" : "Block[11823-11896]:Block[11823-11896]"
    }, {
      "left" : "return NumberInput.parseBigDecimal(_resultArray);",
      "right" : "return NumberInput.parseBigDecimal(_resultArray);",
      "info" : "ReturnStatement[11837-11886]:ReturnStatement[11837-11886]"
    }, {
      "left" : "if (_inputStart >= 0)",
      "right" : "if ((_inputStart >= 0) && (_inputBuffer != null))",
      "info" : "IfStatement[11936-12055]:IfStatement[11936-12083]"
    }, {
      "left" : "{}",
      "right" : "{}",
      "info" : "Block[11958-12055]:Block[11986-12083]"
    }, {
      "left" : "return NumberInput.parseBigDecimal(_inputBuffer, _inputStart, _inputLen);",
      "right" : "return NumberInput.parseBigDecimal(_inputBuffer, _inputStart, _inputLen);",
      "info" : "ReturnStatement[11972-12045]:ReturnStatement[12000-12073]"
    }, {
      "left" : "if (_segmentSize == 0)",
      "right" : "if ((_segmentSize == 0) && (_currentSegment != null))",
      "info" : "IfStatement[12124-12240]:IfStatement[12152-12299]"
    }, {
      "left" : "{}",
      "right" : "{}",
      "info" : "Block[12147-12240]:Block[12206-12299]"
    }, {
      "left" : "return NumberInput.parseBigDecimal(_currentSegment, 0, _currentSize);",
      "right" : "return NumberInput.parseBigDecimal(_currentSegment, 0, _currentSize);",
      "info" : "ReturnStatement[12161-12230]:ReturnStatement[12220-12289]"
    }, {
      "left" : "return NumberInput.parseBigDecimal(contentsAsArray());",
      "right" : "return NumberInput.parseBigDecimal(contentsAsArray());",
      "info" : "ReturnStatement[12300-12354]:ReturnStatement[12359-12413]"
    }, {
      "left" : "{}",
      "right" : "{}",
      "info" : "Block[12548-12615]:Block[12607-12674]"
    }, {
      "left" : "return NumberInput.parseDouble(contentsAsString());",
      "right" : "return NumberInput.parseDouble(contentsAsString());",
      "info" : "ReturnStatement[12558-12609]:ReturnStatement[12617-12668]"
    }, {
      "left" : "{}",
      "right" : "{}",
      "info" : "Block[12978-13052]:Block[13037-13111]"
    }, {
      "left" : "if (_inputStart >= 0)",
      "right" : "if (_inputStart >= 0)",
      "info" : "IfStatement[12988-13046]:IfStatement[13047-13105]"
    }, {
      "left" : "{}",
      "right" : "{}",
      "info" : "Block[13010-13046]:Block[13069-13105]"
    }, {
      "left" : "unshare(16);",
      "right" : "unshare(16);",
      "info" : "ExpressionStatement[13024-13036]:ExpressionStatement[13083-13095]"
    }, {
      "left" : "{}",
      "right" : "{}",
      "info" : "Block[13085-13478]:Block[13144-13537]"
    }, {
      "left" : "if (_inputStart >= 0)",
      "right" : "if (_inputStart >= 0)",
      "info" : "IfStatement[13134-13192]:IfStatement[13193-13251]"
    }, {
      "left" : "{}",
      "right" : "{}",
      "info" : "Block[13156-13192]:Block[13215-13251]"
    }, {
      "left" : "unshare(16);",
      "right" : "unshare(16);",
      "info" : "ExpressionStatement[13170-13182]:ExpressionStatement[13229-13241]"
    }, {
      "left" : "_resultString = null;",
      "right" : "_resultString = null;",
      "info" : "ExpressionStatement[13201-13222]:ExpressionStatement[13260-13281]"
    }, {
      "left" : "_resultArray = null;",
      "right" : "_resultArray = null;",
      "info" : "ExpressionStatement[13231-13251]:ExpressionStatement[13290-13310]"
    }, {
      "left" : "char[] curr = _currentSegment;",
      "right" : "char[] curr = _currentSegment;",
      "info" : "VariableDeclarationStatement[13296-13326]:VariableDeclarationStatement[13355-13385]"
    }, {
      "left" : "if (_currentSize >= curr.length)",
      "right" : "if (_currentSize >= curr.length)",
      "info" : "IfStatement[13335-13438]:IfStatement[13394-13497]"
    }, {
      "left" : "{}",
      "right" : "{}",
      "info" : "Block[13368-13438]:Block[13427-13497]"
    }, {
      "left" : "expand(1);",
      "right" : "expand(1);",
      "info" : "ExpressionStatement[13382-13392]:ExpressionStatement[13441-13451]"
    }, {
      "left" : "curr = _currentSegment;",
      "right" : "curr = _currentSegment;",
      "info" : "ExpressionStatement[13405-13428]:ExpressionStatement[13464-13487]"
    }, {
      "left" : "curr[_currentSize++] = c;",
      "right" : "curr[_currentSize++] = c;",
      "info" : "ExpressionStatement[13447-13472]:ExpressionStatement[13506-13531]"
    }, {
      "left" : "{}",
      "right" : "{}",
      "info" : "Block[13537-14685]:Block[13596-14744]"
    }, {
      "left" : "if (_inputStart >= 0)",
      "right" : "if (_inputStart >= 0)",
      "info" : "IfStatement[13600-13659]:IfStatement[13659-13718]"
    }, {
      "left" : "{}",
      "right" : "{}",
      "info" : "Block[13622-13659]:Block[13681-13718]"
    }, {
      "left" : "unshare(len);",
      "right" : "unshare(len);",
      "info" : "ExpressionStatement[13636-13649]:ExpressionStatement[13695-13708]"
    }, {
      "left" : "_resultString = null;",
      "right" : "_resultString = null;",
      "info" : "ExpressionStatement[13668-13689]:ExpressionStatement[13727-13748]"
    }, {
      "left" : "_resultArray = null;",
      "right" : "_resultArray = null;",
      "info" : "ExpressionStatement[13698-13718]:ExpressionStatement[13757-13777]"
    }, {
      "left" : "char[] curr = _currentSegment;",
      "right" : "char[] curr = _currentSegment;",
      "info" : "VariableDeclarationStatement[13764-13794]:VariableDeclarationStatement[13823-13853]"
    }, {
      "left" : "int max = curr.length - _currentSize;",
      "right" : "int max = curr.length - _currentSize;",
      "info" : "VariableDeclarationStatement[13803-13840]:VariableDeclarationStatement[13862-13899]"
    }, {
      "left" : "if (max >= len)",
      "right" : "if (max >= len)",
      "info" : "IfStatement[13862-14007]:IfStatement[13921-14066]"
    }, {
      "left" : "{}",
      "right" : "{}",
      "info" : "Block[13878-14007]:Block[13937-14066]"
    }, {
      "left" : "System.arraycopy(c, start, curr, _currentSize, len);",
      "right" : "System.arraycopy(c, start, curr, _currentSize, len);",
      "info" : "ExpressionStatement[13892-13944]:ExpressionStatement[13951-14003]"
    }, {
      "left" : "_currentSize += len;",
      "right" : "_currentSize += len;",
      "info" : "ExpressionStatement[13957-13977]:ExpressionStatement[14016-14036]"
    }, {
      "left" : "return;",
      "right" : "return;",
      "info" : "ReturnStatement[13990-13997]:ReturnStatement[14049-14056]"
    }, {
      "left" : "if (max > 0)",
      "right" : "if (max > 0)",
      "info" : "IfStatement[14066-14205]:IfStatement[14125-14264]"
    }, {
      "left" : "{}",
      "right" : "{}",
      "info" : "Block[14079-14205]:Block[14138-14264]"
    }, {
      "left" : "System.arraycopy(c, start, curr, _currentSize, max);",
      "right" : "System.arraycopy(c, start, curr, _currentSize, max);",
      "info" : "ExpressionStatement[14093-14145]:ExpressionStatement[14152-14204]"
    }, {
      "left" : "start += max;",
      "right" : "start += max;",
      "info" : "ExpressionStatement[14158-14171]:ExpressionStatement[14217-14230]"
    }, {
      "left" : "len -= max;",
      "right" : "len -= max;",
      "info" : "ExpressionStatement[14184-14195]:ExpressionStatement[14243-14254]"
    }, {
      "left" : "do{...}",
      "right" : "do{...}",
      "info" : "DoStatement[14399-14679]:DoStatement[14458-14738]"
    }, {
      "left" : "{}",
      "right" : "{}",
      "info" : "Block[14402-14662]:Block[14461-14721]"
    }, {
      "left" : "expand(len);",
      "right" : "expand(len);",
      "info" : "ExpressionStatement[14416-14428]:ExpressionStatement[14475-14487]"
    }, {
      "left" : "int amount = Math.min(_currentSegment.length, len);",
      "right" : "int amount = Math.min(_currentSegment.length, len);",
      "info" : "VariableDeclarationStatement[14441-14492]:VariableDeclarationStatement[14500-14551]"
    }, {
      "left" : "System.arraycopy(c, start, _currentSegment, 0, amount);",
      "right" : "System.arraycopy(c, start, _currentSegment, 0, amount);",
      "info" : "ExpressionStatement[14505-14560]:ExpressionStatement[14564-14619]"
    }, {
      "left" : "_currentSize += amount;",
      "right" : "_currentSize += amount;",
      "info" : "ExpressionStatement[14573-14596]:ExpressionStatement[14632-14655]"
    }, {
      "left" : "start += amount;",
      "right" : "start += amount;",
      "info" : "ExpressionStatement[14609-14625]:ExpressionStatement[14668-14684]"
    }, {
      "left" : "len -= amount;",
      "right" : "len -= amount;",
      "info" : "ExpressionStatement[14638-14652]:ExpressionStatement[14697-14711]"
    }, {
      "left" : "{}",
      "right" : "{}",
      "info" : "Block[14747-15887]:Block[14806-15946]"
    }, {
      "left" : "if (_inputStart >= 0)",
      "right" : "if (_inputStart >= 0)",
      "info" : "IfStatement[14810-14869]:IfStatement[14869-14928]"
    }, {
      "left" : "{}",
      "right" : "{}",
      "info" : "Block[14832-14869]:Block[14891-14928]"
    }, {
      "left" : "unshare(len);",
      "right" : "unshare(len);",
      "info" : "ExpressionStatement[14846-14859]:ExpressionStatement[14905-14918]"
    }, {
      "left" : "_resultString = null;",
      "right" : "_resultString = null;",
      "info" : "ExpressionStatement[14878-14899]:ExpressionStatement[14937-14958]"
    }, {
      "left" : "_resultArray = null;",
      "right" : "_resultArray = null;",
      "info" : "ExpressionStatement[14908-14928]:ExpressionStatement[14967-14987]"
    }, {
      "left" : "char[] curr = _currentSegment;",
      "right" : "char[] curr = _currentSegment;",
      "info" : "VariableDeclarationStatement[14974-15004]:VariableDeclarationStatement[15033-15063]"
    }, {
      "left" : "int max = curr.length - _currentSize;",
      "right" : "int max = curr.length - _currentSize;",
      "info" : "VariableDeclarationStatement[15013-15050]:VariableDeclarationStatement[15072-15109]"
    }, {
      "left" : "if (max >= len)",
      "right" : "if (max >= len)",
      "info" : "IfStatement[15059-15205]:IfStatement[15118-15264]"
    }, {
      "left" : "{}",
      "right" : "{}",
      "info" : "Block[15075-15205]:Block[15134-15264]"
    }, {
      "left" : "str.getChars(offset, offset+len, curr, _currentSize);",
      "right" : "str.getChars(offset, offset+len, curr, _currentSize);",
      "info" : "ExpressionStatement[15089-15142]:ExpressionStatement[15148-15201]"
    }, {
      "left" : "_currentSize += len;",
      "right" : "_currentSize += len;",
      "info" : "ExpressionStatement[15155-15175]:ExpressionStatement[15214-15234]"
    }, {
      "left" : "return;",
      "right" : "return;",
      "info" : "ReturnStatement[15188-15195]:ReturnStatement[15247-15254]"
    }, {
      "left" : "if (max > 0)",
      "right" : "if (max > 0)",
      "info" : "IfStatement[15264-15405]:IfStatement[15323-15464]"
    }, {
      "left" : "{}",
      "right" : "{}",
      "info" : "Block[15277-15405]:Block[15336-15464]"
    }, {
      "left" : "str.getChars(offset, offset+max, curr, _currentSize);",
      "right" : "str.getChars(offset, offset+max, curr, _currentSize);",
      "info" : "ExpressionStatement[15291-15344]:ExpressionStatement[15350-15403]"
    }, {
      "left" : "len -= max;",
      "right" : "len -= max;",
      "info" : "ExpressionStatement[15357-15368]:ExpressionStatement[15416-15427]"
    }, {
      "left" : "offset += max;",
      "right" : "offset += max;",
      "info" : "ExpressionStatement[15381-15395]:ExpressionStatement[15440-15454]"
    }, {
      "left" : "do{...}",
      "right" : "do{...}",
      "info" : "DoStatement[15599-15881]:DoStatement[15658-15940]"
    }, {
      "left" : "{}",
      "right" : "{}",
      "info" : "Block[15602-15864]:Block[15661-15923]"
    }, {
      "left" : "expand(len);",
      "right" : "expand(len);",
      "info" : "ExpressionStatement[15616-15628]:ExpressionStatement[15675-15687]"
    }, {
      "left" : "int amount = Math.min(_currentSegment.length, len);",
      "right" : "int amount = Math.min(_currentSegment.length, len);",
      "info" : "VariableDeclarationStatement[15641-15692]:VariableDeclarationStatement[15700-15751]"
    }, {
      "left" : "str.getChars(offset, offset+amount, _currentSegment, 0);",
      "right" : "str.getChars(offset, offset+amount, _currentSegment, 0);",
      "info" : "ExpressionStatement[15705-15761]:ExpressionStatement[15764-15820]"
    }, {
      "left" : "_currentSize += amount;",
      "right" : "_currentSize += amount;",
      "info" : "ExpressionStatement[15774-15797]:ExpressionStatement[15833-15856]"
    }, {
      "left" : "offset += amount;",
      "right" : "offset += amount;",
      "info" : "ExpressionStatement[15810-15827]:ExpressionStatement[15869-15886]"
    }, {
      "left" : "len -= amount;",
      "right" : "len -= amount;",
      "info" : "ExpressionStatement[15840-15854]:ExpressionStatement[15899-15913]"
    }, {
      "left" : "{}",
      "right" : "{}",
      "info" : "Block[16120-16733]:Block[16179-16792]"
    }, {
      "left" : "if (_inputStart >= 0)",
      "right" : "if (_inputStart >= 0)",
      "info" : "IfStatement[16330-16695]:IfStatement[16389-16754]"
    }, {
      "left" : "{}",
      "right" : "{}",
      "info" : "Block[16352-16387]:Block[16411-16446]"
    }, {
      "left" : "unshare(1);",
      "right" : "unshare(1);",
      "info" : "ExpressionStatement[16366-16377]:ExpressionStatement[16425-16436]"
    }, {
      "left" : "{}",
      "right" : "{}",
      "info" : "Block[16393-16695]:Block[16452-16754]"
    }, {
      "left" : "char[] curr = _currentSegment;",
      "right" : "char[] curr = _currentSegment;",
      "info" : "VariableDeclarationStatement[16407-16437]:VariableDeclarationStatement[16466-16496]"
    }, {
      "left" : "if (curr == null)",
      "right" : "if (curr == null)",
      "info" : "IfStatement[16450-16685]:IfStatement[16509-16744]"
    }, {
      "left" : "{}",
      "right" : "{}",
      "info" : "Block[16468-16532]:Block[16527-16591]"
    }, {
      "left" : "_currentSegment = findBuffer(0);",
      "right" : "_currentSegment = findBuffer(0);",
      "info" : "ExpressionStatement[16486-16518]:ExpressionStatement[16545-16577]"
    }, {
      "left" : "if (_currentSize >= curr.length)",
      "right" : "if (_currentSize >= curr.length)",
      "info" : "IfStatement[16538-16685]:IfStatement[16597-16744]"
    }, {
      "left" : "{}",
      "right" : "{}",
      "info" : "Block[16571-16685]:Block[16630-16744]"
    }, {
      "left" : "expand(1);",
      "right" : "expand(1);",
      "info" : "ExpressionStatement[16661-16671]:ExpressionStatement[16720-16730]"
    }, {
      "left" : "return _currentSegment;",
      "right" : "return _currentSegment;",
      "info" : "ReturnStatement[16704-16727]:ReturnStatement[16763-16786]"
    }, {
      "left" : "{}",
      "right" : "{}",
      "info" : "Block[16785-17312]:Block[16844-17371]"
    }, {
      "left" : "_inputStart = -1;",
      "right" : "_inputStart = -1;",
      "info" : "ExpressionStatement[16833-16850]:ExpressionStatement[16892-16909]"
    }, {
      "left" : "_currentSize = 0;",
      "right" : "_currentSize = 0;",
      "info" : "ExpressionStatement[16895-16912]:ExpressionStatement[16954-16971]"
    }, {
      "left" : "_inputLen = 0;",
      "right" : "_inputLen = 0;",
      "info" : "ExpressionStatement[16921-16935]:ExpressionStatement[16980-16994]"
    }, {
      "left" : "_inputBuffer = null;",
      "right" : "_inputBuffer = null;",
      "info" : "ExpressionStatement[16945-16965]:ExpressionStatement[17004-17024]"
    }, {
      "left" : "_resultString = null;",
      "right" : "_resultString = null;",
      "info" : "ExpressionStatement[16974-16995]:ExpressionStatement[17033-17054]"
    }, {
      "left" : "_resultArray = null;",
      "right" : "_resultArray = null;",
      "info" : "ExpressionStatement[17004-17024]:ExpressionStatement[17063-17083]"
    }, {
      "left" : "if (_hasSegments)",
      "right" : "if (_hasSegments)",
      "info" : "IfStatement[17098-17156]:IfStatement[17157-17215]"
    }, {
      "left" : "{}",
      "right" : "{}",
      "info" : "Block[17116-17156]:Block[17175-17215]"
    }, {
      "left" : "clearSegments();",
      "right" : "clearSegments();",
      "info" : "ExpressionStatement[17130-17146]:ExpressionStatement[17189-17205]"
    }, {
      "left" : "char[] curr = _currentSegment;",
      "right" : "char[] curr = _currentSegment;",
      "info" : "VariableDeclarationStatement[17165-17195]:VariableDeclarationStatement[17224-17254]"
    }, {
      "left" : "if (curr == null)",
      "right" : "if (curr == null)",
      "info" : "IfStatement[17204-17285]:IfStatement[17263-17344]"
    }, {
      "left" : "{}",
      "right" : "{}",
      "info" : "Block[17222-17285]:Block[17281-17344]"
    }, {
      "left" : "_currentSegment = curr = findBuffer(0);",
      "right" : "_currentSegment = curr = findBuffer(0);",
      "info" : "ExpressionStatement[17236-17275]:ExpressionStatement[17295-17334]"
    }, {
      "left" : "return curr;",
      "right" : "return curr;",
      "info" : "ReturnStatement[17294-17306]:ReturnStatement[17353-17365]"
    }, {
      "left" : "{}",
      "right" : "{}",
      "info" : "Block[17353-17389]:Block[17412-17448]"
    }, {
      "left" : "return _currentSize;",
      "right" : "return _currentSize;",
      "info" : "ReturnStatement[17363-17383]:ReturnStatement[17422-17442]"
    }, {
      "left" : "{}",
      "right" : "{}",
      "info" : "Block[17433-17468]:Block[17492-17527]"
    }, {
      "left" : "_currentSize = len;",
      "right" : "_currentSize = len;",
      "info" : "ExpressionStatement[17443-17462]:ExpressionStatement[17502-17521]"
    }, {
      "left" : "{}",
      "right" : "{}",
      "info" : "Block[17515-17991]:Block[17574-18050]"
    }, {
      "left" : "if (_segments == null)",
      "right" : "if (_segments == null)",
      "info" : "IfStatement[17525-17608]:IfStatement[17584-17667]"
    }, {
      "left" : "{}",
      "right" : "{}",
      "info" : "Block[17548-17608]:Block[17607-17667]"
    }, {
      "left" : "_segments = new ArrayList<char[]>();",
      "right" : "_segments = new ArrayList<char[]>();",
      "info" : "ExpressionStatement[17562-17598]:ExpressionStatement[17621-17657]"
    }, {
      "left" : "_hasSegments = true;",
      "right" : "_hasSegments = true;",
      "info" : "ExpressionStatement[17617-17637]:ExpressionStatement[17676-17696]"
    }, {
      "left" : "_segments.add(_currentSegment);",
      "right" : "_segments.add(_currentSegment);",
      "info" : "ExpressionStatement[17646-17677]:ExpressionStatement[17705-17736]"
    }, {
      "left" : "int oldLen = _currentSegment.length;",
      "right" : "int oldLen = _currentSegment.length;",
      "info" : "VariableDeclarationStatement[17686-17722]:VariableDeclarationStatement[17745-17781]"
    }, {
      "left" : "_segmentSize += oldLen;",
      "right" : "_segmentSize += oldLen;",
      "info" : "ExpressionStatement[17731-17754]:ExpressionStatement[17790-17813]"
    }, {
      "left" : "int newLen = Math.min(oldLen + (oldLen >> 1), MAX_SEGMENT_LEN);",
      "right" : "int newLen = Math.min(oldLen + (oldLen >> 1), MAX_SEGMENT_LEN);",
      "info" : "VariableDeclarationStatement[17801-17864]:VariableDeclarationStatement[17860-17923]"
    }, {
      "left" : "char[] curr = _charArray(newLen);",
      "right" : "char[] curr = _charArray(newLen);",
      "info" : "VariableDeclarationStatement[17873-17906]:VariableDeclarationStatement[17932-17965]"
    }, {
      "left" : "_currentSize = 0;",
      "right" : "_currentSize = 0;",
      "info" : "ExpressionStatement[17915-17932]:ExpressionStatement[17974-17991]"
    }, {
      "left" : "_currentSegment = curr;",
      "right" : "_currentSegment = curr;",
      "info" : "ExpressionStatement[17941-17964]:ExpressionStatement[18000-18023]"
    }, {
      "left" : "return curr;",
      "right" : "return curr;",
      "info" : "ReturnStatement[17973-17985]:ReturnStatement[18032-18044]"
    }, {
      "left" : "{}",
      "right" : "{}",
      "info" : "Block[18235-18602]:Block[18294-18661]"
    }, {
      "left" : "final char[] curr = _currentSegment;",
      "right" : "final char[] curr = _currentSegment;",
      "info" : "VariableDeclarationStatement[18245-18281]:VariableDeclarationStatement[18304-18340]"
    }, {
      "left" : "final int len = curr.length;",
      "right" : "final int len = curr.length;",
      "info" : "VariableDeclarationStatement[18319-18347]:VariableDeclarationStatement[18378-18406]"
    }, {
      "left" : "int newLen = (len == MAX_SEGMENT_LEN) ?\n            (MAX_SEGMENT_LEN + 1) : Math.min(MAX_SEGMENT_LEN, len + (len >> 1));",
      "right" : "int newLen = (len == MAX_SEGMENT_LEN) ?\n            (MAX_SEGMENT_LEN + 1) : Math.min(MAX_SEGMENT_LEN, len + (len >> 1));",
      "info" : "VariableDeclarationStatement[18412-18532]:VariableDeclarationStatement[18471-18591]"
    }, {
      "left" : "return (_currentSegment = Arrays.copyOf(curr, newLen));",
      "right" : "return (_currentSegment = Arrays.copyOf(curr, newLen));",
      "info" : "ReturnStatement[18541-18596]:ReturnStatement[18600-18655]"
    }, {
      "left" : "{}",
      "right" : "{}",
      "info" : "Block[19000-19043]:Block[19059-19102]"
    }, {
      "left" : "return contentsAsString();",
      "right" : "return contentsAsString();",
      "info" : "ReturnStatement[19011-19037]:ReturnStatement[19070-19096]"
    }, {
      "left" : "{}",
      "right" : "{}",
      "info" : "Block[19388-19997]:Block[19447-20056]"
    }, {
      "left" : "int sharedLen = _inputLen;",
      "right" : "int sharedLen = _inputLen;",
      "info" : "VariableDeclarationStatement[19398-19424]:VariableDeclarationStatement[19457-19483]"
    }, {
      "left" : "_inputLen = 0;",
      "right" : "_inputLen = 0;",
      "info" : "ExpressionStatement[19433-19447]:ExpressionStatement[19492-19506]"
    }, {
      "left" : "char[] inputBuf = _inputBuffer;",
      "right" : "char[] inputBuf = _inputBuffer;",
      "info" : "VariableDeclarationStatement[19456-19487]:VariableDeclarationStatement[19515-19546]"
    }, {
      "left" : "_inputBuffer = null;",
      "right" : "_inputBuffer = null;",
      "info" : "ExpressionStatement[19496-19516]:ExpressionStatement[19555-19575]"
    }, {
      "left" : "int start = _inputStart;",
      "right" : "int start = _inputStart;",
      "info" : "VariableDeclarationStatement[19525-19549]:VariableDeclarationStatement[19584-19608]"
    }, {
      "left" : "_inputStart = -1;",
      "right" : "_inputStart = -1;",
      "info" : "ExpressionStatement[19558-19575]:ExpressionStatement[19617-19634]"
    }, {
      "left" : "int needed = sharedLen+needExtra;",
      "right" : "int needed = sharedLen+needExtra;",
      "info" : "VariableDeclarationStatement[19647-19680]:VariableDeclarationStatement[19706-19739]"
    }, {
      "left" : "if (_currentSegment == null || needed > _currentSegment.length)",
      "right" : "if (_currentSegment == null || needed > _currentSegment.length)",
      "info" : "IfStatement[19689-19814]:IfStatement[19748-19873]"
    }, {
      "left" : "{}",
      "right" : "{}",
      "info" : "Block[19753-19814]:Block[19812-19873]"
    }, {
      "left" : "_currentSegment = findBuffer(needed);",
      "right" : "_currentSegment = findBuffer(needed);",
      "info" : "ExpressionStatement[19767-19804]:ExpressionStatement[19826-19863]"
    }, {
      "left" : "if (sharedLen > 0)",
      "right" : "if (sharedLen > 0)",
      "info" : "IfStatement[19823-19931]:IfStatement[19882-19990]"
    }, {
      "left" : "{}",
      "right" : "{}",
      "info" : "Block[19842-19931]:Block[19901-19990]"
    }, {
      "left" : "System.arraycopy(inputBuf, start, _currentSegment, 0, sharedLen);",
      "right" : "System.arraycopy(inputBuf, start, _currentSegment, 0, sharedLen);",
      "info" : "ExpressionStatement[19856-19921]:ExpressionStatement[19915-19980]"
    }, {
      "left" : "_segmentSize = 0;",
      "right" : "_segmentSize = 0;",
      "info" : "ExpressionStatement[19940-19957]:ExpressionStatement[19999-20016]"
    }, {
      "left" : "_currentSize = sharedLen;",
      "right" : "_currentSize = sharedLen;",
      "info" : "ExpressionStatement[19966-19991]:ExpressionStatement[20025-20050]"
    }, {
      "left" : "{}",
      "right" : "{}",
      "info" : "Block[20149-20782]:Block[20208-20841]"
    }, {
      "left" : "if (_segments == null)",
      "right" : "if (_segments == null)",
      "info" : "IfStatement[20221-20304]:IfStatement[20280-20363]"
    }, {
      "left" : "{}",
      "right" : "{}",
      "info" : "Block[20244-20304]:Block[20303-20363]"
    }, {
      "left" : "_segments = new ArrayList<char[]>();",
      "right" : "_segments = new ArrayList<char[]>();",
      "info" : "ExpressionStatement[20258-20294]:ExpressionStatement[20317-20353]"
    }, {
      "left" : "char[] curr = _currentSegment;",
      "right" : "char[] curr = _currentSegment;",
      "info" : "VariableDeclarationStatement[20313-20343]:VariableDeclarationStatement[20372-20402]"
    }, {
      "left" : "_hasSegments = true;",
      "right" : "_hasSegments = true;",
      "info" : "ExpressionStatement[20352-20372]:ExpressionStatement[20411-20431]"
    }, {
      "left" : "_segments.add(curr);",
      "right" : "_segments.add(curr);",
      "info" : "ExpressionStatement[20381-20401]:ExpressionStatement[20440-20460]"
    }, {
      "left" : "_segmentSize += curr.length;",
      "right" : "_segmentSize += curr.length;",
      "info" : "ExpressionStatement[20410-20438]:ExpressionStatement[20469-20497]"
    }, {
      "left" : "int oldLen = curr.length;",
      "right" : "int oldLen = curr.length;",
      "info" : "VariableDeclarationStatement[20447-20472]:VariableDeclarationStatement[20506-20531]"
    }, {
      "left" : "int sizeAddition = oldLen >> 1;",
      "right" : "int sizeAddition = oldLen >> 1;",
      "info" : "VariableDeclarationStatement[20527-20558]:VariableDeclarationStatement[20586-20617]"
    }, {
      "left" : "if (sizeAddition < minNewSegmentSize)",
      "right" : "if (sizeAddition < minNewSegmentSize)",
      "info" : "IfStatement[20567-20662]:IfStatement[20626-20721]"
    }, {
      "left" : "{}",
      "right" : "{}",
      "info" : "Block[20605-20662]:Block[20664-20721]"
    }, {
      "left" : "sizeAddition = minNewSegmentSize;",
      "right" : "sizeAddition = minNewSegmentSize;",
      "info" : "ExpressionStatement[20619-20652]:ExpressionStatement[20678-20711]"
    }, {
      "left" : "_currentSize = 0;",
      "right" : "_currentSize = 0;",
      "info" : "ExpressionStatement[20671-20688]:ExpressionStatement[20730-20747]"
    }, {
      "left" : "_currentSegment = _charArray(Math.min(MAX_SEGMENT_LEN, oldLen + sizeAddition));",
      "right" : "_currentSegment = _charArray(Math.min(MAX_SEGMENT_LEN, oldLen + sizeAddition));",
      "info" : "ExpressionStatement[20697-20776]:ExpressionStatement[20756-20835]"
    }, {
      "left" : "{}",
      "right" : "{}",
      "info" : "Block[20826-21976]:Block[20885-22035]"
    }, {
      "left" : "if (_resultString != null)",
      "right" : "if (_resultString != null)",
      "info" : "IfStatement[20836-20948]:IfStatement[20895-21007]"
    }, {
      "left" : "{}",
      "right" : "{}",
      "info" : "Block[20863-20948]:Block[20922-21007]"
    }, {
      "left" : "return _resultString.toCharArray();",
      "right" : "return _resultString.toCharArray();",
      "info" : "ReturnStatement[20903-20938]:ReturnStatement[20962-20997]"
    }, {
      "left" : "if (_inputStart >= 0)",
      "right" : "if (_inputStart >= 0)",
      "info" : "IfStatement[20992-21353]:IfStatement[21051-21412]"
    }, {
      "left" : "{}",
      "right" : "{}",
      "info" : "Block[21014-21353]:Block[21073-21412]"
    }, {
      "left" : "final int len = _inputLen;",
      "right" : "final int len = _inputLen;",
      "info" : "VariableDeclarationStatement[21028-21054]:VariableDeclarationStatement[21087-21113]"
    }, {
      "left" : "if (len < 1)",
      "right" : "if (len < 1)",
      "info" : "IfStatement[21067-21128]:IfStatement[21126-21187]"
    }, {
      "left" : "{}",
      "right" : "{}",
      "info" : "Block[21080-21128]:Block[21139-21187]"
    }, {
      "left" : "return NO_CHARS;",
      "right" : "return NO_CHARS;",
      "info" : "ReturnStatement[21098-21114]:ReturnStatement[21157-21173]"
    }, {
      "left" : "final int start = _inputStart;",
      "right" : "final int start = _inputStart;",
      "info" : "VariableDeclarationStatement[21141-21171]:VariableDeclarationStatement[21200-21230]"
    }, {
      "left" : "if (start == 0)",
      "right" : "if (start == 0)",
      "info" : "IfStatement[21184-21272]:IfStatement[21243-21331]"
    }, {
      "left" : "{}",
      "right" : "{}",
      "info" : "Block[21200-21272]:Block[21259-21331]"
    }, {
      "left" : "return Arrays.copyOf(_inputBuffer, len);",
      "right" : "return Arrays.copyOf(_inputBuffer, len);",
      "info" : "ReturnStatement[21218-21258]:ReturnStatement[21277-21317]"
    }, {
      "left" : "return Arrays.copyOfRange(_inputBuffer, start, start+len);",
      "right" : "return Arrays.copyOfRange(_inputBuffer, start, start+len);",
      "info" : "ReturnStatement[21285-21343]:ReturnStatement[21344-21402]"
    }, {
      "left" : "int size = size();",
      "right" : "int size = size();",
      "info" : "VariableDeclarationStatement[21390-21408]:VariableDeclarationStatement[21449-21467]"
    }, {
      "left" : "if (size < 1)",
      "right" : "if (size < 1)",
      "info" : "IfStatement[21417-21471]:IfStatement[21476-21530]"
    }, {
      "left" : "{}",
      "right" : "{}",
      "info" : "Block[21431-21471]:Block[21490-21530]"
    }, {
      "left" : "return NO_CHARS;",
      "right" : "return NO_CHARS;",
      "info" : "ReturnStatement[21445-21461]:ReturnStatement[21504-21520]"
    }, {
      "left" : "int offset = 0;",
      "right" : "int offset = 0;",
      "info" : "VariableDeclarationStatement[21480-21495]:VariableDeclarationStatement[21539-21554]"
    }, {
      "left" : "final char[] result = _charArray(size);",
      "right" : "final char[] result = _charArray(size);",
      "info" : "VariableDeclarationStatement[21504-21543]:VariableDeclarationStatement[21563-21602]"
    }, {
      "left" : "if (_segments != null)",
      "right" : "if (_segments != null)",
      "info" : "IfStatement[21552-21871]:IfStatement[21611-21930]"
    }, {
      "left" : "{}",
      "right" : "{}",
      "info" : "Block[21575-21871]:Block[21634-21930]"
    }, {
      "left" : "for (int i = 0, len = _segments.size(); i < len; ++i)",
      "right" : "for (int i = 0, len = _segments.size(); i < len; ++i)",
      "info" : "ForStatement[21589-21861]:ForStatement[21648-21920]"
    }, {
      "left" : "{}",
      "right" : "{}",
      "info" : "Block[21643-21861]:Block[21702-21920]"
    }, {
      "left" : "char[] curr = (char[]) _segments.get(i);",
      "right" : "char[] curr = (char[]) _segments.get(i);",
      "info" : "VariableDeclarationStatement[21661-21701]:VariableDeclarationStatement[21720-21760]"
    }, {
      "left" : "int currLen = curr.length;",
      "right" : "int currLen = curr.length;",
      "info" : "VariableDeclarationStatement[21718-21744]:VariableDeclarationStatement[21777-21803]"
    }, {
      "left" : "System.arraycopy(curr, 0, result, offset, currLen);",
      "right" : "System.arraycopy(curr, 0, result, offset, currLen);",
      "info" : "ExpressionStatement[21761-21812]:ExpressionStatement[21820-21871]"
    }, {
      "left" : "offset += currLen;",
      "right" : "offset += currLen;",
      "info" : "ExpressionStatement[21829-21847]:ExpressionStatement[21888-21906]"
    }, {
      "left" : "System.arraycopy(_currentSegment, 0, result, offset, _currentSize);",
      "right" : "System.arraycopy(_currentSegment, 0, result, offset, _currentSize);",
      "info" : "ExpressionStatement[21880-21947]:ExpressionStatement[21939-22006]"
    }, {
      "left" : "return result;",
      "right" : "return result;",
      "info" : "ReturnStatement[21956-21970]:ReturnStatement[22015-22029]"
    }, {
      "left" : "{}",
      "right" : "{}",
      "info" : "Block[22017-22054]:Block[22076-22113]"
    }, {
      "left" : "return new char[len];",
      "right" : "return new char[len];",
      "info" : "ReturnStatement[22027-22048]:ReturnStatement[22086-22107]"
    } ]
  },
  "interFileMappings" : { }
}