{
  "intraFileMappings" : {
    "matchedElements" : [
 {
      "left" : "CoreOperationGreaterThan",
      "right" : "CoreOperationGreaterThan",
      "info" : "TypeDeclaration[948-1608]:TypeDeclaration[850-1334]"
    }, {
      "left" : "public CoreOperationGreaterThan(Expression arg1, Expression arg2)",
      "right" : "public CoreOperationGreaterThan(Expression arg1, Expression arg2)",
      "info" : "MethodDeclaration[1162-1283]:MethodDeclaration[1064-1185]"
    }, {
      "left" : "public String getSymbol()",
      "right" : "public String getSymbol()",
      "info" : "MethodDeclaration[1553-1606]:MethodDeclaration[1279-1332]"
    } ],
    "mappings" : [
 {
      "left" : "public",
      "right" : "public",
      "info" : "Modifier[1075-1081]:Modifier[977-983]"
    }, {
      "left" : "class",
      "right" : "class",
      "info" : "TYPE_DECLARATION_KIND[1082-1087]:TYPE_DECLARATION_KIND[984-989]"
    }, {
      "left" : "CoreOperationGreaterThan",
      "right" : "CoreOperationGreaterThan",
      "info" : "SimpleName[1088-1112]:SimpleName[990-1014]"
    }, {
      "left" : "CoreOperationRelationalExpression",
      "right" : "CoreOperationRelationalExpression",
      "info" : "SimpleType[1121-1154]:SimpleType[1023-1056]"
    }, {
      "left" : "public",
      "right" : "public",
      "info" : "Modifier[1162-1168]:Modifier[1064-1070]"
    }, {
      "left" : "CoreOperationGreaterThan",
      "right" : "CoreOperationGreaterThan",
      "info" : "SimpleName[1169-1193]:SimpleName[1071-1095]"
    }, {
      "left" : "Expression arg1",
      "right" : "Expression arg1",
      "info" : "SingleVariableDeclaration[1194-1209]:SingleVariableDeclaration[1096-1111]"
    }, {
      "left" : "Expression arg2",
      "right" : "Expression arg2",
      "info" : "SingleVariableDeclaration[1211-1226]:SingleVariableDeclaration[1113-1128]"
    }, {
      "left" : "{}",
      "right" : "{}",
      "info" : "Block[1228-1283]:Block[1130-1185]"
    }, {
      "left" : "super(new Expression[] { arg1, arg2 });",
      "right" : "super(new Expression[] { arg1, arg2 });",
      "info" : "SuperConstructorInvocation[1238-1277]:SuperConstructorInvocation[1140-1179]"
    }, {
      "left" : "public",
      "right" : "public",
      "info" : "Modifier[1553-1559]:Modifier[1279-1285]"
    }, {
      "left" : "String",
      "right" : "String",
      "info" : "SimpleType[1560-1566]:SimpleType[1286-1292]"
    }, {
      "left" : "getSymbol",
      "right" : "getSymbol",
      "info" : "SimpleName[1567-1576]:SimpleName[1293-1302]"
    }, {
      "left" : "{}",
      "right" : "{}",
      "info" : "Block[1579-1606]:Block[1305-1332]"
    }, {
      "left" : "return \">\";",
      "right" : "return \">\";",
      "info" : "ReturnStatement[1589-1600]:ReturnStatement[1315-1326]"
    } ]
  },
  "interFileMappings" : { }
}