{
  "intraFileMappings" : {
    "matchedElements" : [
 {
      "left" : "NullPropertyPointer",
      "right" : "NullPropertyPointer",
      "info" : "TypeDeclaration[1063-7291]:TypeDeclaration[1178-8063]"
    }, {
      "left" : "private String propertyName = \"*\";",
      "right" : "private String propertyName = \"*\";",
      "info" : "FieldDeclaration[1193-1227]:FieldDeclaration[1308-1342]"
    }, {
      "left" : "private boolean byNameAttribute = false;",
      "right" : "private boolean byNameAttribute = false;",
      "info" : "FieldDeclaration[1232-1272]:FieldDeclaration[1347-1387]"
    }, {
      "left" : "public NullPropertyPointer(NodePointer parent)",
      "right" : "public NullPropertyPointer(NodePointer parent)",
      "info" : "MethodDeclaration[1278-1371]:MethodDeclaration[1393-1486]"
    }, {
      "left" : "public QName getName()",
      "right" : "public QName getName()",
      "info" : "MethodDeclaration[1377-1447]:MethodDeclaration[1492-1562]"
    }, {
      "left" : "public void setPropertyIndex(int index)",
      "right" : "public void setPropertyIndex(int index)",
      "info" : "MethodDeclaration[1453-1500]:MethodDeclaration[1568-1615]"
    }, {
      "left" : "public int getLength()",
      "right" : "public int getLength()",
      "info" : "MethodDeclaration[1506-1554]:MethodDeclaration[1621-1669]"
    }, {
      "left" : "public Object getBaseValue()",
      "right" : "public Object getBaseValue()",
      "info" : "MethodDeclaration[1560-1617]:MethodDeclaration[1675-1732]"
    }, {
      "left" : "public Object getImmediateNode()",
      "right" : "public Object getImmediateNode()",
      "info" : "MethodDeclaration[1623-1684]:MethodDeclaration[1738-1799]"
    }, {
      "left" : "public boolean isLeaf()",
      "right" : "public boolean isLeaf()",
      "info" : "MethodDeclaration[1690-1742]:MethodDeclaration[1805-1857]"
    }, {
      "left" : "public NodePointer getValuePointer()",
      "right" : "public NodePointer getValuePointer()",
      "info" : "MethodDeclaration[1752-1865]:MethodDeclaration[1867-1980]"
    }, {
      "left" : "protected boolean isActualProperty()",
      "right" : "protected boolean isActualProperty()",
      "info" : "MethodDeclaration[1871-1937]:MethodDeclaration[1986-2052]"
    }, {
      "left" : "public boolean isActual()",
      "right" : "public boolean isActual()",
      "info" : "MethodDeclaration[1943-1998]:MethodDeclaration[2058-2113]"
    }, {
      "left" : "public boolean isContainer()",
      "right" : "public boolean isContainer()",
      "info" : "MethodDeclaration[2004-2061]:MethodDeclaration[2119-2176]"
    }, {
      "left" : "public void setValue(Object value)",
      "right" : "public void setValue(Object value)",
      "info" : "MethodDeclaration[2067-3076]:MethodDeclaration[2182-3191]"
    }, {
      "left" : "public NodePointer createPath(JXPathContext context)",
      "right" : "public NodePointer createPath(JXPathContext context)",
      "info" : "MethodDeclaration[3082-4499]:MethodDeclaration[3197-4776]"
    }, {
      "left" : "public NodePointer createPath(JXPathContext context, Object value)",
      "right" : "public NodePointer createPath(JXPathContext context, Object value)",
      "info" : "MethodDeclaration[4505-5131]:MethodDeclaration[4782-5570]"
    }, {
      "left" : "public NodePointer createChild(\n            JXPathContext context,\n            QName name, \n            int index)",
      "right" : "public NodePointer createChild(\n            JXPathContext context,\n            QName name, \n            int index)",
      "info" : "MethodDeclaration[5141-5337]:MethodDeclaration[5580-5776]"
    }, {
      "left" : "public NodePointer createChild(\n            JXPathContext context,\n            QName name, \n            int index,\n            Object value)",
      "right" : "public NodePointer createChild(\n            JXPathContext context,\n            QName name, \n            int index,\n            Object value)",
      "info" : "MethodDeclaration[5351-5581]:MethodDeclaration[5790-6020]"
    }, {
      "left" : "public String getPropertyName()",
      "right" : "public String getPropertyName()",
      "info" : "MethodDeclaration[5587-5655]:MethodDeclaration[6026-6094]"
    }, {
      "left" : "public void setPropertyName(String propertyName)",
      "right" : "public void setPropertyName(String propertyName)",
      "info" : "MethodDeclaration[5661-5759]:MethodDeclaration[6100-6198]"
    }, {
      "left" : "public void setNameAttributeValue(String attributeValue)",
      "right" : "public void setNameAttributeValue(String attributeValue)",
      "info" : "MethodDeclaration[5765-5905]:MethodDeclaration[6204-6344]"
    }, {
      "left" : "public boolean isCollection()",
      "right" : "public boolean isCollection()",
      "info" : "MethodDeclaration[5911-5995]:MethodDeclaration[6350-6434]"
    }, {
      "left" : "public int getPropertyCount()",
      "right" : "public int getPropertyCount()",
      "info" : "MethodDeclaration[6001-6056]:MethodDeclaration[6440-6495]"
    }, {
      "left" : "public String[] getPropertyNames()",
      "right" : "public String[] getPropertyNames()",
      "info" : "MethodDeclaration[6062-6134]:MethodDeclaration[6501-6573]"
    }, {
      "left" : "public String asPath()",
      "right" : "public String asPath()",
      "info" : "MethodDeclaration[6140-6680]:MethodDeclaration[6579-7119]"
    }, {
      "left" : "private String escape(String string)",
      "right" : "private String escape(String string)",
      "info" : "MethodDeclaration[6686-7289]:MethodDeclaration[7125-7728]"
    } ],
    "mappings" : [
 {
      "left" : "public",
      "right" : "public",
      "info" : "Modifier[1129-1135]:Modifier[1244-1250]"
    }, {
      "left" : "class",
      "right" : "class",
      "info" : "TYPE_DECLARATION_KIND[1136-1141]:TYPE_DECLARATION_KIND[1251-1256]"
    }, {
      "left" : "NullPropertyPointer",
      "right" : "NullPropertyPointer",
      "info" : "SimpleName[1142-1161]:SimpleName[1257-1276]"
    }, {
      "left" : "PropertyPointer",
      "right" : "PropertyPointer",
      "info" : "SimpleType[1170-1185]:SimpleType[1285-1300]"
    }, {
      "left" : "public",
      "right" : "public",
      "info" : "Modifier[1294-1300]:Modifier[1409-1415]"
    }, {
      "left" : "NullPropertyPointer",
      "right" : "NullPropertyPointer",
      "info" : "SimpleName[1301-1320]:SimpleName[1416-1435]"
    }, {
      "left" : "NodePointer parent",
      "right" : "NodePointer parent",
      "info" : "SingleVariableDeclaration[1321-1339]:SingleVariableDeclaration[1436-1454]"
    }, {
      "left" : "{}",
      "right" : "{}",
      "info" : "Block[1341-1371]:Block[1456-1486]"
    }, {
      "left" : "super(parent);",
      "right" : "super(parent);",
      "info" : "SuperConstructorInvocation[1351-1365]:SuperConstructorInvocation[1466-1480]"
    }, {
      "left" : "public",
      "right" : "public",
      "info" : "Modifier[1377-1383]:Modifier[1492-1498]"
    }, {
      "left" : "QName",
      "right" : "QName",
      "info" : "SimpleType[1384-1389]:SimpleType[1499-1504]"
    }, {
      "left" : "getName",
      "right" : "getName",
      "info" : "SimpleName[1390-1397]:SimpleName[1505-1512]"
    }, {
      "left" : "{}",
      "right" : "{}",
      "info" : "Block[1400-1447]:Block[1515-1562]"
    }, {
      "left" : "return new QName(propertyName);",
      "right" : "return new QName(propertyName);",
      "info" : "ReturnStatement[1410-1441]:ReturnStatement[1525-1556]"
    }, {
      "left" : "public",
      "right" : "public",
      "info" : "Modifier[1453-1459]:Modifier[1568-1574]"
    }, {
      "left" : "void",
      "right" : "void",
      "info" : "PrimitiveType[1460-1464]:PrimitiveType[1575-1579]"
    }, {
      "left" : "setPropertyIndex",
      "right" : "setPropertyIndex",
      "info" : "SimpleName[1465-1481]:SimpleName[1580-1596]"
    }, {
      "left" : "int index",
      "right" : "int index",
      "info" : "SingleVariableDeclaration[1482-1491]:SingleVariableDeclaration[1597-1606]"
    }, {
      "left" : "{}",
      "right" : "{}",
      "info" : "Block[1493-1500]:Block[1608-1615]"
    }, {
      "left" : "public",
      "right" : "public",
      "info" : "Modifier[1506-1512]:Modifier[1621-1627]"
    }, {
      "left" : "int",
      "right" : "int",
      "info" : "PrimitiveType[1513-1516]:PrimitiveType[1628-1631]"
    }, {
      "left" : "getLength",
      "right" : "getLength",
      "info" : "SimpleName[1517-1526]:SimpleName[1632-1641]"
    }, {
      "left" : "{}",
      "right" : "{}",
      "info" : "Block[1529-1554]:Block[1644-1669]"
    }, {
      "left" : "return 0;",
      "right" : "return 0;",
      "info" : "ReturnStatement[1539-1548]:ReturnStatement[1654-1663]"
    }, {
      "left" : "public",
      "right" : "public",
      "info" : "Modifier[1560-1566]:Modifier[1675-1681]"
    }, {
      "left" : "Object",
      "right" : "Object",
      "info" : "SimpleType[1567-1573]:SimpleType[1682-1688]"
    }, {
      "left" : "getBaseValue",
      "right" : "getBaseValue",
      "info" : "SimpleName[1574-1586]:SimpleName[1689-1701]"
    }, {
      "left" : "{}",
      "right" : "{}",
      "info" : "Block[1589-1617]:Block[1704-1732]"
    }, {
      "left" : "return null;",
      "right" : "return null;",
      "info" : "ReturnStatement[1599-1611]:ReturnStatement[1714-1726]"
    }, {
      "left" : "public",
      "right" : "public",
      "info" : "Modifier[1623-1629]:Modifier[1738-1744]"
    }, {
      "left" : "Object",
      "right" : "Object",
      "info" : "SimpleType[1630-1636]:SimpleType[1745-1751]"
    }, {
      "left" : "getImmediateNode",
      "right" : "getImmediateNode",
      "info" : "SimpleName[1637-1653]:SimpleName[1752-1768]"
    }, {
      "left" : "{}",
      "right" : "{}",
      "info" : "Block[1656-1684]:Block[1771-1799]"
    }, {
      "left" : "return null;",
      "right" : "return null;",
      "info" : "ReturnStatement[1666-1678]:ReturnStatement[1781-1793]"
    }, {
      "left" : "public",
      "right" : "public",
      "info" : "Modifier[1690-1696]:Modifier[1805-1811]"
    }, {
      "left" : "boolean",
      "right" : "boolean",
      "info" : "PrimitiveType[1697-1704]:PrimitiveType[1812-1819]"
    }, {
      "left" : "isLeaf",
      "right" : "isLeaf",
      "info" : "SimpleName[1705-1711]:SimpleName[1820-1826]"
    }, {
      "left" : "{}",
      "right" : "{}",
      "info" : "Block[1714-1742]:Block[1829-1857]"
    }, {
      "left" : "return true;",
      "right" : "return true;",
      "info" : "ReturnStatement[1724-1736]:ReturnStatement[1839-1851]"
    }, {
      "left" : "public",
      "right" : "public",
      "info" : "Modifier[1752-1758]:Modifier[1867-1873]"
    }, {
      "left" : "NodePointer",
      "right" : "NodePointer",
      "info" : "SimpleType[1759-1770]:SimpleType[1874-1885]"
    }, {
      "left" : "getValuePointer",
      "right" : "getValuePointer",
      "info" : "SimpleName[1771-1786]:SimpleName[1886-1901]"
    }, {
      "left" : "{}",
      "right" : "{}",
      "info" : "Block[1789-1865]:Block[1904-1980]"
    }, {
      "left" : "return new NullPointer(this,  new QName(getPropertyName()));",
      "right" : "return new NullPointer(this,  new QName(getPropertyName()));",
      "info" : "ReturnStatement[1799-1859]:ReturnStatement[1914-1974]"
    }, {
      "left" : "protected",
      "right" : "protected",
      "info" : "Modifier[1871-1880]:Modifier[1986-1995]"
    }, {
      "left" : "boolean",
      "right" : "boolean",
      "info" : "PrimitiveType[1881-1888]:PrimitiveType[1996-2003]"
    }, {
      "left" : "isActualProperty",
      "right" : "isActualProperty",
      "info" : "SimpleName[1889-1905]:SimpleName[2004-2020]"
    }, {
      "left" : "{}",
      "right" : "{}",
      "info" : "Block[1908-1937]:Block[2023-2052]"
    }, {
      "left" : "return false;",
      "right" : "return false;",
      "info" : "ReturnStatement[1918-1931]:ReturnStatement[2033-2046]"
    }, {
      "left" : "public",
      "right" : "public",
      "info" : "Modifier[1943-1949]:Modifier[2058-2064]"
    }, {
      "left" : "boolean",
      "right" : "boolean",
      "info" : "PrimitiveType[1950-1957]:PrimitiveType[2065-2072]"
    }, {
      "left" : "isActual",
      "right" : "isActual",
      "info" : "SimpleName[1958-1966]:SimpleName[2073-2081]"
    }, {
      "left" : "{}",
      "right" : "{}",
      "info" : "Block[1969-1998]:Block[2084-2113]"
    }, {
      "left" : "return false;",
      "right" : "return false;",
      "info" : "ReturnStatement[1979-1992]:ReturnStatement[2094-2107]"
    }, {
      "left" : "public",
      "right" : "public",
      "info" : "Modifier[2004-2010]:Modifier[2119-2125]"
    }, {
      "left" : "boolean",
      "right" : "boolean",
      "info" : "PrimitiveType[2011-2018]:PrimitiveType[2126-2133]"
    }, {
      "left" : "isContainer",
      "right" : "isContainer",
      "info" : "SimpleName[2019-2030]:SimpleName[2134-2145]"
    }, {
      "left" : "{}",
      "right" : "{}",
      "info" : "Block[2033-2061]:Block[2148-2176]"
    }, {
      "left" : "return true;",
      "right" : "return true;",
      "info" : "ReturnStatement[2043-2055]:ReturnStatement[2158-2170]"
    }, {
      "left" : "public",
      "right" : "public",
      "info" : "Modifier[2067-2073]:Modifier[2182-2188]"
    }, {
      "left" : "void",
      "right" : "void",
      "info" : "PrimitiveType[2074-2078]:PrimitiveType[2189-2193]"
    }, {
      "left" : "setValue",
      "right" : "setValue",
      "info" : "SimpleName[2079-2087]:SimpleName[2194-2202]"
    }, {
      "left" : "Object value",
      "right" : "Object value",
      "info" : "SingleVariableDeclaration[2088-2100]:SingleVariableDeclaration[2203-2215]"
    }, {
      "left" : "{}",
      "right" : "{}",
      "info" : "Block[2102-3076]:Block[2217-3191]"
    }, {
      "left" : "if (parent == null || parent.isContainer())",
      "right" : "if (parent == null || parent.isContainer())",
      "info" : "IfStatement[2112-3070]:IfStatement[2227-3185]"
    }, {
      "left" : "{}",
      "right" : "{}",
      "info" : "Block[2156-2343]:Block[2271-2458]"
    }, {
      "left" : "throw new JXPathInvalidAccessException(\n                \"Cannot set property \"\n                    + asPath()\n                    + \", the target object is null\");",
      "right" : "throw new JXPathInvalidAccessException(\n                \"Cannot set property \"\n                    + asPath()\n                    + \", the target object is null\");",
      "info" : "ThrowStatement[2170-2333]:ThrowStatement[2285-2448]"
    }, {
      "left" : "if (parent instanceof PropertyOwnerPointer &&\n                ((PropertyOwnerPointer) parent).\n                    isDynamicPropertyDeclarationSupported())",
      "right" : "if (parent instanceof PropertyOwnerPointer &&\n                ((PropertyOwnerPointer) parent).\n                    isDynamicPropertyDeclarationSupported())",
      "info" : "IfStatement[2357-3070]:IfStatement[2472-3185]"
    }, {
      "left" : "{}",
      "right" : "{}",
      "info" : "Block[2512-2853]:Block[2627-2968]"
    }, {
      "left" : "PropertyPointer propertyPointer =\n                ((PropertyOwnerPointer) parent).getPropertyPointer();",
      "right" : "PropertyPointer propertyPointer =\n                ((PropertyOwnerPointer) parent).getPropertyPointer();",
      "info" : "VariableDeclarationStatement[2636-2739]:VariableDeclarationStatement[2751-2854]"
    }, {
      "left" : "propertyPointer.setPropertyName(propertyName);",
      "right" : "propertyPointer.setPropertyName(propertyName);",
      "info" : "ExpressionStatement[2752-2798]:ExpressionStatement[2867-2913]"
    }, {
      "left" : "propertyPointer.setValue(value);",
      "right" : "propertyPointer.setValue(value);",
      "info" : "ExpressionStatement[2811-2843]:ExpressionStatement[2926-2958]"
    }, {
      "left" : "{}",
      "right" : "{}",
      "info" : "Block[2867-3070]:Block[2982-3185]"
    }, {
      "left" : "throw new JXPathInvalidAccessException(\n                \"Cannot set property \"\n                    + asPath()\n                    + \", path does not match a changeable location\");",
      "right" : "throw new JXPathInvalidAccessException(\n                \"Cannot set property \"\n                    + asPath()\n                    + \", path does not match a changeable location\");",
      "info" : "ThrowStatement[2881-3060]:ThrowStatement[2996-3175]"
    }, {
      "left" : "public",
      "right" : "public",
      "info" : "Modifier[3082-3088]:Modifier[3197-3203]"
    }, {
      "left" : "NodePointer",
      "right" : "NodePointer",
      "info" : "SimpleType[3089-3100]:SimpleType[3204-3215]"
    }, {
      "left" : "createPath",
      "right" : "createPath",
      "info" : "SimpleName[3101-3111]:SimpleName[3216-3226]"
    }, {
      "left" : "JXPathContext context",
      "right" : "JXPathContext context",
      "info" : "SingleVariableDeclaration[3112-3133]:SingleVariableDeclaration[3227-3248]"
    }, {
      "left" : "{}",
      "right" : "{}",
      "info" : "Block[3135-4499]:Block[3250-4776]"
    }, {
      "left" : "NodePointer newParent = parent.createPath(context);",
      "right" : "NodePointer newParent = parent.createPath(context);",
      "info" : "VariableDeclarationStatement[3145-3196]:VariableDeclarationStatement[3260-3311]"
    }, {
      "left" : "if (isAttribute())",
      "right" : "if (isAttribute())",
      "info" : "IfStatement[3205-4493]:IfStatement[3320-4770]"
    }, {
      "left" : "{}",
      "right" : "{}",
      "info" : "Block[3224-3301]:Block[3339-3416]"
    }, {
      "left" : "return newParent.createAttribute(context, getName());",
      "right" : "return newParent.createAttribute(context, getName());",
      "info" : "ReturnStatement[3238-3291]:ReturnStatement[3353-3406]"
    }, {
      "left" : "{}",
      "right" : "{}",
      "info" : "Block[3315-4493]:Block[3430-4770]"
    }, {
      "left" : "if (newParent instanceof PropertyOwnerPointer)",
      "right" : "if (newParent instanceof PropertyOwnerPointer)",
      "info" : "IfStatement[4216-4409]:IfStatement[4493-4686]"
    }, {
      "left" : "{}",
      "right" : "{}",
      "info" : "Block[4263-4409]:Block[4540-4686]"
    }, {
      "left" : "PropertyOwnerPointer pop = (PropertyOwnerPointer) newParent;",
      "right" : "PropertyOwnerPointer pop = (PropertyOwnerPointer) newParent;",
      "info" : "VariableDeclarationStatement[4281-4341]:VariableDeclarationStatement[4558-4618]"
    }, {
      "left" : "newParent = pop.getPropertyPointer();",
      "right" : "newParent = pop.getPropertyPointer();",
      "info" : "ExpressionStatement[4358-4395]:ExpressionStatement[4635-4672]"
    }, {
      "left" : "return newParent.createChild(context, getName(), getIndex());",
      "right" : "return newParent.createChild(context, getName(), getIndex());",
      "info" : "ReturnStatement[4422-4483]:ReturnStatement[4699-4760]"
    }, {
      "left" : "public",
      "right" : "public",
      "info" : "Modifier[4505-4511]:Modifier[4782-4788]"
    }, {
      "left" : "NodePointer",
      "right" : "NodePointer",
      "info" : "SimpleType[4512-4523]:SimpleType[4789-4800]"
    }, {
      "left" : "createPath",
      "right" : "createPath",
      "info" : "SimpleName[4524-4534]:SimpleName[4801-4811]"
    }, {
      "left" : "JXPathContext context",
      "right" : "JXPathContext context",
      "info" : "SingleVariableDeclaration[4535-4556]:SingleVariableDeclaration[4812-4833]"
    }, {
      "left" : "Object value",
      "right" : "Object value",
      "info" : "SingleVariableDeclaration[4558-4570]:SingleVariableDeclaration[4835-4847]"
    }, {
      "left" : "{}",
      "right" : "{}",
      "info" : "Block[4572-5131]:Block[4849-5570]"
    }, {
      "left" : "NodePointer newParent = parent.createPath(context);",
      "right" : "NodePointer newParent = parent.createPath(context);",
      "info" : "VariableDeclarationStatement[4582-4633]:VariableDeclarationStatement[4859-4910]"
    }, {
      "left" : "if (isAttribute())",
      "right" : "if (isAttribute())",
      "info" : "IfStatement[4642-5125]:IfStatement[4919-5564]"
    }, {
      "left" : "{}",
      "right" : "{}",
      "info" : "Block[4661-4818]:Block[4938-5095]"
    }, {
      "left" : "NodePointer pointer = newParent.createAttribute(context, getName());",
      "right" : "NodePointer pointer = newParent.createAttribute(context, getName());",
      "info" : "VariableDeclarationStatement[4675-4743]:VariableDeclarationStatement[4952-5020]"
    }, {
      "left" : "pointer.setValue(value);",
      "right" : "pointer.setValue(value);",
      "info" : "ExpressionStatement[4756-4780]:ExpressionStatement[5033-5057]"
    }, {
      "left" : "return pointer;",
      "right" : "return pointer;",
      "info" : "ReturnStatement[4793-4808]:ReturnStatement[5070-5085]"
    }, {
      "left" : "{}",
      "right" : "{}",
      "info" : "Block[4832-5125]:Block[5109-5564]"
    }, {
      "left" : "if (newParent instanceof PropertyOwnerPointer)",
      "right" : "if (newParent instanceof PropertyOwnerPointer)",
      "info" : "IfStatement[4846-5039]:IfStatement[5285-5478]"
    }, {
      "left" : "{}",
      "right" : "{}",
      "info" : "Block[4893-5039]:Block[5332-5478]"
    }, {
      "left" : "PropertyOwnerPointer pop = (PropertyOwnerPointer) newParent;",
      "right" : "PropertyOwnerPointer pop = (PropertyOwnerPointer) newParent;",
      "info" : "VariableDeclarationStatement[4911-4971]:VariableDeclarationStatement[5350-5410]"
    }, {
      "left" : "newParent = pop.getPropertyPointer();",
      "right" : "newParent = pop.getPropertyPointer();",
      "info" : "ExpressionStatement[4988-5025]:ExpressionStatement[5427-5464]"
    }, {
      "left" : "return newParent.createChild(context, getName(), index, value);",
      "right" : "return newParent.createChild(context, getName(), index, value);",
      "info" : "ReturnStatement[5052-5115]:ReturnStatement[5491-5554]"
    }, {
      "left" : "public",
      "right" : "public",
      "info" : "Modifier[5141-5147]:Modifier[5580-5586]"
    }, {
      "left" : "NodePointer",
      "right" : "NodePointer",
      "info" : "SimpleType[5148-5159]:SimpleType[5587-5598]"
    }, {
      "left" : "createChild",
      "right" : "createChild",
      "info" : "SimpleName[5160-5171]:SimpleName[5599-5610]"
    }, {
      "left" : "JXPathContext context",
      "right" : "JXPathContext context",
      "info" : "SingleVariableDeclaration[5185-5206]:SingleVariableDeclaration[5624-5645]"
    }, {
      "left" : "QName name",
      "right" : "QName name",
      "info" : "SingleVariableDeclaration[5220-5230]:SingleVariableDeclaration[5659-5669]"
    }, {
      "left" : "int index",
      "right" : "int index",
      "info" : "SingleVariableDeclaration[5245-5254]:SingleVariableDeclaration[5684-5693]"
    }, {
      "left" : "{}",
      "right" : "{}",
      "info" : "Block[5260-5337]:Block[5699-5776]"
    }, {
      "left" : "return createPath(context).createChild(context, name, index);",
      "right" : "return createPath(context).createChild(context, name, index);",
      "info" : "ReturnStatement[5270-5331]:ReturnStatement[5709-5770]"
    }, {
      "left" : "public",
      "right" : "public",
      "info" : "Modifier[5351-5357]:Modifier[5790-5796]"
    }, {
      "left" : "NodePointer",
      "right" : "NodePointer",
      "info" : "SimpleType[5358-5369]:SimpleType[5797-5808]"
    }, {
      "left" : "createChild",
      "right" : "createChild",
      "info" : "SimpleName[5370-5381]:SimpleName[5809-5820]"
    }, {
      "left" : "JXPathContext context",
      "right" : "JXPathContext context",
      "info" : "SingleVariableDeclaration[5395-5416]:SingleVariableDeclaration[5834-5855]"
    }, {
      "left" : "QName name",
      "right" : "QName name",
      "info" : "SingleVariableDeclaration[5430-5440]:SingleVariableDeclaration[5869-5879]"
    }, {
      "left" : "int index",
      "right" : "int index",
      "info" : "SingleVariableDeclaration[5455-5464]:SingleVariableDeclaration[5894-5903]"
    }, {
      "left" : "Object value",
      "right" : "Object value",
      "info" : "SingleVariableDeclaration[5478-5490]:SingleVariableDeclaration[5917-5929]"
    }, {
      "left" : "{}",
      "right" : "{}",
      "info" : "Block[5497-5581]:Block[5936-6020]"
    }, {
      "left" : "return createPath(context).createChild(context, name, index, value);",
      "right" : "return createPath(context).createChild(context, name, index, value);",
      "info" : "ReturnStatement[5507-5575]:ReturnStatement[5946-6014]"
    }, {
      "left" : "public",
      "right" : "public",
      "info" : "Modifier[5587-5593]:Modifier[6026-6032]"
    }, {
      "left" : "String",
      "right" : "String",
      "info" : "SimpleType[5594-5600]:SimpleType[6033-6039]"
    }, {
      "left" : "getPropertyName",
      "right" : "getPropertyName",
      "info" : "SimpleName[5601-5616]:SimpleName[6040-6055]"
    }, {
      "left" : "{}",
      "right" : "{}",
      "info" : "Block[5619-5655]:Block[6058-6094]"
    }, {
      "left" : "return propertyName;",
      "right" : "return propertyName;",
      "info" : "ReturnStatement[5629-5649]:ReturnStatement[6068-6088]"
    }, {
      "left" : "public",
      "right" : "public",
      "info" : "Modifier[5661-5667]:Modifier[6100-6106]"
    }, {
      "left" : "void",
      "right" : "void",
      "info" : "PrimitiveType[5668-5672]:PrimitiveType[6107-6111]"
    }, {
      "left" : "setPropertyName",
      "right" : "setPropertyName",
      "info" : "SimpleName[5673-5688]:SimpleName[6112-6127]"
    }, {
      "left" : "String propertyName",
      "right" : "String propertyName",
      "info" : "SingleVariableDeclaration[5689-5708]:SingleVariableDeclaration[6128-6147]"
    }, {
      "left" : "{}",
      "right" : "{}",
      "info" : "Block[5710-5759]:Block[6149-6198]"
    }, {
      "left" : "this.propertyName = propertyName;",
      "right" : "this.propertyName = propertyName;",
      "info" : "ExpressionStatement[5720-5753]:ExpressionStatement[6159-6192]"
    }, {
      "left" : "public",
      "right" : "public",
      "info" : "Modifier[5765-5771]:Modifier[6204-6210]"
    }, {
      "left" : "void",
      "right" : "void",
      "info" : "PrimitiveType[5772-5776]:PrimitiveType[6211-6215]"
    }, {
      "left" : "setNameAttributeValue",
      "right" : "setNameAttributeValue",
      "info" : "SimpleName[5777-5798]:SimpleName[6216-6237]"
    }, {
      "left" : "String attributeValue",
      "right" : "String attributeValue",
      "info" : "SingleVariableDeclaration[5799-5820]:SingleVariableDeclaration[6238-6259]"
    }, {
      "left" : "{}",
      "right" : "{}",
      "info" : "Block[5822-5905]:Block[6261-6344]"
    }, {
      "left" : "this.propertyName = attributeValue;",
      "right" : "this.propertyName = attributeValue;",
      "info" : "ExpressionStatement[5832-5867]:ExpressionStatement[6271-6306]"
    }, {
      "left" : "byNameAttribute = true;",
      "right" : "byNameAttribute = true;",
      "info" : "ExpressionStatement[5876-5899]:ExpressionStatement[6315-6338]"
    }, {
      "left" : "public",
      "right" : "public",
      "info" : "Modifier[5911-5917]:Modifier[6350-6356]"
    }, {
      "left" : "boolean",
      "right" : "boolean",
      "info" : "PrimitiveType[5918-5925]:PrimitiveType[6357-6364]"
    }, {
      "left" : "isCollection",
      "right" : "isCollection",
      "info" : "SimpleName[5926-5938]:SimpleName[6365-6377]"
    }, {
      "left" : "{}",
      "right" : "{}",
      "info" : "Block[5941-5995]:Block[6380-6434]"
    }, {
      "left" : "return getIndex() != WHOLE_COLLECTION;",
      "right" : "return getIndex() != WHOLE_COLLECTION;",
      "info" : "ReturnStatement[5951-5989]:ReturnStatement[6390-6428]"
    }, {
      "left" : "public",
      "right" : "public",
      "info" : "Modifier[6001-6007]:Modifier[6440-6446]"
    }, {
      "left" : "int",
      "right" : "int",
      "info" : "PrimitiveType[6008-6011]:PrimitiveType[6447-6450]"
    }, {
      "left" : "getPropertyCount",
      "right" : "getPropertyCount",
      "info" : "SimpleName[6012-6028]:SimpleName[6451-6467]"
    }, {
      "left" : "{}",
      "right" : "{}",
      "info" : "Block[6031-6056]:Block[6470-6495]"
    }, {
      "left" : "return 0;",
      "right" : "return 0;",
      "info" : "ReturnStatement[6041-6050]:ReturnStatement[6480-6489]"
    }, {
      "left" : "public",
      "right" : "public",
      "info" : "Modifier[6062-6068]:Modifier[6501-6507]"
    }, {
      "left" : "String[]",
      "right" : "String[]",
      "info" : "ArrayType[6069-6077]:ArrayType[6508-6516]"
    }, {
      "left" : "getPropertyNames",
      "right" : "getPropertyNames",
      "info" : "SimpleName[6078-6094]:SimpleName[6517-6533]"
    }, {
      "left" : "{}",
      "right" : "{}",
      "info" : "Block[6097-6134]:Block[6536-6573]"
    }, {
      "left" : "return new String[0];",
      "right" : "return new String[0];",
      "info" : "ReturnStatement[6107-6128]:ReturnStatement[6546-6567]"
    }, {
      "left" : "public",
      "right" : "public",
      "info" : "Modifier[6140-6146]:Modifier[6579-6585]"
    }, {
      "left" : "String",
      "right" : "String",
      "info" : "SimpleType[6147-6153]:SimpleType[6586-6592]"
    }, {
      "left" : "asPath",
      "right" : "asPath",
      "info" : "SimpleName[6154-6160]:SimpleName[6593-6599]"
    }, {
      "left" : "{}",
      "right" : "{}",
      "info" : "Block[6163-6680]:Block[6602-7119]"
    }, {
      "left" : "if (!byNameAttribute)",
      "right" : "if (!byNameAttribute)",
      "info" : "IfStatement[6173-6674]:IfStatement[6612-7113]"
    }, {
      "left" : "{}",
      "right" : "{}",
      "info" : "Block[6195-6241]:Block[6634-6680]"
    }, {
      "left" : "return super.asPath();",
      "right" : "return super.asPath();",
      "info" : "ReturnStatement[6209-6231]:ReturnStatement[6648-6670]"
    }, {
      "left" : "{}",
      "right" : "{}",
      "info" : "Block[6255-6674]:Block[6694-7113]"
    }, {
      "left" : "StringBuffer buffer = new StringBuffer();",
      "right" : "StringBuffer buffer = new StringBuffer();",
      "info" : "VariableDeclarationStatement[6269-6310]:VariableDeclarationStatement[6708-6749]"
    }, {
      "left" : "buffer.append(getImmediateParentPointer().asPath());",
      "right" : "buffer.append(getImmediateParentPointer().asPath());",
      "info" : "ExpressionStatement[6323-6375]:ExpressionStatement[6762-6814]"
    }, {
      "left" : "buffer.append(\"[@name='\");",
      "right" : "buffer.append(\"[@name='\");",
      "info" : "ExpressionStatement[6388-6414]:ExpressionStatement[6827-6853]"
    }, {
      "left" : "buffer.append(escape(getPropertyName()));",
      "right" : "buffer.append(escape(getPropertyName()));",
      "info" : "ExpressionStatement[6427-6468]:ExpressionStatement[6866-6907]"
    }, {
      "left" : "buffer.append(\"']\");",
      "right" : "buffer.append(\"']\");",
      "info" : "ExpressionStatement[6481-6501]:ExpressionStatement[6920-6940]"
    }, {
      "left" : "if (index != WHOLE_COLLECTION)",
      "right" : "if (index != WHOLE_COLLECTION)",
      "info" : "IfStatement[6514-6626]:IfStatement[6953-7065]"
    }, {
      "left" : "{}",
      "right" : "{}",
      "info" : "Block[6545-6626]:Block[6984-7065]"
    }, {
      "left" : "buffer.append('[').append(index + 1).append(']');",
      "right" : "buffer.append('[').append(index + 1).append(']');",
      "info" : "ExpressionStatement[6563-6612]:ExpressionStatement[7002-7051]"
    }, {
      "left" : "return buffer.toString();",
      "right" : "return buffer.toString();",
      "info" : "ReturnStatement[6639-6664]:ReturnStatement[7078-7103]"
    }, {
      "left" : "private",
      "right" : "private",
      "info" : "Modifier[6686-6693]:Modifier[7125-7132]"
    }, {
      "left" : "String",
      "right" : "String",
      "info" : "SimpleType[6694-6700]:SimpleType[7133-7139]"
    }, {
      "left" : "escape",
      "right" : "escape",
      "info" : "SimpleName[6701-6707]:SimpleName[7140-7146]"
    }, {
      "left" : "String string",
      "right" : "String string",
      "info" : "SingleVariableDeclaration[6708-6721]:SingleVariableDeclaration[7147-7160]"
    }, {
      "left" : "{}",
      "right" : "{}",
      "info" : "Block[6723-7289]:Block[7162-7728]"
    }, {
      "left" : "int index = string.indexOf('\\'');",
      "right" : "int index = string.indexOf('\\'');",
      "info" : "VariableDeclarationStatement[6733-6766]:VariableDeclarationStatement[7172-7205]"
    }, {
      "left" : "while (index != -1)",
      "right" : "while (index != -1)",
      "info" : "WhileStatement[6775-6994]:WhileStatement[7214-7433]"
    }, {
      "left" : "{}",
      "right" : "{}",
      "info" : "Block[6795-6994]:Block[7234-7433]"
    }, {
      "left" : "string =\n                string.substring(0, index)\n                    + \"&apos;\"\n                    + string.substring(index + 1);",
      "right" : "string =\n                string.substring(0, index)\n                    + \"&apos;\"\n                    + string.substring(index + 1);",
      "info" : "ExpressionStatement[6809-6942]:ExpressionStatement[7248-7381]"
    }, {
      "left" : "index = string.indexOf('\\'');",
      "right" : "index = string.indexOf('\\'');",
      "info" : "ExpressionStatement[6955-6984]:ExpressionStatement[7394-7423]"
    }, {
      "left" : "index = string.indexOf('\\\"');",
      "right" : "index = string.indexOf('\\\"');",
      "info" : "ExpressionStatement[7003-7032]:ExpressionStatement[7442-7471]"
    }, {
      "left" : "while (index != -1)",
      "right" : "while (index != -1)",
      "info" : "WhileStatement[7041-7260]:WhileStatement[7480-7699]"
    }, {
      "left" : "{}",
      "right" : "{}",
      "info" : "Block[7061-7260]:Block[7500-7699]"
    }, {
      "left" : "string =\n                string.substring(0, index)\n                    + \"&quot;\"\n                    + string.substring(index + 1);",
      "right" : "string =\n                string.substring(0, index)\n                    + \"&quot;\"\n                    + string.substring(index + 1);",
      "info" : "ExpressionStatement[7075-7208]:ExpressionStatement[7514-7647]"
    }, {
      "left" : "index = string.indexOf('\\\"');",
      "right" : "index = string.indexOf('\\\"');",
      "info" : "ExpressionStatement[7221-7250]:ExpressionStatement[7660-7689]"
    }, {
      "left" : "return string;",
      "right" : "return string;",
      "info" : "ReturnStatement[7269-7283]:ReturnStatement[7708-7722]"
    } ]
  },
  "interFileMappings" : { }
}