{"PLAIN_CONFIGURATION": "ClassicGumtree-bu_minsim-0.7-bu_minsize-300-st_minprio-1-st_priocalc-size", "MATCHER": "ClassicGumtree", "NRACTIONS": 15, "SIMACTIONS": 12, "NRROOTS": null, "NR_INSERT": 13, "NR_DELETE": 0, "NR_UPDATE": 0, "NR_MOVE": 2, "NR_TREEINSERT": 0, "NR_TREEDELETE": 0, "TIME": 1, "NROPTIONS": 0, "TIMEOUT": 0, "bu_minsim": 0.7, "bu_minsize": 300, "st_minprio": 1, "st_priocalc": "size", "cd_labsim": null, "cd_maxleaves": null, "cd_structsim1": null, "cd_structsim2": null, "xy_minsim": null}