{
  "intraFileMappings" : {
    "matchedElements" : [
 {
      "left" : "GrayPaintScale",
      "right" : "GrayPaintScale",
      "info" : "TypeDeclaration[1978-5341]:TypeDeclaration[1978-5337]"
    }, {
      "left" : "private double lowerBound;",
      "right" : "private double lowerBound;",
      "info" : "FieldDeclaration[2157-2212]:FieldDeclaration[2157-2212]"
    }, {
      "left" : "private double upperBound;",
      "right" : "private double upperBound;",
      "info" : "FieldDeclaration[2224-2279]:FieldDeclaration[2224-2279]"
    }, {
      "left" : "public GrayPaintScale()",
      "right" : "public GrayPaintScale()",
      "info" : "MethodDeclaration[2291-2446]:MethodDeclaration[2291-2446]"
    }, {
      "left" : "public GrayPaintScale(double lowerBound, double upperBound)",
      "right" : "public GrayPaintScale(double lowerBound, double upperBound)",
      "info" : "MethodDeclaration[2458-3081]:MethodDeclaration[2458-3081]"
    }, {
      "left" : "public double getLowerBound()",
      "right" : "public double getLowerBound()",
      "info" : "MethodDeclaration[3093-3296]:MethodDeclaration[3093-3296]"
    }, {
      "left" : "public double getUpperBound()",
      "right" : "public double getUpperBound()",
      "info" : "MethodDeclaration[3304-3507]:MethodDeclaration[3304-3507]"
    }, {
      "left" : "public Paint getPaint(double value)",
      "right" : "public Paint getPaint(double value)",
      "info" : "MethodDeclaration[3515-4072]:MethodDeclaration[3515-4068]"
    }, {
      "left" : "public boolean equals(Object obj)",
      "right" : "public boolean equals(Object obj)",
      "info" : "MethodDeclaration[4084-4994]:MethodDeclaration[4080-4990]"
    }, {
      "left" : "public Object clone() throws CloneNotSupportedException",
      "right" : "public Object clone() throws CloneNotSupportedException",
      "info" : "MethodDeclaration[5006-5332]:MethodDeclaration[5002-5328]"
    } ],
    "mappings" : [
 {
      "left" : "public",
      "right" : "public",
      "info" : "Modifier[2057-2063]:Modifier[2057-2063]"
    }, {
      "left" : "class",
      "right" : "class",
      "info" : "TYPE_DECLARATION_KIND[2064-2069]:TYPE_DECLARATION_KIND[2064-2069]"
    }, {
      "left" : "GrayPaintScale",
      "right" : "GrayPaintScale",
      "info" : "SimpleName[2070-2084]:SimpleName[2070-2084]"
    }, {
      "left" : "PaintScale",
      "right" : "PaintScale",
      "info" : "SimpleType[2106-2116]:SimpleType[2106-2116]"
    }, {
      "left" : "PublicCloneable",
      "right" : "PublicCloneable",
      "info" : "SimpleType[2118-2133]:SimpleType[2118-2133]"
    }, {
      "left" : "Serializable",
      "right" : "Serializable",
      "info" : "SimpleType[2135-2147]:SimpleType[2135-2147]"
    }, {
      "left" : "public",
      "right" : "public",
      "info" : "Modifier[2389-2395]:Modifier[2389-2395]"
    }, {
      "left" : "GrayPaintScale",
      "right" : "GrayPaintScale",
      "info" : "SimpleName[2396-2410]:SimpleName[2396-2410]"
    }, {
      "left" : "{}",
      "right" : "{}",
      "info" : "Block[2413-2446]:Block[2413-2446]"
    }, {
      "left" : "this(0.0, 1.0);",
      "right" : "this(0.0, 1.0);",
      "info" : "ConstructorInvocation[2424-2439]:ConstructorInvocation[2424-2439]"
    }, {
      "left" : "public",
      "right" : "public",
      "info" : "Modifier[2775-2781]:Modifier[2775-2781]"
    }, {
      "left" : "GrayPaintScale",
      "right" : "GrayPaintScale",
      "info" : "SimpleName[2782-2796]:SimpleName[2782-2796]"
    }, {
      "left" : "double lowerBound",
      "right" : "double lowerBound",
      "info" : "SingleVariableDeclaration[2797-2814]:SingleVariableDeclaration[2797-2814]"
    }, {
      "left" : "double upperBound",
      "right" : "double upperBound",
      "info" : "SingleVariableDeclaration[2816-2833]:SingleVariableDeclaration[2816-2833]"
    }, {
      "left" : "{}",
      "right" : "{}",
      "info" : "Block[2835-3081]:Block[2835-3081]"
    }, {
      "left" : "if (lowerBound >= upperBound)",
      "right" : "if (lowerBound >= upperBound)",
      "info" : "IfStatement[2846-2996]:IfStatement[2846-2996]"
    }, {
      "left" : "{}",
      "right" : "{}",
      "info" : "Block[2876-2996]:Block[2876-2996]"
    }, {
      "left" : "throw new IllegalArgumentException(\r\n                    \"Requires lowerBound < upperBound.\");",
      "right" : "throw new IllegalArgumentException(\r\n                    \"Requires lowerBound < upperBound.\");",
      "info" : "ThrowStatement[2891-2985]:ThrowStatement[2891-2985]"
    }, {
      "left" : "this.lowerBound = lowerBound;",
      "right" : "this.lowerBound = lowerBound;",
      "info" : "ExpressionStatement[3006-3035]:ExpressionStatement[3006-3035]"
    }, {
      "left" : "this.upperBound = upperBound;",
      "right" : "this.upperBound = upperBound;",
      "info" : "ExpressionStatement[3045-3074]:ExpressionStatement[3045-3074]"
    }, {
      "left" : "public",
      "right" : "public",
      "info" : "Modifier[3225-3231]:Modifier[3225-3231]"
    }, {
      "left" : "double",
      "right" : "double",
      "info" : "PrimitiveType[3232-3238]:PrimitiveType[3232-3238]"
    }, {
      "left" : "getLowerBound",
      "right" : "getLowerBound",
      "info" : "SimpleName[3239-3252]:SimpleName[3239-3252]"
    }, {
      "left" : "{}",
      "right" : "{}",
      "info" : "Block[3255-3296]:Block[3255-3296]"
    }, {
      "left" : "return this.lowerBound;",
      "right" : "return this.lowerBound;",
      "info" : "ReturnStatement[3266-3289]:ReturnStatement[3266-3289]"
    }, {
      "left" : "public",
      "right" : "public",
      "info" : "Modifier[3436-3442]:Modifier[3436-3442]"
    }, {
      "left" : "double",
      "right" : "double",
      "info" : "PrimitiveType[3443-3449]:PrimitiveType[3443-3449]"
    }, {
      "left" : "getUpperBound",
      "right" : "getUpperBound",
      "info" : "SimpleName[3450-3463]:SimpleName[3450-3463]"
    }, {
      "left" : "{}",
      "right" : "{}",
      "info" : "Block[3466-3507]:Block[3466-3507]"
    }, {
      "left" : "return this.upperBound;",
      "right" : "return this.upperBound;",
      "info" : "ReturnStatement[3477-3500]:ReturnStatement[3477-3500]"
    }, {
      "left" : "public",
      "right" : "public",
      "info" : "Modifier[3779-3785]:Modifier[3779-3785]"
    }, {
      "left" : "Paint",
      "right" : "Paint",
      "info" : "SimpleType[3786-3791]:SimpleType[3786-3791]"
    }, {
      "left" : "getPaint",
      "right" : "getPaint",
      "info" : "SimpleName[3792-3800]:SimpleName[3792-3800]"
    }, {
      "left" : "double value",
      "right" : "double value",
      "info" : "SingleVariableDeclaration[3801-3813]:SingleVariableDeclaration[3801-3813]"
    }, {
      "left" : "{}",
      "right" : "{}",
      "info" : "Block[3815-4072]:Block[3815-4068]"
    }, {
      "left" : "double v = Math.max(value, this.lowerBound);",
      "right" : "double v = Math.max(value, this.lowerBound);",
      "info" : "VariableDeclarationStatement[3826-3870]:VariableDeclarationStatement[3826-3870]"
    }, {
      "left" : "v = Math.min(v, this.upperBound);",
      "right" : "v = Math.min(v, this.upperBound);",
      "info" : "ExpressionStatement[3880-3913]:ExpressionStatement[3880-3913]"
    }, {
      "left" : "int g = (int) ((value - this.lowerBound) / (this.upperBound \r\n                - this.lowerBound) * 255.0);",
      "right" : "int g = (int) ((v - this.lowerBound) / (this.upperBound \r\n                - this.lowerBound) * 255.0);",
      "info" : "VariableDeclarationStatement[3923-4029]:VariableDeclarationStatement[3923-4025]"
    }, {
      "left" : "value",
      "right" : "v",
      "info" : "SimpleName[3939-3944]:SimpleName[3939-3940]"
    }, {
      "left" : "return new Color(g, g, g);",
      "right" : "return new Color(g, g, g);",
      "info" : "ReturnStatement[4039-4065]:ReturnStatement[4035-4061]"
    }, {
      "left" : "public",
      "right" : "public",
      "info" : "Modifier[4543-4549]:Modifier[4539-4545]"
    }, {
      "left" : "boolean",
      "right" : "boolean",
      "info" : "PrimitiveType[4550-4557]:PrimitiveType[4546-4553]"
    }, {
      "left" : "equals",
      "right" : "equals",
      "info" : "SimpleName[4558-4564]:SimpleName[4554-4560]"
    }, {
      "left" : "Object obj",
      "right" : "Object obj",
      "info" : "SingleVariableDeclaration[4565-4575]:SingleVariableDeclaration[4561-4571]"
    }, {
      "left" : "{}",
      "right" : "{}",
      "info" : "Block[4577-4994]:Block[4573-4990]"
    }, {
      "left" : "if (obj == this)",
      "right" : "if (obj == this)",
      "info" : "IfStatement[4588-4643]:IfStatement[4584-4639]"
    }, {
      "left" : "{}",
      "right" : "{}",
      "info" : "Block[4605-4643]:Block[4601-4639]"
    }, {
      "left" : "return true;",
      "right" : "return true;",
      "info" : "ReturnStatement[4620-4632]:ReturnStatement[4616-4628]"
    }, {
      "left" : "if (!(obj instanceof GrayPaintScale))",
      "right" : "if (!(obj instanceof GrayPaintScale))",
      "info" : "IfStatement[4653-4730]:IfStatement[4649-4726]"
    }, {
      "left" : "{}",
      "right" : "{}",
      "info" : "Block[4691-4730]:Block[4687-4726]"
    }, {
      "left" : "return false;",
      "right" : "return false;",
      "info" : "ReturnStatement[4706-4719]:ReturnStatement[4702-4715]"
    }, {
      "left" : "GrayPaintScale that = (GrayPaintScale) obj;",
      "right" : "GrayPaintScale that = (GrayPaintScale) obj;",
      "info" : "VariableDeclarationStatement[4740-4783]:VariableDeclarationStatement[4736-4779]"
    }, {
      "left" : "if (this.lowerBound != that.lowerBound)",
      "right" : "if (this.lowerBound != that.lowerBound)",
      "info" : "IfStatement[4793-4872]:IfStatement[4789-4868]"
    }, {
      "left" : "{}",
      "right" : "{}",
      "info" : "Block[4833-4872]:Block[4829-4868]"
    }, {
      "left" : "return false;",
      "right" : "return false;",
      "info" : "ReturnStatement[4848-4861]:ReturnStatement[4844-4857]"
    }, {
      "left" : "if (this.upperBound != that.upperBound)",
      "right" : "if (this.upperBound != that.upperBound)",
      "info" : "IfStatement[4882-4961]:IfStatement[4878-4957]"
    }, {
      "left" : "{}",
      "right" : "{}",
      "info" : "Block[4922-4961]:Block[4918-4957]"
    }, {
      "left" : "return false;",
      "right" : "return false;",
      "info" : "ReturnStatement[4937-4950]:ReturnStatement[4933-4946]"
    }, {
      "left" : "return true;",
      "right" : "return true;",
      "info" : "ReturnStatement[4971-4983]:ReturnStatement[4967-4979]"
    }, {
      "left" : "public",
      "right" : "public",
      "info" : "Modifier[5237-5243]:Modifier[5233-5239]"
    }, {
      "left" : "Object",
      "right" : "Object",
      "info" : "SimpleType[5244-5250]:SimpleType[5240-5246]"
    }, {
      "left" : "clone",
      "right" : "clone",
      "info" : "SimpleName[5251-5256]:SimpleName[5247-5252]"
    }, {
      "left" : "CloneNotSupportedException",
      "right" : "CloneNotSupportedException",
      "info" : "SimpleType[5266-5292]:SimpleType[5262-5288]"
    }, {
      "left" : "{}",
      "right" : "{}",
      "info" : "Block[5293-5332]:Block[5289-5328]"
    }, {
      "left" : "return super.clone();",
      "right" : "return super.clone();",
      "info" : "ReturnStatement[5304-5325]:ReturnStatement[5300-5321]"
    } ]
  },
  "interFileMappings" : { }
}