{
  "intraFileMappings" : {
    "matchedElements" : [
 {
      "left" : "GeneratorBase",
      "right" : "GeneratorBase",
      "info" : "TypeDeclaration[350-15875]:TypeDeclaration[350-16455]"
    }, {
      "left" : "public final static int SURR1_FIRST = 0xD800;",
      "right" : "public final static int SURR1_FIRST = 0xD800;",
      "info" : "FieldDeclaration[630-675]:FieldDeclaration[630-675]"
    }, {
      "left" : "public final static int SURR1_LAST = 0xDBFF;",
      "right" : "public final static int SURR1_LAST = 0xDBFF;",
      "info" : "FieldDeclaration[680-724]:FieldDeclaration[680-724]"
    }, {
      "left" : "public final static int SURR2_FIRST = 0xDC00;",
      "right" : "public final static int SURR2_FIRST = 0xDC00;",
      "info" : "FieldDeclaration[729-774]:FieldDeclaration[729-774]"
    }, {
      "left" : "public final static int SURR2_LAST = 0xDFFF;",
      "right" : "public final static int SURR2_LAST = 0xDFFF;",
      "info" : "FieldDeclaration[779-823]:FieldDeclaration[779-823]"
    }, {
      "left" : "protected final static int DERIVED_FEATURES_MASK =\n            Feature.WRITE_NUMBERS_AS_STRINGS.getMask()\n            | Feature.ESCAPE_NON_ASCII.getMask()\n            | Feature.STRICT_DUPLICATE_DETECTION.getMask()\n            ;",
      "right" : "protected final static int DERIVED_FEATURES_MASK =\n            Feature.WRITE_NUMBERS_AS_STRINGS.getMask()\n            | Feature.ESCAPE_NON_ASCII.getMask()\n            | Feature.STRICT_DUPLICATE_DETECTION.getMask()\n            ;",
      "info" : "FieldDeclaration[829-1210]:FieldDeclaration[829-1210]"
    }, {
      "left" : "protected final static String WRITE_BINARY = \"write a binary value\";",
      "right" : "protected final static String WRITE_BINARY = \"write a binary value\";",
      "info" : "FieldDeclaration[1276-1344]:FieldDeclaration[1276-1344]"
    }, {
      "left" : "protected final static String WRITE_BOOLEAN = \"write a boolean value\";",
      "right" : "protected final static String WRITE_BOOLEAN = \"write a boolean value\";",
      "info" : "FieldDeclaration[1349-1419]:FieldDeclaration[1349-1419]"
    }, {
      "left" : "protected final static String WRITE_NULL = \"write a null\";",
      "right" : "protected final static String WRITE_NULL = \"write a null\";",
      "info" : "FieldDeclaration[1424-1482]:FieldDeclaration[1424-1482]"
    }, {
      "left" : "protected final static String WRITE_NUMBER = \"write a number\";",
      "right" : "protected final static String WRITE_NUMBER = \"write a number\";",
      "info" : "FieldDeclaration[1487-1549]:FieldDeclaration[1487-1549]"
    }, {
      "left" : "protected final static String WRITE_RAW = \"write a raw (unencoded) value\";",
      "right" : "protected final static String WRITE_RAW = \"write a raw (unencoded) value\";",
      "info" : "FieldDeclaration[1554-1628]:FieldDeclaration[1554-1628]"
    }, {
      "left" : "protected final static String WRITE_STRING = \"write a string\";",
      "right" : "protected final static String WRITE_STRING = \"write a string\";",
      "info" : "FieldDeclaration[1633-1695]:FieldDeclaration[1633-1695]"
    }, {
      "left" : "protected ObjectCodec _objectCodec;",
      "right" : "protected ObjectCodec _objectCodec;",
      "info" : "FieldDeclaration[1701-2253]:FieldDeclaration[2279-2314]"
    }, {
      "left" : "protected int _features;",
      "right" : "protected int _features;",
      "info" : "FieldDeclaration[2259-2437]:FieldDeclaration[2320-2498]"
    }, {
      "left" : "protected boolean _cfgNumbersAsStrings;",
      "right" : "protected boolean _cfgNumbersAsStrings;",
      "info" : "FieldDeclaration[2443-2694]:FieldDeclaration[2504-2755]"
    }, {
      "left" : "protected JsonWriteContext _writeContext;",
      "right" : "protected JsonWriteContext _writeContext;",
      "info" : "FieldDeclaration[2857-3002]:FieldDeclaration[2918-3063]"
    }, {
      "left" : "protected boolean _closed;",
      "right" : "protected boolean _closed;",
      "info" : "FieldDeclaration[3008-3192]:FieldDeclaration[3069-3253]"
    }, {
      "left" : "protected GeneratorBase(int features, ObjectCodec codec)",
      "right" : "protected GeneratorBase(int features, ObjectCodec codec)",
      "info" : "MethodDeclaration[3360-3791]:MethodDeclaration[3421-3852]"
    }, {
      "left" : "protected GeneratorBase(int features, ObjectCodec codec, JsonWriteContext ctxt)",
      "right" : "protected GeneratorBase(int features, ObjectCodec codec, JsonWriteContext ctxt)",
      "info" : "MethodDeclaration[3797-4110]:MethodDeclaration[3858-4171]"
    }, {
      "left" : "public Version version()",
      "right" : "public Version version()",
      "info" : "MethodDeclaration[4116-4403]:MethodDeclaration[4177-4464]"
    }, {
      "left" : "public Object getCurrentValue()",
      "right" : "public Object getCurrentValue()",
      "info" : "MethodDeclaration[4409-4510]:MethodDeclaration[4470-4571]"
    }, {
      "left" : "public void setCurrentValue(Object v)",
      "right" : "public void setCurrentValue(Object v)",
      "info" : "MethodDeclaration[4516-4617]:MethodDeclaration[4577-4678]"
    }, {
      "left" : "public final boolean isEnabled(Feature f)",
      "right" : "public final boolean isEnabled(Feature f)",
      "info" : "MethodDeclaration[4789-4883]:MethodDeclaration[4850-4944]"
    }, {
      "left" : "public int getFeatureMask()",
      "right" : "public int getFeatureMask()",
      "info" : "MethodDeclaration[4888-4947]:MethodDeclaration[4949-5008]"
    }, {
      "left" : "public JsonGenerator enable(Feature f)",
      "right" : "public JsonGenerator enable(Feature f)",
      "info" : "MethodDeclaration[5021-5802]:MethodDeclaration[5082-5863]"
    }, {
      "left" : "public JsonGenerator disable(Feature f)",
      "right" : "public JsonGenerator disable(Feature f)",
      "info" : "MethodDeclaration[5808-6370]:MethodDeclaration[5869-6431]"
    }, {
      "left" : "public JsonGenerator setFeatureMask(int newMask)",
      "right" : "public JsonGenerator setFeatureMask(int newMask)",
      "info" : "MethodDeclaration[6376-6648]:MethodDeclaration[6437-6709]"
    }, {
      "left" : "// since 2.7\n    public JsonGenerator overrideStdFeatures(int values, int mask)",
      "right" : "// since 2.7\n    public JsonGenerator overrideStdFeatures(int values, int mask)",
      "info" : "MethodDeclaration[6654-7038]:MethodDeclaration[6715-7099]"
    }, {
      "left" : "protected void _checkStdFeatureChanges(int newFeatureFlags, int changedFeatures)",
      "right" : "protected void _checkStdFeatureChanges(int newFeatureFlags, int changedFeatures)",
      "info" : "MethodDeclaration[7044-8402]:MethodDeclaration[7105-8463]"
    }, {
      "left" : "public JsonGenerator useDefaultPrettyPrinter()",
      "right" : "public JsonGenerator useDefaultPrettyPrinter()",
      "info" : "MethodDeclaration[8408-8689]:MethodDeclaration[8469-8750]"
    }, {
      "left" : "public JsonGenerator setCodec(ObjectCodec oc)",
      "right" : "public JsonGenerator setCodec(ObjectCodec oc)",
      "info" : "MethodDeclaration[8699-8810]:MethodDeclaration[8760-8871]"
    }, {
      "left" : "public ObjectCodec getCodec()",
      "right" : "public ObjectCodec getCodec()",
      "info" : "MethodDeclaration[8816-8880]:MethodDeclaration[8877-8941]"
    }, {
      "left" : "public JsonWriteContext getOutputContext()",
      "right" : "public JsonWriteContext getOutputContext()",
      "info" : "MethodDeclaration[9059-9190]:MethodDeclaration[9120-9251]"
    }, {
      "left" : "public void writeFieldName(SerializableString name) throws IOException",
      "right" : "public void writeFieldName(SerializableString name) throws IOException",
      "info" : "MethodDeclaration[9790-9919]:MethodDeclaration[9851-9980]"
    }, {
      "left" : "public void writeString(SerializableString text) throws IOException",
      "right" : "public void writeString(SerializableString text) throws IOException",
      "info" : "MethodDeclaration[10258-10385]:MethodDeclaration[10319-10446]"
    }, {
      "left" : "public void writeRawValue(String text) throws IOException",
      "right" : "public void writeRawValue(String text) throws IOException",
      "info" : "MethodDeclaration[10391-10536]:MethodDeclaration[10452-10597]"
    }, {
      "left" : "public void writeRawValue(String text, int offset, int len) throws IOException",
      "right" : "public void writeRawValue(String text, int offset, int len) throws IOException",
      "info" : "MethodDeclaration[10542-10721]:MethodDeclaration[10603-10782]"
    }, {
      "left" : "public void writeRawValue(char[] text, int offset, int len) throws IOException",
      "right" : "public void writeRawValue(char[] text, int offset, int len) throws IOException",
      "info" : "MethodDeclaration[10727-10906]:MethodDeclaration[10788-10967]"
    }, {
      "left" : "public void writeRawValue(SerializableString text) throws IOException",
      "right" : "public void writeRawValue(SerializableString text) throws IOException",
      "info" : "MethodDeclaration[10912-11069]:MethodDeclaration[10973-11130]"
    }, {
      "left" : "public int writeBinary(Base64Variant b64variant, InputStream data, int dataLength) throws IOException",
      "right" : "public int writeBinary(Base64Variant b64variant, InputStream data, int dataLength) throws IOException",
      "info" : "MethodDeclaration[11075-11346]:MethodDeclaration[11136-11407]"
    }, {
      "left" : "public void writeObject(Object value) throws IOException",
      "right" : "public void writeObject(Object value) throws IOException",
      "info" : "MethodDeclaration[12129-12811]:MethodDeclaration[12190-12872]"
    }, {
      "left" : "public void writeTree(TreeNode rootNode) throws IOException",
      "right" : "public void writeTree(TreeNode rootNode) throws IOException",
      "info" : "MethodDeclaration[12817-13237]:MethodDeclaration[12878-13298]"
    }, {
      "left" : "public abstract void flush() throws IOException;",
      "right" : "public abstract void flush() throws IOException;",
      "info" : "MethodDeclaration[13432-13490]:MethodDeclaration[13493-13551]"
    }, {
      "left" : "public void close() throws IOException",
      "right" : "public void close() throws IOException",
      "info" : "MethodDeclaration[13495-13563]:MethodDeclaration[13556-13624]"
    }, {
      "left" : "public boolean isClosed()",
      "right" : "public boolean isClosed()",
      "info" : "MethodDeclaration[13568-13623]:MethodDeclaration[13629-13684]"
    }, {
      "left" : "protected abstract void _releaseBuffers();",
      "right" : "protected abstract void _releaseBuffers();",
      "info" : "MethodDeclaration[13818-13985]:MethodDeclaration[13879-14046]"
    }, {
      "left" : "protected abstract void _verifyValueWrite(String typeMsg) throws IOException;",
      "right" : "protected abstract void _verifyValueWrite(String typeMsg) throws IOException;",
      "info" : "MethodDeclaration[13991-14441]:MethodDeclaration[14052-14502]"
    }, {
      "left" : "protected PrettyPrinter _constructDefaultPrettyPrinter()",
      "right" : "protected PrettyPrinter _constructDefaultPrettyPrinter()",
      "info" : "MethodDeclaration[14447-14786]:MethodDeclaration[14508-14847]"
    }, {
      "left" : "protected String _asString(BigDecimal value) throws IOException",
      "right" : "protected String _asString(BigDecimal value) throws IOException",
      "info" : "MethodDeclaration[14792-15164]:MethodDeclaration[14853-15744]"
    }, {
      "left" : "protected final int _decodeSurrogate(int surr1, int surr2) throws IOException",
      "right" : "protected final int _decodeSurrogate(int surr1, int surr2) throws IOException",
      "info" : "MethodDeclaration[15352-15873]:MethodDeclaration[15932-16453]"
    } ],
    "mappings" : [
 {
      "left" : "{}",
      "right" : "{}",
      "info" : "Block[3417-3791]:Block[3478-3852]"
    }, {
      "left" : "super();",
      "right" : "super();",
      "info" : "SuperConstructorInvocation[3427-3435]:SuperConstructorInvocation[3488-3496]"
    }, {
      "left" : "_features = features;",
      "right" : "_features = features;",
      "info" : "ExpressionStatement[3444-3465]:ExpressionStatement[3505-3526]"
    }, {
      "left" : "_objectCodec = codec;",
      "right" : "_objectCodec = codec;",
      "info" : "ExpressionStatement[3474-3495]:ExpressionStatement[3535-3556]"
    }, {
      "left" : "DupDetector dups = Feature.STRICT_DUPLICATE_DETECTION.enabledIn(features)\n                ? DupDetector.rootDetector(this) : null;",
      "right" : "DupDetector dups = Feature.STRICT_DUPLICATE_DETECTION.enabledIn(features)\n                ? DupDetector.rootDetector(this) : null;",
      "info" : "VariableDeclarationStatement[3504-3634]:VariableDeclarationStatement[3565-3695]"
    }, {
      "left" : "_writeContext = JsonWriteContext.createRootContext(dups);",
      "right" : "_writeContext = JsonWriteContext.createRootContext(dups);",
      "info" : "ExpressionStatement[3643-3700]:ExpressionStatement[3704-3761]"
    }, {
      "left" : "_cfgNumbersAsStrings = Feature.WRITE_NUMBERS_AS_STRINGS.enabledIn(features);",
      "right" : "_cfgNumbersAsStrings = Feature.WRITE_NUMBERS_AS_STRINGS.enabledIn(features);",
      "info" : "ExpressionStatement[3709-3785]:ExpressionStatement[3770-3846]"
    }, {
      "left" : "{}",
      "right" : "{}",
      "info" : "Block[3911-4110]:Block[3972-4171]"
    }, {
      "left" : "super();",
      "right" : "super();",
      "info" : "SuperConstructorInvocation[3921-3929]:SuperConstructorInvocation[3982-3990]"
    }, {
      "left" : "_features = features;",
      "right" : "_features = features;",
      "info" : "ExpressionStatement[3938-3959]:ExpressionStatement[3999-4020]"
    }, {
      "left" : "_objectCodec = codec;",
      "right" : "_objectCodec = codec;",
      "info" : "ExpressionStatement[3968-3989]:ExpressionStatement[4029-4050]"
    }, {
      "left" : "_writeContext = ctxt;",
      "right" : "_writeContext = ctxt;",
      "info" : "ExpressionStatement[3998-4019]:ExpressionStatement[4059-4080]"
    }, {
      "left" : "_cfgNumbersAsStrings = Feature.WRITE_NUMBERS_AS_STRINGS.enabledIn(features);",
      "right" : "_cfgNumbersAsStrings = Feature.WRITE_NUMBERS_AS_STRINGS.enabledIn(features);",
      "info" : "ExpressionStatement[4028-4104]:ExpressionStatement[4089-4165]"
    }, {
      "left" : "{}",
      "right" : "{}",
      "info" : "Block[4357-4403]:Block[4418-4464]"
    }, {
      "left" : "return VersionUtil.versionFor(getClass());",
      "right" : "return VersionUtil.versionFor(getClass());",
      "info" : "ReturnStatement[4359-4401]:ReturnStatement[4420-4462]"
    }, {
      "left" : "{}",
      "right" : "{}",
      "info" : "Block[4455-4510]:Block[4516-4571]"
    }, {
      "left" : "return _writeContext.getCurrentValue();",
      "right" : "return _writeContext.getCurrentValue();",
      "info" : "ReturnStatement[4465-4504]:ReturnStatement[4526-4565]"
    }, {
      "left" : "{}",
      "right" : "{}",
      "info" : "Block[4568-4617]:Block[4629-4678]"
    }, {
      "left" : "_writeContext.setCurrentValue(v);",
      "right" : "_writeContext.setCurrentValue(v);",
      "info" : "ExpressionStatement[4578-4611]:ExpressionStatement[4639-4672]"
    }, {
      "left" : "{}",
      "right" : "{}",
      "info" : "Block[4841-4883]:Block[4902-4944]"
    }, {
      "left" : "return (_features & f.getMask()) != 0;",
      "right" : "return (_features & f.getMask()) != 0;",
      "info" : "ReturnStatement[4843-4881]:ReturnStatement[4904-4942]"
    }, {
      "left" : "{}",
      "right" : "{}",
      "info" : "Block[4926-4947]:Block[4987-5008]"
    }, {
      "left" : "return _features;",
      "right" : "return _features;",
      "info" : "ReturnStatement[4928-4945]:ReturnStatement[4989-5006]"
    }, {
      "left" : "{}",
      "right" : "{}",
      "info" : "Block[5074-5802]:Block[5135-5863]"
    }, {
      "left" : "final int mask = f.getMask();",
      "right" : "final int mask = f.getMask();",
      "info" : "VariableDeclarationStatement[5084-5113]:VariableDeclarationStatement[5145-5174]"
    }, {
      "left" : "_features |= mask;",
      "right" : "_features |= mask;",
      "info" : "ExpressionStatement[5122-5140]:ExpressionStatement[5183-5201]"
    }, {
      "left" : "if ((mask & DERIVED_FEATURES_MASK) != 0)",
      "right" : "if ((mask & DERIVED_FEATURES_MASK) != 0)",
      "info" : "IfStatement[5149-5775]:IfStatement[5210-5836]"
    }, {
      "left" : "{}",
      "right" : "{}",
      "info" : "Block[5190-5775]:Block[5251-5836]"
    }, {
      "left" : "if (f == Feature.WRITE_NUMBERS_AS_STRINGS)",
      "right" : "if (f == Feature.WRITE_NUMBERS_AS_STRINGS)",
      "info" : "IfStatement[5280-5765]:IfStatement[5341-5826]"
    }, {
      "left" : "{}",
      "right" : "{}",
      "info" : "Block[5323-5383]:Block[5384-5444]"
    }, {
      "left" : "_cfgNumbersAsStrings = true;",
      "right" : "_cfgNumbersAsStrings = true;",
      "info" : "ExpressionStatement[5341-5369]:ExpressionStatement[5402-5430]"
    }, {
      "left" : "if (f == Feature.ESCAPE_NON_ASCII)",
      "right" : "if (f == Feature.ESCAPE_NON_ASCII)",
      "info" : "IfStatement[5389-5765]:IfStatement[5450-5826]"
    }, {
      "left" : "{}",
      "right" : "{}",
      "info" : "Block[5424-5486]:Block[5485-5547]"
    }, {
      "left" : "setHighestNonEscapedChar(127);",
      "right" : "setHighestNonEscapedChar(127);",
      "info" : "ExpressionStatement[5442-5472]:ExpressionStatement[5503-5533]"
    }, {
      "left" : "if (f == Feature.STRICT_DUPLICATE_DETECTION)",
      "right" : "if (f == Feature.STRICT_DUPLICATE_DETECTION)",
      "info" : "IfStatement[5492-5765]:IfStatement[5553-5826]"
    }, {
      "left" : "{}",
      "right" : "{}",
      "info" : "Block[5537-5765]:Block[5598-5826]"
    }, {
      "left" : "if (_writeContext.getDupDetector() == null)",
      "right" : "if (_writeContext.getDupDetector() == null)",
      "info" : "IfStatement[5555-5751]:IfStatement[5616-5812]"
    }, {
      "left" : "{}",
      "right" : "{}",
      "info" : "Block[5599-5751]:Block[5660-5812]"
    }, {
      "left" : "_writeContext = _writeContext.withDupDetector(DupDetector.rootDetector(this));",
      "right" : "_writeContext = _writeContext.withDupDetector(DupDetector.rootDetector(this));",
      "info" : "ExpressionStatement[5655-5733]:ExpressionStatement[5716-5794]"
    }, {
      "left" : "return this;",
      "right" : "return this;",
      "info" : "ReturnStatement[5784-5796]:ReturnStatement[5845-5857]"
    }, {
      "left" : "{}",
      "right" : "{}",
      "info" : "Block[5862-6370]:Block[5923-6431]"
    }, {
      "left" : "final int mask = f.getMask();",
      "right" : "final int mask = f.getMask();",
      "info" : "VariableDeclarationStatement[5872-5901]:VariableDeclarationStatement[5933-5962]"
    }, {
      "left" : "_features &= ~mask;",
      "right" : "_features &= ~mask;",
      "info" : "ExpressionStatement[5910-5929]:ExpressionStatement[5971-5990]"
    }, {
      "left" : "if ((mask & DERIVED_FEATURES_MASK) != 0)",
      "right" : "if ((mask & DERIVED_FEATURES_MASK) != 0)",
      "info" : "IfStatement[5938-6343]:IfStatement[5999-6404]"
    }, {
      "left" : "{}",
      "right" : "{}",
      "info" : "Block[5979-6343]:Block[6040-6404]"
    }, {
      "left" : "if (f == Feature.WRITE_NUMBERS_AS_STRINGS)",
      "right" : "if (f == Feature.WRITE_NUMBERS_AS_STRINGS)",
      "info" : "IfStatement[5993-6333]:IfStatement[6054-6394]"
    }, {
      "left" : "{}",
      "right" : "{}",
      "info" : "Block[6036-6097]:Block[6097-6158]"
    }, {
      "left" : "_cfgNumbersAsStrings = false;",
      "right" : "_cfgNumbersAsStrings = false;",
      "info" : "ExpressionStatement[6054-6083]:ExpressionStatement[6115-6144]"
    }, {
      "left" : "if (f == Feature.ESCAPE_NON_ASCII)",
      "right" : "if (f == Feature.ESCAPE_NON_ASCII)",
      "info" : "IfStatement[6103-6333]:IfStatement[6164-6394]"
    }, {
      "left" : "{}",
      "right" : "{}",
      "info" : "Block[6138-6198]:Block[6199-6259]"
    }, {
      "left" : "setHighestNonEscapedChar(0);",
      "right" : "setHighestNonEscapedChar(0);",
      "info" : "ExpressionStatement[6156-6184]:ExpressionStatement[6217-6245]"
    }, {
      "left" : "if (f == Feature.STRICT_DUPLICATE_DETECTION)",
      "right" : "if (f == Feature.STRICT_DUPLICATE_DETECTION)",
      "info" : "IfStatement[6204-6333]:IfStatement[6265-6394]"
    }, {
      "left" : "{}",
      "right" : "{}",
      "info" : "Block[6249-6333]:Block[6310-6394]"
    }, {
      "left" : "_writeContext = _writeContext.withDupDetector(null);",
      "right" : "_writeContext = _writeContext.withDupDetector(null);",
      "info" : "ExpressionStatement[6267-6319]:ExpressionStatement[6328-6380]"
    }, {
      "left" : "return this;",
      "right" : "return this;",
      "info" : "ReturnStatement[6352-6364]:ReturnStatement[6413-6425]"
    }, {
      "left" : "{}",
      "right" : "{}",
      "info" : "Block[6455-6648]:Block[6516-6709]"
    }, {
      "left" : "int changed = newMask ^ _features;",
      "right" : "int changed = newMask ^ _features;",
      "info" : "VariableDeclarationStatement[6465-6499]:VariableDeclarationStatement[6526-6560]"
    }, {
      "left" : "_features = newMask;",
      "right" : "_features = newMask;",
      "info" : "ExpressionStatement[6508-6528]:ExpressionStatement[6569-6589]"
    }, {
      "left" : "if (changed != 0)",
      "right" : "if (changed != 0)",
      "info" : "IfStatement[6537-6621]:IfStatement[6598-6682]"
    }, {
      "left" : "{}",
      "right" : "{}",
      "info" : "Block[6555-6621]:Block[6616-6682]"
    }, {
      "left" : "_checkStdFeatureChanges(newMask, changed);",
      "right" : "_checkStdFeatureChanges(newMask, changed);",
      "info" : "ExpressionStatement[6569-6611]:ExpressionStatement[6630-6672]"
    }, {
      "left" : "return this;",
      "right" : "return this;",
      "info" : "ReturnStatement[6630-6642]:ReturnStatement[6691-6703]"
    }, {
      "left" : "{}",
      "right" : "{}",
      "info" : "Block[6744-7038]:Block[6805-7099]"
    }, {
      "left" : "int oldState = _features;",
      "right" : "int oldState = _features;",
      "info" : "VariableDeclarationStatement[6754-6779]:VariableDeclarationStatement[6815-6840]"
    }, {
      "left" : "int newState = (oldState & ~mask) | (values & mask);",
      "right" : "int newState = (oldState & ~mask) | (values & mask);",
      "info" : "VariableDeclarationStatement[6788-6840]:VariableDeclarationStatement[6849-6901]"
    }, {
      "left" : "int changed = oldState ^ newState;",
      "right" : "int changed = oldState ^ newState;",
      "info" : "VariableDeclarationStatement[6849-6883]:VariableDeclarationStatement[6910-6944]"
    }, {
      "left" : "if (changed != 0)",
      "right" : "if (changed != 0)",
      "info" : "IfStatement[6892-7011]:IfStatement[6953-7072]"
    }, {
      "left" : "{}",
      "right" : "{}",
      "info" : "Block[6910-7011]:Block[6971-7072]"
    }, {
      "left" : "_features = newState;",
      "right" : "_features = newState;",
      "info" : "ExpressionStatement[6924-6945]:ExpressionStatement[6985-7006]"
    }, {
      "left" : "_checkStdFeatureChanges(newState, changed);",
      "right" : "_checkStdFeatureChanges(newState, changed);",
      "info" : "ExpressionStatement[6958-7001]:ExpressionStatement[7019-7062]"
    }, {
      "left" : "return this;",
      "right" : "return this;",
      "info" : "ReturnStatement[7020-7032]:ReturnStatement[7081-7093]"
    }, {
      "left" : "{}",
      "right" : "{}",
      "info" : "Block[7426-8402]:Block[7487-8463]"
    }, {
      "left" : "if ((changedFeatures & DERIVED_FEATURES_MASK) == 0)",
      "right" : "if ((changedFeatures & DERIVED_FEATURES_MASK) == 0)",
      "info" : "IfStatement[7436-7519]:IfStatement[7497-7580]"
    }, {
      "left" : "{}",
      "right" : "{}",
      "info" : "Block[7488-7519]:Block[7549-7580]"
    }, {
      "left" : "return;",
      "right" : "return;",
      "info" : "ReturnStatement[7502-7509]:ReturnStatement[7563-7570]"
    }, {
      "left" : "_cfgNumbersAsStrings = Feature.WRITE_NUMBERS_AS_STRINGS.enabledIn(newFeatureFlags);",
      "right" : "_cfgNumbersAsStrings = Feature.WRITE_NUMBERS_AS_STRINGS.enabledIn(newFeatureFlags);",
      "info" : "ExpressionStatement[7528-7611]:ExpressionStatement[7589-7672]"
    }, {
      "left" : "if (Feature.ESCAPE_NON_ASCII.enabledIn(changedFeatures))",
      "right" : "if (Feature.ESCAPE_NON_ASCII.enabledIn(changedFeatures))",
      "info" : "IfStatement[7620-7886]:IfStatement[7681-7947]"
    }, {
      "left" : "{}",
      "right" : "{}",
      "info" : "Block[7677-7886]:Block[7738-7947]"
    }, {
      "left" : "if (Feature.ESCAPE_NON_ASCII.enabledIn(newFeatureFlags))",
      "right" : "if (Feature.ESCAPE_NON_ASCII.enabledIn(newFeatureFlags))",
      "info" : "IfStatement[7691-7876]:IfStatement[7752-7937]"
    }, {
      "left" : "{}",
      "right" : "{}",
      "info" : "Block[7748-7810]:Block[7809-7871]"
    }, {
      "left" : "setHighestNonEscapedChar(127);",
      "right" : "setHighestNonEscapedChar(127);",
      "info" : "ExpressionStatement[7766-7796]:ExpressionStatement[7827-7857]"
    }, {
      "left" : "{}",
      "right" : "{}",
      "info" : "Block[7816-7876]:Block[7877-7937]"
    }, {
      "left" : "setHighestNonEscapedChar(0);",
      "right" : "setHighestNonEscapedChar(0);",
      "info" : "ExpressionStatement[7834-7862]:ExpressionStatement[7895-7923]"
    }, {
      "left" : "if (Feature.STRICT_DUPLICATE_DETECTION.enabledIn(changedFeatures))",
      "right" : "if (Feature.STRICT_DUPLICATE_DETECTION.enabledIn(changedFeatures))",
      "info" : "IfStatement[7895-8396]:IfStatement[7956-8457]"
    }, {
      "left" : "{}",
      "right" : "{}",
      "info" : "Block[7962-8396]:Block[8023-8457]"
    }, {
      "left" : "if (Feature.STRICT_DUPLICATE_DETECTION.enabledIn(newFeatureFlags))",
      "right" : "if (Feature.STRICT_DUPLICATE_DETECTION.enabledIn(newFeatureFlags))",
      "info" : "IfStatement[7976-8386]:IfStatement[8037-8447]"
    }, {
      "left" : "{}",
      "right" : "{}",
      "info" : "Block[8043-8283]:Block[8104-8344]"
    }, {
      "left" : "if (_writeContext.getDupDetector() == null)",
      "right" : "if (_writeContext.getDupDetector() == null)",
      "info" : "IfStatement[8073-8269]:IfStatement[8134-8330]"
    }, {
      "left" : "{}",
      "right" : "{}",
      "info" : "Block[8117-8269]:Block[8178-8330]"
    }, {
      "left" : "_writeContext = _writeContext.withDupDetector(DupDetector.rootDetector(this));",
      "right" : "_writeContext = _writeContext.withDupDetector(DupDetector.rootDetector(this));",
      "info" : "ExpressionStatement[8173-8251]:ExpressionStatement[8234-8312]"
    }, {
      "left" : "{}",
      "right" : "{}",
      "info" : "Block[8289-8386]:Block[8350-8447]"
    }, {
      "left" : "_writeContext = _writeContext.withDupDetector(null);",
      "right" : "_writeContext = _writeContext.withDupDetector(null);",
      "info" : "ExpressionStatement[8320-8372]:ExpressionStatement[8381-8433]"
    }, {
      "left" : "{}",
      "right" : "{}",
      "info" : "Block[8465-8689]:Block[8526-8750]"
    }, {
      "left" : "if (getPrettyPrinter() != null)",
      "right" : "if (getPrettyPrinter() != null)",
      "info" : "IfStatement[8548-8616]:IfStatement[8609-8677]"
    }, {
      "left" : "{}",
      "right" : "{}",
      "info" : "Block[8580-8616]:Block[8641-8677]"
    }, {
      "left" : "return this;",
      "right" : "return this;",
      "info" : "ReturnStatement[8594-8606]:ReturnStatement[8655-8667]"
    }, {
      "left" : "return setPrettyPrinter(_constructDefaultPrettyPrinter());",
      "right" : "return setPrettyPrinter(_constructDefaultPrettyPrinter());",
      "info" : "ReturnStatement[8625-8683]:ReturnStatement[8686-8744]"
    }, {
      "left" : "{}",
      "right" : "{}",
      "info" : "Block[8755-8810]:Block[8816-8871]"
    }, {
      "left" : "_objectCodec = oc;",
      "right" : "_objectCodec = oc;",
      "info" : "ExpressionStatement[8765-8783]:ExpressionStatement[8826-8844]"
    }, {
      "left" : "return this;",
      "right" : "return this;",
      "info" : "ReturnStatement[8792-8804]:ReturnStatement[8853-8865]"
    }, {
      "left" : "{}",
      "right" : "{}",
      "info" : "Block[8856-8880]:Block[8917-8941]"
    }, {
      "left" : "return _objectCodec;",
      "right" : "return _objectCodec;",
      "info" : "ReturnStatement[8858-8878]:ReturnStatement[8919-8939]"
    }, {
      "left" : "{}",
      "right" : "{}",
      "info" : "Block[9165-9190]:Block[9226-9251]"
    }, {
      "left" : "return _writeContext;",
      "right" : "return _writeContext;",
      "info" : "ReturnStatement[9167-9188]:ReturnStatement[9228-9249]"
    }, {
      "left" : "{}",
      "right" : "{}",
      "info" : "Block[9871-9919]:Block[9932-9980]"
    }, {
      "left" : "writeFieldName(name.getValue());",
      "right" : "writeFieldName(name.getValue());",
      "info" : "ExpressionStatement[9881-9913]:ExpressionStatement[9942-9974]"
    }, {
      "left" : "{}",
      "right" : "{}",
      "info" : "Block[10340-10385]:Block[10401-10446]"
    }, {
      "left" : "writeString(text.getValue());",
      "right" : "writeString(text.getValue());",
      "info" : "ExpressionStatement[10350-10379]:ExpressionStatement[10411-10440]"
    }, {
      "left" : "{}",
      "right" : "{}",
      "info" : "Block[10459-10536]:Block[10520-10597]"
    }, {
      "left" : "_verifyValueWrite(\"write raw value\");",
      "right" : "_verifyValueWrite(\"write raw value\");",
      "info" : "ExpressionStatement[10469-10506]:ExpressionStatement[10530-10567]"
    }, {
      "left" : "writeRaw(text);",
      "right" : "writeRaw(text);",
      "info" : "ExpressionStatement[10515-10530]:ExpressionStatement[10576-10591]"
    }, {
      "left" : "{}",
      "right" : "{}",
      "info" : "Block[10631-10721]:Block[10692-10782]"
    }, {
      "left" : "_verifyValueWrite(\"write raw value\");",
      "right" : "_verifyValueWrite(\"write raw value\");",
      "info" : "ExpressionStatement[10641-10678]:ExpressionStatement[10702-10739]"
    }, {
      "left" : "writeRaw(text, offset, len);",
      "right" : "writeRaw(text, offset, len);",
      "info" : "ExpressionStatement[10687-10715]:ExpressionStatement[10748-10776]"
    }, {
      "left" : "{}",
      "right" : "{}",
      "info" : "Block[10816-10906]:Block[10877-10967]"
    }, {
      "left" : "_verifyValueWrite(\"write raw value\");",
      "right" : "_verifyValueWrite(\"write raw value\");",
      "info" : "ExpressionStatement[10826-10863]:ExpressionStatement[10887-10924]"
    }, {
      "left" : "writeRaw(text, offset, len);",
      "right" : "writeRaw(text, offset, len);",
      "info" : "ExpressionStatement[10872-10900]:ExpressionStatement[10933-10961]"
    }, {
      "left" : "{}",
      "right" : "{}",
      "info" : "Block[10992-11069]:Block[11053-11130]"
    }, {
      "left" : "_verifyValueWrite(\"write raw value\");",
      "right" : "_verifyValueWrite(\"write raw value\");",
      "info" : "ExpressionStatement[11002-11039]:ExpressionStatement[11063-11100]"
    }, {
      "left" : "writeRaw(text);",
      "right" : "writeRaw(text);",
      "info" : "ExpressionStatement[11048-11063]:ExpressionStatement[11109-11124]"
    }, {
      "left" : "{}",
      "right" : "{}",
      "info" : "Block[11191-11346]:Block[11252-11407]"
    }, {
      "left" : "_reportUnsupportedOperation();",
      "right" : "_reportUnsupportedOperation();",
      "info" : "ExpressionStatement[11292-11322]:ExpressionStatement[11353-11383]"
    }, {
      "left" : "return 0;",
      "right" : "return 0;",
      "info" : "ReturnStatement[11331-11340]:ReturnStatement[11392-11401]"
    }, {
      "left" : "{}",
      "right" : "{}",
      "info" : "Block[12200-12811]:Block[12261-12872]"
    }, {
      "left" : "if (value == null)",
      "right" : "if (value == null)",
      "info" : "IfStatement[12210-12805]:IfStatement[12271-12866]"
    }, {
      "left" : "{}",
      "right" : "{}",
      "info" : "Block[12229-12332]:Block[12290-12393]"
    }, {
      "left" : "writeNull();",
      "right" : "writeNull();",
      "info" : "ExpressionStatement[12310-12322]:ExpressionStatement[12371-12383]"
    }, {
      "left" : "{}",
      "right" : "{}",
      "info" : "Block[12338-12805]:Block[12399-12866]"
    }, {
      "left" : "if (_objectCodec != null)",
      "right" : "if (_objectCodec != null)",
      "info" : "IfStatement[12637-12756]:IfStatement[12698-12817]"
    }, {
      "left" : "{}",
      "right" : "{}",
      "info" : "Block[12663-12756]:Block[12724-12817]"
    }, {
      "left" : "_objectCodec.writeValue(this, value);",
      "right" : "_objectCodec.writeValue(this, value);",
      "info" : "ExpressionStatement[12681-12718]:ExpressionStatement[12742-12779]"
    }, {
      "left" : "return;",
      "right" : "return;",
      "info" : "ReturnStatement[12735-12742]:ReturnStatement[12796-12803]"
    }, {
      "left" : "_writeSimpleObject(value);",
      "right" : "_writeSimpleObject(value);",
      "info" : "ExpressionStatement[12769-12795]:ExpressionStatement[12830-12856]"
    }, {
      "left" : "{}",
      "right" : "{}",
      "info" : "Block[12891-13237]:Block[12952-13298]"
    }, {
      "left" : "if (rootNode == null)",
      "right" : "if (rootNode == null)",
      "info" : "IfStatement[12974-13231]:IfStatement[13035-13292]"
    }, {
      "left" : "{}",
      "right" : "{}",
      "info" : "Block[12996-13032]:Block[13057-13093]"
    }, {
      "left" : "writeNull();",
      "right" : "writeNull();",
      "info" : "ExpressionStatement[13010-13022]:ExpressionStatement[13071-13083]"
    }, {
      "left" : "{}",
      "right" : "{}",
      "info" : "Block[13038-13231]:Block[13099-13292]"
    }, {
      "left" : "if (_objectCodec == null)",
      "right" : "if (_objectCodec == null)",
      "info" : "IfStatement[13052-13168]:IfStatement[13113-13229]"
    }, {
      "left" : "{}",
      "right" : "{}",
      "info" : "Block[13078-13168]:Block[13139-13229]"
    }, {
      "left" : "throw new IllegalStateException(\"No ObjectCodec defined\");",
      "right" : "throw new IllegalStateException(\"No ObjectCodec defined\");",
      "info" : "ThrowStatement[13096-13154]:ThrowStatement[13157-13215]"
    }, {
      "left" : "_objectCodec.writeValue(this, rootNode);",
      "right" : "_objectCodec.writeValue(this, rootNode);",
      "info" : "ExpressionStatement[13181-13221]:ExpressionStatement[13242-13282]"
    }, {
      "left" : "{}",
      "right" : "{}",
      "info" : "Block[13544-13563]:Block[13605-13624]"
    }, {
      "left" : "_closed = true;",
      "right" : "_closed = true;",
      "info" : "ExpressionStatement[13546-13561]:ExpressionStatement[13607-13622]"
    }, {
      "left" : "{}",
      "right" : "{}",
      "info" : "Block[13604-13623]:Block[13665-13684]"
    }, {
      "left" : "return _closed;",
      "right" : "return _closed;",
      "info" : "ReturnStatement[13606-13621]:ReturnStatement[13667-13682]"
    }, {
      "left" : "{}",
      "right" : "{}",
      "info" : "Block[14736-14786]:Block[14797-14847]"
    }, {
      "left" : "return new DefaultPrettyPrinter();",
      "right" : "return new DefaultPrettyPrinter();",
      "info" : "ReturnStatement[14746-14780]:ReturnStatement[14807-14841]"
    }, {
      "left" : "{}",
      "right" : "{}",
      "info" : "Block[15051-15164]:Block[15112-15744]"
    }, {
      "left" : "return value.toString();",
      "right" : "return value.toString();",
      "info" : "ReturnStatement[15134-15158]:ReturnStatement[15714-15738]"
    }, {
      "left" : "{}",
      "right" : "{}",
      "info" : "Block[15468-15873]:Block[16048-16453]"
    }, {
      "left" : "if (surr2 < SURR2_FIRST || surr2 > SURR2_LAST)",
      "right" : "if (surr2 < SURR2_FIRST || surr2 > SURR2_LAST)",
      "info" : "IfStatement[15542-15768]:IfStatement[16122-16348]"
    }, {
      "left" : "{}",
      "right" : "{}",
      "info" : "Block[15589-15768]:Block[16169-16348]"
    }, {
      "left" : "String msg = \"Incomplete surrogate pair: first char 0x\"+Integer.toHexString(surr1)+\", second 0x\"+Integer.toHexString(surr2);",
      "right" : "String msg = \"Incomplete surrogate pair: first char 0x\"+Integer.toHexString(surr1)+\", second 0x\"+Integer.toHexString(surr2);",
      "info" : "VariableDeclarationStatement[15603-15727]:VariableDeclarationStatement[16183-16307]"
    }, {
      "left" : "_reportError(msg);",
      "right" : "_reportError(msg);",
      "info" : "ExpressionStatement[15740-15758]:ExpressionStatement[16320-16338]"
    }, {
      "left" : "int c = 0x10000 + ((surr1 - SURR1_FIRST) << 10) + (surr2 - SURR2_FIRST);",
      "right" : "int c = 0x10000 + ((surr1 - SURR1_FIRST) << 10) + (surr2 - SURR2_FIRST);",
      "info" : "VariableDeclarationStatement[15777-15849]:VariableDeclarationStatement[16357-16429]"
    }, {
      "left" : "return c;",
      "right" : "return c;",
      "info" : "ReturnStatement[15858-15867]:ReturnStatement[16438-16447]"
    } ]
  },
  "interFileMappings" : { }
}