{"PLAIN_CONFIGURATION": "SimpleGumtree-st_minprio-1-st_priocalc-size", "MATCHER": "SimpleGumtree", "NRACTIONS": 1259, "SIMACTIONS": 41, "NRROOTS": null, "NR_INSERT": 10.0, "NR_DELETE": 1242.0, "NR_UPDATE": 0.0, "NR_MOVE": 7.0, "NR_TREEINSERT": 0.0, "NR_TREEDELETE": 0.0, "TIME": 4, "NROPTIONS": 0.0, "TIMEOUT": "0", "bu_minsim": null, "bu_minsize": null, "st_minprio": 1, "st_priocalc": "size", "cd_labsim": null, "cd_maxleaves": null, "cd_structsim1": null, "cd_structsim2": null, "xy_minsim": null}