{"PLAIN_CONFIGURATION": "HybridGumtree-bu_minsize-1900-st_minprio-1-st_priocalc-size", "MATCHER": "HybridGumtree", "NRACTIONS": 774, "SIMACTIONS": 279, "NRROOTS": null, "NR_INSERT": 93.0, "NR_DELETE": 614.0, "NR_UPDATE": 25.0, "NR_MOVE": 42.0, "NR_TREEINSERT": 0.0, "NR_TREEDELETE": 0.0, "TIME": 3362, "NROPTIONS": 0.0, "TIMEOUT": "0", "bu_minsim": null, "bu_minsize": 1900, "st_minprio": 1, "st_priocalc": "size", "cd_labsim": null, "cd_maxleaves": null, "cd_structsim1": null, "cd_structsim2": null, "xy_minsim": null}