{
  "intraFileMappings" : {
    "matchedElements" : [
 {
      "left" : "BlockMeta",
      "right" : "BlockMeta",
      "info" : "TypeDeclaration[909-1855]:TypeDeclaration[865-1341]"
    }, {
      "left" : "public BlockMeta(long blockId, long blockSize, StorageDir dir)",
      "right" : "public BlockMeta(long blockId, long blockSize, StorageDir dir)",
      "info" : "MethodDeclaration[1134-1298]:MethodDeclaration[989-1093]"
    }, {
      "left" : "public String getPath()",
      "right" : "public String getPath()",
      "info" : "MethodDeclaration[1416-1509]:MethodDeclaration[1234-1339]"
    } ],
    "mappings" : [
 {
      "left" : "{}",
      "right" : "{}",
      "info" : "Block[1197-1298]:Block[1052-1093]"
    }, {
      "left" : "{}",
      "right" : "{}",
      "info" : "Block[1440-1509]:Block[1270-1339]"
    }, {
      "left" : "return CommonUtils.concatPath(mDir.getDirPath(), mBlockId);",
      "right" : "return CommonUtils.concatPath(mDir.getDirPath(), mBlockId);",
      "info" : "ReturnStatement[1446-1505]:ReturnStatement[1276-1335]"
    } ]
  },
  "interFileMappings" : { }
}