{
  "intraFileMappings" : {
    "matchedElements" : [
 {
      "left" : "StandardToolTipTagFragmentGenerator",
      "right" : "StandardToolTipTagFragmentGenerator",
      "info" : "TypeDeclaration[1727-2393]:TypeDeclaration[1727-2424]"
    }, {
      "left" : "public StandardToolTipTagFragmentGenerator()",
      "right" : "public StandardToolTipTagFragmentGenerator()",
      "info" : "MethodDeclaration[1923-2044]:MethodDeclaration[1923-2044]"
    }, {
      "left" : "public String generateToolTipFragment(String toolTipText)",
      "right" : "public String generateToolTipFragment(String toolTipText)",
      "info" : "MethodDeclaration[2053-2388]:MethodDeclaration[2053-2419]"
    } ],
    "mappings" : [
 {
      "left" : "{}",
      "right" : "{}",
      "info" : "Block[2018-2044]:Block[2018-2044]"
    }, {
      "left" : "super();",
      "right" : "super();",
      "info" : "SuperConstructorInvocation[2029-2037]:SuperConstructorInvocation[2029-2037]"
    }, {
      "left" : "{}",
      "right" : "{}",
      "info" : "Block[2308-2388]:Block[2308-2419]"
    }, {
      "left" : "return \" title=\\\"\" + toolTipText\r\n            + \"\\\" alt=\\\"\\\"\";",
      "right" : "return \" title=\\\"\" + ImageMapUtilities.htmlEscape(toolTipText) \r\n            + \"\\\" alt=\\\"\\\"\";",
      "info" : "ReturnStatement[2319-2381]:ReturnStatement[2319-2412]"
    } ]
  },
  "interFileMappings" : { }
}