{"PLAIN_CONFIGURATION": "ClassicGumtree-bu_minsim-0.1-bu_minsize-1300-st_minprio-2-st_priocalc-size", "MATCHER": "ClassicGumtree", "NRACTIONS": 251, "SIMACTIONS": 102, "NRROOTS": null, "NR_INSERT": 229, "NR_DELETE": 4, "NR_UPDATE": 1, "NR_MOVE": 17, "NR_TREEINSERT": 0, "NR_TREEDELETE": 0, "TIME": 48, "NROPTIONS": 0, "TIMEOUT": 0, "bu_minsim": 0.1, "bu_minsize": 1300, "st_minprio": 2, "st_priocalc": "size", "cd_labsim": null, "cd_maxleaves": null, "cd_structsim1": null, "cd_structsim2": null, "xy_minsim": null}