{
  "intraFileMappings" : {
    "matchedElements" : [
 {
      "left" : "DefaultBoxAndWhiskerCategoryDataset",
      "right" : "DefaultBoxAndWhiskerCategoryDataset",
      "info" : "TypeDeclaration[2966-23898]:TypeDeclaration[2966-25669]"
    }, {
      "left" : "protected KeyedObjects2D data;",
      "right" : "protected KeyedObjects2D data;",
      "info" : "FieldDeclaration[3257-3321]:FieldDeclaration[3257-3321]"
    }, {
      "left" : "private double minimumRangeValue;",
      "right" : "private double minimumRangeValue;",
      "info" : "FieldDeclaration[3329-3399]:FieldDeclaration[3329-3399]"
    }, {
      "left" : "private int minimumRangeValueRow;",
      "right" : "private int minimumRangeValueRow;",
      "info" : "FieldDeclaration[3411-3524]:FieldDeclaration[3411-3524]"
    }, {
      "left" : "private int minimumRangeValueColumn;",
      "right" : "private int minimumRangeValueColumn;",
      "info" : "FieldDeclaration[3536-3671]:FieldDeclaration[3536-3671]"
    }, {
      "left" : "private double maximumRangeValue;",
      "right" : "private double maximumRangeValue;",
      "info" : "FieldDeclaration[3679-3749]:FieldDeclaration[3679-3749]"
    }, {
      "left" : "private int maximumRangeValueRow;",
      "right" : "private int maximumRangeValueRow;",
      "info" : "FieldDeclaration[3757-3870]:FieldDeclaration[3757-3870]"
    }, {
      "left" : "private int maximumRangeValueColumn;",
      "right" : "private int maximumRangeValueColumn;",
      "info" : "FieldDeclaration[3882-4017]:FieldDeclaration[3882-4017]"
    }, {
      "left" : "private Range rangeBounds;",
      "right" : "private Range rangeBounds;",
      "info" : "FieldDeclaration[4029-4088]:FieldDeclaration[4029-4088]"
    }, {
      "left" : "public DefaultBoxAndWhiskerCategoryDataset()",
      "right" : "public DefaultBoxAndWhiskerCategoryDataset()",
      "info" : "MethodDeclaration[4096-4552]:MethodDeclaration[4096-4552]"
    }, {
      "left" : "public void add(List list, Comparable rowKey, Comparable columnKey)",
      "right" : "public void add(List list, Comparable rowKey, Comparable columnKey)",
      "info" : "MethodDeclaration[4560-5285]:MethodDeclaration[4560-5285]"
    }, {
      "left" : "public void add(BoxAndWhiskerItem item, Comparable rowKey, \r\n            Comparable columnKey)",
      "right" : "public void add(BoxAndWhiskerItem item, Comparable rowKey, \r\n            Comparable columnKey)",
      "info" : "MethodDeclaration[5297-7686]:MethodDeclaration[5297-7713]"
    }, {
      "left" : "public BoxAndWhiskerItem getItem(int row, int column)",
      "right" : "public BoxAndWhiskerItem getItem(int row, int column)",
      "info" : "MethodDeclaration[7694-8014]:MethodDeclaration[7721-8041]"
    }, {
      "left" : "public Number getValue(int row, int column)",
      "right" : "public Number getValue(int row, int column)",
      "info" : "MethodDeclaration[8022-8390]:MethodDeclaration[8049-8417]"
    }, {
      "left" : "public Number getValue(Comparable rowKey, Comparable columnKey)",
      "right" : "public Number getValue(Comparable rowKey, Comparable columnKey)",
      "info" : "MethodDeclaration[8398-8793]:MethodDeclaration[8425-8820]"
    }, {
      "left" : "public Number getMeanValue(int row, int column)",
      "right" : "public Number getMeanValue(int row, int column)",
      "info" : "MethodDeclaration[8801-9355]:MethodDeclaration[8828-9382]"
    }, {
      "left" : "public Number getMeanValue(Comparable rowKey, Comparable columnKey)",
      "right" : "public Number getMeanValue(Comparable rowKey, Comparable columnKey)",
      "info" : "MethodDeclaration[9363-9915]:MethodDeclaration[9390-9942]"
    }, {
      "left" : "public Number getMedianValue(int row, int column)",
      "right" : "public Number getMedianValue(int row, int column)",
      "info" : "MethodDeclaration[9923-10479]:MethodDeclaration[9950-10506]"
    }, {
      "left" : "public Number getMedianValue(Comparable rowKey, Comparable columnKey)",
      "right" : "public Number getMedianValue(Comparable rowKey, Comparable columnKey)",
      "info" : "MethodDeclaration[10487-11044]:MethodDeclaration[10514-11071]"
    }, {
      "left" : "public Number getQ1Value(int row, int column)",
      "right" : "public Number getQ1Value(int row, int column)",
      "info" : "MethodDeclaration[11052-11606]:MethodDeclaration[11079-11633]"
    }, {
      "left" : "public Number getQ1Value(Comparable rowKey, Comparable columnKey)",
      "right" : "public Number getQ1Value(Comparable rowKey, Comparable columnKey)",
      "info" : "MethodDeclaration[11614-12170]:MethodDeclaration[11641-12197]"
    }, {
      "left" : "public Number getQ3Value(int row, int column)",
      "right" : "public Number getQ3Value(int row, int column)",
      "info" : "MethodDeclaration[12178-12732]:MethodDeclaration[12205-12759]"
    }, {
      "left" : "public Number getQ3Value(Comparable rowKey, Comparable columnKey)",
      "right" : "public Number getQ3Value(Comparable rowKey, Comparable columnKey)",
      "info" : "MethodDeclaration[12740-13296]:MethodDeclaration[12767-13323]"
    }, {
      "left" : "public int getColumnIndex(Comparable key)",
      "right" : "public int getColumnIndex(Comparable key)",
      "info" : "MethodDeclaration[13304-13596]:MethodDeclaration[13331-13623]"
    }, {
      "left" : "public Comparable getColumnKey(int column)",
      "right" : "public Comparable getColumnKey(int column)",
      "info" : "MethodDeclaration[13604-13903]:MethodDeclaration[13631-13930]"
    }, {
      "left" : "public List getColumnKeys()",
      "right" : "public List getColumnKeys()",
      "info" : "MethodDeclaration[13911-14111]:MethodDeclaration[13938-14138]"
    }, {
      "left" : "public int getRowIndex(Comparable key)",
      "right" : "public int getRowIndex(Comparable key)",
      "info" : "MethodDeclaration[14119-14393]:MethodDeclaration[14146-14420]"
    }, {
      "left" : "public Comparable getRowKey(int row)",
      "right" : "public Comparable getRowKey(int row)",
      "info" : "MethodDeclaration[14401-14673]:MethodDeclaration[14428-14700]"
    }, {
      "left" : "public List getRowKeys()",
      "right" : "public List getRowKeys()",
      "info" : "MethodDeclaration[14681-14875]:MethodDeclaration[14708-14902]"
    }, {
      "left" : "public int getRowCount()",
      "right" : "public int getRowCount()",
      "info" : "MethodDeclaration[14883-15103]:MethodDeclaration[14910-15130]"
    }, {
      "left" : "public int getColumnCount()",
      "right" : "public int getColumnCount()",
      "info" : "MethodDeclaration[15111-15340]:MethodDeclaration[15138-15367]"
    }, {
      "left" : "public double getRangeLowerBound(boolean includeInterval)",
      "right" : "public double getRangeLowerBound(boolean includeInterval)",
      "info" : "MethodDeclaration[15348-15767]:MethodDeclaration[15375-15794]"
    }, {
      "left" : "public double getRangeUpperBound(boolean includeInterval)",
      "right" : "public double getRangeUpperBound(boolean includeInterval)",
      "info" : "MethodDeclaration[15775-16194]:MethodDeclaration[15802-16221]"
    }, {
      "left" : "public Range getRangeBounds(boolean includeInterval)",
      "right" : "public Range getRangeBounds(boolean includeInterval)",
      "info" : "MethodDeclaration[16202-16564]:MethodDeclaration[16229-16591]"
    }, {
      "left" : "public Number getMinRegularValue(int row, int column)",
      "right" : "public Number getMinRegularValue(int row, int column)",
      "info" : "MethodDeclaration[16576-17179]:MethodDeclaration[16603-17206]"
    }, {
      "left" : "public Number getMinRegularValue(Comparable rowKey, Comparable columnKey)",
      "right" : "public Number getMinRegularValue(Comparable rowKey, Comparable columnKey)",
      "info" : "MethodDeclaration[17187-17792]:MethodDeclaration[17214-17819]"
    }, {
      "left" : "public Number getMaxRegularValue(int row, int column)",
      "right" : "public Number getMaxRegularValue(int row, int column)",
      "info" : "MethodDeclaration[17800-18403]:MethodDeclaration[17827-18430]"
    }, {
      "left" : "public Number getMaxRegularValue(Comparable rowKey, Comparable columnKey)",
      "right" : "public Number getMaxRegularValue(Comparable rowKey, Comparable columnKey)",
      "info" : "MethodDeclaration[18411-19016]:MethodDeclaration[18438-19043]"
    }, {
      "left" : "public Number getMinOutlier(int row, int column)",
      "right" : "public Number getMinOutlier(int row, int column)",
      "info" : "MethodDeclaration[19024-19610]:MethodDeclaration[19051-19637]"
    }, {
      "left" : "public Number getMinOutlier(Comparable rowKey, Comparable columnKey)",
      "right" : "public Number getMinOutlier(Comparable rowKey, Comparable columnKey)",
      "info" : "MethodDeclaration[19618-20206]:MethodDeclaration[19645-20233]"
    }, {
      "left" : "public Number getMaxOutlier(int row, int column)",
      "right" : "public Number getMaxOutlier(int row, int column)",
      "info" : "MethodDeclaration[20214-20800]:MethodDeclaration[20241-20827]"
    }, {
      "left" : "public Number getMaxOutlier(Comparable rowKey, Comparable columnKey)",
      "right" : "public Number getMaxOutlier(Comparable rowKey, Comparable columnKey)",
      "info" : "MethodDeclaration[20808-21396]:MethodDeclaration[20835-21423]"
    }, {
      "left" : "public List getOutliers(int row, int column)",
      "right" : "public List getOutliers(int row, int column)",
      "info" : "MethodDeclaration[21404-21973]:MethodDeclaration[21431-22000]"
    }, {
      "left" : "public List getOutliers(Comparable rowKey, Comparable columnKey)",
      "right" : "public List getOutliers(Comparable rowKey, Comparable columnKey)",
      "info" : "MethodDeclaration[21981-22552]:MethodDeclaration[22008-22579]"
    }, {
      "left" : "private void updateBounds()",
      "right" : "private void updateBounds()",
      "info" : "MethodDeclaration[22564-22817]:MethodDeclaration[22591-24588]"
    }, {
      "left" : "public boolean equals(Object obj)",
      "right" : "public boolean equals(Object obj)",
      "info" : "MethodDeclaration[22829-23439]:MethodDeclaration[24600-25210]"
    }, {
      "left" : "public Object clone() throws CloneNotSupportedException",
      "right" : "public Object clone() throws CloneNotSupportedException",
      "info" : "MethodDeclaration[23451-23893]:MethodDeclaration[25222-25664]"
    } ],
    "mappings" : [
 {
      "left" : "public",
      "right" : "public",
      "info" : "Modifier[3098-3104]:Modifier[3098-3104]"
    }, {
      "left" : "class",
      "right" : "class",
      "info" : "TYPE_DECLARATION_KIND[3105-3110]:TYPE_DECLARATION_KIND[3105-3110]"
    }, {
      "left" : "DefaultBoxAndWhiskerCategoryDataset",
      "right" : "DefaultBoxAndWhiskerCategoryDataset",
      "info" : "SimpleName[3111-3146]:SimpleName[3111-3146]"
    }, {
      "left" : "AbstractDataset",
      "right" : "AbstractDataset",
      "info" : "SimpleType[3155-3170]:SimpleType[3155-3170]"
    }, {
      "left" : "BoxAndWhiskerCategoryDataset",
      "right" : "BoxAndWhiskerCategoryDataset",
      "info" : "SimpleType[3191-3219]:SimpleType[3191-3219]"
    }, {
      "left" : "RangeInfo",
      "right" : "RangeInfo",
      "info" : "SimpleType[3221-3230]:SimpleType[3221-3230]"
    }, {
      "left" : "PublicCloneable",
      "right" : "PublicCloneable",
      "info" : "SimpleType[3232-3247]:SimpleType[3232-3247]"
    }, {
      "left" : "public",
      "right" : "public",
      "info" : "Modifier[4145-4151]:Modifier[4145-4151]"
    }, {
      "left" : "DefaultBoxAndWhiskerCategoryDataset",
      "right" : "DefaultBoxAndWhiskerCategoryDataset",
      "info" : "SimpleName[4152-4187]:SimpleName[4152-4187]"
    }, {
      "left" : "{}",
      "right" : "{}",
      "info" : "Block[4190-4552]:Block[4190-4552]"
    }, {
      "left" : "this.data = new KeyedObjects2D();",
      "right" : "this.data = new KeyedObjects2D();",
      "info" : "ExpressionStatement[4201-4234]:ExpressionStatement[4201-4234]"
    }, {
      "left" : "this.minimumRangeValue = Double.NaN;",
      "right" : "this.minimumRangeValue = Double.NaN;",
      "info" : "ExpressionStatement[4244-4280]:ExpressionStatement[4244-4280]"
    }, {
      "left" : "this.minimumRangeValueRow = -1;",
      "right" : "this.minimumRangeValueRow = -1;",
      "info" : "ExpressionStatement[4290-4321]:ExpressionStatement[4290-4321]"
    }, {
      "left" : "this.minimumRangeValueColumn = -1;",
      "right" : "this.minimumRangeValueColumn = -1;",
      "info" : "ExpressionStatement[4331-4365]:ExpressionStatement[4331-4365]"
    }, {
      "left" : "this.maximumRangeValue = Double.NaN;",
      "right" : "this.maximumRangeValue = Double.NaN;",
      "info" : "ExpressionStatement[4375-4411]:ExpressionStatement[4375-4411]"
    }, {
      "left" : "this.maximumRangeValueRow = -1;",
      "right" : "this.maximumRangeValueRow = -1;",
      "info" : "ExpressionStatement[4421-4452]:ExpressionStatement[4421-4452]"
    }, {
      "left" : "this.maximumRangeValueColumn = -1;",
      "right" : "this.maximumRangeValueColumn = -1;",
      "info" : "ExpressionStatement[4462-4496]:ExpressionStatement[4462-4496]"
    }, {
      "left" : "this.rangeBounds = new Range(0.0, 0.0);",
      "right" : "this.rangeBounds = new Range(0.0, 0.0);",
      "info" : "ExpressionStatement[4506-4545]:ExpressionStatement[4506-4545]"
    }, {
      "left" : "public",
      "right" : "public",
      "info" : "Modifier[5054-5060]:Modifier[5054-5060]"
    }, {
      "left" : "void",
      "right" : "void",
      "info" : "PrimitiveType[5061-5065]:PrimitiveType[5061-5065]"
    }, {
      "left" : "add",
      "right" : "add",
      "info" : "SimpleName[5066-5069]:SimpleName[5066-5069]"
    }, {
      "left" : "List list",
      "right" : "List list",
      "info" : "SingleVariableDeclaration[5070-5079]:SingleVariableDeclaration[5070-5079]"
    }, {
      "left" : "Comparable rowKey",
      "right" : "Comparable rowKey",
      "info" : "SingleVariableDeclaration[5081-5098]:SingleVariableDeclaration[5081-5098]"
    }, {
      "left" : "Comparable columnKey",
      "right" : "Comparable columnKey",
      "info" : "SingleVariableDeclaration[5100-5120]:SingleVariableDeclaration[5100-5120]"
    }, {
      "left" : "{}",
      "right" : "{}",
      "info" : "Block[5122-5285]:Block[5122-5285]"
    }, {
      "left" : "BoxAndWhiskerItem item = BoxAndWhiskerCalculator\r\n                .calculateBoxAndWhiskerStatistics(list);",
      "right" : "BoxAndWhiskerItem item = BoxAndWhiskerCalculator\r\n                .calculateBoxAndWhiskerStatistics(list);",
      "info" : "VariableDeclarationStatement[5133-5239]:VariableDeclarationStatement[5133-5239]"
    }, {
      "left" : "add(item, rowKey, columnKey);",
      "right" : "add(item, rowKey, columnKey);",
      "info" : "ExpressionStatement[5249-5278]:ExpressionStatement[5249-5278]"
    }, {
      "left" : "public",
      "right" : "public",
      "info" : "Modifier[5740-5746]:Modifier[5740-5746]"
    }, {
      "left" : "void",
      "right" : "void",
      "info" : "PrimitiveType[5747-5751]:PrimitiveType[5747-5751]"
    }, {
      "left" : "add",
      "right" : "add",
      "info" : "SimpleName[5752-5755]:SimpleName[5752-5755]"
    }, {
      "left" : "BoxAndWhiskerItem item",
      "right" : "BoxAndWhiskerItem item",
      "info" : "SingleVariableDeclaration[5756-5778]:SingleVariableDeclaration[5756-5778]"
    }, {
      "left" : "Comparable rowKey",
      "right" : "Comparable rowKey",
      "info" : "SingleVariableDeclaration[5780-5797]:SingleVariableDeclaration[5780-5797]"
    }, {
      "left" : "Comparable columnKey",
      "right" : "Comparable columnKey",
      "info" : "SingleVariableDeclaration[5813-5833]:SingleVariableDeclaration[5813-5833]"
    }, {
      "left" : "{}",
      "right" : "{}",
      "info" : "Block[5835-7686]:Block[5835-7713]"
    }, {
      "left" : "this.data.addObject(item, rowKey, columnKey);",
      "right" : "this.data.addObject(item, rowKey, columnKey);",
      "info" : "ExpressionStatement[5848-5893]:ExpressionStatement[5848-5893]"
    }, {
      "left" : "int r = this.data.getRowIndex(rowKey);",
      "right" : "int r = this.data.getRowIndex(rowKey);",
      "info" : "VariableDeclarationStatement[5958-5996]:VariableDeclarationStatement[5958-5996]"
    }, {
      "left" : "int c = this.data.getColumnIndex(columnKey);",
      "right" : "int c = this.data.getColumnIndex(columnKey);",
      "info" : "VariableDeclarationStatement[6006-6050]:VariableDeclarationStatement[6006-6050]"
    }, {
      "left" : "if ((this.maximumRangeValueRow == r && this.maximumRangeValueColumn \r\n                == c) || (this.minimumRangeValueRow == r \r\n                && this.minimumRangeValueColumn == c))",
      "right" : "if ((this.maximumRangeValueRow == r && this.maximumRangeValueColumn \r\n                == c) || (this.minimumRangeValueRow == r \r\n                && this.minimumRangeValueColumn == c))",
      "info" : "IfStatement[6060-6286]:IfStatement[6060-7561]"
    }, {
      "left" : "{}",
      "right" : "{}",
      "info" : "Block[6245-6286]:Block[6245-6286]"
    }, {
      "left" : "updateBounds();",
      "right" : "updateBounds();",
      "info" : "ExpressionStatement[6260-6275]:ExpressionStatement[6260-6275]"
    }, {
      "left" : "double minval = Double.NaN;",
      "right" : "double minval = Double.NaN;",
      "info" : "VariableDeclarationStatement[6310-6337]:VariableDeclarationStatement[6326-6353]"
    }, {
      "left" : "if (item.getMinOutlier() != null)",
      "right" : "if (item.getMinOutlier() != null)",
      "info" : "IfStatement[6351-6463]:IfStatement[6367-6479]"
    }, {
      "left" : "{}",
      "right" : "{}",
      "info" : "Block[6385-6463]:Block[6401-6479]"
    }, {
      "left" : "minval = item.getMinOutlier().doubleValue();",
      "right" : "minval = item.getMinOutlier().doubleValue();",
      "info" : "ExpressionStatement[6404-6448]:ExpressionStatement[6420-6464]"
    }, {
      "left" : "double maxval = Double.NaN;",
      "right" : "double maxval = Double.NaN;",
      "info" : "VariableDeclarationStatement[6477-6504]:VariableDeclarationStatement[6493-6520]"
    }, {
      "left" : "if (item.getMaxOutlier() != null)",
      "right" : "if (item.getMaxOutlier() != null)",
      "info" : "IfStatement[6518-6630]:IfStatement[6534-6646]"
    }, {
      "left" : "{}",
      "right" : "{}",
      "info" : "Block[6552-6630]:Block[6568-6646]"
    }, {
      "left" : "maxval = item.getMaxOutlier().doubleValue();",
      "right" : "maxval = item.getMaxOutlier().doubleValue();",
      "info" : "ExpressionStatement[6571-6615]:ExpressionStatement[6587-6631]"
    }, {
      "left" : "if (Double.isNaN(this.maximumRangeValue))",
      "right" : "if (Double.isNaN(this.maximumRangeValue))",
      "info" : "IfStatement[6654-7082]:IfStatement[6670-7098]"
    }, {
      "left" : "{}",
      "right" : "{}",
      "info" : "Block[6696-6861]:Block[6712-6877]"
    }, {
      "left" : "this.maximumRangeValue = maxval;",
      "right" : "this.maximumRangeValue = maxval;",
      "info" : "ExpressionStatement[6715-6747]:ExpressionStatement[6731-6763]"
    }, {
      "left" : "this.maximumRangeValueRow = r;",
      "right" : "this.maximumRangeValueRow = r;",
      "info" : "ExpressionStatement[6765-6795]:ExpressionStatement[6781-6811]"
    }, {
      "left" : "this.maximumRangeValueColumn = c;",
      "right" : "this.maximumRangeValueColumn = c;",
      "info" : "ExpressionStatement[6813-6846]:ExpressionStatement[6829-6862]"
    }, {
      "left" : "if (maxval > this.maximumRangeValue)",
      "right" : "if (maxval > this.maximumRangeValue)",
      "info" : "IfStatement[6880-7082]:IfStatement[6896-7098]"
    }, {
      "left" : "{}",
      "right" : "{}",
      "info" : "Block[6917-7082]:Block[6933-7098]"
    }, {
      "left" : "this.maximumRangeValue = maxval;",
      "right" : "this.maximumRangeValue = maxval;",
      "info" : "ExpressionStatement[6936-6968]:ExpressionStatement[6952-6984]"
    }, {
      "left" : "this.maximumRangeValueRow = r;",
      "right" : "this.maximumRangeValueRow = r;",
      "info" : "ExpressionStatement[6986-7016]:ExpressionStatement[7002-7032]"
    }, {
      "left" : "this.maximumRangeValueColumn = c;",
      "right" : "this.maximumRangeValueColumn = c;",
      "info" : "ExpressionStatement[7034-7067]:ExpressionStatement[7050-7083]"
    }, {
      "left" : "if (Double.isNaN(this.minimumRangeValue))",
      "right" : "if (Double.isNaN(this.minimumRangeValue))",
      "info" : "IfStatement[7106-7534]:IfStatement[7122-7550]"
    }, {
      "left" : "{}",
      "right" : "{}",
      "info" : "Block[7148-7313]:Block[7164-7329]"
    }, {
      "left" : "this.minimumRangeValue = minval;",
      "right" : "this.minimumRangeValue = minval;",
      "info" : "ExpressionStatement[7167-7199]:ExpressionStatement[7183-7215]"
    }, {
      "left" : "this.minimumRangeValueRow = r;",
      "right" : "this.minimumRangeValueRow = r;",
      "info" : "ExpressionStatement[7217-7247]:ExpressionStatement[7233-7263]"
    }, {
      "left" : "this.minimumRangeValueColumn = c;",
      "right" : "this.minimumRangeValueColumn = c;",
      "info" : "ExpressionStatement[7265-7298]:ExpressionStatement[7281-7314]"
    }, {
      "left" : "if (minval < this.minimumRangeValue)",
      "right" : "if (minval < this.minimumRangeValue)",
      "info" : "IfStatement[7332-7534]:IfStatement[7348-7550]"
    }, {
      "left" : "{}",
      "right" : "{}",
      "info" : "Block[7369-7534]:Block[7385-7550]"
    }, {
      "left" : "this.minimumRangeValue = minval;",
      "right" : "this.minimumRangeValue = minval;",
      "info" : "ExpressionStatement[7388-7420]:ExpressionStatement[7404-7436]"
    }, {
      "left" : "this.minimumRangeValueRow = r;",
      "right" : "this.minimumRangeValueRow = r;",
      "info" : "ExpressionStatement[7438-7468]:ExpressionStatement[7454-7484]"
    }, {
      "left" : "this.minimumRangeValueColumn = c;",
      "right" : "this.minimumRangeValueColumn = c;",
      "info" : "ExpressionStatement[7486-7519]:ExpressionStatement[7502-7535]"
    }, {
      "left" : "this.rangeBounds = new Range(this.minimumRangeValue,\r\n              this.maximumRangeValue);",
      "right" : "this.rangeBounds = new Range(this.minimumRangeValue,\r\n              this.maximumRangeValue);",
      "info" : "ExpressionStatement[7554-7646]:ExpressionStatement[7581-7673]"
    }, {
      "left" : "fireDatasetChanged();",
      "right" : "fireDatasetChanged();",
      "info" : "ExpressionStatement[7656-7677]:ExpressionStatement[7683-7704]"
    }, {
      "left" : "public",
      "right" : "public",
      "info" : "Modifier[7880-7886]:Modifier[7907-7913]"
    }, {
      "left" : "BoxAndWhiskerItem",
      "right" : "BoxAndWhiskerItem",
      "info" : "SimpleType[7887-7904]:SimpleType[7914-7931]"
    }, {
      "left" : "getItem",
      "right" : "getItem",
      "info" : "SimpleName[7905-7912]:SimpleName[7932-7939]"
    }, {
      "left" : "int row",
      "right" : "int row",
      "info" : "SingleVariableDeclaration[7913-7920]:SingleVariableDeclaration[7940-7947]"
    }, {
      "left" : "int column",
      "right" : "int column",
      "info" : "SingleVariableDeclaration[7922-7932]:SingleVariableDeclaration[7949-7959]"
    }, {
      "left" : "{}",
      "right" : "{}",
      "info" : "Block[7934-8014]:Block[7961-8041]"
    }, {
      "left" : "return (BoxAndWhiskerItem) this.data.getObject(row, column);",
      "right" : "return (BoxAndWhiskerItem) this.data.getObject(row, column);",
      "info" : "ReturnStatement[7945-8005]:ReturnStatement[7972-8032]"
    }, {
      "left" : "public",
      "right" : "public",
      "info" : "Modifier[8293-8299]:Modifier[8320-8326]"
    }, {
      "left" : "Number",
      "right" : "Number",
      "info" : "SimpleType[8300-8306]:SimpleType[8327-8333]"
    }, {
      "left" : "getValue",
      "right" : "getValue",
      "info" : "SimpleName[8307-8315]:SimpleName[8334-8342]"
    }, {
      "left" : "int row",
      "right" : "int row",
      "info" : "SingleVariableDeclaration[8316-8323]:SingleVariableDeclaration[8343-8350]"
    }, {
      "left" : "int column",
      "right" : "int column",
      "info" : "SingleVariableDeclaration[8325-8335]:SingleVariableDeclaration[8352-8362]"
    }, {
      "left" : "{}",
      "right" : "{}",
      "info" : "Block[8337-8390]:Block[8364-8417]"
    }, {
      "left" : "return getMedianValue(row, column);",
      "right" : "return getMedianValue(row, column);",
      "info" : "ReturnStatement[8348-8383]:ReturnStatement[8375-8410]"
    }, {
      "left" : "public",
      "right" : "public",
      "info" : "Modifier[8670-8676]:Modifier[8697-8703]"
    }, {
      "left" : "Number",
      "right" : "Number",
      "info" : "SimpleType[8677-8683]:SimpleType[8704-8710]"
    }, {
      "left" : "getValue",
      "right" : "getValue",
      "info" : "SimpleName[8684-8692]:SimpleName[8711-8719]"
    }, {
      "left" : "Comparable rowKey",
      "right" : "Comparable rowKey",
      "info" : "SingleVariableDeclaration[8693-8710]:SingleVariableDeclaration[8720-8737]"
    }, {
      "left" : "Comparable columnKey",
      "right" : "Comparable columnKey",
      "info" : "SingleVariableDeclaration[8712-8732]:SingleVariableDeclaration[8739-8759]"
    }, {
      "left" : "{}",
      "right" : "{}",
      "info" : "Block[8734-8793]:Block[8761-8820]"
    }, {
      "left" : "return getMedianValue(rowKey, columnKey);",
      "right" : "return getMedianValue(rowKey, columnKey);",
      "info" : "ReturnStatement[8745-8786]:ReturnStatement[8772-8813]"
    }, {
      "left" : "public",
      "right" : "public",
      "info" : "Modifier[9056-9062]:Modifier[9083-9089]"
    }, {
      "left" : "Number",
      "right" : "Number",
      "info" : "SimpleType[9063-9069]:SimpleType[9090-9096]"
    }, {
      "left" : "getMeanValue",
      "right" : "getMeanValue",
      "info" : "SimpleName[9070-9082]:SimpleName[9097-9109]"
    }, {
      "left" : "int row",
      "right" : "int row",
      "info" : "SingleVariableDeclaration[9083-9090]:SingleVariableDeclaration[9110-9117]"
    }, {
      "left" : "int column",
      "right" : "int column",
      "info" : "SingleVariableDeclaration[9092-9102]:SingleVariableDeclaration[9119-9129]"
    }, {
      "left" : "{}",
      "right" : "{}",
      "info" : "Block[9104-9355]:Block[9131-9382]"
    }, {
      "left" : "Number result = null;",
      "right" : "Number result = null;",
      "info" : "VariableDeclarationStatement[9117-9138]:VariableDeclarationStatement[9144-9165]"
    }, {
      "left" : "BoxAndWhiskerItem item = (BoxAndWhiskerItem) this.data.getObject(row, \r\n                column);",
      "right" : "BoxAndWhiskerItem item = (BoxAndWhiskerItem) this.data.getObject(row, \r\n                column);",
      "info" : "VariableDeclarationStatement[9148-9244]:VariableDeclarationStatement[9175-9271]"
    }, {
      "left" : "if (item != null)",
      "right" : "if (item != null)",
      "info" : "IfStatement[9254-9322]:IfStatement[9281-9349]"
    }, {
      "left" : "{}",
      "right" : "{}",
      "info" : "Block[9272-9322]:Block[9299-9349]"
    }, {
      "left" : "result = item.getMean();",
      "right" : "result = item.getMean();",
      "info" : "ExpressionStatement[9287-9311]:ExpressionStatement[9314-9338]"
    }, {
      "left" : "return result;",
      "right" : "return result;",
      "info" : "ReturnStatement[9332-9346]:ReturnStatement[9359-9373]"
    }, {
      "left" : "public",
      "right" : "public",
      "info" : "Modifier[9594-9600]:Modifier[9621-9627]"
    }, {
      "left" : "Number",
      "right" : "Number",
      "info" : "SimpleType[9601-9607]:SimpleType[9628-9634]"
    }, {
      "left" : "getMeanValue",
      "right" : "getMeanValue",
      "info" : "SimpleName[9608-9620]:SimpleName[9635-9647]"
    }, {
      "left" : "Comparable rowKey",
      "right" : "Comparable rowKey",
      "info" : "SingleVariableDeclaration[9621-9638]:SingleVariableDeclaration[9648-9665]"
    }, {
      "left" : "Comparable columnKey",
      "right" : "Comparable columnKey",
      "info" : "SingleVariableDeclaration[9640-9660]:SingleVariableDeclaration[9667-9687]"
    }, {
      "left" : "{}",
      "right" : "{}",
      "info" : "Block[9662-9915]:Block[9689-9942]"
    }, {
      "left" : "Number result = null;",
      "right" : "Number result = null;",
      "info" : "VariableDeclarationStatement[9673-9694]:VariableDeclarationStatement[9700-9721]"
    }, {
      "left" : "BoxAndWhiskerItem item = (BoxAndWhiskerItem) this.data.getObject(\r\n                rowKey, columnKey);",
      "right" : "BoxAndWhiskerItem item = (BoxAndWhiskerItem) this.data.getObject(\r\n                rowKey, columnKey);",
      "info" : "VariableDeclarationStatement[9704-9806]:VariableDeclarationStatement[9731-9833]"
    }, {
      "left" : "if (item != null)",
      "right" : "if (item != null)",
      "info" : "IfStatement[9816-9884]:IfStatement[9843-9911]"
    }, {
      "left" : "{}",
      "right" : "{}",
      "info" : "Block[9834-9884]:Block[9861-9911]"
    }, {
      "left" : "result = item.getMean();",
      "right" : "result = item.getMean();",
      "info" : "ExpressionStatement[9849-9873]:ExpressionStatement[9876-9900]"
    }, {
      "left" : "return result;",
      "right" : "return result;",
      "info" : "ReturnStatement[9894-9908]:ReturnStatement[9921-9935]"
    }, {
      "left" : "public",
      "right" : "public",
      "info" : "Modifier[10180-10186]:Modifier[10207-10213]"
    }, {
      "left" : "Number",
      "right" : "Number",
      "info" : "SimpleType[10187-10193]:SimpleType[10214-10220]"
    }, {
      "left" : "getMedianValue",
      "right" : "getMedianValue",
      "info" : "SimpleName[10194-10208]:SimpleName[10221-10235]"
    }, {
      "left" : "int row",
      "right" : "int row",
      "info" : "SingleVariableDeclaration[10209-10216]:SingleVariableDeclaration[10236-10243]"
    }, {
      "left" : "int column",
      "right" : "int column",
      "info" : "SingleVariableDeclaration[10218-10228]:SingleVariableDeclaration[10245-10255]"
    }, {
      "left" : "{}",
      "right" : "{}",
      "info" : "Block[10230-10479]:Block[10257-10506]"
    }, {
      "left" : "Number result = null;",
      "right" : "Number result = null;",
      "info" : "VariableDeclarationStatement[10241-10262]:VariableDeclarationStatement[10268-10289]"
    }, {
      "left" : "BoxAndWhiskerItem item = (BoxAndWhiskerItem) this.data.getObject(row, \r\n                column);",
      "right" : "BoxAndWhiskerItem item = (BoxAndWhiskerItem) this.data.getObject(row, \r\n                column);",
      "info" : "VariableDeclarationStatement[10272-10368]:VariableDeclarationStatement[10299-10395]"
    }, {
      "left" : "if (item != null)",
      "right" : "if (item != null)",
      "info" : "IfStatement[10378-10448]:IfStatement[10405-10475]"
    }, {
      "left" : "{}",
      "right" : "{}",
      "info" : "Block[10396-10448]:Block[10423-10475]"
    }, {
      "left" : "result = item.getMedian();",
      "right" : "result = item.getMedian();",
      "info" : "ExpressionStatement[10411-10437]:ExpressionStatement[10438-10464]"
    }, {
      "left" : "return result;",
      "right" : "return result;",
      "info" : "ReturnStatement[10458-10472]:ReturnStatement[10485-10499]"
    }, {
      "left" : "public",
      "right" : "public",
      "info" : "Modifier[10719-10725]:Modifier[10746-10752]"
    }, {
      "left" : "Number",
      "right" : "Number",
      "info" : "SimpleType[10726-10732]:SimpleType[10753-10759]"
    }, {
      "left" : "getMedianValue",
      "right" : "getMedianValue",
      "info" : "SimpleName[10733-10747]:SimpleName[10760-10774]"
    }, {
      "left" : "Comparable rowKey",
      "right" : "Comparable rowKey",
      "info" : "SingleVariableDeclaration[10748-10765]:SingleVariableDeclaration[10775-10792]"
    }, {
      "left" : "Comparable columnKey",
      "right" : "Comparable columnKey",
      "info" : "SingleVariableDeclaration[10767-10787]:SingleVariableDeclaration[10794-10814]"
    }, {
      "left" : "{}",
      "right" : "{}",
      "info" : "Block[10789-11044]:Block[10816-11071]"
    }, {
      "left" : "Number result = null;",
      "right" : "Number result = null;",
      "info" : "VariableDeclarationStatement[10800-10821]:VariableDeclarationStatement[10827-10848]"
    }, {
      "left" : "BoxAndWhiskerItem item = (BoxAndWhiskerItem) this.data.getObject(\r\n                rowKey, columnKey);",
      "right" : "BoxAndWhiskerItem item = (BoxAndWhiskerItem) this.data.getObject(\r\n                rowKey, columnKey);",
      "info" : "VariableDeclarationStatement[10831-10933]:VariableDeclarationStatement[10858-10960]"
    }, {
      "left" : "if (item != null)",
      "right" : "if (item != null)",
      "info" : "IfStatement[10943-11013]:IfStatement[10970-11040]"
    }, {
      "left" : "{}",
      "right" : "{}",
      "info" : "Block[10961-11013]:Block[10988-11040]"
    }, {
      "left" : "result = item.getMedian();",
      "right" : "result = item.getMedian();",
      "info" : "ExpressionStatement[10976-11002]:ExpressionStatement[11003-11029]"
    }, {
      "left" : "return result;",
      "right" : "return result;",
      "info" : "ReturnStatement[11023-11037]:ReturnStatement[11050-11064]"
    }, {
      "left" : "public",
      "right" : "public",
      "info" : "Modifier[11315-11321]:Modifier[11342-11348]"
    }, {
      "left" : "Number",
      "right" : "Number",
      "info" : "SimpleType[11322-11328]:SimpleType[11349-11355]"
    }, {
      "left" : "getQ1Value",
      "right" : "getQ1Value",
      "info" : "SimpleName[11329-11339]:SimpleName[11356-11366]"
    }, {
      "left" : "int row",
      "right" : "int row",
      "info" : "SingleVariableDeclaration[11340-11347]:SingleVariableDeclaration[11367-11374]"
    }, {
      "left" : "int column",
      "right" : "int column",
      "info" : "SingleVariableDeclaration[11349-11359]:SingleVariableDeclaration[11376-11386]"
    }, {
      "left" : "{}",
      "right" : "{}",
      "info" : "Block[11361-11606]:Block[11388-11633]"
    }, {
      "left" : "Number result = null;",
      "right" : "Number result = null;",
      "info" : "VariableDeclarationStatement[11372-11393]:VariableDeclarationStatement[11399-11420]"
    }, {
      "left" : "BoxAndWhiskerItem item = (BoxAndWhiskerItem) this.data.getObject(\r\n                row, column);",
      "right" : "BoxAndWhiskerItem item = (BoxAndWhiskerItem) this.data.getObject(\r\n                row, column);",
      "info" : "VariableDeclarationStatement[11403-11499]:VariableDeclarationStatement[11430-11526]"
    }, {
      "left" : "if (item != null)",
      "right" : "if (item != null)",
      "info" : "IfStatement[11509-11575]:IfStatement[11536-11602]"
    }, {
      "left" : "{}",
      "right" : "{}",
      "info" : "Block[11527-11575]:Block[11554-11602]"
    }, {
      "left" : "result = item.getQ1();",
      "right" : "result = item.getQ1();",
      "info" : "ExpressionStatement[11542-11564]:ExpressionStatement[11569-11591]"
    }, {
      "left" : "return result;",
      "right" : "return result;",
      "info" : "ReturnStatement[11585-11599]:ReturnStatement[11612-11626]"
    }, {
      "left" : "public",
      "right" : "public",
      "info" : "Modifier[11853-11859]:Modifier[11880-11886]"
    }, {
      "left" : "Number",
      "right" : "Number",
      "info" : "SimpleType[11860-11866]:SimpleType[11887-11893]"
    }, {
      "left" : "getQ1Value",
      "right" : "getQ1Value",
      "info" : "SimpleName[11867-11877]:SimpleName[11894-11904]"
    }, {
      "left" : "Comparable rowKey",
      "right" : "Comparable rowKey",
      "info" : "SingleVariableDeclaration[11878-11895]:SingleVariableDeclaration[11905-11922]"
    }, {
      "left" : "Comparable columnKey",
      "right" : "Comparable columnKey",
      "info" : "SingleVariableDeclaration[11897-11917]:SingleVariableDeclaration[11924-11944]"
    }, {
      "left" : "{}",
      "right" : "{}",
      "info" : "Block[11919-12170]:Block[11946-12197]"
    }, {
      "left" : "Number result = null;",
      "right" : "Number result = null;",
      "info" : "VariableDeclarationStatement[11930-11951]:VariableDeclarationStatement[11957-11978]"
    }, {
      "left" : "BoxAndWhiskerItem item = (BoxAndWhiskerItem) this.data.getObject(\r\n                rowKey, columnKey);",
      "right" : "BoxAndWhiskerItem item = (BoxAndWhiskerItem) this.data.getObject(\r\n                rowKey, columnKey);",
      "info" : "VariableDeclarationStatement[11961-12063]:VariableDeclarationStatement[11988-12090]"
    }, {
      "left" : "if (item != null)",
      "right" : "if (item != null)",
      "info" : "IfStatement[12073-12139]:IfStatement[12100-12166]"
    }, {
      "left" : "{}",
      "right" : "{}",
      "info" : "Block[12091-12139]:Block[12118-12166]"
    }, {
      "left" : "result = item.getQ1();",
      "right" : "result = item.getQ1();",
      "info" : "ExpressionStatement[12106-12128]:ExpressionStatement[12133-12155]"
    }, {
      "left" : "return result;",
      "right" : "return result;",
      "info" : "ReturnStatement[12149-12163]:ReturnStatement[12176-12190]"
    }, {
      "left" : "public",
      "right" : "public",
      "info" : "Modifier[12441-12447]:Modifier[12468-12474]"
    }, {
      "left" : "Number",
      "right" : "Number",
      "info" : "SimpleType[12448-12454]:SimpleType[12475-12481]"
    }, {
      "left" : "getQ3Value",
      "right" : "getQ3Value",
      "info" : "SimpleName[12455-12465]:SimpleName[12482-12492]"
    }, {
      "left" : "int row",
      "right" : "int row",
      "info" : "SingleVariableDeclaration[12466-12473]:SingleVariableDeclaration[12493-12500]"
    }, {
      "left" : "int column",
      "right" : "int column",
      "info" : "SingleVariableDeclaration[12475-12485]:SingleVariableDeclaration[12502-12512]"
    }, {
      "left" : "{}",
      "right" : "{}",
      "info" : "Block[12487-12732]:Block[12514-12759]"
    }, {
      "left" : "Number result = null;",
      "right" : "Number result = null;",
      "info" : "VariableDeclarationStatement[12498-12519]:VariableDeclarationStatement[12525-12546]"
    }, {
      "left" : "BoxAndWhiskerItem item = (BoxAndWhiskerItem) this.data.getObject(\r\n                row, column);",
      "right" : "BoxAndWhiskerItem item = (BoxAndWhiskerItem) this.data.getObject(\r\n                row, column);",
      "info" : "VariableDeclarationStatement[12529-12625]:VariableDeclarationStatement[12556-12652]"
    }, {
      "left" : "if (item != null)",
      "right" : "if (item != null)",
      "info" : "IfStatement[12635-12701]:IfStatement[12662-12728]"
    }, {
      "left" : "{}",
      "right" : "{}",
      "info" : "Block[12653-12701]:Block[12680-12728]"
    }, {
      "left" : "result = item.getQ3();",
      "right" : "result = item.getQ3();",
      "info" : "ExpressionStatement[12668-12690]:ExpressionStatement[12695-12717]"
    }, {
      "left" : "return result;",
      "right" : "return result;",
      "info" : "ReturnStatement[12711-12725]:ReturnStatement[12738-12752]"
    }, {
      "left" : "public",
      "right" : "public",
      "info" : "Modifier[12979-12985]:Modifier[13006-13012]"
    }, {
      "left" : "Number",
      "right" : "Number",
      "info" : "SimpleType[12986-12992]:SimpleType[13013-13019]"
    }, {
      "left" : "getQ3Value",
      "right" : "getQ3Value",
      "info" : "SimpleName[12993-13003]:SimpleName[13020-13030]"
    }, {
      "left" : "Comparable rowKey",
      "right" : "Comparable rowKey",
      "info" : "SingleVariableDeclaration[13004-13021]:SingleVariableDeclaration[13031-13048]"
    }, {
      "left" : "Comparable columnKey",
      "right" : "Comparable columnKey",
      "info" : "SingleVariableDeclaration[13023-13043]:SingleVariableDeclaration[13050-13070]"
    }, {
      "left" : "{}",
      "right" : "{}",
      "info" : "Block[13045-13296]:Block[13072-13323]"
    }, {
      "left" : "Number result = null;",
      "right" : "Number result = null;",
      "info" : "VariableDeclarationStatement[13056-13077]:VariableDeclarationStatement[13083-13104]"
    }, {
      "left" : "BoxAndWhiskerItem item = (BoxAndWhiskerItem) this.data.getObject(\r\n                rowKey, columnKey);",
      "right" : "BoxAndWhiskerItem item = (BoxAndWhiskerItem) this.data.getObject(\r\n                rowKey, columnKey);",
      "info" : "VariableDeclarationStatement[13087-13189]:VariableDeclarationStatement[13114-13216]"
    }, {
      "left" : "if (item != null)",
      "right" : "if (item != null)",
      "info" : "IfStatement[13199-13265]:IfStatement[13226-13292]"
    }, {
      "left" : "{}",
      "right" : "{}",
      "info" : "Block[13217-13265]:Block[13244-13292]"
    }, {
      "left" : "result = item.getQ3();",
      "right" : "result = item.getQ3();",
      "info" : "ExpressionStatement[13232-13254]:ExpressionStatement[13259-13281]"
    }, {
      "left" : "return result;",
      "right" : "return result;",
      "info" : "ReturnStatement[13275-13289]:ReturnStatement[13302-13316]"
    }, {
      "left" : "public",
      "right" : "public",
      "info" : "Modifier[13499-13505]:Modifier[13526-13532]"
    }, {
      "left" : "int",
      "right" : "int",
      "info" : "PrimitiveType[13506-13509]:PrimitiveType[13533-13536]"
    }, {
      "left" : "getColumnIndex",
      "right" : "getColumnIndex",
      "info" : "SimpleName[13510-13524]:SimpleName[13537-13551]"
    }, {
      "left" : "Comparable key",
      "right" : "Comparable key",
      "info" : "SingleVariableDeclaration[13525-13539]:SingleVariableDeclaration[13552-13566]"
    }, {
      "left" : "{}",
      "right" : "{}",
      "info" : "Block[13541-13596]:Block[13568-13623]"
    }, {
      "left" : "return this.data.getColumnIndex(key);",
      "right" : "return this.data.getColumnIndex(key);",
      "info" : "ReturnStatement[13552-13589]:ReturnStatement[13579-13616]"
    }, {
      "left" : "public",
      "right" : "public",
      "info" : "Modifier[13804-13810]:Modifier[13831-13837]"
    }, {
      "left" : "Comparable",
      "right" : "Comparable",
      "info" : "SimpleType[13811-13821]:SimpleType[13838-13848]"
    }, {
      "left" : "getColumnKey",
      "right" : "getColumnKey",
      "info" : "SimpleName[13822-13834]:SimpleName[13849-13861]"
    }, {
      "left" : "int column",
      "right" : "int column",
      "info" : "SingleVariableDeclaration[13835-13845]:SingleVariableDeclaration[13862-13872]"
    }, {
      "left" : "{}",
      "right" : "{}",
      "info" : "Block[13847-13903]:Block[13874-13930]"
    }, {
      "left" : "return this.data.getColumnKey(column);",
      "right" : "return this.data.getColumnKey(column);",
      "info" : "ReturnStatement[13858-13896]:ReturnStatement[13885-13923]"
    }, {
      "left" : "public",
      "right" : "public",
      "info" : "Modifier[14032-14038]:Modifier[14059-14065]"
    }, {
      "left" : "List",
      "right" : "List",
      "info" : "SimpleType[14039-14043]:SimpleType[14066-14070]"
    }, {
      "left" : "getColumnKeys",
      "right" : "getColumnKeys",
      "info" : "SimpleName[14044-14057]:SimpleName[14071-14084]"
    }, {
      "left" : "{}",
      "right" : "{}",
      "info" : "Block[14060-14111]:Block[14087-14138]"
    }, {
      "left" : "return this.data.getColumnKeys();",
      "right" : "return this.data.getColumnKeys();",
      "info" : "ReturnStatement[14071-14104]:ReturnStatement[14098-14131]"
    }, {
      "left" : "public",
      "right" : "public",
      "info" : "Modifier[14302-14308]:Modifier[14329-14335]"
    }, {
      "left" : "int",
      "right" : "int",
      "info" : "PrimitiveType[14309-14312]:PrimitiveType[14336-14339]"
    }, {
      "left" : "getRowIndex",
      "right" : "getRowIndex",
      "info" : "SimpleName[14313-14324]:SimpleName[14340-14351]"
    }, {
      "left" : "Comparable key",
      "right" : "Comparable key",
      "info" : "SingleVariableDeclaration[14325-14339]:SingleVariableDeclaration[14352-14366]"
    }, {
      "left" : "{}",
      "right" : "{}",
      "info" : "Block[14341-14393]:Block[14368-14420]"
    }, {
      "left" : "return this.data.getRowIndex(key);",
      "right" : "return this.data.getRowIndex(key);",
      "info" : "ReturnStatement[14352-14386]:ReturnStatement[14379-14413]"
    }, {
      "left" : "public",
      "right" : "public",
      "info" : "Modifier[14586-14592]:Modifier[14613-14619]"
    }, {
      "left" : "Comparable",
      "right" : "Comparable",
      "info" : "SimpleType[14593-14603]:SimpleType[14620-14630]"
    }, {
      "left" : "getRowKey",
      "right" : "getRowKey",
      "info" : "SimpleName[14604-14613]:SimpleName[14631-14640]"
    }, {
      "left" : "int row",
      "right" : "int row",
      "info" : "SingleVariableDeclaration[14614-14621]:SingleVariableDeclaration[14641-14648]"
    }, {
      "left" : "{}",
      "right" : "{}",
      "info" : "Block[14623-14673]:Block[14650-14700]"
    }, {
      "left" : "return this.data.getRowKey(row);",
      "right" : "return this.data.getRowKey(row);",
      "info" : "ReturnStatement[14634-14666]:ReturnStatement[14661-14693]"
    }, {
      "left" : "public",
      "right" : "public",
      "info" : "Modifier[14802-14808]:Modifier[14829-14835]"
    }, {
      "left" : "List",
      "right" : "List",
      "info" : "SimpleType[14809-14813]:SimpleType[14836-14840]"
    }, {
      "left" : "getRowKeys",
      "right" : "getRowKeys",
      "info" : "SimpleName[14814-14824]:SimpleName[14841-14851]"
    }, {
      "left" : "{}",
      "right" : "{}",
      "info" : "Block[14827-14875]:Block[14854-14902]"
    }, {
      "left" : "return this.data.getRowKeys();",
      "right" : "return this.data.getRowKeys();",
      "info" : "ReturnStatement[14838-14868]:ReturnStatement[14865-14895]"
    }, {
      "left" : "public",
      "right" : "public",
      "info" : "Modifier[15029-15035]:Modifier[15056-15062]"
    }, {
      "left" : "int",
      "right" : "int",
      "info" : "PrimitiveType[15036-15039]:PrimitiveType[15063-15066]"
    }, {
      "left" : "getRowCount",
      "right" : "getRowCount",
      "info" : "SimpleName[15040-15051]:SimpleName[15067-15078]"
    }, {
      "left" : "{}",
      "right" : "{}",
      "info" : "Block[15054-15103]:Block[15081-15130]"
    }, {
      "left" : "return this.data.getRowCount();",
      "right" : "return this.data.getRowCount();",
      "info" : "ReturnStatement[15065-15096]:ReturnStatement[15092-15123]"
    }, {
      "left" : "public",
      "right" : "public",
      "info" : "Modifier[15260-15266]:Modifier[15287-15293]"
    }, {
      "left" : "int",
      "right" : "int",
      "info" : "PrimitiveType[15267-15270]:PrimitiveType[15294-15297]"
    }, {
      "left" : "getColumnCount",
      "right" : "getColumnCount",
      "info" : "SimpleName[15271-15285]:SimpleName[15298-15312]"
    }, {
      "left" : "{}",
      "right" : "{}",
      "info" : "Block[15288-15340]:Block[15315-15367]"
    }, {
      "left" : "return this.data.getColumnCount();",
      "right" : "return this.data.getColumnCount();",
      "info" : "ReturnStatement[15299-15333]:ReturnStatement[15326-15360]"
    }, {
      "left" : "public",
      "right" : "public",
      "info" : "Modifier[15661-15667]:Modifier[15688-15694]"
    }, {
      "left" : "double",
      "right" : "double",
      "info" : "PrimitiveType[15668-15674]:PrimitiveType[15695-15701]"
    }, {
      "left" : "getRangeLowerBound",
      "right" : "getRangeLowerBound",
      "info" : "SimpleName[15675-15693]:SimpleName[15702-15720]"
    }, {
      "left" : "boolean includeInterval",
      "right" : "boolean includeInterval",
      "info" : "SingleVariableDeclaration[15694-15717]:SingleVariableDeclaration[15721-15744]"
    }, {
      "left" : "{}",
      "right" : "{}",
      "info" : "Block[15719-15767]:Block[15746-15794]"
    }, {
      "left" : "return this.minimumRangeValue;",
      "right" : "return this.minimumRangeValue;",
      "info" : "ReturnStatement[15730-15760]:ReturnStatement[15757-15787]"
    }, {
      "left" : "public",
      "right" : "public",
      "info" : "Modifier[16088-16094]:Modifier[16115-16121]"
    }, {
      "left" : "double",
      "right" : "double",
      "info" : "PrimitiveType[16095-16101]:PrimitiveType[16122-16128]"
    }, {
      "left" : "getRangeUpperBound",
      "right" : "getRangeUpperBound",
      "info" : "SimpleName[16102-16120]:SimpleName[16129-16147]"
    }, {
      "left" : "boolean includeInterval",
      "right" : "boolean includeInterval",
      "info" : "SingleVariableDeclaration[16121-16144]:SingleVariableDeclaration[16148-16171]"
    }, {
      "left" : "{}",
      "right" : "{}",
      "info" : "Block[16146-16194]:Block[16173-16221]"
    }, {
      "left" : "return this.maximumRangeValue;",
      "right" : "return this.maximumRangeValue;",
      "info" : "ReturnStatement[16157-16187]:ReturnStatement[16184-16214]"
    }, {
      "left" : "public",
      "right" : "public",
      "info" : "Modifier[16469-16475]:Modifier[16496-16502]"
    }, {
      "left" : "Range",
      "right" : "Range",
      "info" : "SimpleType[16476-16481]:SimpleType[16503-16508]"
    }, {
      "left" : "getRangeBounds",
      "right" : "getRangeBounds",
      "info" : "SimpleName[16482-16496]:SimpleName[16509-16523]"
    }, {
      "left" : "boolean includeInterval",
      "right" : "boolean includeInterval",
      "info" : "SingleVariableDeclaration[16497-16520]:SingleVariableDeclaration[16524-16547]"
    }, {
      "left" : "{}",
      "right" : "{}",
      "info" : "Block[16522-16564]:Block[16549-16591]"
    }, {
      "left" : "return this.rangeBounds;",
      "right" : "return this.rangeBounds;",
      "info" : "ReturnStatement[16533-16557]:ReturnStatement[16560-16584]"
    }, {
      "left" : "public",
      "right" : "public",
      "info" : "Modifier[16867-16873]:Modifier[16894-16900]"
    }, {
      "left" : "Number",
      "right" : "Number",
      "info" : "SimpleType[16874-16880]:SimpleType[16901-16907]"
    }, {
      "left" : "getMinRegularValue",
      "right" : "getMinRegularValue",
      "info" : "SimpleName[16881-16899]:SimpleName[16908-16926]"
    }, {
      "left" : "int row",
      "right" : "int row",
      "info" : "SingleVariableDeclaration[16900-16907]:SingleVariableDeclaration[16927-16934]"
    }, {
      "left" : "int column",
      "right" : "int column",
      "info" : "SingleVariableDeclaration[16909-16919]:SingleVariableDeclaration[16936-16946]"
    }, {
      "left" : "{}",
      "right" : "{}",
      "info" : "Block[16921-17179]:Block[16948-17206]"
    }, {
      "left" : "Number result = null;",
      "right" : "Number result = null;",
      "info" : "VariableDeclarationStatement[16932-16953]:VariableDeclarationStatement[16959-16980]"
    }, {
      "left" : "BoxAndWhiskerItem item = (BoxAndWhiskerItem) this.data.getObject(\r\n                row, column);",
      "right" : "BoxAndWhiskerItem item = (BoxAndWhiskerItem) this.data.getObject(\r\n                row, column);",
      "info" : "VariableDeclarationStatement[16963-17059]:VariableDeclarationStatement[16990-17086]"
    }, {
      "left" : "if (item != null)",
      "right" : "if (item != null)",
      "info" : "IfStatement[17069-17148]:IfStatement[17096-17175]"
    }, {
      "left" : "{}",
      "right" : "{}",
      "info" : "Block[17087-17148]:Block[17114-17175]"
    }, {
      "left" : "result = item.getMinRegularValue();",
      "right" : "result = item.getMinRegularValue();",
      "info" : "ExpressionStatement[17102-17137]:ExpressionStatement[17129-17164]"
    }, {
      "left" : "return result;",
      "right" : "return result;",
      "info" : "ReturnStatement[17158-17172]:ReturnStatement[17185-17199]"
    }, {
      "left" : "public",
      "right" : "public",
      "info" : "Modifier[17454-17460]:Modifier[17481-17487]"
    }, {
      "left" : "Number",
      "right" : "Number",
      "info" : "SimpleType[17461-17467]:SimpleType[17488-17494]"
    }, {
      "left" : "getMinRegularValue",
      "right" : "getMinRegularValue",
      "info" : "SimpleName[17468-17486]:SimpleName[17495-17513]"
    }, {
      "left" : "Comparable rowKey",
      "right" : "Comparable rowKey",
      "info" : "SingleVariableDeclaration[17487-17504]:SingleVariableDeclaration[17514-17531]"
    }, {
      "left" : "Comparable columnKey",
      "right" : "Comparable columnKey",
      "info" : "SingleVariableDeclaration[17506-17526]:SingleVariableDeclaration[17533-17553]"
    }, {
      "left" : "{}",
      "right" : "{}",
      "info" : "Block[17528-17792]:Block[17555-17819]"
    }, {
      "left" : "Number result = null;",
      "right" : "Number result = null;",
      "info" : "VariableDeclarationStatement[17539-17560]:VariableDeclarationStatement[17566-17587]"
    }, {
      "left" : "BoxAndWhiskerItem item = (BoxAndWhiskerItem) this.data.getObject(\r\n                rowKey, columnKey);",
      "right" : "BoxAndWhiskerItem item = (BoxAndWhiskerItem) this.data.getObject(\r\n                rowKey, columnKey);",
      "info" : "VariableDeclarationStatement[17570-17672]:VariableDeclarationStatement[17597-17699]"
    }, {
      "left" : "if (item != null)",
      "right" : "if (item != null)",
      "info" : "IfStatement[17682-17761]:IfStatement[17709-17788]"
    }, {
      "left" : "{}",
      "right" : "{}",
      "info" : "Block[17700-17761]:Block[17727-17788]"
    }, {
      "left" : "result = item.getMinRegularValue();",
      "right" : "result = item.getMinRegularValue();",
      "info" : "ExpressionStatement[17715-17750]:ExpressionStatement[17742-17777]"
    }, {
      "left" : "return result;",
      "right" : "return result;",
      "info" : "ReturnStatement[17771-17785]:ReturnStatement[17798-17812]"
    }, {
      "left" : "public",
      "right" : "public",
      "info" : "Modifier[18091-18097]:Modifier[18118-18124]"
    }, {
      "left" : "Number",
      "right" : "Number",
      "info" : "SimpleType[18098-18104]:SimpleType[18125-18131]"
    }, {
      "left" : "getMaxRegularValue",
      "right" : "getMaxRegularValue",
      "info" : "SimpleName[18105-18123]:SimpleName[18132-18150]"
    }, {
      "left" : "int row",
      "right" : "int row",
      "info" : "SingleVariableDeclaration[18124-18131]:SingleVariableDeclaration[18151-18158]"
    }, {
      "left" : "int column",
      "right" : "int column",
      "info" : "SingleVariableDeclaration[18133-18143]:SingleVariableDeclaration[18160-18170]"
    }, {
      "left" : "{}",
      "right" : "{}",
      "info" : "Block[18145-18403]:Block[18172-18430]"
    }, {
      "left" : "Number result = null;",
      "right" : "Number result = null;",
      "info" : "VariableDeclarationStatement[18156-18177]:VariableDeclarationStatement[18183-18204]"
    }, {
      "left" : "BoxAndWhiskerItem item = (BoxAndWhiskerItem) this.data.getObject(\r\n                row, column);",
      "right" : "BoxAndWhiskerItem item = (BoxAndWhiskerItem) this.data.getObject(\r\n                row, column);",
      "info" : "VariableDeclarationStatement[18187-18283]:VariableDeclarationStatement[18214-18310]"
    }, {
      "left" : "if (item != null)",
      "right" : "if (item != null)",
      "info" : "IfStatement[18293-18372]:IfStatement[18320-18399]"
    }, {
      "left" : "{}",
      "right" : "{}",
      "info" : "Block[18311-18372]:Block[18338-18399]"
    }, {
      "left" : "result = item.getMaxRegularValue();",
      "right" : "result = item.getMaxRegularValue();",
      "info" : "ExpressionStatement[18326-18361]:ExpressionStatement[18353-18388]"
    }, {
      "left" : "return result;",
      "right" : "return result;",
      "info" : "ReturnStatement[18382-18396]:ReturnStatement[18409-18423]"
    }, {
      "left" : "public",
      "right" : "public",
      "info" : "Modifier[18678-18684]:Modifier[18705-18711]"
    }, {
      "left" : "Number",
      "right" : "Number",
      "info" : "SimpleType[18685-18691]:SimpleType[18712-18718]"
    }, {
      "left" : "getMaxRegularValue",
      "right" : "getMaxRegularValue",
      "info" : "SimpleName[18692-18710]:SimpleName[18719-18737]"
    }, {
      "left" : "Comparable rowKey",
      "right" : "Comparable rowKey",
      "info" : "SingleVariableDeclaration[18711-18728]:SingleVariableDeclaration[18738-18755]"
    }, {
      "left" : "Comparable columnKey",
      "right" : "Comparable columnKey",
      "info" : "SingleVariableDeclaration[18730-18750]:SingleVariableDeclaration[18757-18777]"
    }, {
      "left" : "{}",
      "right" : "{}",
      "info" : "Block[18752-19016]:Block[18779-19043]"
    }, {
      "left" : "Number result = null;",
      "right" : "Number result = null;",
      "info" : "VariableDeclarationStatement[18763-18784]:VariableDeclarationStatement[18790-18811]"
    }, {
      "left" : "BoxAndWhiskerItem item = (BoxAndWhiskerItem) this.data.getObject(\r\n                rowKey, columnKey);",
      "right" : "BoxAndWhiskerItem item = (BoxAndWhiskerItem) this.data.getObject(\r\n                rowKey, columnKey);",
      "info" : "VariableDeclarationStatement[18794-18896]:VariableDeclarationStatement[18821-18923]"
    }, {
      "left" : "if (item != null)",
      "right" : "if (item != null)",
      "info" : "IfStatement[18906-18985]:IfStatement[18933-19012]"
    }, {
      "left" : "{}",
      "right" : "{}",
      "info" : "Block[18924-18985]:Block[18951-19012]"
    }, {
      "left" : "result = item.getMaxRegularValue();",
      "right" : "result = item.getMaxRegularValue();",
      "info" : "ExpressionStatement[18939-18974]:ExpressionStatement[18966-19001]"
    }, {
      "left" : "return result;",
      "right" : "return result;",
      "info" : "ReturnStatement[18995-19009]:ReturnStatement[19022-19036]"
    }, {
      "left" : "public",
      "right" : "public",
      "info" : "Modifier[19308-19314]:Modifier[19335-19341]"
    }, {
      "left" : "Number",
      "right" : "Number",
      "info" : "SimpleType[19315-19321]:SimpleType[19342-19348]"
    }, {
      "left" : "getMinOutlier",
      "right" : "getMinOutlier",
      "info" : "SimpleName[19322-19335]:SimpleName[19349-19362]"
    }, {
      "left" : "int row",
      "right" : "int row",
      "info" : "SingleVariableDeclaration[19336-19343]:SingleVariableDeclaration[19363-19370]"
    }, {
      "left" : "int column",
      "right" : "int column",
      "info" : "SingleVariableDeclaration[19345-19355]:SingleVariableDeclaration[19372-19382]"
    }, {
      "left" : "{}",
      "right" : "{}",
      "info" : "Block[19357-19610]:Block[19384-19637]"
    }, {
      "left" : "Number result = null;",
      "right" : "Number result = null;",
      "info" : "VariableDeclarationStatement[19368-19389]:VariableDeclarationStatement[19395-19416]"
    }, {
      "left" : "BoxAndWhiskerItem item = (BoxAndWhiskerItem) this.data.getObject(\r\n                row, column);",
      "right" : "BoxAndWhiskerItem item = (BoxAndWhiskerItem) this.data.getObject(\r\n                row, column);",
      "info" : "VariableDeclarationStatement[19399-19495]:VariableDeclarationStatement[19426-19522]"
    }, {
      "left" : "if (item != null)",
      "right" : "if (item != null)",
      "info" : "IfStatement[19505-19579]:IfStatement[19532-19606]"
    }, {
      "left" : "{}",
      "right" : "{}",
      "info" : "Block[19523-19579]:Block[19550-19606]"
    }, {
      "left" : "result = item.getMinOutlier();",
      "right" : "result = item.getMinOutlier();",
      "info" : "ExpressionStatement[19538-19568]:ExpressionStatement[19565-19595]"
    }, {
      "left" : "return result;",
      "right" : "return result;",
      "info" : "ReturnStatement[19589-19603]:ReturnStatement[19616-19630]"
    }, {
      "left" : "public",
      "right" : "public",
      "info" : "Modifier[19878-19884]:Modifier[19905-19911]"
    }, {
      "left" : "Number",
      "right" : "Number",
      "info" : "SimpleType[19885-19891]:SimpleType[19912-19918]"
    }, {
      "left" : "getMinOutlier",
      "right" : "getMinOutlier",
      "info" : "SimpleName[19892-19905]:SimpleName[19919-19932]"
    }, {
      "left" : "Comparable rowKey",
      "right" : "Comparable rowKey",
      "info" : "SingleVariableDeclaration[19906-19923]:SingleVariableDeclaration[19933-19950]"
    }, {
      "left" : "Comparable columnKey",
      "right" : "Comparable columnKey",
      "info" : "SingleVariableDeclaration[19925-19945]:SingleVariableDeclaration[19952-19972]"
    }, {
      "left" : "{}",
      "right" : "{}",
      "info" : "Block[19947-20206]:Block[19974-20233]"
    }, {
      "left" : "Number result = null;",
      "right" : "Number result = null;",
      "info" : "VariableDeclarationStatement[19958-19979]:VariableDeclarationStatement[19985-20006]"
    }, {
      "left" : "BoxAndWhiskerItem item = (BoxAndWhiskerItem) this.data.getObject(\r\n                rowKey, columnKey);",
      "right" : "BoxAndWhiskerItem item = (BoxAndWhiskerItem) this.data.getObject(\r\n                rowKey, columnKey);",
      "info" : "VariableDeclarationStatement[19989-20091]:VariableDeclarationStatement[20016-20118]"
    }, {
      "left" : "if (item != null)",
      "right" : "if (item != null)",
      "info" : "IfStatement[20101-20175]:IfStatement[20128-20202]"
    }, {
      "left" : "{}",
      "right" : "{}",
      "info" : "Block[20119-20175]:Block[20146-20202]"
    }, {
      "left" : "result = item.getMinOutlier();",
      "right" : "result = item.getMinOutlier();",
      "info" : "ExpressionStatement[20134-20164]:ExpressionStatement[20161-20191]"
    }, {
      "left" : "return result;",
      "right" : "return result;",
      "info" : "ReturnStatement[20185-20199]:ReturnStatement[20212-20226]"
    }, {
      "left" : "public",
      "right" : "public",
      "info" : "Modifier[20498-20504]:Modifier[20525-20531]"
    }, {
      "left" : "Number",
      "right" : "Number",
      "info" : "SimpleType[20505-20511]:SimpleType[20532-20538]"
    }, {
      "left" : "getMaxOutlier",
      "right" : "getMaxOutlier",
      "info" : "SimpleName[20512-20525]:SimpleName[20539-20552]"
    }, {
      "left" : "int row",
      "right" : "int row",
      "info" : "SingleVariableDeclaration[20526-20533]:SingleVariableDeclaration[20553-20560]"
    }, {
      "left" : "int column",
      "right" : "int column",
      "info" : "SingleVariableDeclaration[20535-20545]:SingleVariableDeclaration[20562-20572]"
    }, {
      "left" : "{}",
      "right" : "{}",
      "info" : "Block[20547-20800]:Block[20574-20827]"
    }, {
      "left" : "Number result = null;",
      "right" : "Number result = null;",
      "info" : "VariableDeclarationStatement[20558-20579]:VariableDeclarationStatement[20585-20606]"
    }, {
      "left" : "BoxAndWhiskerItem item = (BoxAndWhiskerItem) this.data.getObject(\r\n                row, column);",
      "right" : "BoxAndWhiskerItem item = (BoxAndWhiskerItem) this.data.getObject(\r\n                row, column);",
      "info" : "VariableDeclarationStatement[20589-20685]:VariableDeclarationStatement[20616-20712]"
    }, {
      "left" : "if (item != null)",
      "right" : "if (item != null)",
      "info" : "IfStatement[20695-20769]:IfStatement[20722-20796]"
    }, {
      "left" : "{}",
      "right" : "{}",
      "info" : "Block[20713-20769]:Block[20740-20796]"
    }, {
      "left" : "result = item.getMaxOutlier();",
      "right" : "result = item.getMaxOutlier();",
      "info" : "ExpressionStatement[20728-20758]:ExpressionStatement[20755-20785]"
    }, {
      "left" : "return result;",
      "right" : "return result;",
      "info" : "ReturnStatement[20779-20793]:ReturnStatement[20806-20820]"
    }, {
      "left" : "public",
      "right" : "public",
      "info" : "Modifier[21068-21074]:Modifier[21095-21101]"
    }, {
      "left" : "Number",
      "right" : "Number",
      "info" : "SimpleType[21075-21081]:SimpleType[21102-21108]"
    }, {
      "left" : "getMaxOutlier",
      "right" : "getMaxOutlier",
      "info" : "SimpleName[21082-21095]:SimpleName[21109-21122]"
    }, {
      "left" : "Comparable rowKey",
      "right" : "Comparable rowKey",
      "info" : "SingleVariableDeclaration[21096-21113]:SingleVariableDeclaration[21123-21140]"
    }, {
      "left" : "Comparable columnKey",
      "right" : "Comparable columnKey",
      "info" : "SingleVariableDeclaration[21115-21135]:SingleVariableDeclaration[21142-21162]"
    }, {
      "left" : "{}",
      "right" : "{}",
      "info" : "Block[21137-21396]:Block[21164-21423]"
    }, {
      "left" : "Number result = null;",
      "right" : "Number result = null;",
      "info" : "VariableDeclarationStatement[21148-21169]:VariableDeclarationStatement[21175-21196]"
    }, {
      "left" : "BoxAndWhiskerItem item = (BoxAndWhiskerItem) this.data.getObject(\r\n                rowKey, columnKey);",
      "right" : "BoxAndWhiskerItem item = (BoxAndWhiskerItem) this.data.getObject(\r\n                rowKey, columnKey);",
      "info" : "VariableDeclarationStatement[21179-21281]:VariableDeclarationStatement[21206-21308]"
    }, {
      "left" : "if (item != null)",
      "right" : "if (item != null)",
      "info" : "IfStatement[21291-21365]:IfStatement[21318-21392]"
    }, {
      "left" : "{}",
      "right" : "{}",
      "info" : "Block[21309-21365]:Block[21336-21392]"
    }, {
      "left" : "result = item.getMaxOutlier();",
      "right" : "result = item.getMaxOutlier();",
      "info" : "ExpressionStatement[21324-21354]:ExpressionStatement[21351-21381]"
    }, {
      "left" : "return result;",
      "right" : "return result;",
      "info" : "ReturnStatement[21375-21389]:ReturnStatement[21402-21416]"
    }, {
      "left" : "public",
      "right" : "public",
      "info" : "Modifier[21679-21685]:Modifier[21706-21712]"
    }, {
      "left" : "List",
      "right" : "List",
      "info" : "SimpleType[21686-21690]:SimpleType[21713-21717]"
    }, {
      "left" : "getOutliers",
      "right" : "getOutliers",
      "info" : "SimpleName[21691-21702]:SimpleName[21718-21729]"
    }, {
      "left" : "int row",
      "right" : "int row",
      "info" : "SingleVariableDeclaration[21703-21710]:SingleVariableDeclaration[21730-21737]"
    }, {
      "left" : "int column",
      "right" : "int column",
      "info" : "SingleVariableDeclaration[21712-21722]:SingleVariableDeclaration[21739-21749]"
    }, {
      "left" : "{}",
      "right" : "{}",
      "info" : "Block[21724-21973]:Block[21751-22000]"
    }, {
      "left" : "List result = null;",
      "right" : "List result = null;",
      "info" : "VariableDeclarationStatement[21735-21754]:VariableDeclarationStatement[21762-21781]"
    }, {
      "left" : "BoxAndWhiskerItem item = (BoxAndWhiskerItem) this.data.getObject(\r\n                row, column);",
      "right" : "BoxAndWhiskerItem item = (BoxAndWhiskerItem) this.data.getObject(\r\n                row, column);",
      "info" : "VariableDeclarationStatement[21764-21860]:VariableDeclarationStatement[21791-21887]"
    }, {
      "left" : "if (item != null)",
      "right" : "if (item != null)",
      "info" : "IfStatement[21870-21942]:IfStatement[21897-21969]"
    }, {
      "left" : "{}",
      "right" : "{}",
      "info" : "Block[21888-21942]:Block[21915-21969]"
    }, {
      "left" : "result = item.getOutliers();",
      "right" : "result = item.getOutliers();",
      "info" : "ExpressionStatement[21903-21931]:ExpressionStatement[21930-21958]"
    }, {
      "left" : "return result;",
      "right" : "return result;",
      "info" : "ReturnStatement[21952-21966]:ReturnStatement[21979-21993]"
    }, {
      "left" : "public",
      "right" : "public",
      "info" : "Modifier[22232-22238]:Modifier[22259-22265]"
    }, {
      "left" : "List",
      "right" : "List",
      "info" : "SimpleType[22239-22243]:SimpleType[22266-22270]"
    }, {
      "left" : "getOutliers",
      "right" : "getOutliers",
      "info" : "SimpleName[22244-22255]:SimpleName[22271-22282]"
    }, {
      "left" : "Comparable rowKey",
      "right" : "Comparable rowKey",
      "info" : "SingleVariableDeclaration[22256-22273]:SingleVariableDeclaration[22283-22300]"
    }, {
      "left" : "Comparable columnKey",
      "right" : "Comparable columnKey",
      "info" : "SingleVariableDeclaration[22275-22295]:SingleVariableDeclaration[22302-22322]"
    }, {
      "left" : "{}",
      "right" : "{}",
      "info" : "Block[22297-22552]:Block[22324-22579]"
    }, {
      "left" : "List result = null;",
      "right" : "List result = null;",
      "info" : "VariableDeclarationStatement[22308-22327]:VariableDeclarationStatement[22335-22354]"
    }, {
      "left" : "BoxAndWhiskerItem item = (BoxAndWhiskerItem) this.data.getObject(\r\n                rowKey, columnKey);",
      "right" : "BoxAndWhiskerItem item = (BoxAndWhiskerItem) this.data.getObject(\r\n                rowKey, columnKey);",
      "info" : "VariableDeclarationStatement[22337-22439]:VariableDeclarationStatement[22364-22466]"
    }, {
      "left" : "if (item != null)",
      "right" : "if (item != null)",
      "info" : "IfStatement[22449-22521]:IfStatement[22476-22548]"
    }, {
      "left" : "{}",
      "right" : "{}",
      "info" : "Block[22467-22521]:Block[22494-22548]"
    }, {
      "left" : "result = item.getOutliers();",
      "right" : "result = item.getOutliers();",
      "info" : "ExpressionStatement[22482-22510]:ExpressionStatement[22509-22537]"
    }, {
      "left" : "return result;",
      "right" : "return result;",
      "info" : "ReturnStatement[22531-22545]:ReturnStatement[22558-22572]"
    }, {
      "left" : "private",
      "right" : "private",
      "info" : "Modifier[22689-22696]:Modifier[22716-22723]"
    }, {
      "left" : "void",
      "right" : "void",
      "info" : "PrimitiveType[22697-22701]:PrimitiveType[22724-22728]"
    }, {
      "left" : "updateBounds",
      "right" : "updateBounds",
      "info" : "SimpleName[22702-22714]:SimpleName[22729-22741]"
    }, {
      "left" : "{}",
      "right" : "{}",
      "info" : "Block[22717-22817]:Block[22744-24588]"
    }, {
      "left" : "this.minimumRangeValue = Double.NaN;",
      "right" : "this.minimumRangeValue = Double.NaN;",
      "info" : "ExpressionStatement[22728-22764]:ExpressionStatement[22755-22791]"
    }, {
      "left" : "this.maximumRangeValue = Double.NaN;",
      "right" : "this.maximumRangeValue = Double.NaN;",
      "info" : "ExpressionStatement[22774-22810]:ExpressionStatement[22886-22922]"
    }, {
      "left" : "public",
      "right" : "public",
      "info" : "Modifier[23036-23042]:Modifier[24807-24813]"
    }, {
      "left" : "boolean",
      "right" : "boolean",
      "info" : "PrimitiveType[23043-23050]:PrimitiveType[24814-24821]"
    }, {
      "left" : "equals",
      "right" : "equals",
      "info" : "SimpleName[23051-23057]:SimpleName[24822-24828]"
    }, {
      "left" : "Object obj",
      "right" : "Object obj",
      "info" : "SingleVariableDeclaration[23058-23068]:SingleVariableDeclaration[24829-24839]"
    }, {
      "left" : "{}",
      "right" : "{}",
      "info" : "Block[23070-23439]:Block[24841-25210]"
    }, {
      "left" : "if (obj == this)",
      "right" : "if (obj == this)",
      "info" : "IfStatement[23081-23139]:IfStatement[24852-24910]"
    }, {
      "left" : "{}",
      "right" : "{}",
      "info" : "Block[23098-23139]:Block[24869-24910]"
    }, {
      "left" : "return true;",
      "right" : "return true;",
      "info" : "ReturnStatement[23113-23125]:ReturnStatement[24884-24896]"
    }, {
      "left" : "if (obj instanceof DefaultBoxAndWhiskerCategoryDataset)",
      "right" : "if (obj instanceof DefaultBoxAndWhiskerCategoryDataset)",
      "info" : "IfStatement[23149-23409]:IfStatement[24920-25180]"
    }, {
      "left" : "{}",
      "right" : "{}",
      "info" : "Block[23205-23409]:Block[24976-25180]"
    }, {
      "left" : "DefaultBoxAndWhiskerCategoryDataset dataset \r\n                    = (DefaultBoxAndWhiskerCategoryDataset) obj;",
      "right" : "DefaultBoxAndWhiskerCategoryDataset dataset \r\n                    = (DefaultBoxAndWhiskerCategoryDataset) obj;",
      "info" : "VariableDeclarationStatement[23220-23330]:VariableDeclarationStatement[24991-25101]"
    }, {
      "left" : "return ObjectUtilities.equal(this.data, dataset.data);",
      "right" : "return ObjectUtilities.equal(this.data, dataset.data);",
      "info" : "ReturnStatement[23344-23398]:ReturnStatement[25115-25169]"
    }, {
      "left" : "return false;",
      "right" : "return false;",
      "info" : "ReturnStatement[23419-23432]:ReturnStatement[25190-25203]"
    }, {
      "left" : "public",
      "right" : "public",
      "info" : "Modifier[23624-23630]:Modifier[25395-25401]"
    }, {
      "left" : "Object",
      "right" : "Object",
      "info" : "SimpleType[23631-23637]:SimpleType[25402-25408]"
    }, {
      "left" : "clone",
      "right" : "clone",
      "info" : "SimpleName[23638-23643]:SimpleName[25409-25414]"
    }, {
      "left" : "CloneNotSupportedException",
      "right" : "CloneNotSupportedException",
      "info" : "SimpleType[23653-23679]:SimpleType[25424-25450]"
    }, {
      "left" : "{}",
      "right" : "{}",
      "info" : "Block[23680-23893]:Block[25451-25664]"
    }, {
      "left" : "DefaultBoxAndWhiskerCategoryDataset clone \r\n                = (DefaultBoxAndWhiskerCategoryDataset) super.clone();",
      "right" : "DefaultBoxAndWhiskerCategoryDataset clone \r\n                = (DefaultBoxAndWhiskerCategoryDataset) super.clone();",
      "info" : "VariableDeclarationStatement[23691-23805]:VariableDeclarationStatement[25462-25576]"
    }, {
      "left" : "clone.data = (KeyedObjects2D) this.data.clone();",
      "right" : "clone.data = (KeyedObjects2D) this.data.clone();",
      "info" : "ExpressionStatement[23815-23863]:ExpressionStatement[25586-25634]"
    }, {
      "left" : "return clone;",
      "right" : "return clone;",
      "info" : "ReturnStatement[23873-23886]:ReturnStatement[25644-25657]"
    } ]
  },
  "interFileMappings" : { }
}