{
  "intraFileMappings" : {
    "matchedElements" : [
 {
      "left" : "UserEntityTest",
      "right" : "UserEntityTest",
      "info" : "TypeDeclaration[211-1840]:TypeDeclaration[268-1897]"
    }, {
      "left" : "public void testSetPicture_pictureShouldBeSavedWhenNotNull()",
      "right" : "public void testSetPicture_pictureShouldBeSavedWhenNotNull()",
      "info" : "MethodDeclaration[283-689]:MethodDeclaration[340-746]"
    }, {
      "left" : "public void testSetPicture_pictureShouldBeDeletedWhenNull()",
      "right" : "public void testSetPicture_pictureShouldBeDeletedWhenNull()",
      "info" : "MethodDeclaration[693-921]:MethodDeclaration[750-978]"
    }, {
      "left" : "TestableUserEntity",
      "right" : "TestableUserEntity",
      "info" : "TypeDeclaration[925-1837]:TypeDeclaration[982-1894]"
    }, {
      "left" : "private boolean hasSavePictureBeenCalled = false;",
      "right" : "private boolean hasSavePictureBeenCalled = false;",
      "info" : "FieldDeclaration[1006-1055]:FieldDeclaration[1063-1112]"
    }, {
      "left" : "private boolean hasDeletePictureBeenCalled = false;",
      "right" : "private boolean hasDeletePictureBeenCalled = false;",
      "info" : "FieldDeclaration[1060-1111]:FieldDeclaration[1117-1168]"
    }, {
      "left" : "protected void savePicture(Picture picture)",
      "right" : "protected void savePicture(Picture picture)",
      "info" : "MethodDeclaration[1117-1223]:MethodDeclaration[1174-1280]"
    }, {
      "left" : "protected void deletePicture()",
      "right" : "protected void deletePicture()",
      "info" : "MethodDeclaration[1229-1324]:MethodDeclaration[1286-1381]"
    }, {
      "left" : "public boolean getHasSavePictureBeenCalled()",
      "right" : "public boolean getHasSavePictureBeenCalled()",
      "info" : "MethodDeclaration[1330-1421]:MethodDeclaration[1387-1478]"
    }, {
      "left" : "public void setHasSavePictureBeenCalled(boolean hasSavePictureBeenCalled)",
      "right" : "public void setHasSavePictureBeenCalled(boolean hasSavePictureBeenCalled)",
      "info" : "MethodDeclaration[1427-1572]:MethodDeclaration[1484-1629]"
    }, {
      "left" : "public boolean getHasDeletePictureBeenCalled()",
      "right" : "public boolean getHasDeletePictureBeenCalled()",
      "info" : "MethodDeclaration[1578-1673]:MethodDeclaration[1635-1730]"
    }, {
      "left" : "public void setHasDeletePictureBeenCalled(boolean hasDeletePictureBeenCalled)",
      "right" : "public void setHasDeletePictureBeenCalled(boolean hasDeletePictureBeenCalled)",
      "info" : "MethodDeclaration[1679-1832]:MethodDeclaration[1736-1889]"
    } ],
    "mappings" : [
 {
      "left" : "org.activiti.engine.impl.persistence.entity",
      "right" : "org.activiti.engine.test.api.identity",
      "info" : "QualifiedName[8-51]:QualifiedName[8-45]"
    }, {
      "left" : "public",
      "right" : "public",
      "info" : "Modifier[250-256]:Modifier[307-313]"
    }, {
      "left" : "class",
      "right" : "class",
      "info" : "TYPE_DECLARATION_KIND[257-262]:TYPE_DECLARATION_KIND[314-319]"
    }, {
      "left" : "UserEntityTest",
      "right" : "UserEntityTest",
      "info" : "SimpleName[263-277]:SimpleName[320-334]"
    }, {
      "left" : "@Test",
      "right" : "@Test",
      "info" : "MarkerAnnotation[283-288]:MarkerAnnotation[340-345]"
    }, {
      "left" : "public",
      "right" : "public",
      "info" : "Modifier[291-297]:Modifier[348-354]"
    }, {
      "left" : "void",
      "right" : "void",
      "info" : "PrimitiveType[298-302]:PrimitiveType[355-359]"
    }, {
      "left" : "testSetPicture_pictureShouldBeSavedWhenNotNull",
      "right" : "testSetPicture_pictureShouldBeSavedWhenNotNull",
      "info" : "SimpleName[303-349]:SimpleName[360-406]"
    }, {
      "left" : "{}",
      "right" : "{}",
      "info" : "Block[352-689]:Block[409-746]"
    }, {
      "left" : "TestableUserEntity userEntity = new TestableUserEntity();",
      "right" : "TestableUserEntity userEntity = new TestableUserEntity();",
      "info" : "VariableDeclarationStatement[358-415]:VariableDeclarationStatement[415-472]"
    }, {
      "left" : "Picture picture = new Picture(null, null);",
      "right" : "Picture picture = new Picture(null, null);",
      "info" : "VariableDeclarationStatement[420-462]:VariableDeclarationStatement[477-519]"
    }, {
      "left" : "userEntity.setPicture(picture);",
      "right" : "userEntity.setPicture(picture);",
      "info" : "ExpressionStatement[535-566]:ExpressionStatement[592-623]"
    }, {
      "left" : "assertTrue(userEntity.getHasSavePictureBeenCalled());",
      "right" : "assertTrue(userEntity.getHasSavePictureBeenCalled());",
      "info" : "ExpressionStatement[571-624]:ExpressionStatement[628-681]"
    }, {
      "left" : "assertFalse(userEntity.getHasDeletePictureBeenCalled());",
      "right" : "assertFalse(userEntity.getHasDeletePictureBeenCalled());",
      "info" : "ExpressionStatement[629-685]:ExpressionStatement[686-742]"
    }, {
      "left" : "@Test",
      "right" : "@Test",
      "info" : "MarkerAnnotation[693-698]:MarkerAnnotation[750-755]"
    }, {
      "left" : "public",
      "right" : "public",
      "info" : "Modifier[701-707]:Modifier[758-764]"
    }, {
      "left" : "void",
      "right" : "void",
      "info" : "PrimitiveType[708-712]:PrimitiveType[765-769]"
    }, {
      "left" : "testSetPicture_pictureShouldBeDeletedWhenNull",
      "right" : "testSetPicture_pictureShouldBeDeletedWhenNull",
      "info" : "SimpleName[713-758]:SimpleName[770-815]"
    }, {
      "left" : "{}",
      "right" : "{}",
      "info" : "Block[761-921]:Block[818-978]"
    }, {
      "left" : "TestableUserEntity userEntity = new TestableUserEntity();",
      "right" : "TestableUserEntity userEntity = new TestableUserEntity();",
      "info" : "VariableDeclarationStatement[767-824]:VariableDeclarationStatement[824-881]"
    }, {
      "left" : "userEntity.setPicture(null);",
      "right" : "userEntity.setPicture(null);",
      "info" : "ExpressionStatement[829-857]:ExpressionStatement[886-914]"
    }, {
      "left" : "assertTrue(userEntity.getHasDeletePictureBeenCalled());",
      "right" : "assertTrue(userEntity.getHasDeletePictureBeenCalled());",
      "info" : "ExpressionStatement[862-917]:ExpressionStatement[919-974]"
    }, {
      "left" : "@SuppressWarnings(\"serial\")",
      "right" : "@SuppressWarnings(\"serial\")",
      "info" : "SingleMemberAnnotation[925-952]:SingleMemberAnnotation[982-1009]"
    }, {
      "left" : "class",
      "right" : "class",
      "info" : "TYPE_DECLARATION_KIND[955-960]:TYPE_DECLARATION_KIND[1012-1017]"
    }, {
      "left" : "TestableUserEntity",
      "right" : "TestableUserEntity",
      "info" : "SimpleName[961-979]:SimpleName[1018-1036]"
    }, {
      "left" : "UserEntity",
      "right" : "UserEntity",
      "info" : "SimpleType[988-998]:SimpleType[1045-1055]"
    }, {
      "left" : "@Override",
      "right" : "@Override",
      "info" : "MarkerAnnotation[1117-1126]:MarkerAnnotation[1174-1183]"
    }, {
      "left" : "protected",
      "right" : "protected",
      "info" : "Modifier[1131-1140]:Modifier[1188-1197]"
    }, {
      "left" : "void",
      "right" : "void",
      "info" : "PrimitiveType[1141-1145]:PrimitiveType[1198-1202]"
    }, {
      "left" : "savePicture",
      "right" : "savePicture",
      "info" : "SimpleName[1146-1157]:SimpleName[1203-1214]"
    }, {
      "left" : "Picture picture",
      "right" : "Picture picture",
      "info" : "SingleVariableDeclaration[1158-1173]:SingleVariableDeclaration[1215-1230]"
    }, {
      "left" : "{}",
      "right" : "{}",
      "info" : "Block[1175-1223]:Block[1232-1280]"
    }, {
      "left" : "setHasSavePictureBeenCalled(true);",
      "right" : "setHasSavePictureBeenCalled(true);",
      "info" : "ExpressionStatement[1183-1217]:ExpressionStatement[1240-1274]"
    }, {
      "left" : "@Override",
      "right" : "@Override",
      "info" : "MarkerAnnotation[1229-1238]:MarkerAnnotation[1286-1295]"
    }, {
      "left" : "protected",
      "right" : "protected",
      "info" : "Modifier[1243-1252]:Modifier[1300-1309]"
    }, {
      "left" : "void",
      "right" : "void",
      "info" : "PrimitiveType[1253-1257]:PrimitiveType[1310-1314]"
    }, {
      "left" : "deletePicture",
      "right" : "deletePicture",
      "info" : "SimpleName[1258-1271]:SimpleName[1315-1328]"
    }, {
      "left" : "{}",
      "right" : "{}",
      "info" : "Block[1274-1324]:Block[1331-1381]"
    }, {
      "left" : "setHasDeletePictureBeenCalled(true);",
      "right" : "setHasDeletePictureBeenCalled(true);",
      "info" : "ExpressionStatement[1282-1318]:ExpressionStatement[1339-1375]"
    }, {
      "left" : "public",
      "right" : "public",
      "info" : "Modifier[1330-1336]:Modifier[1387-1393]"
    }, {
      "left" : "boolean",
      "right" : "boolean",
      "info" : "PrimitiveType[1337-1344]:PrimitiveType[1394-1401]"
    }, {
      "left" : "getHasSavePictureBeenCalled",
      "right" : "getHasSavePictureBeenCalled",
      "info" : "SimpleName[1345-1372]:SimpleName[1402-1429]"
    }, {
      "left" : "{}",
      "right" : "{}",
      "info" : "Block[1375-1421]:Block[1432-1478]"
    }, {
      "left" : "return hasSavePictureBeenCalled;",
      "right" : "return hasSavePictureBeenCalled;",
      "info" : "ReturnStatement[1383-1415]:ReturnStatement[1440-1472]"
    }, {
      "left" : "public",
      "right" : "public",
      "info" : "Modifier[1427-1433]:Modifier[1484-1490]"
    }, {
      "left" : "void",
      "right" : "void",
      "info" : "PrimitiveType[1434-1438]:PrimitiveType[1491-1495]"
    }, {
      "left" : "setHasSavePictureBeenCalled",
      "right" : "setHasSavePictureBeenCalled",
      "info" : "SimpleName[1439-1466]:SimpleName[1496-1523]"
    }, {
      "left" : "boolean hasSavePictureBeenCalled",
      "right" : "boolean hasSavePictureBeenCalled",
      "info" : "SingleVariableDeclaration[1467-1499]:SingleVariableDeclaration[1524-1556]"
    }, {
      "left" : "{}",
      "right" : "{}",
      "info" : "Block[1501-1572]:Block[1558-1629]"
    }, {
      "left" : "this.hasSavePictureBeenCalled = hasSavePictureBeenCalled;",
      "right" : "this.hasSavePictureBeenCalled = hasSavePictureBeenCalled;",
      "info" : "ExpressionStatement[1509-1566]:ExpressionStatement[1566-1623]"
    }, {
      "left" : "public",
      "right" : "public",
      "info" : "Modifier[1578-1584]:Modifier[1635-1641]"
    }, {
      "left" : "boolean",
      "right" : "boolean",
      "info" : "PrimitiveType[1585-1592]:PrimitiveType[1642-1649]"
    }, {
      "left" : "getHasDeletePictureBeenCalled",
      "right" : "getHasDeletePictureBeenCalled",
      "info" : "SimpleName[1593-1622]:SimpleName[1650-1679]"
    }, {
      "left" : "{}",
      "right" : "{}",
      "info" : "Block[1625-1673]:Block[1682-1730]"
    }, {
      "left" : "return hasDeletePictureBeenCalled;",
      "right" : "return hasDeletePictureBeenCalled;",
      "info" : "ReturnStatement[1633-1667]:ReturnStatement[1690-1724]"
    }, {
      "left" : "public",
      "right" : "public",
      "info" : "Modifier[1679-1685]:Modifier[1736-1742]"
    }, {
      "left" : "void",
      "right" : "void",
      "info" : "PrimitiveType[1686-1690]:PrimitiveType[1743-1747]"
    }, {
      "left" : "setHasDeletePictureBeenCalled",
      "right" : "setHasDeletePictureBeenCalled",
      "info" : "SimpleName[1691-1720]:SimpleName[1748-1777]"
    }, {
      "left" : "boolean hasDeletePictureBeenCalled",
      "right" : "boolean hasDeletePictureBeenCalled",
      "info" : "SingleVariableDeclaration[1721-1755]:SingleVariableDeclaration[1778-1812]"
    }, {
      "left" : "{}",
      "right" : "{}",
      "info" : "Block[1757-1832]:Block[1814-1889]"
    }, {
      "left" : "this.hasDeletePictureBeenCalled = hasDeletePictureBeenCalled;",
      "right" : "this.hasDeletePictureBeenCalled = hasDeletePictureBeenCalled;",
      "info" : "ExpressionStatement[1765-1826]:ExpressionStatement[1822-1883]"
    } ]
  },
  "interFileMappings" : { }
}