{"PLAIN_CONFIGURATION": "ClassicGumtree-bu_minsim-0.9-bu_minsize-300-st_minprio-1-st_priocalc-size", "MATCHER": "ClassicGumtree", "NRACTIONS": 33, "SIMACTIONS": 5, "NRROOTS": null, "NR_INSERT": 32, "NR_DELETE": 0, "NR_UPDATE": 0, "NR_MOVE": 1, "NR_TREEINSERT": 0, "NR_TREEDELETE": 0, "TIME": 85, "NROPTIONS": 0, "TIMEOUT": 0, "bu_minsim": 0.9, "bu_minsize": 300, "st_minprio": 1, "st_priocalc": "size", "cd_labsim": null, "cd_maxleaves": null, "cd_structsim1": null, "cd_structsim2": null, "xy_minsim": null}