{
  "intraFileMappings" : {
    "matchedElements" : [
 {
      "left" : "StandardToolTipTagFragmentGenerator",
      "right" : "StandardToolTipTagFragmentGenerator",
      "info" : "TypeDeclaration[1727-2393]:TypeDeclaration[1727-2424]"
    }, {
      "left" : "public StandardToolTipTagFragmentGenerator()",
      "right" : "public StandardToolTipTagFragmentGenerator()",
      "info" : "MethodDeclaration[1923-2044]:MethodDeclaration[1923-2044]"
    }, {
      "left" : "public String generateToolTipFragment(String toolTipText)",
      "right" : "public String generateToolTipFragment(String toolTipText)",
      "info" : "MethodDeclaration[2053-2388]:MethodDeclaration[2053-2419]"
    } ],
    "mappings" : [
 {
      "left" : "public",
      "right" : "public",
      "info" : "Modifier[1816-1822]:Modifier[1816-1822]"
    }, {
      "left" : "class",
      "right" : "class",
      "info" : "TYPE_DECLARATION_KIND[1823-1828]:TYPE_DECLARATION_KIND[1823-1828]"
    }, {
      "left" : "StandardToolTipTagFragmentGenerator",
      "right" : "StandardToolTipTagFragmentGenerator",
      "info" : "SimpleName[1829-1864]:SimpleName[1829-1864]"
    }, {
      "left" : "ToolTipTagFragmentGenerator",
      "right" : "ToolTipTagFragmentGenerator",
      "info" : "SimpleType[1886-1913]:SimpleType[1886-1913]"
    }, {
      "left" : "public",
      "right" : "public",
      "info" : "Modifier[1973-1979]:Modifier[1973-1979]"
    }, {
      "left" : "StandardToolTipTagFragmentGenerator",
      "right" : "StandardToolTipTagFragmentGenerator",
      "info" : "SimpleName[1980-2015]:SimpleName[1980-2015]"
    }, {
      "left" : "{}",
      "right" : "{}",
      "info" : "Block[2018-2044]:Block[2018-2044]"
    }, {
      "left" : "super();",
      "right" : "super();",
      "info" : "SuperConstructorInvocation[2029-2037]:SuperConstructorInvocation[2029-2037]"
    }, {
      "left" : "public",
      "right" : "public",
      "info" : "Modifier[2250-2256]:Modifier[2250-2256]"
    }, {
      "left" : "String",
      "right" : "String",
      "info" : "SimpleType[2257-2263]:SimpleType[2257-2263]"
    }, {
      "left" : "generateToolTipFragment",
      "right" : "generateToolTipFragment",
      "info" : "SimpleName[2264-2287]:SimpleName[2264-2287]"
    }, {
      "left" : "String toolTipText",
      "right" : "String toolTipText",
      "info" : "SingleVariableDeclaration[2288-2306]:SingleVariableDeclaration[2288-2306]"
    }, {
      "left" : "{}",
      "right" : "{}",
      "info" : "Block[2308-2388]:Block[2308-2419]"
    }, {
      "left" : "return \" title=\\\"\" + toolTipText\r\n            + \"\\\" alt=\\\"\\\"\";",
      "right" : "return \" title=\\\"\" + ImageMapUtilities.htmlEscape(toolTipText) \r\n            + \"\\\" alt=\\\"\\\"\";",
      "info" : "ReturnStatement[2319-2381]:ReturnStatement[2319-2412]"
    }, {
      "left" : "toolTipText",
      "right" : "toolTipText",
      "info" : "SimpleName[2340-2351]:SimpleName[2369-2380]"
    } ]
  },
  "interFileMappings" : { }
}