{"PLAIN_CONFIGURATION": "ClassicGumtree-bu_minsim-0.2-bu_minsize-100-st_minprio-1-st_priocalc-size", "MATCHER": "ClassicGumtree", "NRACTIONS": 57, "SIMACTIONS": 31, "NRROOTS": null, "NR_INSERT": 44.0, "NR_DELETE": 5.0, "NR_UPDATE": 2.0, "NR_MOVE": 6.0, "NR_TREEINSERT": 0.0, "NR_TREEDELETE": 0.0, "TIME": 112, "NROPTIONS": 0.0, "TIMEOUT": "0", "bu_minsim": 0.2, "bu_minsize": 100, "st_minprio": 1, "st_priocalc": "size", "cd_labsim": null, "cd_maxleaves": null, "cd_structsim1": null, "cd_structsim2": null, "xy_minsim": null}