{"PLAIN_CONFIGURATION": "ClassicGumtree-bu_minsim-0.2-bu_minsize-1700-st_minprio-1-st_priocalc-size", "MATCHER": "ClassicGumtree", "NRACTIONS": 1209, "SIMACTIONS": 61, "NRROOTS": null, "NR_INSERT": 1196.0, "NR_DELETE": 1.0, "NR_UPDATE": 2.0, "NR_MOVE": 10.0, "NR_TREEINSERT": 0.0, "NR_TREEDELETE": 0.0, "TIME": 1726, "NROPTIONS": 0.0, "TIMEOUT": "0", "bu_minsim": 0.2, "bu_minsize": 1700, "st_minprio": 1, "st_priocalc": "size", "cd_labsim": null, "cd_maxleaves": null, "cd_structsim1": null, "cd_structsim2": null, "xy_minsim": null}