{
  "intraFileMappings" : {
    "matchedElements" : [
 {
      "left" : "CoreOperationRelationalExpression",
      "right" : "CoreOperationRelationalExpression",
      "info" : "TypeDeclaration[1143-3768]:TypeDeclaration[1143-3757]"
    }, {
      "left" : "protected CoreOperationRelationalExpression(Expression[] args)",
      "right" : "protected CoreOperationRelationalExpression(Expression[] args)",
      "info" : "MethodDeclaration[1403-1494]:MethodDeclaration[1403-1494]"
    }, {
      "left" : "public final Object computeValue(EvalContext context)",
      "right" : "public final Object computeValue(EvalContext context)",
      "info" : "MethodDeclaration[1500-1695]:MethodDeclaration[1500-1684]"
    }, {
      "left" : "protected final int getPrecedence()",
      "right" : "protected final int getPrecedence()",
      "info" : "MethodDeclaration[1701-1762]:MethodDeclaration[1690-1751]"
    }, {
      "left" : "protected final boolean isSymmetric()",
      "right" : "protected final boolean isSymmetric()",
      "info" : "MethodDeclaration[1768-1835]:MethodDeclaration[1757-1824]"
    }, {
      "left" : "protected abstract boolean evaluateCompare(int compare);",
      "right" : "protected abstract boolean evaluateCompare(int compare);",
      "info" : "MethodDeclaration[1841-1897]:MethodDeclaration[1830-1886]"
    }, {
      "left" : "private boolean compute(Object left, Object right)",
      "right" : "private boolean compute(Object left, Object right)",
      "info" : "MethodDeclaration[1903-2891]:MethodDeclaration[1892-2880]"
    }, {
      "left" : "private Object reduce(Object o)",
      "right" : "private Object reduce(Object o)",
      "info" : "MethodDeclaration[2897-3156]:MethodDeclaration[2886-3145]"
    }, {
      "left" : "private boolean containsMatch(Iterator it, Object value)",
      "right" : "private boolean containsMatch(Iterator it, Object value)",
      "info" : "MethodDeclaration[3162-3415]:MethodDeclaration[3151-3404]"
    }, {
      "left" : "private boolean findMatch(Iterator lit, Iterator rit)",
      "right" : "private boolean findMatch(Iterator lit, Iterator rit)",
      "info" : "MethodDeclaration[3421-3765]:MethodDeclaration[3410-3754]"
    } ],
    "mappings" : [
 {
      "left" : "public",
      "right" : "public",
      "info" : "Modifier[1318-1324]:Modifier[1318-1324]"
    }, {
      "left" : "abstract",
      "right" : "abstract",
      "info" : "Modifier[1325-1333]:Modifier[1325-1333]"
    }, {
      "left" : "class",
      "right" : "class",
      "info" : "TYPE_DECLARATION_KIND[1334-1339]:TYPE_DECLARATION_KIND[1334-1339]"
    }, {
      "left" : "CoreOperationRelationalExpression",
      "right" : "CoreOperationRelationalExpression",
      "info" : "SimpleName[1340-1373]:SimpleName[1340-1373]"
    }, {
      "left" : "CoreOperation",
      "right" : "CoreOperation",
      "info" : "SimpleType[1382-1395]:SimpleType[1382-1395]"
    }, {
      "left" : "protected",
      "right" : "protected",
      "info" : "Modifier[1403-1412]:Modifier[1403-1412]"
    }, {
      "left" : "CoreOperationRelationalExpression",
      "right" : "CoreOperationRelationalExpression",
      "info" : "SimpleName[1413-1446]:SimpleName[1413-1446]"
    }, {
      "left" : "Expression[] args",
      "right" : "Expression[] args",
      "info" : "SingleVariableDeclaration[1447-1464]:SingleVariableDeclaration[1447-1464]"
    }, {
      "left" : "{}",
      "right" : "{}",
      "info" : "Block[1466-1494]:Block[1466-1494]"
    }, {
      "left" : "super(args);",
      "right" : "super(args);",
      "info" : "SuperConstructorInvocation[1476-1488]:SuperConstructorInvocation[1476-1488]"
    }, {
      "left" : "public",
      "right" : "public",
      "info" : "Modifier[1500-1506]:Modifier[1500-1506]"
    }, {
      "left" : "final",
      "right" : "final",
      "info" : "Modifier[1507-1512]:Modifier[1507-1512]"
    }, {
      "left" : "Object",
      "right" : "Object",
      "info" : "SimpleType[1513-1519]:SimpleType[1513-1519]"
    }, {
      "left" : "computeValue",
      "right" : "computeValue",
      "info" : "SimpleName[1520-1532]:SimpleName[1520-1532]"
    }, {
      "left" : "EvalContext context",
      "right" : "EvalContext context",
      "info" : "SingleVariableDeclaration[1533-1552]:SingleVariableDeclaration[1533-1552]"
    }, {
      "left" : "{}",
      "right" : "{}",
      "info" : "Block[1554-1695]:Block[1554-1684]"
    }, {
      "left" : "return compute(args[0].computeValue(context), args[1].computeValue(context)) \n                ? Boolean.TRUE : Boolean.FALSE;",
      "right" : "return compute(args[0].compute(context), args[1].compute(context))\n                ? Boolean.TRUE : Boolean.FALSE;",
      "info" : "ReturnStatement[1564-1689]:ReturnStatement[1564-1678]"
    }, {
      "left" : "computeValue",
      "right" : "compute",
      "info" : "SimpleName[1587-1599]:SimpleName[1587-1594]"
    }, {
      "left" : "computeValue",
      "right" : "compute",
      "info" : "SimpleName[1618-1630]:SimpleName[1613-1620]"
    }, {
      "left" : "protected",
      "right" : "protected",
      "info" : "Modifier[1701-1710]:Modifier[1690-1699]"
    }, {
      "left" : "final",
      "right" : "final",
      "info" : "Modifier[1711-1716]:Modifier[1700-1705]"
    }, {
      "left" : "int",
      "right" : "int",
      "info" : "PrimitiveType[1717-1720]:PrimitiveType[1706-1709]"
    }, {
      "left" : "getPrecedence",
      "right" : "getPrecedence",
      "info" : "SimpleName[1721-1734]:SimpleName[1710-1723]"
    }, {
      "left" : "{}",
      "right" : "{}",
      "info" : "Block[1737-1762]:Block[1726-1751]"
    }, {
      "left" : "return 3;",
      "right" : "return 3;",
      "info" : "ReturnStatement[1747-1756]:ReturnStatement[1736-1745]"
    }, {
      "left" : "protected",
      "right" : "protected",
      "info" : "Modifier[1768-1777]:Modifier[1757-1766]"
    }, {
      "left" : "final",
      "right" : "final",
      "info" : "Modifier[1778-1783]:Modifier[1767-1772]"
    }, {
      "left" : "boolean",
      "right" : "boolean",
      "info" : "PrimitiveType[1784-1791]:PrimitiveType[1773-1780]"
    }, {
      "left" : "isSymmetric",
      "right" : "isSymmetric",
      "info" : "SimpleName[1792-1803]:SimpleName[1781-1792]"
    }, {
      "left" : "{}",
      "right" : "{}",
      "info" : "Block[1806-1835]:Block[1795-1824]"
    }, {
      "left" : "return false;",
      "right" : "return false;",
      "info" : "ReturnStatement[1816-1829]:ReturnStatement[1805-1818]"
    }, {
      "left" : "protected",
      "right" : "protected",
      "info" : "Modifier[1841-1850]:Modifier[1830-1839]"
    }, {
      "left" : "abstract",
      "right" : "abstract",
      "info" : "Modifier[1851-1859]:Modifier[1840-1848]"
    }, {
      "left" : "boolean",
      "right" : "boolean",
      "info" : "PrimitiveType[1860-1867]:PrimitiveType[1849-1856]"
    }, {
      "left" : "evaluateCompare",
      "right" : "evaluateCompare",
      "info" : "SimpleName[1868-1883]:SimpleName[1857-1872]"
    }, {
      "left" : "int compare",
      "right" : "int compare",
      "info" : "SingleVariableDeclaration[1884-1895]:SingleVariableDeclaration[1873-1884]"
    }, {
      "left" : "private",
      "right" : "private",
      "info" : "Modifier[1903-1910]:Modifier[1892-1899]"
    }, {
      "left" : "boolean",
      "right" : "boolean",
      "info" : "PrimitiveType[1911-1918]:PrimitiveType[1900-1907]"
    }, {
      "left" : "compute",
      "right" : "compute",
      "info" : "SimpleName[1919-1926]:SimpleName[1908-1915]"
    }, {
      "left" : "Object left",
      "right" : "Object left",
      "info" : "SingleVariableDeclaration[1927-1938]:SingleVariableDeclaration[1916-1927]"
    }, {
      "left" : "Object right",
      "right" : "Object right",
      "info" : "SingleVariableDeclaration[1940-1952]:SingleVariableDeclaration[1929-1941]"
    }, {
      "left" : "{}",
      "right" : "{}",
      "info" : "Block[1954-2891]:Block[1943-2880]"
    }, {
      "left" : "left = reduce(left);",
      "right" : "left = reduce(left);",
      "info" : "ExpressionStatement[1964-1984]:ExpressionStatement[1953-1973]"
    }, {
      "left" : "right = reduce(right);",
      "right" : "right = reduce(right);",
      "info" : "ExpressionStatement[1993-2015]:ExpressionStatement[1982-2004]"
    }, {
      "left" : "if (left instanceof InitialContext)",
      "right" : "if (left instanceof InitialContext)",
      "info" : "IfStatement[2025-2117]:IfStatement[2014-2106]"
    }, {
      "left" : "{}",
      "right" : "{}",
      "info" : "Block[2061-2117]:Block[2050-2106]"
    }, {
      "left" : "((InitialContext) left).reset();",
      "right" : "((InitialContext) left).reset();",
      "info" : "ExpressionStatement[2075-2107]:ExpressionStatement[2064-2096]"
    }, {
      "left" : "if (right instanceof InitialContext)",
      "right" : "if (right instanceof InitialContext)",
      "info" : "IfStatement[2126-2220]:IfStatement[2115-2209]"
    }, {
      "left" : "{}",
      "right" : "{}",
      "info" : "Block[2163-2220]:Block[2152-2209]"
    }, {
      "left" : "((InitialContext) right).reset();",
      "right" : "((InitialContext) right).reset();",
      "info" : "ExpressionStatement[2177-2210]:ExpressionStatement[2166-2199]"
    }, {
      "left" : "if (left instanceof Iterator && right instanceof Iterator)",
      "right" : "if (left instanceof Iterator && right instanceof Iterator)",
      "info" : "IfStatement[2229-2364]:IfStatement[2218-2353]"
    }, {
      "left" : "{}",
      "right" : "{}",
      "info" : "Block[2288-2364]:Block[2277-2353]"
    }, {
      "left" : "return findMatch((Iterator) left, (Iterator) right);",
      "right" : "return findMatch((Iterator) left, (Iterator) right);",
      "info" : "ReturnStatement[2302-2354]:ReturnStatement[2291-2343]"
    }, {
      "left" : "if (left instanceof Iterator)",
      "right" : "if (left instanceof Iterator)",
      "info" : "IfStatement[2373-2472]:IfStatement[2362-2461]"
    }, {
      "left" : "{}",
      "right" : "{}",
      "info" : "Block[2403-2472]:Block[2392-2461]"
    }, {
      "left" : "return containsMatch((Iterator) left, right);",
      "right" : "return containsMatch((Iterator) left, right);",
      "info" : "ReturnStatement[2417-2462]:ReturnStatement[2406-2451]"
    }, {
      "left" : "if (right instanceof Iterator)",
      "right" : "if (right instanceof Iterator)",
      "info" : "IfStatement[2481-2581]:IfStatement[2470-2570]"
    }, {
      "left" : "{}",
      "right" : "{}",
      "info" : "Block[2512-2581]:Block[2501-2570]"
    }, {
      "left" : "return containsMatch((Iterator) right, left);",
      "right" : "return containsMatch((Iterator) right, left);",
      "info" : "ReturnStatement[2526-2571]:ReturnStatement[2515-2560]"
    }, {
      "left" : "double ld = InfoSetUtil.doubleValue(left);",
      "right" : "double ld = InfoSetUtil.doubleValue(left);",
      "info" : "VariableDeclarationStatement[2590-2632]:VariableDeclarationStatement[2579-2621]"
    }, {
      "left" : "if (Double.isNaN(ld))",
      "right" : "if (Double.isNaN(ld))",
      "info" : "IfStatement[2641-2700]:IfStatement[2630-2689]"
    }, {
      "left" : "{}",
      "right" : "{}",
      "info" : "Block[2663-2700]:Block[2652-2689]"
    }, {
      "left" : "return false;",
      "right" : "return false;",
      "info" : "ReturnStatement[2677-2690]:ReturnStatement[2666-2679]"
    }, {
      "left" : "double rd = InfoSetUtil.doubleValue(right);",
      "right" : "double rd = InfoSetUtil.doubleValue(right);",
      "info" : "VariableDeclarationStatement[2709-2752]:VariableDeclarationStatement[2698-2741]"
    }, {
      "left" : "if (Double.isNaN(rd))",
      "right" : "if (Double.isNaN(rd))",
      "info" : "IfStatement[2761-2820]:IfStatement[2750-2809]"
    }, {
      "left" : "{}",
      "right" : "{}",
      "info" : "Block[2783-2820]:Block[2772-2809]"
    }, {
      "left" : "return false;",
      "right" : "return false;",
      "info" : "ReturnStatement[2797-2810]:ReturnStatement[2786-2799]"
    }, {
      "left" : "return evaluateCompare(ld == rd ? 0 : ld < rd ? -1 : 1);",
      "right" : "return evaluateCompare(ld == rd ? 0 : ld < rd ? -1 : 1);",
      "info" : "ReturnStatement[2829-2885]:ReturnStatement[2818-2874]"
    }, {
      "left" : "private",
      "right" : "private",
      "info" : "Modifier[2897-2904]:Modifier[2886-2893]"
    }, {
      "left" : "Object",
      "right" : "Object",
      "info" : "SimpleType[2905-2911]:SimpleType[2894-2900]"
    }, {
      "left" : "reduce",
      "right" : "reduce",
      "info" : "SimpleName[2912-2918]:SimpleName[2901-2907]"
    }, {
      "left" : "Object o",
      "right" : "Object o",
      "info" : "SingleVariableDeclaration[2919-2927]:SingleVariableDeclaration[2908-2916]"
    }, {
      "left" : "{}",
      "right" : "{}",
      "info" : "Block[2929-3156]:Block[2918-3145]"
    }, {
      "left" : "if (o instanceof SelfContext)",
      "right" : "if (o instanceof SelfContext)",
      "info" : "IfStatement[2939-3038]:IfStatement[2928-3027]"
    }, {
      "left" : "{}",
      "right" : "{}",
      "info" : "Block[2969-3038]:Block[2958-3027]"
    }, {
      "left" : "o = ((EvalContext) o).getSingleNodePointer();",
      "right" : "o = ((EvalContext) o).getSingleNodePointer();",
      "info" : "ExpressionStatement[2983-3028]:ExpressionStatement[2972-3017]"
    }, {
      "left" : "if (o instanceof Collection)",
      "right" : "if (o instanceof Collection)",
      "info" : "IfStatement[3047-3132]:IfStatement[3036-3121]"
    }, {
      "left" : "{}",
      "right" : "{}",
      "info" : "Block[3076-3132]:Block[3065-3121]"
    }, {
      "left" : "o = ((Collection) o).iterator();",
      "right" : "o = ((Collection) o).iterator();",
      "info" : "ExpressionStatement[3090-3122]:ExpressionStatement[3079-3111]"
    }, {
      "left" : "return o;",
      "right" : "return o;",
      "info" : "ReturnStatement[3141-3150]:ReturnStatement[3130-3139]"
    }, {
      "left" : "private",
      "right" : "private",
      "info" : "Modifier[3162-3169]:Modifier[3151-3158]"
    }, {
      "left" : "boolean",
      "right" : "boolean",
      "info" : "PrimitiveType[3170-3177]:PrimitiveType[3159-3166]"
    }, {
      "left" : "containsMatch",
      "right" : "containsMatch",
      "info" : "SimpleName[3178-3191]:SimpleName[3167-3180]"
    }, {
      "left" : "Iterator it",
      "right" : "Iterator it",
      "info" : "SingleVariableDeclaration[3192-3203]:SingleVariableDeclaration[3181-3192]"
    }, {
      "left" : "Object value",
      "right" : "Object value",
      "info" : "SingleVariableDeclaration[3205-3217]:SingleVariableDeclaration[3194-3206]"
    }, {
      "left" : "{}",
      "right" : "{}",
      "info" : "Block[3219-3415]:Block[3208-3404]"
    }, {
      "left" : "while (it.hasNext())",
      "right" : "while (it.hasNext())",
      "info" : "WhileStatement[3229-3387]:WhileStatement[3218-3376]"
    }, {
      "left" : "{}",
      "right" : "{}",
      "info" : "Block[3250-3387]:Block[3239-3376]"
    }, {
      "left" : "Object element = it.next();",
      "right" : "Object element = it.next();",
      "info" : "VariableDeclarationStatement[3264-3291]:VariableDeclarationStatement[3253-3280]"
    }, {
      "left" : "if (compute(element, value))",
      "right" : "if (compute(element, value))",
      "info" : "IfStatement[3304-3377]:IfStatement[3293-3366]"
    }, {
      "left" : "{}",
      "right" : "{}",
      "info" : "Block[3333-3377]:Block[3322-3366]"
    }, {
      "left" : "return true;",
      "right" : "return true;",
      "info" : "ReturnStatement[3351-3363]:ReturnStatement[3340-3352]"
    }, {
      "left" : "return false;",
      "right" : "return false;",
      "info" : "ReturnStatement[3396-3409]:ReturnStatement[3385-3398]"
    }, {
      "left" : "private",
      "right" : "private",
      "info" : "Modifier[3421-3428]:Modifier[3410-3417]"
    }, {
      "left" : "boolean",
      "right" : "boolean",
      "info" : "PrimitiveType[3429-3436]:PrimitiveType[3418-3425]"
    }, {
      "left" : "findMatch",
      "right" : "findMatch",
      "info" : "SimpleName[3437-3446]:SimpleName[3426-3435]"
    }, {
      "left" : "Iterator lit",
      "right" : "Iterator lit",
      "info" : "SingleVariableDeclaration[3447-3459]:SingleVariableDeclaration[3436-3448]"
    }, {
      "left" : "Iterator rit",
      "right" : "Iterator rit",
      "info" : "SingleVariableDeclaration[3461-3473]:SingleVariableDeclaration[3450-3462]"
    }, {
      "left" : "{}",
      "right" : "{}",
      "info" : "Block[3475-3765]:Block[3464-3754]"
    }, {
      "left" : "HashSet left = new HashSet();",
      "right" : "HashSet left = new HashSet();",
      "info" : "VariableDeclarationStatement[3485-3514]:VariableDeclarationStatement[3474-3503]"
    }, {
      "left" : "while (lit.hasNext())",
      "right" : "while (lit.hasNext())",
      "info" : "WhileStatement[3523-3590]:WhileStatement[3512-3579]"
    }, {
      "left" : "{}",
      "right" : "{}",
      "info" : "Block[3545-3590]:Block[3534-3579]"
    }, {
      "left" : "left.add(lit.next());",
      "right" : "left.add(lit.next());",
      "info" : "ExpressionStatement[3559-3580]:ExpressionStatement[3548-3569]"
    }, {
      "left" : "while (rit.hasNext())",
      "right" : "while (rit.hasNext())",
      "info" : "WhileStatement[3599-3737]:WhileStatement[3588-3726]"
    }, {
      "left" : "{}",
      "right" : "{}",
      "info" : "Block[3621-3737]:Block[3610-3726]"
    }, {
      "left" : "if (containsMatch(left.iterator(), rit.next()))",
      "right" : "if (containsMatch(left.iterator(), rit.next()))",
      "info" : "IfStatement[3635-3727]:IfStatement[3624-3716]"
    }, {
      "left" : "{}",
      "right" : "{}",
      "info" : "Block[3683-3727]:Block[3672-3716]"
    }, {
      "left" : "return true;",
      "right" : "return true;",
      "info" : "ReturnStatement[3701-3713]:ReturnStatement[3690-3702]"
    }, {
      "left" : "return false;",
      "right" : "return false;",
      "info" : "ReturnStatement[3746-3759]:ReturnStatement[3735-3748]"
    } ]
  },
  "interFileMappings" : { }
}