{
  "intraFileMappings" : {
    "matchedElements" : [
 {
      "left" : "GrayPaintScale",
      "right" : "GrayPaintScale",
      "info" : "TypeDeclaration[1978-5341]:TypeDeclaration[1978-5337]"
    }, {
      "left" : "private double lowerBound;",
      "right" : "private double lowerBound;",
      "info" : "FieldDeclaration[2157-2212]:FieldDeclaration[2157-2212]"
    }, {
      "left" : "private double upperBound;",
      "right" : "private double upperBound;",
      "info" : "FieldDeclaration[2224-2279]:FieldDeclaration[2224-2279]"
    }, {
      "left" : "public GrayPaintScale()",
      "right" : "public GrayPaintScale()",
      "info" : "MethodDeclaration[2291-2446]:MethodDeclaration[2291-2446]"
    }, {
      "left" : "public GrayPaintScale(double lowerBound, double upperBound)",
      "right" : "public GrayPaintScale(double lowerBound, double upperBound)",
      "info" : "MethodDeclaration[2458-3081]:MethodDeclaration[2458-3081]"
    }, {
      "left" : "public double getLowerBound()",
      "right" : "public double getLowerBound()",
      "info" : "MethodDeclaration[3093-3296]:MethodDeclaration[3093-3296]"
    }, {
      "left" : "public double getUpperBound()",
      "right" : "public double getUpperBound()",
      "info" : "MethodDeclaration[3304-3507]:MethodDeclaration[3304-3507]"
    }, {
      "left" : "public Paint getPaint(double value)",
      "right" : "public Paint getPaint(double value)",
      "info" : "MethodDeclaration[3515-4072]:MethodDeclaration[3515-4068]"
    }, {
      "left" : "public boolean equals(Object obj)",
      "right" : "public boolean equals(Object obj)",
      "info" : "MethodDeclaration[4084-4994]:MethodDeclaration[4080-4990]"
    }, {
      "left" : "public Object clone() throws CloneNotSupportedException",
      "right" : "public Object clone() throws CloneNotSupportedException",
      "info" : "MethodDeclaration[5006-5332]:MethodDeclaration[5002-5328]"
    } ],
    "mappings" : [
 {
      "left" : "{}",
      "right" : "{}",
      "info" : "Block[2413-2446]:Block[2413-2446]"
    }, {
      "left" : "this(0.0, 1.0);",
      "right" : "this(0.0, 1.0);",
      "info" : "ConstructorInvocation[2424-2439]:ConstructorInvocation[2424-2439]"
    }, {
      "left" : "{}",
      "right" : "{}",
      "info" : "Block[2835-3081]:Block[2835-3081]"
    }, {
      "left" : "if (lowerBound >= upperBound)",
      "right" : "if (lowerBound >= upperBound)",
      "info" : "IfStatement[2846-2996]:IfStatement[2846-2996]"
    }, {
      "left" : "{}",
      "right" : "{}",
      "info" : "Block[2876-2996]:Block[2876-2996]"
    }, {
      "left" : "throw new IllegalArgumentException(\r\n                    \"Requires lowerBound < upperBound.\");",
      "right" : "throw new IllegalArgumentException(\r\n                    \"Requires lowerBound < upperBound.\");",
      "info" : "ThrowStatement[2891-2985]:ThrowStatement[2891-2985]"
    }, {
      "left" : "this.lowerBound = lowerBound;",
      "right" : "this.lowerBound = lowerBound;",
      "info" : "ExpressionStatement[3006-3035]:ExpressionStatement[3006-3035]"
    }, {
      "left" : "this.upperBound = upperBound;",
      "right" : "this.upperBound = upperBound;",
      "info" : "ExpressionStatement[3045-3074]:ExpressionStatement[3045-3074]"
    }, {
      "left" : "{}",
      "right" : "{}",
      "info" : "Block[3255-3296]:Block[3255-3296]"
    }, {
      "left" : "return this.lowerBound;",
      "right" : "return this.lowerBound;",
      "info" : "ReturnStatement[3266-3289]:ReturnStatement[3266-3289]"
    }, {
      "left" : "{}",
      "right" : "{}",
      "info" : "Block[3466-3507]:Block[3466-3507]"
    }, {
      "left" : "return this.upperBound;",
      "right" : "return this.upperBound;",
      "info" : "ReturnStatement[3477-3500]:ReturnStatement[3477-3500]"
    }, {
      "left" : "{}",
      "right" : "{}",
      "info" : "Block[3815-4072]:Block[3815-4068]"
    }, {
      "left" : "double v = Math.max(value, this.lowerBound);",
      "right" : "double v = Math.max(value, this.lowerBound);",
      "info" : "VariableDeclarationStatement[3826-3870]:VariableDeclarationStatement[3826-3870]"
    }, {
      "left" : "v = Math.min(v, this.upperBound);",
      "right" : "v = Math.min(v, this.upperBound);",
      "info" : "ExpressionStatement[3880-3913]:ExpressionStatement[3880-3913]"
    }, {
      "left" : "int g = (int) ((value - this.lowerBound) / (this.upperBound \r\n                - this.lowerBound) * 255.0);",
      "right" : "int g = (int) ((v - this.lowerBound) / (this.upperBound \r\n                - this.lowerBound) * 255.0);",
      "info" : "VariableDeclarationStatement[3923-4029]:VariableDeclarationStatement[3923-4025]"
    }, {
      "left" : "return new Color(g, g, g);",
      "right" : "return new Color(g, g, g);",
      "info" : "ReturnStatement[4039-4065]:ReturnStatement[4035-4061]"
    }, {
      "left" : "{}",
      "right" : "{}",
      "info" : "Block[4577-4994]:Block[4573-4990]"
    }, {
      "left" : "if (obj == this)",
      "right" : "if (obj == this)",
      "info" : "IfStatement[4588-4643]:IfStatement[4584-4639]"
    }, {
      "left" : "{}",
      "right" : "{}",
      "info" : "Block[4605-4643]:Block[4601-4639]"
    }, {
      "left" : "return true;",
      "right" : "return true;",
      "info" : "ReturnStatement[4620-4632]:ReturnStatement[4616-4628]"
    }, {
      "left" : "if (!(obj instanceof GrayPaintScale))",
      "right" : "if (!(obj instanceof GrayPaintScale))",
      "info" : "IfStatement[4653-4730]:IfStatement[4649-4726]"
    }, {
      "left" : "{}",
      "right" : "{}",
      "info" : "Block[4691-4730]:Block[4687-4726]"
    }, {
      "left" : "return false;",
      "right" : "return false;",
      "info" : "ReturnStatement[4706-4719]:ReturnStatement[4702-4715]"
    }, {
      "left" : "GrayPaintScale that = (GrayPaintScale) obj;",
      "right" : "GrayPaintScale that = (GrayPaintScale) obj;",
      "info" : "VariableDeclarationStatement[4740-4783]:VariableDeclarationStatement[4736-4779]"
    }, {
      "left" : "if (this.lowerBound != that.lowerBound)",
      "right" : "if (this.lowerBound != that.lowerBound)",
      "info" : "IfStatement[4793-4872]:IfStatement[4789-4868]"
    }, {
      "left" : "{}",
      "right" : "{}",
      "info" : "Block[4833-4872]:Block[4829-4868]"
    }, {
      "left" : "return false;",
      "right" : "return false;",
      "info" : "ReturnStatement[4848-4861]:ReturnStatement[4844-4857]"
    }, {
      "left" : "if (this.upperBound != that.upperBound)",
      "right" : "if (this.upperBound != that.upperBound)",
      "info" : "IfStatement[4882-4961]:IfStatement[4878-4957]"
    }, {
      "left" : "{}",
      "right" : "{}",
      "info" : "Block[4922-4961]:Block[4918-4957]"
    }, {
      "left" : "return false;",
      "right" : "return false;",
      "info" : "ReturnStatement[4937-4950]:ReturnStatement[4933-4946]"
    }, {
      "left" : "return true;",
      "right" : "return true;",
      "info" : "ReturnStatement[4971-4983]:ReturnStatement[4967-4979]"
    }, {
      "left" : "{}",
      "right" : "{}",
      "info" : "Block[5293-5332]:Block[5289-5328]"
    }, {
      "left" : "return super.clone();",
      "right" : "return super.clone();",
      "info" : "ReturnStatement[5304-5325]:ReturnStatement[5300-5321]"
    } ]
  },
  "interFileMappings" : { }
}