{"PLAIN_CONFIGURATION": "HybridGumtree-bu_minsize-800-st_minprio-1-st_priocalc-size", "MATCHER": "HybridGumtree", "NRACTIONS": 5, "SIMACTIONS": 2, "NRROOTS": null, "NR_INSERT": 5.0, "NR_DELETE": 0.0, "NR_UPDATE": 0.0, "NR_MOVE": 0.0, "NR_TREEINSERT": 0.0, "NR_TREEDELETE": 0.0, "TIME": 2, "NROPTIONS": 0.0, "TIMEOUT": "0", "bu_minsim": null, "bu_minsize": 800, "st_minprio": 1, "st_priocalc": "size", "cd_labsim": null, "cd_maxleaves": null, "cd_structsim1": null, "cd_structsim2": null, "xy_minsim": null}