{
  "intraFileMappings" : {
    "matchedElements" : [
 {
      "left" : "ConstructorConstructor",
      "right" : "ConstructorConstructor",
      "info" : "TypeDeclaration[1272-7681]:TypeDeclaration[1465-8367]"
    }, {
      "left" : "private final Map<Type, InstanceCreator<?>> instanceCreators;",
      "right" : "private final Map<Type, InstanceCreator<?>> instanceCreators;",
      "info" : "FieldDeclaration[1400-1461]:FieldDeclaration[1593-1654]"
    }, {
      "left" : "public ConstructorConstructor(Map<Type, InstanceCreator<?>> instanceCreators)",
      "right" : "public ConstructorConstructor(Map<Type, InstanceCreator<?>> instanceCreators)",
      "info" : "MethodDeclaration[1465-1594]:MethodDeclaration[1658-1787]"
    }, {
      "left" : "public <T> ObjectConstructor<T> get(TypeToken<T> typeToken)",
      "right" : "public <T> ObjectConstructor<T> get(TypeToken<T> typeToken)",
      "info" : "MethodDeclaration[1598-2968]:MethodDeclaration[1791-3161]"
    }, {
      "left" : "public T construct()",
      "right" : "public T construct()",
      "info" : "MethodDeclaration[2031-2124]:MethodDeclaration[2224-2317]"
    }, {
      "left" : "public T construct()",
      "right" : "public T construct()",
      "info" : "MethodDeclaration[2439-2535]:MethodDeclaration[2632-2728]"
    }, {
      "left" : "private <T> ObjectConstructor<T> newDefaultConstructor(Class<? super T> rawType)",
      "right" : "private <T> ObjectConstructor<T> newDefaultConstructor(Class<? super T> rawType)",
      "info" : "MethodDeclaration[2972-4158]:MethodDeclaration[3165-4351]"
    }, {
      "left" : "public T construct()",
      "right" : "public T construct()",
      "info" : "MethodDeclaration[3288-4080]:MethodDeclaration[3481-4273]"
    }, {
      "left" : "// use runtime checks to guarantee that 'T' is what it is\n  private <T> ObjectConstructor<T> newDefaultImplementationConstructor(\n      final Type type, Class<? super T> rawType)",
      "right" : "// use runtime checks to guarantee that 'T' is what it is\n  private <T> ObjectConstructor<T> newDefaultImplementationConstructor(\n      final Type type, Class<? super T> rawType)",
      "info" : "MethodDeclaration[4162-6914]:MethodDeclaration[4355-7600]"
    }, {
      "left" : "public T construct()",
      "right" : "public T construct()",
      "info" : "MethodDeclaration[4637-4727]:MethodDeclaration[4830-4920]"
    }, {
      "left" : "public T construct()",
      "right" : "public T construct()",
      "info" : "MethodDeclaration[4853-5438]:MethodDeclaration[5046-5631]"
    }, {
      "left" : "public T construct()",
      "right" : "public T construct()",
      "info" : "MethodDeclaration[5560-5656]:MethodDeclaration[5753-5849]"
    }, {
      "left" : "public T construct()",
      "right" : "public T construct()",
      "info" : "MethodDeclaration[5780-5873]:MethodDeclaration[5973-6066]"
    }, {
      "left" : "public T construct()",
      "right" : "public T construct()",
      "info" : "MethodDeclaration[5954-6046]:MethodDeclaration[6147-6239]"
    }, {
      "left" : "public T construct()",
      "right" : "public T construct()",
      "info" : "MethodDeclaration[6229-6327]:MethodDeclaration[6915-7013]"
    }, {
      "left" : "public T construct()",
      "right" : "public T construct()",
      "info" : "MethodDeclaration[6578-6682]:MethodDeclaration[7264-7368]"
    }, {
      "left" : "public T construct()",
      "right" : "public T construct()",
      "info" : "MethodDeclaration[6763-6867]:MethodDeclaration[7449-7553]"
    }, {
      "left" : "private <T> ObjectConstructor<T> newUnsafeAllocator(\n      final Type type, final Class<? super T> rawType)",
      "right" : "private <T> ObjectConstructor<T> newUnsafeAllocator(\n      final Type type, final Class<? super T> rawType)",
      "info" : "MethodDeclaration[6918-7595]:MethodDeclaration[7604-8281]"
    }, {
      "left" : "private final UnsafeAllocator unsafeAllocator = UnsafeAllocator.create();",
      "right" : "private final UnsafeAllocator unsafeAllocator = UnsafeAllocator.create();",
      "info" : "FieldDeclaration[7074-7147]:FieldDeclaration[7760-7833]"
    }, {
      "left" : "public T construct()",
      "right" : "public T construct()",
      "info" : "MethodDeclaration[7154-7584]:MethodDeclaration[7840-8270]"
    }, {
      "left" : "public String toString()",
      "right" : "public String toString()",
      "info" : "MethodDeclaration[7599-7679]:MethodDeclaration[8285-8365]"
    } ],
    "mappings" : [
 {
      "left" : "public",
      "right" : "public",
      "info" : "Modifier[1354-1360]:Modifier[1547-1553]"
    }, {
      "left" : "final",
      "right" : "final",
      "info" : "Modifier[1361-1366]:Modifier[1554-1559]"
    }, {
      "left" : "class",
      "right" : "class",
      "info" : "TYPE_DECLARATION_KIND[1367-1372]:TYPE_DECLARATION_KIND[1560-1565]"
    }, {
      "left" : "ConstructorConstructor",
      "right" : "ConstructorConstructor",
      "info" : "SimpleName[1373-1395]:SimpleName[1566-1588]"
    }, {
      "left" : "public",
      "right" : "public",
      "info" : "Modifier[1465-1471]:Modifier[1658-1664]"
    }, {
      "left" : "ConstructorConstructor",
      "right" : "ConstructorConstructor",
      "info" : "SimpleName[1472-1494]:SimpleName[1665-1687]"
    }, {
      "left" : "Map<Type, InstanceCreator<?>> instanceCreators",
      "right" : "Map<Type, InstanceCreator<?>> instanceCreators",
      "info" : "SingleVariableDeclaration[1495-1541]:SingleVariableDeclaration[1688-1734]"
    }, {
      "left" : "{}",
      "right" : "{}",
      "info" : "Block[1543-1594]:Block[1736-1787]"
    }, {
      "left" : "this.instanceCreators = instanceCreators;",
      "right" : "this.instanceCreators = instanceCreators;",
      "info" : "ExpressionStatement[1549-1590]:ExpressionStatement[1742-1783]"
    }, {
      "left" : "public",
      "right" : "public",
      "info" : "Modifier[1598-1604]:Modifier[1791-1797]"
    }, {
      "left" : "T",
      "right" : "T",
      "info" : "TypeParameter[1606-1607]:TypeParameter[1799-1800]"
    }, {
      "left" : "ObjectConstructor<T>",
      "right" : "ObjectConstructor<T>",
      "info" : "ParameterizedType[1609-1629]:ParameterizedType[1802-1822]"
    }, {
      "left" : "get",
      "right" : "get",
      "info" : "SimpleName[1630-1633]:SimpleName[1823-1826]"
    }, {
      "left" : "TypeToken<T> typeToken",
      "right" : "TypeToken<T> typeToken",
      "info" : "SingleVariableDeclaration[1634-1656]:SingleVariableDeclaration[1827-1849]"
    }, {
      "left" : "{}",
      "right" : "{}",
      "info" : "Block[1658-2968]:Block[1851-3161]"
    }, {
      "left" : "final Type type = typeToken.getType();",
      "right" : "final Type type = typeToken.getType();",
      "info" : "VariableDeclarationStatement[1664-1702]:VariableDeclarationStatement[1857-1895]"
    }, {
      "left" : "final Class<? super T> rawType = typeToken.getRawType();",
      "right" : "final Class<? super T> rawType = typeToken.getRawType();",
      "info" : "VariableDeclarationStatement[1707-1763]:VariableDeclarationStatement[1900-1956]"
    }, {
      "left" : "@SuppressWarnings(\"unchecked\") // types must agree\n    final InstanceCreator<T> typeCreator = (InstanceCreator<T>) instanceCreators.get(type);",
      "right" : "@SuppressWarnings(\"unchecked\") // types must agree\n    final InstanceCreator<T> typeCreator = (InstanceCreator<T>) instanceCreators.get(type);",
      "info" : "VariableDeclarationStatement[1807-1949]:VariableDeclarationStatement[2000-2142]"
    }, {
      "left" : "if (typeCreator != null)",
      "right" : "if (typeCreator != null)",
      "info" : "IfStatement[1954-2139]:IfStatement[2147-2332]"
    }, {
      "left" : "{}",
      "right" : "{}",
      "info" : "Block[1979-2139]:Block[2172-2332]"
    }, {
      "left" : "return new ObjectConstructor<T>() {\n        @Override public T construct() {\n          return typeCreator.createInstance(type);\n        }\n      };",
      "right" : "return new ObjectConstructor<T>() {\n        @Override public T construct() {\n          return typeCreator.createInstance(type);\n        }\n      };",
      "info" : "ReturnStatement[1987-2133]:ReturnStatement[2180-2326]"
    }, {
      "left" : "@Override",
      "right" : "@Override",
      "info" : "MarkerAnnotation[2031-2040]:MarkerAnnotation[2224-2233]"
    }, {
      "left" : "public",
      "right" : "public",
      "info" : "Modifier[2041-2047]:Modifier[2234-2240]"
    }, {
      "left" : "T",
      "right" : "T",
      "info" : "SimpleType[2048-2049]:SimpleType[2241-2242]"
    }, {
      "left" : "construct",
      "right" : "construct",
      "info" : "SimpleName[2050-2059]:SimpleName[2243-2252]"
    }, {
      "left" : "{}",
      "right" : "{}",
      "info" : "Block[2062-2124]:Block[2255-2317]"
    }, {
      "left" : "return typeCreator.createInstance(type);",
      "right" : "return typeCreator.createInstance(type);",
      "info" : "ReturnStatement[2074-2114]:ReturnStatement[2267-2307]"
    }, {
      "left" : "@SuppressWarnings(\"unchecked\") // types must agree\n    final InstanceCreator<T> rawTypeCreator =\n        (InstanceCreator<T>) instanceCreators.get(rawType);",
      "right" : "@SuppressWarnings(\"unchecked\") // types must agree\n    final InstanceCreator<T> rawTypeCreator =\n        (InstanceCreator<T>) instanceCreators.get(rawType);",
      "info" : "VariableDeclarationStatement[2198-2354]:VariableDeclarationStatement[2391-2547]"
    }, {
      "left" : "if (rawTypeCreator != null)",
      "right" : "if (rawTypeCreator != null)",
      "info" : "IfStatement[2359-2550]:IfStatement[2552-2743]"
    }, {
      "left" : "{}",
      "right" : "{}",
      "info" : "Block[2387-2550]:Block[2580-2743]"
    }, {
      "left" : "return new ObjectConstructor<T>() {\n        @Override public T construct() {\n          return rawTypeCreator.createInstance(type);\n        }\n      };",
      "right" : "return new ObjectConstructor<T>() {\n        @Override public T construct() {\n          return rawTypeCreator.createInstance(type);\n        }\n      };",
      "info" : "ReturnStatement[2395-2544]:ReturnStatement[2588-2737]"
    }, {
      "left" : "@Override",
      "right" : "@Override",
      "info" : "MarkerAnnotation[2439-2448]:MarkerAnnotation[2632-2641]"
    }, {
      "left" : "public",
      "right" : "public",
      "info" : "Modifier[2449-2455]:Modifier[2642-2648]"
    }, {
      "left" : "T",
      "right" : "T",
      "info" : "SimpleType[2456-2457]:SimpleType[2649-2650]"
    }, {
      "left" : "construct",
      "right" : "construct",
      "info" : "SimpleName[2458-2467]:SimpleName[2651-2660]"
    }, {
      "left" : "{}",
      "right" : "{}",
      "info" : "Block[2470-2535]:Block[2663-2728]"
    }, {
      "left" : "return rawTypeCreator.createInstance(type);",
      "right" : "return rawTypeCreator.createInstance(type);",
      "info" : "ReturnStatement[2482-2525]:ReturnStatement[2675-2718]"
    }, {
      "left" : "ObjectConstructor<T> defaultConstructor = newDefaultConstructor(rawType);",
      "right" : "ObjectConstructor<T> defaultConstructor = newDefaultConstructor(rawType);",
      "info" : "VariableDeclarationStatement[2556-2629]:VariableDeclarationStatement[2749-2822]"
    }, {
      "left" : "if (defaultConstructor != null)",
      "right" : "if (defaultConstructor != null)",
      "info" : "IfStatement[2634-2706]:IfStatement[2827-2899]"
    }, {
      "left" : "{}",
      "right" : "{}",
      "info" : "Block[2666-2706]:Block[2859-2899]"
    }, {
      "left" : "return defaultConstructor;",
      "right" : "return defaultConstructor;",
      "info" : "ReturnStatement[2674-2700]:ReturnStatement[2867-2893]"
    }, {
      "left" : "ObjectConstructor<T> defaultImplementation = newDefaultImplementationConstructor(type, rawType);",
      "right" : "ObjectConstructor<T> defaultImplementation = newDefaultImplementationConstructor(type, rawType);",
      "info" : "VariableDeclarationStatement[2712-2808]:VariableDeclarationStatement[2905-3001]"
    }, {
      "left" : "if (defaultImplementation != null)",
      "right" : "if (defaultImplementation != null)",
      "info" : "IfStatement[2813-2891]:IfStatement[3006-3084]"
    }, {
      "left" : "{}",
      "right" : "{}",
      "info" : "Block[2848-2891]:Block[3041-3084]"
    }, {
      "left" : "return defaultImplementation;",
      "right" : "return defaultImplementation;",
      "info" : "ReturnStatement[2856-2885]:ReturnStatement[3049-3078]"
    }, {
      "left" : "return newUnsafeAllocator(type, rawType);",
      "right" : "return newUnsafeAllocator(type, rawType);",
      "info" : "ReturnStatement[2923-2964]:ReturnStatement[3116-3157]"
    }, {
      "left" : "private",
      "right" : "private",
      "info" : "Modifier[2972-2979]:Modifier[3165-3172]"
    }, {
      "left" : "T",
      "right" : "T",
      "info" : "TypeParameter[2981-2982]:TypeParameter[3174-3175]"
    }, {
      "left" : "ObjectConstructor<T>",
      "right" : "ObjectConstructor<T>",
      "info" : "ParameterizedType[2984-3004]:ParameterizedType[3177-3197]"
    }, {
      "left" : "newDefaultConstructor",
      "right" : "newDefaultConstructor",
      "info" : "SimpleName[3005-3026]:SimpleName[3198-3219]"
    }, {
      "left" : "Class<? super T> rawType",
      "right" : "Class<? super T> rawType",
      "info" : "SingleVariableDeclaration[3027-3051]:SingleVariableDeclaration[3220-3244]"
    }, {
      "left" : "{}",
      "right" : "{}",
      "info" : "Block[3053-4158]:Block[3246-4351]"
    }, {
      "left" : "try{...}",
      "right" : "try{...}",
      "info" : "TryStatement[3059-4154]:TryStatement[3252-4347]"
    }, {
      "left" : "{}",
      "right" : "{}",
      "info" : "Block[3063-4095]:Block[3256-4288]"
    }, {
      "left" : "final Constructor<? super T> constructor = rawType.getDeclaredConstructor();",
      "right" : "final Constructor<? super T> constructor = rawType.getDeclaredConstructor();",
      "info" : "VariableDeclarationStatement[3071-3147]:VariableDeclarationStatement[3264-3340]"
    }, {
      "left" : "if (!constructor.isAccessible())",
      "right" : "if (!constructor.isAccessible())",
      "info" : "IfStatement[3154-3237]:IfStatement[3347-3430]"
    }, {
      "left" : "{}",
      "right" : "{}",
      "info" : "Block[3187-3237]:Block[3380-3430]"
    }, {
      "left" : "constructor.setAccessible(true);",
      "right" : "constructor.setAccessible(true);",
      "info" : "ExpressionStatement[3197-3229]:ExpressionStatement[3390-3422]"
    }, {
      "left" : "return new ObjectConstructor<T>() {\n        @SuppressWarnings(\"unchecked\") // T is the same raw type as is requested\n        @Override public T construct() {\n          try {\n            Object[] args = null;\n            return (T) constructor.newInstance(args);\n          } catch (InstantiationException e) {\n            // TODO: JsonParseException ?\n            throw new RuntimeException(\"Failed to invoke \" + constructor + \" with no args\", e);\n          } catch (InvocationTargetException e) {\n            // TODO: don't wrap if cause is unchecked!\n            // TODO: JsonParseException ?\n            throw new RuntimeException(\"Failed to invoke \" + constructor + \" with no args\",\n                e.getTargetException());\n          } catch (IllegalAccessException e) {\n            throw new AssertionError(e);\n          }\n        }\n      };",
      "right" : "return new ObjectConstructor<T>() {\n        @SuppressWarnings(\"unchecked\") // T is the same raw type as is requested\n        @Override public T construct() {\n          try {\n            Object[] args = null;\n            return (T) constructor.newInstance(args);\n          } catch (InstantiationException e) {\n            // TODO: JsonParseException ?\n            throw new RuntimeException(\"Failed to invoke \" + constructor + \" with no args\", e);\n          } catch (InvocationTargetException e) {\n            // TODO: don't wrap if cause is unchecked!\n            // TODO: JsonParseException ?\n            throw new RuntimeException(\"Failed to invoke \" + constructor + \" with no args\",\n                e.getTargetException());\n          } catch (IllegalAccessException e) {\n            throw new AssertionError(e);\n          }\n        }\n      };",
      "info" : "ReturnStatement[3244-4089]:ReturnStatement[3437-4282]"
    }, {
      "left" : "@SuppressWarnings(\"unchecked\")",
      "right" : "@SuppressWarnings(\"unchecked\")",
      "info" : "SingleMemberAnnotation[3288-3318]:SingleMemberAnnotation[3481-3511]"
    }, {
      "left" : "@Override",
      "right" : "@Override",
      "info" : "MarkerAnnotation[3369-3378]:MarkerAnnotation[3562-3571]"
    }, {
      "left" : "public",
      "right" : "public",
      "info" : "Modifier[3379-3385]:Modifier[3572-3578]"
    }, {
      "left" : "T",
      "right" : "T",
      "info" : "SimpleType[3386-3387]:SimpleType[3579-3580]"
    }, {
      "left" : "construct",
      "right" : "construct",
      "info" : "SimpleName[3388-3397]:SimpleName[3581-3590]"
    }, {
      "left" : "{}",
      "right" : "{}",
      "info" : "Block[3400-4080]:Block[3593-4273]"
    }, {
      "left" : "try{...}",
      "right" : "try{...}",
      "info" : "TryStatement[3412-4070]:TryStatement[3605-4263]"
    }, {
      "left" : "{}",
      "right" : "{}",
      "info" : "Block[3416-3517]:Block[3609-3710]"
    }, {
      "left" : "Object[] args = null;",
      "right" : "Object[] args = null;",
      "info" : "VariableDeclarationStatement[3430-3451]:VariableDeclarationStatement[3623-3644]"
    }, {
      "left" : "return (T) constructor.newInstance(args);",
      "right" : "return (T) constructor.newInstance(args);",
      "info" : "ReturnStatement[3464-3505]:ReturnStatement[3657-3698]"
    }, {
      "left" : "{}",
      "right" : "{}",
      "info" : "Block[3551-3702]:Block[3744-3895]"
    }, {
      "left" : "throw new RuntimeException(\"Failed to invoke \" + constructor + \" with no args\", e);",
      "right" : "throw new RuntimeException(\"Failed to invoke \" + constructor + \" with no args\", e);",
      "info" : "ThrowStatement[3607-3690]:ThrowStatement[3800-3883]"
    }, {
      "left" : "{}",
      "right" : "{}",
      "info" : "Block[3739-3982]:Block[3932-4175]"
    }, {
      "left" : "throw new RuntimeException(\"Failed to invoke \" + constructor + \" with no args\",\n                e.getTargetException());",
      "right" : "throw new RuntimeException(\"Failed to invoke \" + constructor + \" with no args\",\n                e.getTargetException());",
      "info" : "ThrowStatement[3850-3970]:ThrowStatement[4043-4163]"
    }, {
      "left" : "{}",
      "right" : "{}",
      "info" : "Block[4016-4070]:Block[4209-4263]"
    }, {
      "left" : "throw new AssertionError(e);",
      "right" : "throw new AssertionError(e);",
      "info" : "ThrowStatement[4030-4058]:ThrowStatement[4223-4251]"
    }, {
      "left" : "{}",
      "right" : "{}",
      "info" : "Block[4128-4154]:Block[4321-4347]"
    }, {
      "left" : "return null;",
      "right" : "return null;",
      "info" : "ReturnStatement[4136-4148]:ReturnStatement[4329-4341]"
    }, {
      "left" : "@SuppressWarnings(\"unchecked\")",
      "right" : "@SuppressWarnings(\"unchecked\")",
      "info" : "SingleMemberAnnotation[4262-4292]:SingleMemberAnnotation[4455-4485]"
    }, {
      "left" : "private",
      "right" : "private",
      "info" : "Modifier[4353-4360]:Modifier[4546-4553]"
    }, {
      "left" : "T",
      "right" : "T",
      "info" : "TypeParameter[4362-4363]:TypeParameter[4555-4556]"
    }, {
      "left" : "ObjectConstructor<T>",
      "right" : "ObjectConstructor<T>",
      "info" : "ParameterizedType[4365-4385]:ParameterizedType[4558-4578]"
    }, {
      "left" : "newDefaultImplementationConstructor",
      "right" : "newDefaultImplementationConstructor",
      "info" : "SimpleName[4386-4421]:SimpleName[4579-4614]"
    }, {
      "left" : "final Type type",
      "right" : "final Type type",
      "info" : "SingleVariableDeclaration[4429-4444]:SingleVariableDeclaration[4622-4637]"
    }, {
      "left" : "Class<? super T> rawType",
      "right" : "Class<? super T> rawType",
      "info" : "SingleVariableDeclaration[4446-4470]:SingleVariableDeclaration[4639-4663]"
    }, {
      "left" : "{}",
      "right" : "{}",
      "info" : "Block[4472-6914]:Block[4665-7600]"
    }, {
      "left" : "if (Collection.class.isAssignableFrom(rawType))",
      "right" : "if (Collection.class.isAssignableFrom(rawType))",
      "info" : "IfStatement[4478-6071]:IfStatement[4671-6264]"
    }, {
      "left" : "{}",
      "right" : "{}",
      "info" : "Block[4526-6071]:Block[4719-6264]"
    }, {
      "left" : "if (SortedSet.class.isAssignableFrom(rawType))",
      "right" : "if (SortedSet.class.isAssignableFrom(rawType))",
      "info" : "IfStatement[4534-6065]:IfStatement[4727-6258]"
    }, {
      "left" : "{}",
      "right" : "{}",
      "info" : "Block[4581-4746]:Block[4774-4939]"
    }, {
      "left" : "return new ObjectConstructor<T>() {\n          @Override public T construct() {\n            return (T) new TreeSet<Object>();\n          }\n        };",
      "right" : "return new ObjectConstructor<T>() {\n          @Override public T construct() {\n            return (T) new TreeSet<Object>();\n          }\n        };",
      "info" : "ReturnStatement[4591-4738]:ReturnStatement[4784-4931]"
    }, {
      "left" : "@Override",
      "right" : "@Override",
      "info" : "MarkerAnnotation[4637-4646]:MarkerAnnotation[4830-4839]"
    }, {
      "left" : "public",
      "right" : "public",
      "info" : "Modifier[4647-4653]:Modifier[4840-4846]"
    }, {
      "left" : "T",
      "right" : "T",
      "info" : "SimpleType[4654-4655]:SimpleType[4847-4848]"
    }, {
      "left" : "construct",
      "right" : "construct",
      "info" : "SimpleName[4656-4665]:SimpleName[4849-4858]"
    }, {
      "left" : "{}",
      "right" : "{}",
      "info" : "Block[4668-4727]:Block[4861-4920]"
    }, {
      "left" : "return (T) new TreeSet<Object>();",
      "right" : "return (T) new TreeSet<Object>();",
      "info" : "ReturnStatement[4682-4715]:ReturnStatement[4875-4908]"
    }, {
      "left" : "if (EnumSet.class.isAssignableFrom(rawType))",
      "right" : "if (EnumSet.class.isAssignableFrom(rawType))",
      "info" : "IfStatement[4752-6065]:IfStatement[4945-6258]"
    }, {
      "left" : "{}",
      "right" : "{}",
      "info" : "Block[4797-5457]:Block[4990-5650]"
    }, {
      "left" : "return new ObjectConstructor<T>() {\n          @SuppressWarnings(\"rawtypes\")\n          @Override public T construct() {\n            if (type instanceof ParameterizedType) {\n              Type elementType = ((ParameterizedType) type).getActualTypeArguments()[0];\n              if (elementType instanceof Class) {\n                return (T) EnumSet.noneOf((Class)elementType);\n              } else {\n                throw new JsonIOException(\"Invalid EnumSet type: \" + type.toString());\n              }\n            } else {\n              throw new JsonIOException(\"Invalid EnumSet type: \" + type.toString());\n            }\n          }\n        };",
      "right" : "return new ObjectConstructor<T>() {\n          @SuppressWarnings(\"rawtypes\")\n          @Override public T construct() {\n            if (type instanceof ParameterizedType) {\n              Type elementType = ((ParameterizedType) type).getActualTypeArguments()[0];\n              if (elementType instanceof Class) {\n                return (T) EnumSet.noneOf((Class)elementType);\n              } else {\n                throw new JsonIOException(\"Invalid EnumSet type: \" + type.toString());\n              }\n            } else {\n              throw new JsonIOException(\"Invalid EnumSet type: \" + type.toString());\n            }\n          }\n        };",
      "info" : "ReturnStatement[4807-5449]:ReturnStatement[5000-5642]"
    }, {
      "left" : "@SuppressWarnings(\"rawtypes\")",
      "right" : "@SuppressWarnings(\"rawtypes\")",
      "info" : "SingleMemberAnnotation[4853-4882]:SingleMemberAnnotation[5046-5075]"
    }, {
      "left" : "@Override",
      "right" : "@Override",
      "info" : "MarkerAnnotation[4893-4902]:MarkerAnnotation[5086-5095]"
    }, {
      "left" : "public",
      "right" : "public",
      "info" : "Modifier[4903-4909]:Modifier[5096-5102]"
    }, {
      "left" : "T",
      "right" : "T",
      "info" : "SimpleType[4910-4911]:SimpleType[5103-5104]"
    }, {
      "left" : "construct",
      "right" : "construct",
      "info" : "SimpleName[4912-4921]:SimpleName[5105-5114]"
    }, {
      "left" : "{}",
      "right" : "{}",
      "info" : "Block[4924-5438]:Block[5117-5631]"
    }, {
      "left" : "if (type instanceof ParameterizedType)",
      "right" : "if (type instanceof ParameterizedType)",
      "info" : "IfStatement[4938-5426]:IfStatement[5131-5619]"
    }, {
      "left" : "{}",
      "right" : "{}",
      "info" : "Block[4977-5320]:Block[5170-5513]"
    }, {
      "left" : "Type elementType = ((ParameterizedType) type).getActualTypeArguments()[0];",
      "right" : "Type elementType = ((ParameterizedType) type).getActualTypeArguments()[0];",
      "info" : "VariableDeclarationStatement[4993-5067]:VariableDeclarationStatement[5186-5260]"
    }, {
      "left" : "if (elementType instanceof Class)",
      "right" : "if (elementType instanceof Class)",
      "info" : "IfStatement[5082-5306]:IfStatement[5275-5499]"
    }, {
      "left" : "{}",
      "right" : "{}",
      "info" : "Block[5116-5196]:Block[5309-5389]"
    }, {
      "left" : "return (T) EnumSet.noneOf((Class)elementType);",
      "right" : "return (T) EnumSet.noneOf((Class)elementType);",
      "info" : "ReturnStatement[5134-5180]:ReturnStatement[5327-5373]"
    }, {
      "left" : "{}",
      "right" : "{}",
      "info" : "Block[5202-5306]:Block[5395-5499]"
    }, {
      "left" : "throw new JsonIOException(\"Invalid EnumSet type: \" + type.toString());",
      "right" : "throw new JsonIOException(\"Invalid EnumSet type: \" + type.toString());",
      "info" : "ThrowStatement[5220-5290]:ThrowStatement[5413-5483]"
    }, {
      "left" : "{}",
      "right" : "{}",
      "info" : "Block[5326-5426]:Block[5519-5619]"
    }, {
      "left" : "throw new JsonIOException(\"Invalid EnumSet type: \" + type.toString());",
      "right" : "throw new JsonIOException(\"Invalid EnumSet type: \" + type.toString());",
      "info" : "ThrowStatement[5342-5412]:ThrowStatement[5535-5605]"
    }, {
      "left" : "if (Set.class.isAssignableFrom(rawType))",
      "right" : "if (Set.class.isAssignableFrom(rawType))",
      "info" : "IfStatement[5463-6065]:IfStatement[5656-6258]"
    }, {
      "left" : "{}",
      "right" : "{}",
      "info" : "Block[5504-5675]:Block[5697-5868]"
    }, {
      "left" : "return new ObjectConstructor<T>() {\n          @Override public T construct() {\n            return (T) new LinkedHashSet<Object>();\n          }\n        };",
      "right" : "return new ObjectConstructor<T>() {\n          @Override public T construct() {\n            return (T) new LinkedHashSet<Object>();\n          }\n        };",
      "info" : "ReturnStatement[5514-5667]:ReturnStatement[5707-5860]"
    }, {
      "left" : "@Override",
      "right" : "@Override",
      "info" : "MarkerAnnotation[5560-5569]:MarkerAnnotation[5753-5762]"
    }, {
      "left" : "public",
      "right" : "public",
      "info" : "Modifier[5570-5576]:Modifier[5763-5769]"
    }, {
      "left" : "T",
      "right" : "T",
      "info" : "SimpleType[5577-5578]:SimpleType[5770-5771]"
    }, {
      "left" : "construct",
      "right" : "construct",
      "info" : "SimpleName[5579-5588]:SimpleName[5772-5781]"
    }, {
      "left" : "{}",
      "right" : "{}",
      "info" : "Block[5591-5656]:Block[5784-5849]"
    }, {
      "left" : "return (T) new LinkedHashSet<Object>();",
      "right" : "return (T) new LinkedHashSet<Object>();",
      "info" : "ReturnStatement[5605-5644]:ReturnStatement[5798-5837]"
    }, {
      "left" : "if (Queue.class.isAssignableFrom(rawType))",
      "right" : "if (Queue.class.isAssignableFrom(rawType))",
      "info" : "IfStatement[5681-6065]:IfStatement[5874-6258]"
    }, {
      "left" : "{}",
      "right" : "{}",
      "info" : "Block[5724-5892]:Block[5917-6085]"
    }, {
      "left" : "return new ObjectConstructor<T>() {\n          @Override public T construct() {\n            return (T) new LinkedList<Object>();\n          }\n        };",
      "right" : "return new ObjectConstructor<T>() {\n          @Override public T construct() {\n            return (T) new LinkedList<Object>();\n          }\n        };",
      "info" : "ReturnStatement[5734-5884]:ReturnStatement[5927-6077]"
    }, {
      "left" : "@Override",
      "right" : "@Override",
      "info" : "MarkerAnnotation[5780-5789]:MarkerAnnotation[5973-5982]"
    }, {
      "left" : "public",
      "right" : "public",
      "info" : "Modifier[5790-5796]:Modifier[5983-5989]"
    }, {
      "left" : "T",
      "right" : "T",
      "info" : "SimpleType[5797-5798]:SimpleType[5990-5991]"
    }, {
      "left" : "construct",
      "right" : "construct",
      "info" : "SimpleName[5799-5808]:SimpleName[5992-6001]"
    }, {
      "left" : "{}",
      "right" : "{}",
      "info" : "Block[5811-5873]:Block[6004-6066]"
    }, {
      "left" : "return (T) new LinkedList<Object>();",
      "right" : "return (T) new LinkedList<Object>();",
      "info" : "ReturnStatement[5825-5861]:ReturnStatement[6018-6054]"
    }, {
      "left" : "{}",
      "right" : "{}",
      "info" : "Block[5898-6065]:Block[6091-6258]"
    }, {
      "left" : "return new ObjectConstructor<T>() {\n          @Override public T construct() {\n            return (T) new ArrayList<Object>();\n          }\n        };",
      "right" : "return new ObjectConstructor<T>() {\n          @Override public T construct() {\n            return (T) new ArrayList<Object>();\n          }\n        };",
      "info" : "ReturnStatement[5908-6057]:ReturnStatement[6101-6250]"
    }, {
      "left" : "@Override",
      "right" : "@Override",
      "info" : "MarkerAnnotation[5954-5963]:MarkerAnnotation[6147-6156]"
    }, {
      "left" : "public",
      "right" : "public",
      "info" : "Modifier[5964-5970]:Modifier[6157-6163]"
    }, {
      "left" : "T",
      "right" : "T",
      "info" : "SimpleType[5971-5972]:SimpleType[6164-6165]"
    }, {
      "left" : "construct",
      "right" : "construct",
      "info" : "SimpleName[5973-5982]:SimpleName[6166-6175]"
    }, {
      "left" : "{}",
      "right" : "{}",
      "info" : "Block[5985-6046]:Block[6178-6239]"
    }, {
      "left" : "return (T) new ArrayList<Object>();",
      "right" : "return (T) new ArrayList<Object>();",
      "info" : "ReturnStatement[5999-6034]:ReturnStatement[6192-6227]"
    }, {
      "left" : "if (Map.class.isAssignableFrom(rawType))",
      "right" : "if (Map.class.isAssignableFrom(rawType))",
      "info" : "IfStatement[6077-6892]:IfStatement[6270-7578]"
    }, {
      "left" : "{}",
      "right" : "{}",
      "info" : "Block[6118-6892]:Block[6311-7578]"
    }, {
      "left" : "if (SortedMap.class.isAssignableFrom(rawType))",
      "right" : "if (SortedMap.class.isAssignableFrom(rawType))",
      "info" : "IfStatement[6126-6886]:IfStatement[6812-7572]"
    }, {
      "left" : "{}",
      "right" : "{}",
      "info" : "Block[6173-6346]:Block[6859-7032]"
    }, {
      "left" : "return new ObjectConstructor<T>() {\n          @Override public T construct() {\n            return (T) new TreeMap<Object, Object>();\n          }\n        };",
      "right" : "return new ObjectConstructor<T>() {\n          @Override public T construct() {\n            return (T) new TreeMap<Object, Object>();\n          }\n        };",
      "info" : "ReturnStatement[6183-6338]:ReturnStatement[6869-7024]"
    }, {
      "left" : "@Override",
      "right" : "@Override",
      "info" : "MarkerAnnotation[6229-6238]:MarkerAnnotation[6915-6924]"
    }, {
      "left" : "public",
      "right" : "public",
      "info" : "Modifier[6239-6245]:Modifier[6925-6931]"
    }, {
      "left" : "T",
      "right" : "T",
      "info" : "SimpleType[6246-6247]:SimpleType[6932-6933]"
    }, {
      "left" : "construct",
      "right" : "construct",
      "info" : "SimpleName[6248-6257]:SimpleName[6934-6943]"
    }, {
      "left" : "{}",
      "right" : "{}",
      "info" : "Block[6260-6327]:Block[6946-7013]"
    }, {
      "left" : "return (T) new TreeMap<Object, Object>();",
      "right" : "return (T) new TreeMap<Object, Object>();",
      "info" : "ReturnStatement[6274-6315]:ReturnStatement[6960-7001]"
    }, {
      "left" : "if (type instanceof ParameterizedType && !(String.class.isAssignableFrom(\n          TypeToken.get(((ParameterizedType) type).getActualTypeArguments()[0]).getRawType())))",
      "right" : "if (type instanceof ParameterizedType && !(String.class.isAssignableFrom(\n          TypeToken.get(((ParameterizedType) type).getActualTypeArguments()[0]).getRawType())))",
      "info" : "IfStatement[6352-6886]:IfStatement[7038-7572]"
    }, {
      "left" : "{}",
      "right" : "{}",
      "info" : "Block[6522-6701]:Block[7208-7387]"
    }, {
      "left" : "return new ObjectConstructor<T>() {\n          @Override public T construct() {\n            return (T) new LinkedHashMap<Object, Object>();\n          }\n        };",
      "right" : "return new ObjectConstructor<T>() {\n          @Override public T construct() {\n            return (T) new LinkedHashMap<Object, Object>();\n          }\n        };",
      "info" : "ReturnStatement[6532-6693]:ReturnStatement[7218-7379]"
    }, {
      "left" : "@Override",
      "right" : "@Override",
      "info" : "MarkerAnnotation[6578-6587]:MarkerAnnotation[7264-7273]"
    }, {
      "left" : "public",
      "right" : "public",
      "info" : "Modifier[6588-6594]:Modifier[7274-7280]"
    }, {
      "left" : "T",
      "right" : "T",
      "info" : "SimpleType[6595-6596]:SimpleType[7281-7282]"
    }, {
      "left" : "construct",
      "right" : "construct",
      "info" : "SimpleName[6597-6606]:SimpleName[7283-7292]"
    }, {
      "left" : "{}",
      "right" : "{}",
      "info" : "Block[6609-6682]:Block[7295-7368]"
    }, {
      "left" : "return (T) new LinkedHashMap<Object, Object>();",
      "right" : "return (T) new LinkedHashMap<Object, Object>();",
      "info" : "ReturnStatement[6623-6670]:ReturnStatement[7309-7356]"
    }, {
      "left" : "{}",
      "right" : "{}",
      "info" : "Block[6707-6886]:Block[7393-7572]"
    }, {
      "left" : "return new ObjectConstructor<T>() {\n          @Override public T construct() {\n            return (T) new LinkedTreeMap<String, Object>();\n          }\n        };",
      "right" : "return new ObjectConstructor<T>() {\n          @Override public T construct() {\n            return (T) new LinkedTreeMap<String, Object>();\n          }\n        };",
      "info" : "ReturnStatement[6717-6878]:ReturnStatement[7403-7564]"
    }, {
      "left" : "@Override",
      "right" : "@Override",
      "info" : "MarkerAnnotation[6763-6772]:MarkerAnnotation[7449-7458]"
    }, {
      "left" : "public",
      "right" : "public",
      "info" : "Modifier[6773-6779]:Modifier[7459-7465]"
    }, {
      "left" : "T",
      "right" : "T",
      "info" : "SimpleType[6780-6781]:SimpleType[7466-7467]"
    }, {
      "left" : "construct",
      "right" : "construct",
      "info" : "SimpleName[6782-6791]:SimpleName[7468-7477]"
    }, {
      "left" : "{}",
      "right" : "{}",
      "info" : "Block[6794-6867]:Block[7480-7553]"
    }, {
      "left" : "return (T) new LinkedTreeMap<String, Object>();",
      "right" : "return (T) new LinkedTreeMap<String, Object>();",
      "info" : "ReturnStatement[6808-6855]:ReturnStatement[7494-7541]"
    }, {
      "left" : "return null;",
      "right" : "return null;",
      "info" : "ReturnStatement[6898-6910]:ReturnStatement[7584-7596]"
    }, {
      "left" : "private",
      "right" : "private",
      "info" : "Modifier[6918-6925]:Modifier[7604-7611]"
    }, {
      "left" : "T",
      "right" : "T",
      "info" : "TypeParameter[6927-6928]:TypeParameter[7613-7614]"
    }, {
      "left" : "ObjectConstructor<T>",
      "right" : "ObjectConstructor<T>",
      "info" : "ParameterizedType[6930-6950]:ParameterizedType[7616-7636]"
    }, {
      "left" : "newUnsafeAllocator",
      "right" : "newUnsafeAllocator",
      "info" : "SimpleName[6951-6969]:SimpleName[7637-7655]"
    }, {
      "left" : "final Type type",
      "right" : "final Type type",
      "info" : "SingleVariableDeclaration[6977-6992]:SingleVariableDeclaration[7663-7678]"
    }, {
      "left" : "final Class<? super T> rawType",
      "right" : "final Class<? super T> rawType",
      "info" : "SingleVariableDeclaration[6994-7024]:SingleVariableDeclaration[7680-7710]"
    }, {
      "left" : "{}",
      "right" : "{}",
      "info" : "Block[7026-7595]:Block[7712-8281]"
    }, {
      "left" : "return new ObjectConstructor<T>() {\n      private final UnsafeAllocator unsafeAllocator = UnsafeAllocator.create();\n      @SuppressWarnings(\"unchecked\")\n      @Override public T construct() {\n        try {\n          Object newInstance = unsafeAllocator.newInstance(rawType);\n          return (T) newInstance;\n        } catch (Exception e) {\n          throw new RuntimeException((\"Unable to invoke no-args constructor for \" + type + \". \"\n              + \"Register an InstanceCreator with Gson for this type may fix this problem.\"), e);\n        }\n      }\n    };",
      "right" : "return new ObjectConstructor<T>() {\n      private final UnsafeAllocator unsafeAllocator = UnsafeAllocator.create();\n      @SuppressWarnings(\"unchecked\")\n      @Override public T construct() {\n        try {\n          Object newInstance = unsafeAllocator.newInstance(rawType);\n          return (T) newInstance;\n        } catch (Exception e) {\n          throw new RuntimeException((\"Unable to invoke no-args constructor for \" + type + \". \"\n              + \"Register an InstanceCreator with Gson for this type may fix this problem.\"), e);\n        }\n      }\n    };",
      "info" : "ReturnStatement[7032-7591]:ReturnStatement[7718-8277]"
    }, {
      "left" : "@SuppressWarnings(\"unchecked\")",
      "right" : "@SuppressWarnings(\"unchecked\")",
      "info" : "SingleMemberAnnotation[7154-7184]:SingleMemberAnnotation[7840-7870]"
    }, {
      "left" : "@Override",
      "right" : "@Override",
      "info" : "MarkerAnnotation[7191-7200]:MarkerAnnotation[7877-7886]"
    }, {
      "left" : "public",
      "right" : "public",
      "info" : "Modifier[7201-7207]:Modifier[7887-7893]"
    }, {
      "left" : "T",
      "right" : "T",
      "info" : "SimpleType[7208-7209]:SimpleType[7894-7895]"
    }, {
      "left" : "construct",
      "right" : "construct",
      "info" : "SimpleName[7210-7219]:SimpleName[7896-7905]"
    }, {
      "left" : "{}",
      "right" : "{}",
      "info" : "Block[7222-7584]:Block[7908-8270]"
    }, {
      "left" : "try{...}",
      "right" : "try{...}",
      "info" : "TryStatement[7232-7576]:TryStatement[7918-8262]"
    }, {
      "left" : "{}",
      "right" : "{}",
      "info" : "Block[7236-7350]:Block[7922-8036]"
    }, {
      "left" : "Object newInstance = unsafeAllocator.newInstance(rawType);",
      "right" : "Object newInstance = unsafeAllocator.newInstance(rawType);",
      "info" : "VariableDeclarationStatement[7248-7306]:VariableDeclarationStatement[7934-7992]"
    }, {
      "left" : "return (T) newInstance;",
      "right" : "return (T) newInstance;",
      "info" : "ReturnStatement[7317-7340]:ReturnStatement[8003-8026]"
    }, {
      "left" : "{}",
      "right" : "{}",
      "info" : "Block[7371-7576]:Block[8057-8262]"
    }, {
      "left" : "throw new RuntimeException((\"Unable to invoke no-args constructor for \" + type + \". \"\n              + \"Register an InstanceCreator with Gson for this type may fix this problem.\"), e);",
      "right" : "throw new RuntimeException((\"Unable to invoke no-args constructor for \" + type + \". \"\n              + \"Register an InstanceCreator with Gson for this type may fix this problem.\"), e);",
      "info" : "ThrowStatement[7383-7566]:ThrowStatement[8069-8252]"
    }, {
      "left" : "@Override",
      "right" : "@Override",
      "info" : "MarkerAnnotation[7599-7608]:MarkerAnnotation[8285-8294]"
    }, {
      "left" : "public",
      "right" : "public",
      "info" : "Modifier[7609-7615]:Modifier[8295-8301]"
    }, {
      "left" : "String",
      "right" : "String",
      "info" : "SimpleType[7616-7622]:SimpleType[8302-8308]"
    }, {
      "left" : "toString",
      "right" : "toString",
      "info" : "SimpleName[7623-7631]:SimpleName[8309-8317]"
    }, {
      "left" : "{}",
      "right" : "{}",
      "info" : "Block[7634-7679]:Block[8320-8365]"
    }, {
      "left" : "return instanceCreators.toString();",
      "right" : "return instanceCreators.toString();",
      "info" : "ReturnStatement[7640-7675]:ReturnStatement[8326-8361]"
    } ]
  },
  "interFileMappings" : { }
}