{"PLAIN_CONFIGURATION": "HybridGumtree-bu_minsize-600-st_minprio-5-st_priocalc-height", "MATCHER": "HybridGumtree", "NRACTIONS": 93, "SIMACTIONS": 1, "NRROOTS": null, "NR_INSERT": 0.0, "NR_DELETE": 93.0, "NR_UPDATE": 0.0, "NR_MOVE": 0.0, "NR_TREEINSERT": 0.0, "NR_TREEDELETE": 0.0, "TIME": 0, "NROPTIONS": 0.0, "TIMEOUT": "0", "bu_minsim": null, "bu_minsize": 600, "st_minprio": 5, "st_priocalc": "height", "cd_labsim": null, "cd_maxleaves": null, "cd_structsim1": null, "cd_structsim2": null, "xy_minsim": null}