{"PLAIN_CONFIGURATION": "ClassicGumtree-bu_minsim-0.1-bu_minsize-500-st_minprio-1-st_priocalc-height", "MATCHER": "ClassicGumtree", "NRACTIONS": 155, "SIMACTIONS": 131, "NRROOTS": null, "NR_INSERT": 57, "NR_DELETE": 45, "NR_UPDATE": 19, "NR_MOVE": 34, "NR_TREEINSERT": 0, "NR_TREEDELETE": 0, "TIME": 69, "NROPTIONS": 0, "TIMEOUT": 0, "bu_minsim": 0.1, "bu_minsize": 500, "st_minprio": 1, "st_priocalc": "height", "cd_labsim": null, "cd_maxleaves": null, "cd_structsim1": null, "cd_structsim2": null, "xy_minsim": null}