{
  "intraFileMappings" : {
    "matchedElements" : [
 {
      "left" : "CSVRecord",
      "right" : "CSVRecord",
      "info" : "TypeDeclaration[941-5053]:TypeDeclaration[941-5375]"
    }, {
      "left" : "private static final long serialVersionUID = 1L;",
      "right" : "private static final long serialVersionUID = 1L;",
      "info" : "FieldDeclaration[1081-1129]:FieldDeclaration[1081-1129]"
    }, {
      "left" : "private static final String[] EMPTY_STRING_ARRAY = new String[0];",
      "right" : "private static final String[] EMPTY_STRING_ARRAY = new String[0];",
      "info" : "FieldDeclaration[1135-1200]:FieldDeclaration[1135-1200]"
    }, {
      "left" : "private final String[] values;",
      "right" : "private final String[] values;",
      "info" : "FieldDeclaration[1206-1272]:FieldDeclaration[1206-1272]"
    }, {
      "left" : "private final Map<String, Integer> mapping;",
      "right" : "private final Map<String, Integer> mapping;",
      "info" : "FieldDeclaration[1278-1366]:FieldDeclaration[1278-1366]"
    }, {
      "left" : "private final String comment;",
      "right" : "private final String comment;",
      "info" : "FieldDeclaration[1372-1446]:FieldDeclaration[1372-1446]"
    }, {
      "left" : "private final long recordNumber;",
      "right" : "private final long recordNumber;",
      "info" : "FieldDeclaration[1452-1514]:FieldDeclaration[1452-1514]"
    }, {
      "left" : "CSVRecord(final String[] values, final Map<String, Integer> mapping,\n            final String comment, final long recordNumber)",
      "right" : "CSVRecord(final String[] values, final Map<String, Integer> mapping,\n            final String comment, final long recordNumber)",
      "info" : "MethodDeclaration[1520-1829]:MethodDeclaration[1520-1829]"
    }, {
      "left" : "public String get(final int i)",
      "right" : "public String get(final int i)",
      "info" : "MethodDeclaration[1835-2059]:MethodDeclaration[1835-2059]"
    }, {
      "left" : "public String get(final String name)",
      "right" : "public String get(final String name)",
      "info" : "MethodDeclaration[2065-2833]:MethodDeclaration[2065-3155]"
    }, {
      "left" : "public boolean isConsistent()",
      "right" : "public boolean isConsistent()",
      "info" : "MethodDeclaration[2839-3372]:MethodDeclaration[3161-3694]"
    }, {
      "left" : "public boolean isMapped(final String name)",
      "right" : "public boolean isMapped(final String name)",
      "info" : "MethodDeclaration[3378-3694]:MethodDeclaration[3700-4016]"
    }, {
      "left" : "public boolean isSet(final String name)",
      "right" : "public boolean isSet(final String name)",
      "info" : "MethodDeclaration[3700-4041]:MethodDeclaration[4022-4363]"
    }, {
      "left" : "public Iterator<String> iterator()",
      "right" : "public Iterator<String> iterator()",
      "info" : "MethodDeclaration[4047-4279]:MethodDeclaration[4369-4601]"
    }, {
      "left" : "String[] values()",
      "right" : "String[] values()",
      "info" : "MethodDeclaration[4285-4333]:MethodDeclaration[4607-4655]"
    }, {
      "left" : "public String getComment()",
      "right" : "public String getComment()",
      "info" : "MethodDeclaration[4339-4583]:MethodDeclaration[4661-4905]"
    }, {
      "left" : "public long getRecordNumber()",
      "right" : "public long getRecordNumber()",
      "info" : "MethodDeclaration[4589-4785]:MethodDeclaration[4911-5107]"
    }, {
      "left" : "public int size()",
      "right" : "public int size()",
      "info" : "MethodDeclaration[4791-4958]:MethodDeclaration[5113-5280]"
    }, {
      "left" : "public String toString()",
      "right" : "public String toString()",
      "info" : "MethodDeclaration[4964-5050]:MethodDeclaration[5286-5372]"
    } ],
    "mappings" : [
 {
      "left" : "public",
      "right" : "public",
      "info" : "Modifier[1009-1015]:Modifier[1009-1015]"
    }, {
      "left" : "class",
      "right" : "class",
      "info" : "TYPE_DECLARATION_KIND[1016-1021]:TYPE_DECLARATION_KIND[1016-1021]"
    }, {
      "left" : "CSVRecord",
      "right" : "CSVRecord",
      "info" : "SimpleName[1022-1031]:SimpleName[1022-1031]"
    }, {
      "left" : "Serializable",
      "right" : "Serializable",
      "info" : "SimpleType[1043-1055]:SimpleType[1043-1055]"
    }, {
      "left" : "CSVRecord",
      "right" : "CSVRecord",
      "info" : "SimpleName[1520-1529]:SimpleName[1520-1529]"
    }, {
      "left" : "final String[] values",
      "right" : "final String[] values",
      "info" : "SingleVariableDeclaration[1530-1551]:SingleVariableDeclaration[1530-1551]"
    }, {
      "left" : "final Map<String, Integer> mapping",
      "right" : "final Map<String, Integer> mapping",
      "info" : "SingleVariableDeclaration[1553-1587]:SingleVariableDeclaration[1553-1587]"
    }, {
      "left" : "final String comment",
      "right" : "final String comment",
      "info" : "SingleVariableDeclaration[1601-1621]:SingleVariableDeclaration[1601-1621]"
    }, {
      "left" : "final long recordNumber",
      "right" : "final long recordNumber",
      "info" : "SingleVariableDeclaration[1623-1646]:SingleVariableDeclaration[1623-1646]"
    }, {
      "left" : "{}",
      "right" : "{}",
      "info" : "Block[1648-1829]:Block[1648-1829]"
    }, {
      "left" : "this.recordNumber = recordNumber;",
      "right" : "this.recordNumber = recordNumber;",
      "info" : "ExpressionStatement[1658-1691]:ExpressionStatement[1658-1691]"
    }, {
      "left" : "this.values = values != null ? values : EMPTY_STRING_ARRAY;",
      "right" : "this.values = values != null ? values : EMPTY_STRING_ARRAY;",
      "info" : "ExpressionStatement[1700-1759]:ExpressionStatement[1700-1759]"
    }, {
      "left" : "this.mapping = mapping;",
      "right" : "this.mapping = mapping;",
      "info" : "ExpressionStatement[1768-1791]:ExpressionStatement[1768-1791]"
    }, {
      "left" : "this.comment = comment;",
      "right" : "this.comment = comment;",
      "info" : "ExpressionStatement[1800-1823]:ExpressionStatement[1800-1823]"
    }, {
      "left" : "public",
      "right" : "public",
      "info" : "Modifier[1995-2001]:Modifier[1995-2001]"
    }, {
      "left" : "String",
      "right" : "String",
      "info" : "SimpleType[2002-2008]:SimpleType[2002-2008]"
    }, {
      "left" : "get",
      "right" : "get",
      "info" : "SimpleName[2009-2012]:SimpleName[2009-2012]"
    }, {
      "left" : "final int i",
      "right" : "final int i",
      "info" : "SingleVariableDeclaration[2013-2024]:SingleVariableDeclaration[2013-2024]"
    }, {
      "left" : "{}",
      "right" : "{}",
      "info" : "Block[2026-2059]:Block[2026-2059]"
    }, {
      "left" : "return values[i];",
      "right" : "return values[i];",
      "info" : "ReturnStatement[2036-2053]:ReturnStatement[2036-2053]"
    }, {
      "left" : "public",
      "right" : "public",
      "info" : "Modifier[2485-2491]:Modifier[2485-2491]"
    }, {
      "left" : "String",
      "right" : "String",
      "info" : "SimpleType[2492-2498]:SimpleType[2492-2498]"
    }, {
      "left" : "get",
      "right" : "get",
      "info" : "SimpleName[2499-2502]:SimpleName[2499-2502]"
    }, {
      "left" : "final String name",
      "right" : "final String name",
      "info" : "SingleVariableDeclaration[2503-2520]:SingleVariableDeclaration[2503-2520]"
    }, {
      "left" : "{}",
      "right" : "{}",
      "info" : "Block[2522-2833]:Block[2522-3155]"
    }, {
      "left" : "if (mapping == null)",
      "right" : "if (mapping == null)",
      "info" : "IfStatement[2532-2710]:IfStatement[2532-2710]"
    }, {
      "left" : "{}",
      "right" : "{}",
      "info" : "Block[2553-2710]:Block[2553-2710]"
    }, {
      "left" : "throw new IllegalStateException(\n                    \"No header mapping was specified, the record values can't be accessed by name\");",
      "right" : "throw new IllegalStateException(\n                    \"No header mapping was specified, the record values can't be accessed by name\");",
      "info" : "ThrowStatement[2567-2700]:ThrowStatement[2567-2700]"
    }, {
      "left" : "final Integer index = mapping.get(name);",
      "right" : "final Integer index = mapping.get(name);",
      "info" : "VariableDeclarationStatement[2719-2759]:VariableDeclarationStatement[2719-2759]"
    }, {
      "left" : "return index != null ? values[index.intValue()] : null;",
      "right" : "return index != null ? values[index.intValue()] : null;",
      "info" : "ReturnStatement[2772-2827]:ReturnStatement[2786-2841]"
    }, {
      "left" : "public",
      "right" : "public",
      "info" : "Modifier[3262-3268]:Modifier[3584-3590]"
    }, {
      "left" : "boolean",
      "right" : "boolean",
      "info" : "PrimitiveType[3269-3276]:PrimitiveType[3591-3598]"
    }, {
      "left" : "isConsistent",
      "right" : "isConsistent",
      "info" : "SimpleName[3277-3289]:SimpleName[3599-3611]"
    }, {
      "left" : "{}",
      "right" : "{}",
      "info" : "Block[3292-3372]:Block[3614-3694]"
    }, {
      "left" : "return mapping == null ? true : mapping.size() == values.length;",
      "right" : "return mapping == null ? true : mapping.size() == values.length;",
      "info" : "ReturnStatement[3302-3366]:ReturnStatement[3624-3688]"
    }, {
      "left" : "public",
      "right" : "public",
      "info" : "Modifier[3576-3582]:Modifier[3898-3904]"
    }, {
      "left" : "boolean",
      "right" : "boolean",
      "info" : "PrimitiveType[3583-3590]:PrimitiveType[3905-3912]"
    }, {
      "left" : "isMapped",
      "right" : "isMapped",
      "info" : "SimpleName[3591-3599]:SimpleName[3913-3921]"
    }, {
      "left" : "final String name",
      "right" : "final String name",
      "info" : "SingleVariableDeclaration[3600-3617]:SingleVariableDeclaration[3922-3939]"
    }, {
      "left" : "{}",
      "right" : "{}",
      "info" : "Block[3619-3694]:Block[3941-4016]"
    }, {
      "left" : "return mapping != null ? mapping.containsKey(name) : false;",
      "right" : "return mapping != null ? mapping.containsKey(name) : false;",
      "info" : "ReturnStatement[3629-3688]:ReturnStatement[3951-4010]"
    }, {
      "left" : "public",
      "right" : "public",
      "info" : "Modifier[3915-3921]:Modifier[4237-4243]"
    }, {
      "left" : "boolean",
      "right" : "boolean",
      "info" : "PrimitiveType[3922-3929]:PrimitiveType[4244-4251]"
    }, {
      "left" : "isSet",
      "right" : "isSet",
      "info" : "SimpleName[3930-3935]:SimpleName[4252-4257]"
    }, {
      "left" : "final String name",
      "right" : "final String name",
      "info" : "SingleVariableDeclaration[3936-3953]:SingleVariableDeclaration[4258-4275]"
    }, {
      "left" : "{}",
      "right" : "{}",
      "info" : "Block[3955-4041]:Block[4277-4363]"
    }, {
      "left" : "return isMapped(name) && mapping.get(name).intValue() < values.length;",
      "right" : "return isMapped(name) && mapping.get(name).intValue() < values.length;",
      "info" : "ReturnStatement[3965-4035]:ReturnStatement[4287-4357]"
    }, {
      "left" : "public",
      "right" : "public",
      "info" : "Modifier[4188-4194]:Modifier[4510-4516]"
    }, {
      "left" : "Iterator<String>",
      "right" : "Iterator<String>",
      "info" : "ParameterizedType[4195-4211]:ParameterizedType[4517-4533]"
    }, {
      "left" : "iterator",
      "right" : "iterator",
      "info" : "SimpleName[4212-4220]:SimpleName[4534-4542]"
    }, {
      "left" : "{}",
      "right" : "{}",
      "info" : "Block[4223-4279]:Block[4545-4601]"
    }, {
      "left" : "return Arrays.asList(values).iterator();",
      "right" : "return Arrays.asList(values).iterator();",
      "info" : "ReturnStatement[4233-4273]:ReturnStatement[4555-4595]"
    }, {
      "left" : "String[]",
      "right" : "String[]",
      "info" : "ArrayType[4285-4293]:ArrayType[4607-4615]"
    }, {
      "left" : "values",
      "right" : "values",
      "info" : "SimpleName[4294-4300]:SimpleName[4616-4622]"
    }, {
      "left" : "{}",
      "right" : "{}",
      "info" : "Block[4303-4333]:Block[4625-4655]"
    }, {
      "left" : "return values;",
      "right" : "return values;",
      "info" : "ReturnStatement[4313-4327]:ReturnStatement[4635-4649]"
    }, {
      "left" : "public",
      "right" : "public",
      "info" : "Modifier[4525-4531]:Modifier[4847-4853]"
    }, {
      "left" : "String",
      "right" : "String",
      "info" : "SimpleType[4532-4538]:SimpleType[4854-4860]"
    }, {
      "left" : "getComment",
      "right" : "getComment",
      "info" : "SimpleName[4539-4549]:SimpleName[4861-4871]"
    }, {
      "left" : "{}",
      "right" : "{}",
      "info" : "Block[4552-4583]:Block[4874-4905]"
    }, {
      "left" : "return comment;",
      "right" : "return comment;",
      "info" : "ReturnStatement[4562-4577]:ReturnStatement[4884-4899]"
    }, {
      "left" : "public",
      "right" : "public",
      "info" : "Modifier[4719-4725]:Modifier[5041-5047]"
    }, {
      "left" : "long",
      "right" : "long",
      "info" : "PrimitiveType[4726-4730]:PrimitiveType[5048-5052]"
    }, {
      "left" : "getRecordNumber",
      "right" : "getRecordNumber",
      "info" : "SimpleName[4731-4746]:SimpleName[5053-5068]"
    }, {
      "left" : "{}",
      "right" : "{}",
      "info" : "Block[4749-4785]:Block[5071-5107]"
    }, {
      "left" : "return recordNumber;",
      "right" : "return recordNumber;",
      "info" : "ReturnStatement[4759-4779]:ReturnStatement[5081-5101]"
    }, {
      "left" : "public",
      "right" : "public",
      "info" : "Modifier[4903-4909]:Modifier[5225-5231]"
    }, {
      "left" : "int",
      "right" : "int",
      "info" : "PrimitiveType[4910-4913]:PrimitiveType[5232-5235]"
    }, {
      "left" : "size",
      "right" : "size",
      "info" : "SimpleName[4914-4918]:SimpleName[5236-5240]"
    }, {
      "left" : "{}",
      "right" : "{}",
      "info" : "Block[4921-4958]:Block[5243-5280]"
    }, {
      "left" : "return values.length;",
      "right" : "return values.length;",
      "info" : "ReturnStatement[4931-4952]:ReturnStatement[5253-5274]"
    }, {
      "left" : "@Override",
      "right" : "@Override",
      "info" : "MarkerAnnotation[4964-4973]:MarkerAnnotation[5286-5295]"
    }, {
      "left" : "public",
      "right" : "public",
      "info" : "Modifier[4978-4984]:Modifier[5300-5306]"
    }, {
      "left" : "String",
      "right" : "String",
      "info" : "SimpleType[4985-4991]:SimpleType[5307-5313]"
    }, {
      "left" : "toString",
      "right" : "toString",
      "info" : "SimpleName[4992-5000]:SimpleName[5314-5322]"
    }, {
      "left" : "{}",
      "right" : "{}",
      "info" : "Block[5003-5050]:Block[5325-5372]"
    }, {
      "left" : "return Arrays.toString(values);",
      "right" : "return Arrays.toString(values);",
      "info" : "ReturnStatement[5013-5044]:ReturnStatement[5335-5366]"
    } ]
  },
  "interFileMappings" : { }
}