{
  "intraFileMappings" : {
    "matchedElements" : [
 {
      "left" : "WidgetHelperService",
      "right" : "WidgetHelperService",
      "info" : "TypeDeclaration[903-2252]:TypeDeclaration[965-2217]"
    }, {
      "left" : "public static final String CMD_UPDATE_WIDGET = \"UPDATE_WIDGET\";",
      "right" : "public static final String CMD_UPDATE_WIDGET = \"UPDATE_WIDGET\";",
      "info" : "FieldDeclaration[965-1028]:FieldDeclaration[1027-1090]"
    }, {
      "left" : "static final String TAG = \"MPDroidWidgetHelperService\";",
      "right" : "static final String TAG = \"MPDroidWidgetHelperService\";",
      "info" : "FieldDeclaration[1034-1089]:FieldDeclaration[1096-1151]"
    }, {
      "left" : "private final MPDApplication mApp = MPDApplication.getInstance();",
      "right" : "private final MPDApplication mApp = MPDApplication.getInstance();",
      "info" : "FieldDeclaration[1095-1160]:FieldDeclaration[1157-1222]"
    }, {
      "left" : "private boolean mPlaying = false;",
      "right" : "private boolean mPlaying;",
      "info" : "FieldDeclaration[1166-1199]:FieldDeclaration[1228-1253]"
    }, {
      "left" : "public WidgetHelperService()",
      "right" : "public WidgetHelperService()",
      "info" : "MethodDeclaration[1205-1261]:MethodDeclaration[1259-1315]"
    }, {
      "left" : "public boolean isPlaying()",
      "right" : "public boolean isPlaying()",
      "info" : "MethodDeclaration[1267-1326]:MethodDeclaration[1321-1380]"
    }, {
      "left" : "protected void onHandleIntent(final Intent intent)",
      "right" : "protected void onHandleIntent(final Intent intent)",
      "info" : "MethodDeclaration[1332-1875]:MethodDeclaration[1386-2215]"
    } ],
    "mappings" : [
 {
      "left" : "{}",
      "right" : "{}",
      "info" : "Block[1234-1261]:Block[1288-1315]"
    }, {
      "left" : "super(TAG);",
      "right" : "super(TAG);",
      "info" : "SuperConstructorInvocation[1244-1255]:SuperConstructorInvocation[1298-1309]"
    }, {
      "left" : "{}",
      "right" : "{}",
      "info" : "Block[1294-1326]:Block[1348-1380]"
    }, {
      "left" : "return mPlaying;",
      "right" : "return mPlaying;",
      "info" : "ReturnStatement[1304-1320]:ReturnStatement[1358-1374]"
    }, {
      "left" : "{}",
      "right" : "{}",
      "info" : "Block[1397-1875]:Block[1451-2215]"
    }, {
      "left" : "final MPD mpd = mApp.getMPD();",
      "right" : "final MPDStatus status = mApp.getMPD().getStatus();",
      "info" : "VariableDeclarationStatement[1515-1545]:VariableDeclarationStatement[1511-1562]"
    }, {
      "left" : "final String action = intent.getAction();",
      "right" : "final String action = intent.getAction();",
      "info" : "VariableDeclarationStatement[1554-1595]:VariableDeclarationStatement[1461-1502]"
    }, {
      "left" : "processIntent(action, mpd);",
      "right" : "MPDControl.run(action);",
      "info" : "ExpressionStatement[1754-1781]:ExpressionStatement[2078-2101]"
    }, {
      "left" : "mApp.removeConnectionLock(this);",
      "right" : "mApp.removeConnectionLock(token);",
      "info" : "ExpressionStatement[1837-1869]:ExpressionStatement[2126-2159]"
    }, {
      "left" : "case CMD_UPDATE_WIDGET:",
      "right" : "case CMD_UPDATE_WIDGET:",
      "info" : "SwitchCase[1976-1999]:SwitchCase[1602-1625]"
    }, {
      "left" : "SimpleWidgetProvider.getInstance().notifyChange(this);",
      "right" : "SimpleWidgetProvider.getInstance().notifyChange(this);",
      "info" : "ExpressionStatement[2096-2150]:ExpressionStatement[1713-1767]"
    } ]
  },
  "interFileMappings" : { }
}