{
  "intraFileMappings" : {
    "matchedElements" : [
 {
      "left" : "WidgetHelperService",
      "right" : "WidgetHelperService",
      "info" : "TypeDeclaration[903-2252]:TypeDeclaration[965-2217]"
    }, {
      "left" : "public static final String CMD_UPDATE_WIDGET = \"UPDATE_WIDGET\";",
      "right" : "public static final String CMD_UPDATE_WIDGET = \"UPDATE_WIDGET\";",
      "info" : "FieldDeclaration[965-1028]:FieldDeclaration[1027-1090]"
    }, {
      "left" : "static final String TAG = \"MPDroidWidgetHelperService\";",
      "right" : "static final String TAG = \"MPDroidWidgetHelperService\";",
      "info" : "FieldDeclaration[1034-1089]:FieldDeclaration[1096-1151]"
    }, {
      "left" : "private final MPDApplication mApp = MPDApplication.getInstance();",
      "right" : "private final MPDApplication mApp = MPDApplication.getInstance();",
      "info" : "FieldDeclaration[1095-1160]:FieldDeclaration[1157-1222]"
    }, {
      "left" : "private boolean mPlaying = false;",
      "right" : "private boolean mPlaying;",
      "info" : "FieldDeclaration[1166-1199]:FieldDeclaration[1228-1253]"
    }, {
      "left" : "public WidgetHelperService()",
      "right" : "public WidgetHelperService()",
      "info" : "MethodDeclaration[1205-1261]:MethodDeclaration[1259-1315]"
    }, {
      "left" : "public boolean isPlaying()",
      "right" : "public boolean isPlaying()",
      "info" : "MethodDeclaration[1267-1326]:MethodDeclaration[1321-1380]"
    }, {
      "left" : "void processIntent(final String action, final MPD mpd)",
      "right" : "protected void onHandleIntent(final Intent intent)",
      "info" : "MethodDeclaration[1881-2250]:MethodDeclaration[1386-2215]"
    } ],
    "mappings" : [
 {
      "left" : "{}",
      "right" : "{}",
      "info" : "Block[1234-1261]:Block[1288-1315]"
    }, {
      "left" : "super(TAG);",
      "right" : "super(TAG);",
      "info" : "SuperConstructorInvocation[1244-1255]:SuperConstructorInvocation[1298-1309]"
    }, {
      "left" : "{}",
      "right" : "{}",
      "info" : "Block[1294-1326]:Block[1348-1380]"
    }, {
      "left" : "return mPlaying;",
      "right" : "return mPlaying;",
      "info" : "ReturnStatement[1304-1320]:ReturnStatement[1358-1374]"
    }, {
      "left" : "final String action = intent.getAction();",
      "right" : "final String action = intent.getAction();",
      "info" : "VariableDeclarationStatement[1554-1595]:VariableDeclarationStatement[1461-1502]"
    }, {
      "left" : "{}",
      "right" : "{}",
      "info" : "Block[1936-2250]:Block[1451-2215]"
    }, {
      "left" : "switch (action) {\n            case CMD_UPDATE_WIDGET:\n                mPlaying = mpd.getStatus().isState(MPDStatusMap.STATE_PLAYING);\n                SimpleWidgetProvider.getInstance().notifyChange(this);\n                break;\n            default:\n                MPDControl.run(action);\n        }",
      "right" : "switch (action) {\n            case CMD_UPDATE_WIDGET:\n                mPlaying = status.isState(MPDStatusMap.STATE_PLAYING);\n                SimpleWidgetProvider.getInstance().notifyChange(this);\n                break;\n            default:\n                if (status.isValid()) {\n                    MPDControl.run(action);\n                } else {\n                    final Object token = MPDControl.setupConnection(5L, TimeUnit.SECONDS);\n\n                    if (token != null) {\n                        MPDControl.run(action);\n                        mApp.removeConnectionLock(token);\n                    }\n                }\n        }",
      "info" : "SwitchStatement[1946-2244]:SwitchStatement[1572-2209]"
    }, {
      "left" : "case CMD_UPDATE_WIDGET:",
      "right" : "case CMD_UPDATE_WIDGET:",
      "info" : "SwitchCase[1976-1999]:SwitchCase[1602-1625]"
    }, {
      "left" : "mPlaying = mpd.getStatus().isState(MPDStatusMap.STATE_PLAYING);",
      "right" : "mPlaying = status.isState(MPDStatusMap.STATE_PLAYING);",
      "info" : "ExpressionStatement[2016-2079]:ExpressionStatement[1642-1696]"
    }, {
      "left" : "SimpleWidgetProvider.getInstance().notifyChange(this);",
      "right" : "SimpleWidgetProvider.getInstance().notifyChange(this);",
      "info" : "ExpressionStatement[2096-2150]:ExpressionStatement[1713-1767]"
    }, {
      "left" : "break;",
      "right" : "break;",
      "info" : "BreakStatement[2167-2173]:BreakStatement[1784-1790]"
    }, {
      "left" : "default:",
      "right" : "default:",
      "info" : "SwitchCase[2186-2194]:SwitchCase[1803-1811]"
    }, {
      "left" : "MPDControl.run(action);",
      "right" : "mApp.removeConnectionLock(token);",
      "info" : "ExpressionStatement[2211-2234]:ExpressionStatement[2126-2159]"
    } ]
  },
  "interFileMappings" : { }
}