{
  "intraFileMappings" : {
    "matchedElements" : [
 {
      "left" : "QuartzComponent",
      "right" : "QuartzComponent",
      "info" : "TypeDeclaration[1641-15699]:TypeDeclaration[1641-16152]"
    }, {
      "left" : "private static final Logger LOG = LoggerFactory.getLogger(QuartzComponent.class);",
      "right" : "private static final Logger LOG = LoggerFactory.getLogger(QuartzComponent.class);",
      "info" : "FieldDeclaration[2209-2290]:FieldDeclaration[2209-2290]"
    }, {
      "left" : "private SchedulerFactory schedulerFactory;",
      "right" : "private SchedulerFactory schedulerFactory;",
      "info" : "FieldDeclaration[2295-2337]:FieldDeclaration[2295-2337]"
    }, {
      "left" : "private Scheduler scheduler;",
      "right" : "private Scheduler scheduler;",
      "info" : "FieldDeclaration[2342-2370]:FieldDeclaration[2342-2370]"
    }, {
      "left" : "private Properties properties;",
      "right" : "private Properties properties;",
      "info" : "FieldDeclaration[2375-2405]:FieldDeclaration[2375-2405]"
    }, {
      "left" : "private String propertiesFile;",
      "right" : "private String propertiesFile;",
      "info" : "FieldDeclaration[2410-2440]:FieldDeclaration[2410-2440]"
    }, {
      "left" : "private int startDelayedSeconds;",
      "right" : "private int startDelayedSeconds;",
      "info" : "FieldDeclaration[2445-2477]:FieldDeclaration[2445-2477]"
    }, {
      "left" : "private boolean autoStartScheduler = true;",
      "right" : "private boolean autoStartScheduler = true;",
      "info" : "FieldDeclaration[2482-2524]:FieldDeclaration[2482-2524]"
    }, {
      "left" : "private boolean prefixJobNameWithEndpointId;",
      "right" : "private boolean prefixJobNameWithEndpointId;",
      "info" : "FieldDeclaration[2529-2573]:FieldDeclaration[2529-2573]"
    }, {
      "left" : "private boolean enableJmx = true;",
      "right" : "private boolean enableJmx = true;",
      "info" : "FieldDeclaration[2578-2611]:FieldDeclaration[2578-2611]"
    }, {
      "left" : "public QuartzComponent()",
      "right" : "public QuartzComponent()",
      "info" : "MethodDeclaration[2617-2686]:MethodDeclaration[2617-2686]"
    }, {
      "left" : "public QuartzComponent(CamelContext camelContext)",
      "right" : "public QuartzComponent(CamelContext camelContext)",
      "info" : "MethodDeclaration[2692-2800]:MethodDeclaration[2692-2800]"
    }, {
      "left" : "public int getStartDelayedSeconds()",
      "right" : "public int getStartDelayedSeconds()",
      "info" : "MethodDeclaration[2806-2885]:MethodDeclaration[2806-2885]"
    }, {
      "left" : "public boolean isAutoStartScheduler()",
      "right" : "public boolean isAutoStartScheduler()",
      "info" : "MethodDeclaration[2891-2971]:MethodDeclaration[2891-2971]"
    }, {
      "left" : "public void setStartDelayedSeconds(int startDelayedSeconds)",
      "right" : "public void setStartDelayedSeconds(int startDelayedSeconds)",
      "info" : "MethodDeclaration[2977-3100]:MethodDeclaration[2977-3100]"
    }, {
      "left" : "public void setAutoStartScheduler(boolean autoStartScheduler)",
      "right" : "public void setAutoStartScheduler(boolean autoStartScheduler)",
      "info" : "MethodDeclaration[3106-3229]:MethodDeclaration[3106-3229]"
    }, {
      "left" : "public boolean isPrefixJobNameWithEndpointId()",
      "right" : "public boolean isPrefixJobNameWithEndpointId()",
      "info" : "MethodDeclaration[3235-3333]:MethodDeclaration[3235-3333]"
    }, {
      "left" : "public void setPrefixJobNameWithEndpointId(boolean prefixJobNameWithEndpointId)",
      "right" : "public void setPrefixJobNameWithEndpointId(boolean prefixJobNameWithEndpointId)",
      "info" : "MethodDeclaration[3339-3498]:MethodDeclaration[3339-3498]"
    }, {
      "left" : "public boolean isEnableJmx()",
      "right" : "public boolean isEnableJmx()",
      "info" : "MethodDeclaration[3504-3566]:MethodDeclaration[3504-3566]"
    }, {
      "left" : "public void setEnableJmx(boolean enableJmx)",
      "right" : "public void setEnableJmx(boolean enableJmx)",
      "info" : "MethodDeclaration[3572-3659]:MethodDeclaration[3572-3659]"
    }, {
      "left" : "public Properties getProperties()",
      "right" : "public Properties getProperties()",
      "info" : "MethodDeclaration[3665-3733]:MethodDeclaration[3665-3733]"
    }, {
      "left" : "public String getPropertiesFile()",
      "right" : "public String getPropertiesFile()",
      "info" : "MethodDeclaration[3739-3811]:MethodDeclaration[3739-3811]"
    }, {
      "left" : "public void setProperties(Properties properties)",
      "right" : "public void setProperties(Properties properties)",
      "info" : "MethodDeclaration[3817-3911]:MethodDeclaration[3817-3911]"
    }, {
      "left" : "public void setPropertiesFile(String propertiesFile)",
      "right" : "public void setPropertiesFile(String propertiesFile)",
      "info" : "MethodDeclaration[3917-4023]:MethodDeclaration[3917-4023]"
    }, {
      "left" : "public SchedulerFactory getSchedulerFactory() throws SchedulerException",
      "right" : "public SchedulerFactory getSchedulerFactory() throws SchedulerException",
      "info" : "MethodDeclaration[4029-4248]:MethodDeclaration[4029-4248]"
    }, {
      "left" : "private SchedulerFactory createSchedulerFactory() throws SchedulerException",
      "right" : "private SchedulerFactory createSchedulerFactory() throws SchedulerException",
      "info" : "MethodDeclaration[4254-7387]:MethodDeclaration[4254-7387]"
    }, {
      "left" : "protected String createInstanceName(Properties prop)",
      "right" : "protected String createInstanceName(Properties prop)",
      "info" : "MethodDeclaration[7393-7948]:MethodDeclaration[7393-7948]"
    }, {
      "left" : "public boolean isClustered() throws SchedulerException",
      "right" : "public boolean isClustered() throws SchedulerException",
      "info" : "MethodDeclaration[7954-8141]:MethodDeclaration[7954-8141]"
    }, {
      "left" : "private Properties loadProperties() throws SchedulerException",
      "right" : "private Properties loadProperties() throws SchedulerException",
      "info" : "MethodDeclaration[8147-8929]:MethodDeclaration[8147-8929]"
    }, {
      "left" : "public void setSchedulerFactory(SchedulerFactory schedulerFactory)",
      "right" : "public void setSchedulerFactory(SchedulerFactory schedulerFactory)",
      "info" : "MethodDeclaration[8935-9059]:MethodDeclaration[8935-9059]"
    }, {
      "left" : "public Scheduler getScheduler()",
      "right" : "public Scheduler getScheduler()",
      "info" : "MethodDeclaration[9065-9130]:MethodDeclaration[9065-9130]"
    }, {
      "left" : "public void setScheduler(Scheduler scheduler)",
      "right" : "public void setScheduler(Scheduler scheduler)",
      "info" : "MethodDeclaration[9136-9225]:MethodDeclaration[9136-9225]"
    }, {
      "left" : "protected Endpoint createEndpoint(String uri, String remaining, Map<String, Object> parameters) throws Exception",
      "right" : "protected Endpoint createEndpoint(String uri, String remaining, Map<String, Object> parameters) throws Exception",
      "info" : "MethodDeclaration[9231-11174]:MethodDeclaration[9231-11174]"
    }, {
      "left" : "private TriggerKey createTriggerKey(String uri, String remaining, QuartzEndpoint endpoint) throws Exception",
      "right" : "private TriggerKey createTriggerKey(String uri, String remaining, QuartzEndpoint endpoint) throws Exception",
      "info" : "MethodDeclaration[11180-12362]:MethodDeclaration[11180-12362]"
    }, {
      "left" : "protected void doStart() throws Exception",
      "right" : "protected void doStart() throws Exception",
      "info" : "MethodDeclaration[12368-12538]:MethodDeclaration[12368-12538]"
    }, {
      "left" : "private void createAndInitScheduler() throws SchedulerException",
      "right" : "private void createAndInitScheduler() throws SchedulerException",
      "info" : "MethodDeclaration[12544-13618]:MethodDeclaration[12544-13283]"
    }, {
      "left" : "private Scheduler createScheduler() throws SchedulerException",
      "right" : "private Scheduler createScheduler() throws SchedulerException",
      "info" : "MethodDeclaration[13624-13746]:MethodDeclaration[13830-13952]"
    }, {
      "left" : "protected void doStop() throws Exception",
      "right" : "protected void doStop() throws Exception",
      "info" : "MethodDeclaration[13752-14415]:MethodDeclaration[13958-14621]"
    }, {
      "left" : "public void onCamelContextStarted(CamelContext context, boolean alreadyStarted) throws Exception",
      "right" : "public void onCamelContextStarted(CamelContext context, boolean alreadyStarted) throws Exception",
      "info" : "MethodDeclaration[14421-15697]:MethodDeclaration[14627-16150]"
    } ],
    "mappings" : [
 {
      "left" : "public",
      "right" : "public",
      "info" : "Modifier[2118-2124]:Modifier[2118-2124]"
    }, {
      "left" : "class",
      "right" : "class",
      "info" : "TYPE_DECLARATION_KIND[2125-2130]:TYPE_DECLARATION_KIND[2125-2130]"
    }, {
      "left" : "QuartzComponent",
      "right" : "QuartzComponent",
      "info" : "SimpleName[2131-2146]:SimpleName[2131-2146]"
    }, {
      "left" : "UriEndpointComponent",
      "right" : "UriEndpointComponent",
      "info" : "SimpleType[2155-2175]:SimpleType[2155-2175]"
    }, {
      "left" : "StartupListener",
      "right" : "StartupListener",
      "info" : "SimpleType[2187-2202]:SimpleType[2187-2202]"
    }, {
      "left" : "public",
      "right" : "public",
      "info" : "Modifier[2617-2623]:Modifier[2617-2623]"
    }, {
      "left" : "QuartzComponent",
      "right" : "QuartzComponent",
      "info" : "SimpleName[2624-2639]:SimpleName[2624-2639]"
    }, {
      "left" : "{}",
      "right" : "{}",
      "info" : "Block[2642-2686]:Block[2642-2686]"
    }, {
      "left" : "super(QuartzEndpoint.class);",
      "right" : "super(QuartzEndpoint.class);",
      "info" : "SuperConstructorInvocation[2652-2680]:SuperConstructorInvocation[2652-2680]"
    }, {
      "left" : "public",
      "right" : "public",
      "info" : "Modifier[2692-2698]:Modifier[2692-2698]"
    }, {
      "left" : "QuartzComponent",
      "right" : "QuartzComponent",
      "info" : "SimpleName[2699-2714]:SimpleName[2699-2714]"
    }, {
      "left" : "CamelContext camelContext",
      "right" : "CamelContext camelContext",
      "info" : "SingleVariableDeclaration[2715-2740]:SingleVariableDeclaration[2715-2740]"
    }, {
      "left" : "{}",
      "right" : "{}",
      "info" : "Block[2742-2800]:Block[2742-2800]"
    }, {
      "left" : "super(camelContext, QuartzEndpoint.class);",
      "right" : "super(camelContext, QuartzEndpoint.class);",
      "info" : "SuperConstructorInvocation[2752-2794]:SuperConstructorInvocation[2752-2794]"
    }, {
      "left" : "public",
      "right" : "public",
      "info" : "Modifier[2806-2812]:Modifier[2806-2812]"
    }, {
      "left" : "int",
      "right" : "int",
      "info" : "PrimitiveType[2813-2816]:PrimitiveType[2813-2816]"
    }, {
      "left" : "getStartDelayedSeconds",
      "right" : "getStartDelayedSeconds",
      "info" : "SimpleName[2817-2839]:SimpleName[2817-2839]"
    }, {
      "left" : "{}",
      "right" : "{}",
      "info" : "Block[2842-2885]:Block[2842-2885]"
    }, {
      "left" : "return startDelayedSeconds;",
      "right" : "return startDelayedSeconds;",
      "info" : "ReturnStatement[2852-2879]:ReturnStatement[2852-2879]"
    }, {
      "left" : "public",
      "right" : "public",
      "info" : "Modifier[2891-2897]:Modifier[2891-2897]"
    }, {
      "left" : "boolean",
      "right" : "boolean",
      "info" : "PrimitiveType[2898-2905]:PrimitiveType[2898-2905]"
    }, {
      "left" : "isAutoStartScheduler",
      "right" : "isAutoStartScheduler",
      "info" : "SimpleName[2906-2926]:SimpleName[2906-2926]"
    }, {
      "left" : "{}",
      "right" : "{}",
      "info" : "Block[2929-2971]:Block[2929-2971]"
    }, {
      "left" : "return autoStartScheduler;",
      "right" : "return autoStartScheduler;",
      "info" : "ReturnStatement[2939-2965]:ReturnStatement[2939-2965]"
    }, {
      "left" : "public",
      "right" : "public",
      "info" : "Modifier[2977-2983]:Modifier[2977-2983]"
    }, {
      "left" : "void",
      "right" : "void",
      "info" : "PrimitiveType[2984-2988]:PrimitiveType[2984-2988]"
    }, {
      "left" : "setStartDelayedSeconds",
      "right" : "setStartDelayedSeconds",
      "info" : "SimpleName[2989-3011]:SimpleName[2989-3011]"
    }, {
      "left" : "int startDelayedSeconds",
      "right" : "int startDelayedSeconds",
      "info" : "SingleVariableDeclaration[3012-3035]:SingleVariableDeclaration[3012-3035]"
    }, {
      "left" : "{}",
      "right" : "{}",
      "info" : "Block[3037-3100]:Block[3037-3100]"
    }, {
      "left" : "this.startDelayedSeconds = startDelayedSeconds;",
      "right" : "this.startDelayedSeconds = startDelayedSeconds;",
      "info" : "ExpressionStatement[3047-3094]:ExpressionStatement[3047-3094]"
    }, {
      "left" : "public",
      "right" : "public",
      "info" : "Modifier[3106-3112]:Modifier[3106-3112]"
    }, {
      "left" : "void",
      "right" : "void",
      "info" : "PrimitiveType[3113-3117]:PrimitiveType[3113-3117]"
    }, {
      "left" : "setAutoStartScheduler",
      "right" : "setAutoStartScheduler",
      "info" : "SimpleName[3118-3139]:SimpleName[3118-3139]"
    }, {
      "left" : "boolean autoStartScheduler",
      "right" : "boolean autoStartScheduler",
      "info" : "SingleVariableDeclaration[3140-3166]:SingleVariableDeclaration[3140-3166]"
    }, {
      "left" : "{}",
      "right" : "{}",
      "info" : "Block[3168-3229]:Block[3168-3229]"
    }, {
      "left" : "this.autoStartScheduler = autoStartScheduler;",
      "right" : "this.autoStartScheduler = autoStartScheduler;",
      "info" : "ExpressionStatement[3178-3223]:ExpressionStatement[3178-3223]"
    }, {
      "left" : "public",
      "right" : "public",
      "info" : "Modifier[3235-3241]:Modifier[3235-3241]"
    }, {
      "left" : "boolean",
      "right" : "boolean",
      "info" : "PrimitiveType[3242-3249]:PrimitiveType[3242-3249]"
    }, {
      "left" : "isPrefixJobNameWithEndpointId",
      "right" : "isPrefixJobNameWithEndpointId",
      "info" : "SimpleName[3250-3279]:SimpleName[3250-3279]"
    }, {
      "left" : "{}",
      "right" : "{}",
      "info" : "Block[3282-3333]:Block[3282-3333]"
    }, {
      "left" : "return prefixJobNameWithEndpointId;",
      "right" : "return prefixJobNameWithEndpointId;",
      "info" : "ReturnStatement[3292-3327]:ReturnStatement[3292-3327]"
    }, {
      "left" : "public",
      "right" : "public",
      "info" : "Modifier[3339-3345]:Modifier[3339-3345]"
    }, {
      "left" : "void",
      "right" : "void",
      "info" : "PrimitiveType[3346-3350]:PrimitiveType[3346-3350]"
    }, {
      "left" : "setPrefixJobNameWithEndpointId",
      "right" : "setPrefixJobNameWithEndpointId",
      "info" : "SimpleName[3351-3381]:SimpleName[3351-3381]"
    }, {
      "left" : "boolean prefixJobNameWithEndpointId",
      "right" : "boolean prefixJobNameWithEndpointId",
      "info" : "SingleVariableDeclaration[3382-3417]:SingleVariableDeclaration[3382-3417]"
    }, {
      "left" : "{}",
      "right" : "{}",
      "info" : "Block[3419-3498]:Block[3419-3498]"
    }, {
      "left" : "this.prefixJobNameWithEndpointId = prefixJobNameWithEndpointId;",
      "right" : "this.prefixJobNameWithEndpointId = prefixJobNameWithEndpointId;",
      "info" : "ExpressionStatement[3429-3492]:ExpressionStatement[3429-3492]"
    }, {
      "left" : "public",
      "right" : "public",
      "info" : "Modifier[3504-3510]:Modifier[3504-3510]"
    }, {
      "left" : "boolean",
      "right" : "boolean",
      "info" : "PrimitiveType[3511-3518]:PrimitiveType[3511-3518]"
    }, {
      "left" : "isEnableJmx",
      "right" : "isEnableJmx",
      "info" : "SimpleName[3519-3530]:SimpleName[3519-3530]"
    }, {
      "left" : "{}",
      "right" : "{}",
      "info" : "Block[3533-3566]:Block[3533-3566]"
    }, {
      "left" : "return enableJmx;",
      "right" : "return enableJmx;",
      "info" : "ReturnStatement[3543-3560]:ReturnStatement[3543-3560]"
    }, {
      "left" : "public",
      "right" : "public",
      "info" : "Modifier[3572-3578]:Modifier[3572-3578]"
    }, {
      "left" : "void",
      "right" : "void",
      "info" : "PrimitiveType[3579-3583]:PrimitiveType[3579-3583]"
    }, {
      "left" : "setEnableJmx",
      "right" : "setEnableJmx",
      "info" : "SimpleName[3584-3596]:SimpleName[3584-3596]"
    }, {
      "left" : "boolean enableJmx",
      "right" : "boolean enableJmx",
      "info" : "SingleVariableDeclaration[3597-3614]:SingleVariableDeclaration[3597-3614]"
    }, {
      "left" : "{}",
      "right" : "{}",
      "info" : "Block[3616-3659]:Block[3616-3659]"
    }, {
      "left" : "this.enableJmx = enableJmx;",
      "right" : "this.enableJmx = enableJmx;",
      "info" : "ExpressionStatement[3626-3653]:ExpressionStatement[3626-3653]"
    }, {
      "left" : "public",
      "right" : "public",
      "info" : "Modifier[3665-3671]:Modifier[3665-3671]"
    }, {
      "left" : "Properties",
      "right" : "Properties",
      "info" : "SimpleType[3672-3682]:SimpleType[3672-3682]"
    }, {
      "left" : "getProperties",
      "right" : "getProperties",
      "info" : "SimpleName[3683-3696]:SimpleName[3683-3696]"
    }, {
      "left" : "{}",
      "right" : "{}",
      "info" : "Block[3699-3733]:Block[3699-3733]"
    }, {
      "left" : "return properties;",
      "right" : "return properties;",
      "info" : "ReturnStatement[3709-3727]:ReturnStatement[3709-3727]"
    }, {
      "left" : "public",
      "right" : "public",
      "info" : "Modifier[3739-3745]:Modifier[3739-3745]"
    }, {
      "left" : "String",
      "right" : "String",
      "info" : "SimpleType[3746-3752]:SimpleType[3746-3752]"
    }, {
      "left" : "getPropertiesFile",
      "right" : "getPropertiesFile",
      "info" : "SimpleName[3753-3770]:SimpleName[3753-3770]"
    }, {
      "left" : "{}",
      "right" : "{}",
      "info" : "Block[3773-3811]:Block[3773-3811]"
    }, {
      "left" : "return propertiesFile;",
      "right" : "return propertiesFile;",
      "info" : "ReturnStatement[3783-3805]:ReturnStatement[3783-3805]"
    }, {
      "left" : "public",
      "right" : "public",
      "info" : "Modifier[3817-3823]:Modifier[3817-3823]"
    }, {
      "left" : "void",
      "right" : "void",
      "info" : "PrimitiveType[3824-3828]:PrimitiveType[3824-3828]"
    }, {
      "left" : "setProperties",
      "right" : "setProperties",
      "info" : "SimpleName[3829-3842]:SimpleName[3829-3842]"
    }, {
      "left" : "Properties properties",
      "right" : "Properties properties",
      "info" : "SingleVariableDeclaration[3843-3864]:SingleVariableDeclaration[3843-3864]"
    }, {
      "left" : "{}",
      "right" : "{}",
      "info" : "Block[3866-3911]:Block[3866-3911]"
    }, {
      "left" : "this.properties = properties;",
      "right" : "this.properties = properties;",
      "info" : "ExpressionStatement[3876-3905]:ExpressionStatement[3876-3905]"
    }, {
      "left" : "public",
      "right" : "public",
      "info" : "Modifier[3917-3923]:Modifier[3917-3923]"
    }, {
      "left" : "void",
      "right" : "void",
      "info" : "PrimitiveType[3924-3928]:PrimitiveType[3924-3928]"
    }, {
      "left" : "setPropertiesFile",
      "right" : "setPropertiesFile",
      "info" : "SimpleName[3929-3946]:SimpleName[3929-3946]"
    }, {
      "left" : "String propertiesFile",
      "right" : "String propertiesFile",
      "info" : "SingleVariableDeclaration[3947-3968]:SingleVariableDeclaration[3947-3968]"
    }, {
      "left" : "{}",
      "right" : "{}",
      "info" : "Block[3970-4023]:Block[3970-4023]"
    }, {
      "left" : "this.propertiesFile = propertiesFile;",
      "right" : "this.propertiesFile = propertiesFile;",
      "info" : "ExpressionStatement[3980-4017]:ExpressionStatement[3980-4017]"
    }, {
      "left" : "public",
      "right" : "public",
      "info" : "Modifier[4029-4035]:Modifier[4029-4035]"
    }, {
      "left" : "SchedulerFactory",
      "right" : "SchedulerFactory",
      "info" : "SimpleType[4036-4052]:SimpleType[4036-4052]"
    }, {
      "left" : "getSchedulerFactory",
      "right" : "getSchedulerFactory",
      "info" : "SimpleName[4053-4072]:SimpleName[4053-4072]"
    }, {
      "left" : "SchedulerException",
      "right" : "SchedulerException",
      "info" : "SimpleType[4082-4100]:SimpleType[4082-4100]"
    }, {
      "left" : "{}",
      "right" : "{}",
      "info" : "Block[4101-4248]:Block[4101-4248]"
    }, {
      "left" : "if (schedulerFactory == null)",
      "right" : "if (schedulerFactory == null)",
      "info" : "IfStatement[4111-4209]:IfStatement[4111-4209]"
    }, {
      "left" : "{}",
      "right" : "{}",
      "info" : "Block[4141-4209]:Block[4141-4209]"
    }, {
      "left" : "schedulerFactory = createSchedulerFactory();",
      "right" : "schedulerFactory = createSchedulerFactory();",
      "info" : "ExpressionStatement[4155-4199]:ExpressionStatement[4155-4199]"
    }, {
      "left" : "return schedulerFactory;",
      "right" : "return schedulerFactory;",
      "info" : "ReturnStatement[4218-4242]:ReturnStatement[4218-4242]"
    }, {
      "left" : "private",
      "right" : "private",
      "info" : "Modifier[4254-4261]:Modifier[4254-4261]"
    }, {
      "left" : "SchedulerFactory",
      "right" : "SchedulerFactory",
      "info" : "SimpleType[4262-4278]:SimpleType[4262-4278]"
    }, {
      "left" : "createSchedulerFactory",
      "right" : "createSchedulerFactory",
      "info" : "SimpleName[4279-4301]:SimpleName[4279-4301]"
    }, {
      "left" : "SchedulerException",
      "right" : "SchedulerException",
      "info" : "SimpleType[4311-4329]:SimpleType[4311-4329]"
    }, {
      "left" : "{}",
      "right" : "{}",
      "info" : "Block[4330-7387]:Block[4330-7387]"
    }, {
      "left" : "SchedulerFactory answer;",
      "right" : "SchedulerFactory answer;",
      "info" : "VariableDeclarationStatement[4340-4364]:VariableDeclarationStatement[4340-4364]"
    }, {
      "left" : "Properties prop = loadProperties();",
      "right" : "Properties prop = loadProperties();",
      "info" : "VariableDeclarationStatement[4374-4409]:VariableDeclarationStatement[4374-4409]"
    }, {
      "left" : "if (prop != null)",
      "right" : "if (prop != null)",
      "info" : "IfStatement[4418-7133]:IfStatement[4418-7133]"
    }, {
      "left" : "{}",
      "right" : "{}",
      "info" : "Block[4436-5310]:Block[4436-5310]"
    }, {
      "left" : "prop.put(\"org.quartz.scheduler.skipUpdateCheck\", \"true\");",
      "right" : "prop.put(\"org.quartz.scheduler.skipUpdateCheck\", \"true\");",
      "info" : "ExpressionStatement[4538-4595]:ExpressionStatement[4538-4595]"
    }, {
      "left" : "prop.put(\"org.terracotta.quartz.skipUpdateCheck\", \"true\");",
      "right" : "prop.put(\"org.terracotta.quartz.skipUpdateCheck\", \"true\");",
      "info" : "ExpressionStatement[4608-4666]:ExpressionStatement[4608-4666]"
    }, {
      "left" : "String instName = createInstanceName(prop);",
      "right" : "String instName = createInstanceName(prop);",
      "info" : "VariableDeclarationStatement[4764-4807]:VariableDeclarationStatement[4764-4807]"
    }, {
      "left" : "prop.setProperty(StdSchedulerFactory.PROP_SCHED_INSTANCE_NAME, instName);",
      "right" : "prop.setProperty(StdSchedulerFactory.PROP_SCHED_INSTANCE_NAME, instName);",
      "info" : "ExpressionStatement[4820-4893]:ExpressionStatement[4820-4893]"
    }, {
      "left" : "if (enableJmx && !prop.containsKey(\"org.quartz.scheduler.jmx.export\"))",
      "right" : "if (enableJmx && !prop.containsKey(\"org.quartz.scheduler.jmx.export\"))",
      "info" : "IfStatement[4964-5247]:IfStatement[4964-5247]"
    }, {
      "left" : "{}",
      "right" : "{}",
      "info" : "Block[5035-5247]:Block[5035-5247]"
    }, {
      "left" : "prop.put(\"org.quartz.scheduler.jmx.export\", \"true\");",
      "right" : "prop.put(\"org.quartz.scheduler.jmx.export\", \"true\");",
      "info" : "ExpressionStatement[5053-5105]:ExpressionStatement[5053-5105]"
    }, {
      "left" : "LOG.info(\"Setting org.quartz.scheduler.jmx.export=true to ensure QuartzScheduler(s) will be enlisted in JMX.\");",
      "right" : "LOG.info(\"Setting org.quartz.scheduler.jmx.export=true to ensure QuartzScheduler(s) will be enlisted in JMX.\");",
      "info" : "ExpressionStatement[5122-5233]:ExpressionStatement[5122-5233]"
    }, {
      "left" : "answer = new StdSchedulerFactory(prop);",
      "right" : "answer = new StdSchedulerFactory(prop);",
      "info" : "ExpressionStatement[5261-5300]:ExpressionStatement[5261-5300]"
    }, {
      "left" : "{}",
      "right" : "{}",
      "info" : "Block[5316-7133]:Block[5316-7133]"
    }, {
      "left" : "InputStream is = StdSchedulerFactory.class.getClassLoader().getResourceAsStream(\"org/quartz/quartz.properties\");",
      "right" : "InputStream is = StdSchedulerFactory.class.getClassLoader().getResourceAsStream(\"org/quartz/quartz.properties\");",
      "info" : "VariableDeclarationStatement[5647-5759]:VariableDeclarationStatement[5647-5759]"
    }, {
      "left" : "if (is == null)",
      "right" : "if (is == null)",
      "info" : "IfStatement[5772-5928]:IfStatement[5772-5928]"
    }, {
      "left" : "{}",
      "right" : "{}",
      "info" : "Block[5788-5928]:Block[5788-5928]"
    }, {
      "left" : "throw new SchedulerException(\"Quartz properties file not found in classpath: org/quartz/quartz.properties\");",
      "right" : "throw new SchedulerException(\"Quartz properties file not found in classpath: org/quartz/quartz.properties\");",
      "info" : "ThrowStatement[5806-5914]:ThrowStatement[5806-5914]"
    }, {
      "left" : "prop = new Properties();",
      "right" : "prop = new Properties();",
      "info" : "ExpressionStatement[5941-5965]:ExpressionStatement[5941-5965]"
    }, {
      "left" : "try{...}",
      "right" : "try{...}",
      "info" : "TryStatement[5978-6260]:TryStatement[5978-6260]"
    }, {
      "left" : "{}",
      "right" : "{}",
      "info" : "Block[5982-6028]:Block[5982-6028]"
    }, {
      "left" : "prop.load(is);",
      "right" : "prop.load(is);",
      "info" : "ExpressionStatement[6000-6014]:ExpressionStatement[6000-6014]"
    }, {
      "left" : "{}",
      "right" : "{}",
      "info" : "Block[6051-6200]:Block[6051-6200]"
    }, {
      "left" : "throw new SchedulerException(\"Error loading Quartz properties file from classpath: org/quartz/quartz.properties\", e);",
      "right" : "throw new SchedulerException(\"Error loading Quartz properties file from classpath: org/quartz/quartz.properties\", e);",
      "info" : "ThrowStatement[6069-6186]:ThrowStatement[6069-6186]"
    }, {
      "left" : "{}",
      "right" : "{}",
      "info" : "Block[6209-6260]:Block[6209-6260]"
    }, {
      "left" : "IOHelper.close(is);",
      "right" : "IOHelper.close(is);",
      "info" : "ExpressionStatement[6227-6246]:ExpressionStatement[6227-6246]"
    }, {
      "left" : "String instName = createInstanceName(prop);",
      "right" : "String instName = createInstanceName(prop);",
      "info" : "VariableDeclarationStatement[6358-6401]:VariableDeclarationStatement[6358-6401]"
    }, {
      "left" : "prop.setProperty(StdSchedulerFactory.PROP_SCHED_INSTANCE_NAME, instName);",
      "right" : "prop.setProperty(StdSchedulerFactory.PROP_SCHED_INSTANCE_NAME, instName);",
      "info" : "ExpressionStatement[6414-6487]:ExpressionStatement[6414-6487]"
    }, {
      "left" : "prop.put(\"org.quartz.scheduler.skipUpdateCheck\", \"true\");",
      "right" : "prop.put(\"org.quartz.scheduler.skipUpdateCheck\", \"true\");",
      "info" : "ExpressionStatement[6588-6645]:ExpressionStatement[6588-6645]"
    }, {
      "left" : "prop.put(\"org.terracotta.quartz.skipUpdateCheck\", \"true\");",
      "right" : "prop.put(\"org.terracotta.quartz.skipUpdateCheck\", \"true\");",
      "info" : "ExpressionStatement[6658-6716]:ExpressionStatement[6658-6716]"
    }, {
      "left" : "if (enableJmx && !prop.containsKey(\"org.quartz.scheduler.jmx.export\"))",
      "right" : "if (enableJmx && !prop.containsKey(\"org.quartz.scheduler.jmx.export\"))",
      "info" : "IfStatement[6787-7070]:IfStatement[6787-7070]"
    }, {
      "left" : "{}",
      "right" : "{}",
      "info" : "Block[6858-7070]:Block[6858-7070]"
    }, {
      "left" : "prop.put(\"org.quartz.scheduler.jmx.export\", \"true\");",
      "right" : "prop.put(\"org.quartz.scheduler.jmx.export\", \"true\");",
      "info" : "ExpressionStatement[6876-6928]:ExpressionStatement[6876-6928]"
    }, {
      "left" : "LOG.info(\"Setting org.quartz.scheduler.jmx.export=true to ensure QuartzScheduler(s) will be enlisted in JMX.\");",
      "right" : "LOG.info(\"Setting org.quartz.scheduler.jmx.export=true to ensure QuartzScheduler(s) will be enlisted in JMX.\");",
      "info" : "ExpressionStatement[6945-7056]:ExpressionStatement[6945-7056]"
    }, {
      "left" : "answer = new StdSchedulerFactory(prop);",
      "right" : "answer = new StdSchedulerFactory(prop);",
      "info" : "ExpressionStatement[7084-7123]:ExpressionStatement[7084-7123]"
    }, {
      "left" : "if (LOG.isDebugEnabled())",
      "right" : "if (LOG.isDebugEnabled())",
      "info" : "IfStatement[7143-7358]:IfStatement[7143-7358]"
    }, {
      "left" : "{}",
      "right" : "{}",
      "info" : "Block[7169-7358]:Block[7169-7358]"
    }, {
      "left" : "String name = prop.getProperty(StdSchedulerFactory.PROP_SCHED_INSTANCE_NAME);",
      "right" : "String name = prop.getProperty(StdSchedulerFactory.PROP_SCHED_INSTANCE_NAME);",
      "info" : "VariableDeclarationStatement[7183-7260]:VariableDeclarationStatement[7183-7260]"
    }, {
      "left" : "LOG.debug(\"Creating SchedulerFactory: {} with properties: {}\", name, prop);",
      "right" : "LOG.debug(\"Creating SchedulerFactory: {} with properties: {}\", name, prop);",
      "info" : "ExpressionStatement[7273-7348]:ExpressionStatement[7273-7348]"
    }, {
      "left" : "return answer;",
      "right" : "return answer;",
      "info" : "ReturnStatement[7367-7381]:ReturnStatement[7367-7381]"
    }, {
      "left" : "protected",
      "right" : "protected",
      "info" : "Modifier[7393-7402]:Modifier[7393-7402]"
    }, {
      "left" : "String",
      "right" : "String",
      "info" : "SimpleType[7403-7409]:SimpleType[7403-7409]"
    }, {
      "left" : "createInstanceName",
      "right" : "createInstanceName",
      "info" : "SimpleName[7410-7428]:SimpleName[7410-7428]"
    }, {
      "left" : "Properties prop",
      "right" : "Properties prop",
      "info" : "SingleVariableDeclaration[7429-7444]:SingleVariableDeclaration[7429-7444]"
    }, {
      "left" : "{}",
      "right" : "{}",
      "info" : "Block[7446-7948]:Block[7446-7948]"
    }, {
      "left" : "String instName = prop.getProperty(StdSchedulerFactory.PROP_SCHED_INSTANCE_NAME);",
      "right" : "String instName = prop.getProperty(StdSchedulerFactory.PROP_SCHED_INSTANCE_NAME);",
      "info" : "VariableDeclarationStatement[7456-7537]:VariableDeclarationStatement[7456-7537]"
    }, {
      "left" : "String identity = QuartzHelper.getQuartzContextName(getCamelContext());",
      "right" : "String identity = QuartzHelper.getQuartzContextName(getCamelContext());",
      "info" : "VariableDeclarationStatement[7627-7698]:VariableDeclarationStatement[7627-7698]"
    }, {
      "left" : "if (identity != null)",
      "right" : "if (identity != null)",
      "info" : "IfStatement[7707-7917]:IfStatement[7707-7917]"
    }, {
      "left" : "{}",
      "right" : "{}",
      "info" : "Block[7729-7917]:Block[7729-7917]"
    }, {
      "left" : "if (instName == null)",
      "right" : "if (instName == null)",
      "info" : "IfStatement[7743-7907]:IfStatement[7743-7907]"
    }, {
      "left" : "{}",
      "right" : "{}",
      "info" : "Block[7765-7832]:Block[7765-7832]"
    }, {
      "left" : "instName = \"scheduler-\" + identity;",
      "right" : "instName = \"scheduler-\" + identity;",
      "info" : "ExpressionStatement[7783-7818]:ExpressionStatement[7783-7818]"
    }, {
      "left" : "{}",
      "right" : "{}",
      "info" : "Block[7838-7907]:Block[7838-7907]"
    }, {
      "left" : "instName = instName + \"-\" + identity;",
      "right" : "instName = instName + \"-\" + identity;",
      "info" : "ExpressionStatement[7856-7893]:ExpressionStatement[7856-7893]"
    }, {
      "left" : "return instName;",
      "right" : "return instName;",
      "info" : "ReturnStatement[7926-7942]:ReturnStatement[7926-7942]"
    }, {
      "left" : "public",
      "right" : "public",
      "info" : "Modifier[8012-8018]:Modifier[8012-8018]"
    }, {
      "left" : "boolean",
      "right" : "boolean",
      "info" : "PrimitiveType[8019-8026]:PrimitiveType[8019-8026]"
    }, {
      "left" : "isClustered",
      "right" : "isClustered",
      "info" : "SimpleName[8027-8038]:SimpleName[8027-8038]"
    }, {
      "left" : "SchedulerException",
      "right" : "SchedulerException",
      "info" : "SimpleType[8048-8066]:SimpleType[8048-8066]"
    }, {
      "left" : "{}",
      "right" : "{}",
      "info" : "Block[8067-8141]:Block[8067-8141]"
    }, {
      "left" : "return getScheduler().getMetaData().isJobStoreClustered();",
      "right" : "return getScheduler().getMetaData().isJobStoreClustered();",
      "info" : "ReturnStatement[8077-8135]:ReturnStatement[8077-8135]"
    }, {
      "left" : "private",
      "right" : "private",
      "info" : "Modifier[8147-8154]:Modifier[8147-8154]"
    }, {
      "left" : "Properties",
      "right" : "Properties",
      "info" : "SimpleType[8155-8165]:SimpleType[8155-8165]"
    }, {
      "left" : "loadProperties",
      "right" : "loadProperties",
      "info" : "SimpleName[8166-8180]:SimpleName[8166-8180]"
    }, {
      "left" : "SchedulerException",
      "right" : "SchedulerException",
      "info" : "SimpleType[8190-8208]:SimpleType[8190-8208]"
    }, {
      "left" : "{}",
      "right" : "{}",
      "info" : "Block[8209-8929]:Block[8209-8929]"
    }, {
      "left" : "Properties answer = getProperties();",
      "right" : "Properties answer = getProperties();",
      "info" : "VariableDeclarationStatement[8219-8255]:VariableDeclarationStatement[8219-8255]"
    }, {
      "left" : "if (answer == null && getPropertiesFile() != null)",
      "right" : "if (answer == null && getPropertiesFile() != null)",
      "info" : "IfStatement[8264-8900]:IfStatement[8264-8900]"
    }, {
      "left" : "{}",
      "right" : "{}",
      "info" : "Block[8315-8900]:Block[8315-8900]"
    }, {
      "left" : "LOG.info(\"Loading Quartz properties file from: {}\", getPropertiesFile());",
      "right" : "LOG.info(\"Loading Quartz properties file from: {}\", getPropertiesFile());",
      "info" : "ExpressionStatement[8329-8402]:ExpressionStatement[8329-8402]"
    }, {
      "left" : "InputStream is = null;",
      "right" : "InputStream is = null;",
      "info" : "VariableDeclarationStatement[8415-8437]:VariableDeclarationStatement[8415-8437]"
    }, {
      "left" : "try{...}",
      "right" : "try{...}",
      "info" : "TryStatement[8450-8890]:TryStatement[8450-8890]"
    }, {
      "left" : "{}",
      "right" : "{}",
      "info" : "Block[8454-8679]:Block[8454-8679]"
    }, {
      "left" : "is = ResourceHelper.resolveMandatoryResourceAsInputStream(getCamelContext().getClassResolver(), getPropertiesFile());",
      "right" : "is = ResourceHelper.resolveMandatoryResourceAsInputStream(getCamelContext().getClassResolver(), getPropertiesFile());",
      "info" : "ExpressionStatement[8472-8589]:ExpressionStatement[8472-8589]"
    }, {
      "left" : "answer = new Properties();",
      "right" : "answer = new Properties();",
      "info" : "ExpressionStatement[8606-8632]:ExpressionStatement[8606-8632]"
    }, {
      "left" : "answer.load(is);",
      "right" : "answer.load(is);",
      "info" : "ExpressionStatement[8649-8665]:ExpressionStatement[8649-8665]"
    }, {
      "left" : "{}",
      "right" : "{}",
      "info" : "Block[8702-8830]:Block[8702-8830]"
    }, {
      "left" : "throw new SchedulerException(\"Error loading Quartz properties file: \" + getPropertiesFile(), e);",
      "right" : "throw new SchedulerException(\"Error loading Quartz properties file: \" + getPropertiesFile(), e);",
      "info" : "ThrowStatement[8720-8816]:ThrowStatement[8720-8816]"
    }, {
      "left" : "{}",
      "right" : "{}",
      "info" : "Block[8839-8890]:Block[8839-8890]"
    }, {
      "left" : "IOHelper.close(is);",
      "right" : "IOHelper.close(is);",
      "info" : "ExpressionStatement[8857-8876]:ExpressionStatement[8857-8876]"
    }, {
      "left" : "return answer;",
      "right" : "return answer;",
      "info" : "ReturnStatement[8909-8923]:ReturnStatement[8909-8923]"
    }, {
      "left" : "public",
      "right" : "public",
      "info" : "Modifier[8935-8941]:Modifier[8935-8941]"
    }, {
      "left" : "void",
      "right" : "void",
      "info" : "PrimitiveType[8942-8946]:PrimitiveType[8942-8946]"
    }, {
      "left" : "setSchedulerFactory",
      "right" : "setSchedulerFactory",
      "info" : "SimpleName[8947-8966]:SimpleName[8947-8966]"
    }, {
      "left" : "SchedulerFactory schedulerFactory",
      "right" : "SchedulerFactory schedulerFactory",
      "info" : "SingleVariableDeclaration[8967-9000]:SingleVariableDeclaration[8967-9000]"
    }, {
      "left" : "{}",
      "right" : "{}",
      "info" : "Block[9002-9059]:Block[9002-9059]"
    }, {
      "left" : "this.schedulerFactory = schedulerFactory;",
      "right" : "this.schedulerFactory = schedulerFactory;",
      "info" : "ExpressionStatement[9012-9053]:ExpressionStatement[9012-9053]"
    }, {
      "left" : "public",
      "right" : "public",
      "info" : "Modifier[9065-9071]:Modifier[9065-9071]"
    }, {
      "left" : "Scheduler",
      "right" : "Scheduler",
      "info" : "SimpleType[9072-9081]:SimpleType[9072-9081]"
    }, {
      "left" : "getScheduler",
      "right" : "getScheduler",
      "info" : "SimpleName[9082-9094]:SimpleName[9082-9094]"
    }, {
      "left" : "{}",
      "right" : "{}",
      "info" : "Block[9097-9130]:Block[9097-9130]"
    }, {
      "left" : "return scheduler;",
      "right" : "return scheduler;",
      "info" : "ReturnStatement[9107-9124]:ReturnStatement[9107-9124]"
    }, {
      "left" : "public",
      "right" : "public",
      "info" : "Modifier[9136-9142]:Modifier[9136-9142]"
    }, {
      "left" : "void",
      "right" : "void",
      "info" : "PrimitiveType[9143-9147]:PrimitiveType[9143-9147]"
    }, {
      "left" : "setScheduler",
      "right" : "setScheduler",
      "info" : "SimpleName[9148-9160]:SimpleName[9148-9160]"
    }, {
      "left" : "Scheduler scheduler",
      "right" : "Scheduler scheduler",
      "info" : "SingleVariableDeclaration[9161-9180]:SingleVariableDeclaration[9161-9180]"
    }, {
      "left" : "{}",
      "right" : "{}",
      "info" : "Block[9182-9225]:Block[9182-9225]"
    }, {
      "left" : "this.scheduler = scheduler;",
      "right" : "this.scheduler = scheduler;",
      "info" : "ExpressionStatement[9192-9219]:ExpressionStatement[9192-9219]"
    }, {
      "left" : "@Override",
      "right" : "@Override",
      "info" : "MarkerAnnotation[9231-9240]:MarkerAnnotation[9231-9240]"
    }, {
      "left" : "protected",
      "right" : "protected",
      "info" : "Modifier[9245-9254]:Modifier[9245-9254]"
    }, {
      "left" : "Endpoint",
      "right" : "Endpoint",
      "info" : "SimpleType[9255-9263]:SimpleType[9255-9263]"
    }, {
      "left" : "createEndpoint",
      "right" : "createEndpoint",
      "info" : "SimpleName[9264-9278]:SimpleName[9264-9278]"
    }, {
      "left" : "String uri",
      "right" : "String uri",
      "info" : "SingleVariableDeclaration[9279-9289]:SingleVariableDeclaration[9279-9289]"
    }, {
      "left" : "String remaining",
      "right" : "String remaining",
      "info" : "SingleVariableDeclaration[9291-9307]:SingleVariableDeclaration[9291-9307]"
    }, {
      "left" : "Map<String, Object> parameters",
      "right" : "Map<String, Object> parameters",
      "info" : "SingleVariableDeclaration[9309-9339]:SingleVariableDeclaration[9309-9339]"
    }, {
      "left" : "Exception",
      "right" : "Exception",
      "info" : "SimpleType[9348-9357]:SimpleType[9348-9357]"
    }, {
      "left" : "{}",
      "right" : "{}",
      "info" : "Block[9358-11174]:Block[9358-11174]"
    }, {
      "left" : "Integer startDelayedSeconds = getAndRemoveParameter(parameters, \"startDelayedSeconds\", Integer.class);",
      "right" : "Integer startDelayedSeconds = getAndRemoveParameter(parameters, \"startDelayedSeconds\", Integer.class);",
      "info" : "VariableDeclarationStatement[9412-9514]:VariableDeclarationStatement[9412-9514]"
    }, {
      "left" : "if (startDelayedSeconds != null)",
      "right" : "if (startDelayedSeconds != null)",
      "info" : "IfStatement[9523-10043]:IfStatement[9523-10043]"
    }, {
      "left" : "{}",
      "right" : "{}",
      "info" : "Block[9556-10043]:Block[9556-10043]"
    }, {
      "left" : "if (this.startDelayedSeconds != 0 && !(this.startDelayedSeconds == startDelayedSeconds))",
      "right" : "if (this.startDelayedSeconds != 0 && !(this.startDelayedSeconds == startDelayedSeconds))",
      "info" : "IfStatement[9570-10033]:IfStatement[9570-10033]"
    }, {
      "left" : "{}",
      "right" : "{}",
      "info" : "Block[9659-9948]:Block[9659-9948]"
    }, {
      "left" : "LOG.warn(\"A Quartz job is already configured with a different 'startDelayedSeconds' configuration! \"\n                        + \"All Quartz jobs must share the same 'startDelayedSeconds' configuration! Cannot apply the 'startDelayedSeconds' configuration!\");",
      "right" : "LOG.warn(\"A Quartz job is already configured with a different 'startDelayedSeconds' configuration! \"\n                        + \"All Quartz jobs must share the same 'startDelayedSeconds' configuration! Cannot apply the 'startDelayedSeconds' configuration!\");",
      "info" : "ExpressionStatement[9677-9934]:ExpressionStatement[9677-9934]"
    }, {
      "left" : "{}",
      "right" : "{}",
      "info" : "Block[9954-10033]:Block[9954-10033]"
    }, {
      "left" : "this.startDelayedSeconds = startDelayedSeconds;",
      "right" : "this.startDelayedSeconds = startDelayedSeconds;",
      "info" : "ExpressionStatement[9972-10019]:ExpressionStatement[9972-10019]"
    }, {
      "left" : "Boolean autoStartScheduler = getAndRemoveParameter(parameters, \"autoStartScheduler\", Boolean.class);",
      "right" : "Boolean autoStartScheduler = getAndRemoveParameter(parameters, \"autoStartScheduler\", Boolean.class);",
      "info" : "VariableDeclarationStatement[10053-10153]:VariableDeclarationStatement[10053-10153]"
    }, {
      "left" : "if (autoStartScheduler != null)",
      "right" : "if (autoStartScheduler != null)",
      "info" : "IfStatement[10162-10263]:IfStatement[10162-10263]"
    }, {
      "left" : "{}",
      "right" : "{}",
      "info" : "Block[10194-10263]:Block[10194-10263]"
    }, {
      "left" : "this.autoStartScheduler = autoStartScheduler;",
      "right" : "this.autoStartScheduler = autoStartScheduler;",
      "info" : "ExpressionStatement[10208-10253]:ExpressionStatement[10208-10253]"
    }, {
      "left" : "Boolean prefixJobNameWithEndpointId = getAndRemoveParameter(parameters, \"prefixJobNameWithEndpointId\", Boolean.class);",
      "right" : "Boolean prefixJobNameWithEndpointId = getAndRemoveParameter(parameters, \"prefixJobNameWithEndpointId\", Boolean.class);",
      "info" : "VariableDeclarationStatement[10273-10391]:VariableDeclarationStatement[10273-10391]"
    }, {
      "left" : "if (prefixJobNameWithEndpointId != null)",
      "right" : "if (prefixJobNameWithEndpointId != null)",
      "info" : "IfStatement[10400-10528]:IfStatement[10400-10528]"
    }, {
      "left" : "{}",
      "right" : "{}",
      "info" : "Block[10441-10528]:Block[10441-10528]"
    }, {
      "left" : "this.prefixJobNameWithEndpointId = prefixJobNameWithEndpointId;",
      "right" : "this.prefixJobNameWithEndpointId = prefixJobNameWithEndpointId;",
      "info" : "ExpressionStatement[10455-10518]:ExpressionStatement[10455-10518]"
    }, {
      "left" : "Map<String, Object> triggerParameters = IntrospectionSupport.extractProperties(parameters, \"trigger.\");",
      "right" : "Map<String, Object> triggerParameters = IntrospectionSupport.extractProperties(parameters, \"trigger.\");",
      "info" : "VariableDeclarationStatement[10620-10723]:VariableDeclarationStatement[10620-10723]"
    }, {
      "left" : "Map<String, Object> jobParameters = IntrospectionSupport.extractProperties(parameters, \"job.\");",
      "right" : "Map<String, Object> jobParameters = IntrospectionSupport.extractProperties(parameters, \"job.\");",
      "info" : "VariableDeclarationStatement[10732-10827]:VariableDeclarationStatement[10732-10827]"
    }, {
      "left" : "QuartzEndpoint result = new QuartzEndpoint(uri, this);",
      "right" : "QuartzEndpoint result = new QuartzEndpoint(uri, this);",
      "info" : "VariableDeclarationStatement[10871-10925]:VariableDeclarationStatement[10871-10925]"
    }, {
      "left" : "TriggerKey triggerKey = createTriggerKey(uri, remaining, result);",
      "right" : "TriggerKey triggerKey = createTriggerKey(uri, remaining, result);",
      "info" : "VariableDeclarationStatement[10934-10999]:VariableDeclarationStatement[10934-10999]"
    }, {
      "left" : "result.setTriggerKey(triggerKey);",
      "right" : "result.setTriggerKey(triggerKey);",
      "info" : "ExpressionStatement[11008-11041]:ExpressionStatement[11008-11041]"
    }, {
      "left" : "result.setTriggerParameters(triggerParameters);",
      "right" : "result.setTriggerParameters(triggerParameters);",
      "info" : "ExpressionStatement[11050-11097]:ExpressionStatement[11050-11097]"
    }, {
      "left" : "result.setJobParameters(jobParameters);",
      "right" : "result.setJobParameters(jobParameters);",
      "info" : "ExpressionStatement[11106-11145]:ExpressionStatement[11106-11145]"
    }, {
      "left" : "return result;",
      "right" : "return result;",
      "info" : "ReturnStatement[11154-11168]:ReturnStatement[11154-11168]"
    }, {
      "left" : "private",
      "right" : "private",
      "info" : "Modifier[11180-11187]:Modifier[11180-11187]"
    }, {
      "left" : "TriggerKey",
      "right" : "TriggerKey",
      "info" : "SimpleType[11188-11198]:SimpleType[11188-11198]"
    }, {
      "left" : "createTriggerKey",
      "right" : "createTriggerKey",
      "info" : "SimpleName[11199-11215]:SimpleName[11199-11215]"
    }, {
      "left" : "String uri",
      "right" : "String uri",
      "info" : "SingleVariableDeclaration[11216-11226]:SingleVariableDeclaration[11216-11226]"
    }, {
      "left" : "String remaining",
      "right" : "String remaining",
      "info" : "SingleVariableDeclaration[11228-11244]:SingleVariableDeclaration[11228-11244]"
    }, {
      "left" : "QuartzEndpoint endpoint",
      "right" : "QuartzEndpoint endpoint",
      "info" : "SingleVariableDeclaration[11246-11269]:SingleVariableDeclaration[11246-11269]"
    }, {
      "left" : "Exception",
      "right" : "Exception",
      "info" : "SimpleType[11278-11287]:SimpleType[11278-11287]"
    }, {
      "left" : "{}",
      "right" : "{}",
      "info" : "Block[11288-12362]:Block[11288-12362]"
    }, {
      "left" : "URI u = new URI(uri);",
      "right" : "URI u = new URI(uri);",
      "info" : "VariableDeclarationStatement[11346-11367]:VariableDeclarationStatement[11346-11367]"
    }, {
      "left" : "String path = ObjectHelper.after(u.getPath(), \"/\");",
      "right" : "String path = ObjectHelper.after(u.getPath(), \"/\");",
      "info" : "VariableDeclarationStatement[11376-11427]:VariableDeclarationStatement[11376-11427]"
    }, {
      "left" : "String host = u.getHost();",
      "right" : "String host = u.getHost();",
      "info" : "VariableDeclarationStatement[11436-11462]:VariableDeclarationStatement[11436-11462]"
    }, {
      "left" : "if (host == null)",
      "right" : "if (host == null)",
      "info" : "IfStatement[11569-11734]:IfStatement[11569-11734]"
    }, {
      "left" : "{}",
      "right" : "{}",
      "info" : "Block[11587-11734]:Block[11587-11734]"
    }, {
      "left" : "host = ObjectHelper.before(remaining, \"/\");",
      "right" : "host = ObjectHelper.before(remaining, \"/\");",
      "info" : "ExpressionStatement[11601-11644]:ExpressionStatement[11601-11644]"
    }, {
      "left" : "if (host == null)",
      "right" : "if (host == null)",
      "info" : "IfStatement[11657-11724]:IfStatement[11657-11724]"
    }, {
      "left" : "{}",
      "right" : "{}",
      "info" : "Block[11675-11724]:Block[11675-11724]"
    }, {
      "left" : "host = remaining;",
      "right" : "host = remaining;",
      "info" : "ExpressionStatement[11693-11710]:ExpressionStatement[11693-11710]"
    }, {
      "left" : "String name;",
      "right" : "String name;",
      "info" : "VariableDeclarationStatement[11829-11841]:VariableDeclarationStatement[11829-11841]"
    }, {
      "left" : "String group;",
      "right" : "String group;",
      "info" : "VariableDeclarationStatement[11850-11863]:VariableDeclarationStatement[11850-11863]"
    }, {
      "left" : "if (ObjectHelper.isNotEmpty(path) && ObjectHelper.isNotEmpty(host))",
      "right" : "if (ObjectHelper.isNotEmpty(path) && ObjectHelper.isNotEmpty(host))",
      "info" : "IfStatement[11872-12207]:IfStatement[11872-12207]"
    }, {
      "left" : "{}",
      "right" : "{}",
      "info" : "Block[11940-12002]:Block[11940-12002]"
    }, {
      "left" : "group = host;",
      "right" : "group = host;",
      "info" : "ExpressionStatement[11954-11967]:ExpressionStatement[11954-11967]"
    }, {
      "left" : "name = path;",
      "right" : "name = path;",
      "info" : "ExpressionStatement[11980-11992]:ExpressionStatement[11980-11992]"
    }, {
      "left" : "{}",
      "right" : "{}",
      "info" : "Block[12008-12207]:Block[12008-12207]"
    }, {
      "left" : "String camelContextName = getCamelContext().getManagementName();",
      "right" : "String camelContextName = getCamelContext().getManagementName();",
      "info" : "VariableDeclarationStatement[12022-12086]:VariableDeclarationStatement[12022-12086]"
    }, {
      "left" : "group = camelContextName == null ? \"Camel\" : \"Camel_\" + camelContextName;",
      "right" : "group = camelContextName == null ? \"Camel\" : \"Camel_\" + camelContextName;",
      "info" : "ExpressionStatement[12099-12172]:ExpressionStatement[12099-12172]"
    }, {
      "left" : "name = host;",
      "right" : "name = host;",
      "info" : "ExpressionStatement[12185-12197]:ExpressionStatement[12185-12197]"
    }, {
      "left" : "if (prefixJobNameWithEndpointId)",
      "right" : "if (prefixJobNameWithEndpointId)",
      "info" : "IfStatement[12217-12311]:IfStatement[12217-12311]"
    }, {
      "left" : "{}",
      "right" : "{}",
      "info" : "Block[12250-12311]:Block[12250-12311]"
    }, {
      "left" : "name = endpoint.getId() + \"_\" + name;",
      "right" : "name = endpoint.getId() + \"_\" + name;",
      "info" : "ExpressionStatement[12264-12301]:ExpressionStatement[12264-12301]"
    }, {
      "left" : "return new TriggerKey(name, group);",
      "right" : "return new TriggerKey(name, group);",
      "info" : "ReturnStatement[12321-12356]:ReturnStatement[12321-12356]"
    }, {
      "left" : "@Override",
      "right" : "@Override",
      "info" : "MarkerAnnotation[12368-12377]:MarkerAnnotation[12368-12377]"
    }, {
      "left" : "protected",
      "right" : "protected",
      "info" : "Modifier[12382-12391]:Modifier[12382-12391]"
    }, {
      "left" : "void",
      "right" : "void",
      "info" : "PrimitiveType[12392-12396]:PrimitiveType[12392-12396]"
    }, {
      "left" : "doStart",
      "right" : "doStart",
      "info" : "SimpleName[12397-12404]:SimpleName[12397-12404]"
    }, {
      "left" : "Exception",
      "right" : "Exception",
      "info" : "SimpleType[12414-12423]:SimpleType[12414-12423]"
    }, {
      "left" : "{}",
      "right" : "{}",
      "info" : "Block[12424-12538]:Block[12424-12538]"
    }, {
      "left" : "super.doStart();",
      "right" : "super.doStart();",
      "info" : "ExpressionStatement[12434-12450]:ExpressionStatement[12434-12450]"
    }, {
      "left" : "if (scheduler == null)",
      "right" : "if (scheduler == null)",
      "info" : "IfStatement[12460-12532]:IfStatement[12460-12532]"
    }, {
      "left" : "{}",
      "right" : "{}",
      "info" : "Block[12483-12532]:Block[12483-12532]"
    }, {
      "left" : "createAndInitScheduler();",
      "right" : "createAndInitScheduler();",
      "info" : "ExpressionStatement[12497-12522]:ExpressionStatement[12497-12522]"
    }, {
      "left" : "private",
      "right" : "private",
      "info" : "Modifier[12544-12551]:Modifier[12544-12551]"
    }, {
      "left" : "void",
      "right" : "void",
      "info" : "PrimitiveType[12552-12556]:PrimitiveType[12552-12556]"
    }, {
      "left" : "createAndInitScheduler",
      "right" : "createAndInitScheduler",
      "info" : "SimpleName[12557-12579]:SimpleName[12557-12579]"
    }, {
      "left" : "SchedulerException",
      "right" : "SchedulerException",
      "info" : "SimpleType[12589-12607]:SimpleType[12589-12607]"
    }, {
      "left" : "{}",
      "right" : "{}",
      "info" : "Block[12608-13618]:Block[12608-13283]"
    }, {
      "left" : "LOG.info(\"Create and initializing scheduler.\");",
      "right" : "LOG.info(\"Create and initializing scheduler.\");",
      "info" : "ExpressionStatement[12618-12665]:ExpressionStatement[12618-12665]"
    }, {
      "left" : "scheduler = createScheduler();",
      "right" : "scheduler = createScheduler();",
      "info" : "ExpressionStatement[12674-12704]:ExpressionStatement[12674-12704]"
    }, {
      "left" : "SchedulerContext quartzContext = scheduler.getContext();",
      "right" : "SchedulerContext quartzContext = scheduler.getContext();",
      "info" : "VariableDeclarationStatement[12769-12825]:VariableDeclarationStatement[13440-13496]"
    }, {
      "left" : "String camelContextName = QuartzHelper.getQuartzContextName(getCamelContext());",
      "right" : "String camelContextName = QuartzHelper.getQuartzContextName(getCamelContext());",
      "info" : "VariableDeclarationStatement[12834-12913]:VariableDeclarationStatement[13505-13584]"
    }, {
      "left" : "LOG.debug(\"Storing camelContextName={} into Quartz Context space.\", camelContextName);",
      "right" : "LOG.debug(\"Storing camelContextName={} into Quartz Context space.\", camelContextName);",
      "info" : "ExpressionStatement[12922-13008]:ExpressionStatement[13593-13679]"
    }, {
      "left" : "quartzContext.put(QuartzConstants.QUARTZ_CAMEL_CONTEXT + \"-\" + camelContextName, getCamelContext());",
      "right" : "quartzContext.put(QuartzConstants.QUARTZ_CAMEL_CONTEXT + \"-\" + camelContextName, getCamelContext());",
      "info" : "ExpressionStatement[13017-13117]:ExpressionStatement[13688-13788]"
    }, {
      "left" : "AtomicInteger number = (AtomicInteger) quartzContext.get(QuartzConstants.QUARTZ_CAMEL_JOBS_COUNT);",
      "right" : "AtomicInteger number = (AtomicInteger) quartzContext.get(QuartzConstants.QUARTZ_CAMEL_JOBS_COUNT);",
      "info" : "VariableDeclarationStatement[13351-13449]:VariableDeclarationStatement[13016-13114]"
    }, {
      "left" : "if (number == null)",
      "right" : "if (number == null)",
      "info" : "IfStatement[13458-13612]:IfStatement[13123-13277]"
    }, {
      "left" : "{}",
      "right" : "{}",
      "info" : "Block[13478-13612]:Block[13143-13277]"
    }, {
      "left" : "number = new AtomicInteger(0);",
      "right" : "number = new AtomicInteger(0);",
      "info" : "ExpressionStatement[13492-13522]:ExpressionStatement[13157-13187]"
    }, {
      "left" : "quartzContext.put(QuartzConstants.QUARTZ_CAMEL_JOBS_COUNT, number);",
      "right" : "quartzContext.put(QuartzConstants.QUARTZ_CAMEL_JOBS_COUNT, number);",
      "info" : "ExpressionStatement[13535-13602]:ExpressionStatement[13200-13267]"
    }, {
      "left" : "private",
      "right" : "private",
      "info" : "Modifier[13624-13631]:Modifier[13830-13837]"
    }, {
      "left" : "Scheduler",
      "right" : "Scheduler",
      "info" : "SimpleType[13632-13641]:SimpleType[13838-13847]"
    }, {
      "left" : "createScheduler",
      "right" : "createScheduler",
      "info" : "SimpleName[13642-13657]:SimpleName[13848-13863]"
    }, {
      "left" : "SchedulerException",
      "right" : "SchedulerException",
      "info" : "SimpleType[13667-13685]:SimpleType[13873-13891]"
    }, {
      "left" : "{}",
      "right" : "{}",
      "info" : "Block[13686-13746]:Block[13892-13952]"
    }, {
      "left" : "return getSchedulerFactory().getScheduler();",
      "right" : "return getSchedulerFactory().getScheduler();",
      "info" : "ReturnStatement[13696-13740]:ReturnStatement[13902-13946]"
    }, {
      "left" : "@Override",
      "right" : "@Override",
      "info" : "MarkerAnnotation[13752-13761]:MarkerAnnotation[13958-13967]"
    }, {
      "left" : "protected",
      "right" : "protected",
      "info" : "Modifier[13766-13775]:Modifier[13972-13981]"
    }, {
      "left" : "void",
      "right" : "void",
      "info" : "PrimitiveType[13776-13780]:PrimitiveType[13982-13986]"
    }, {
      "left" : "doStop",
      "right" : "doStop",
      "info" : "SimpleName[13781-13787]:SimpleName[13987-13993]"
    }, {
      "left" : "Exception",
      "right" : "Exception",
      "info" : "SimpleType[13797-13806]:SimpleType[14003-14012]"
    }, {
      "left" : "{}",
      "right" : "{}",
      "info" : "Block[13807-14415]:Block[14013-14621]"
    }, {
      "left" : "super.doStop();",
      "right" : "super.doStop();",
      "info" : "ExpressionStatement[13817-13832]:ExpressionStatement[14023-14038]"
    }, {
      "left" : "if (scheduler != null)",
      "right" : "if (scheduler != null)",
      "info" : "IfStatement[13842-14409]:IfStatement[14048-14615]"
    }, {
      "left" : "{}",
      "right" : "{}",
      "info" : "Block[13865-14409]:Block[14071-14615]"
    }, {
      "left" : "AtomicInteger number = (AtomicInteger) scheduler.getContext().get(QuartzConstants.QUARTZ_CAMEL_JOBS_COUNT);",
      "right" : "AtomicInteger number = (AtomicInteger) scheduler.getContext().get(QuartzConstants.QUARTZ_CAMEL_JOBS_COUNT);",
      "info" : "VariableDeclarationStatement[13879-13986]:VariableDeclarationStatement[14085-14192]"
    }, {
      "left" : "if (number != null && number.get() > 0)",
      "right" : "if (number != null && number.get() > 0)",
      "info" : "IfStatement[13999-14399]:IfStatement[14205-14605]"
    }, {
      "left" : "{}",
      "right" : "{}",
      "info" : "Block[14039-14204]:Block[14245-14410]"
    }, {
      "left" : "LOG.info(\"Cannot shutdown scheduler: \" + scheduler.getSchedulerName() + \" as there are still \" + number.get() + \" jobs registered.\");",
      "right" : "LOG.info(\"Cannot shutdown scheduler: \" + scheduler.getSchedulerName() + \" as there are still \" + number.get() + \" jobs registered.\");",
      "info" : "ExpressionStatement[14057-14190]:ExpressionStatement[14263-14396]"
    }, {
      "left" : "{}",
      "right" : "{}",
      "info" : "Block[14210-14399]:Block[14416-14605]"
    }, {
      "left" : "LOG.info(\"Shutting down scheduler. (will wait for all jobs to complete first.)\");",
      "right" : "LOG.info(\"Shutting down scheduler. (will wait for all jobs to complete first.)\");",
      "info" : "ExpressionStatement[14228-14309]:ExpressionStatement[14434-14515]"
    }, {
      "left" : "scheduler.shutdown(true);",
      "right" : "scheduler.shutdown(true);",
      "info" : "ExpressionStatement[14326-14351]:ExpressionStatement[14532-14557]"
    }, {
      "left" : "scheduler = null;",
      "right" : "scheduler = null;",
      "info" : "ExpressionStatement[14368-14385]:ExpressionStatement[14574-14591]"
    }, {
      "left" : "@Override",
      "right" : "@Override",
      "info" : "MarkerAnnotation[14421-14430]:MarkerAnnotation[14627-14636]"
    }, {
      "left" : "public",
      "right" : "public",
      "info" : "Modifier[14435-14441]:Modifier[14641-14647]"
    }, {
      "left" : "void",
      "right" : "void",
      "info" : "PrimitiveType[14442-14446]:PrimitiveType[14648-14652]"
    }, {
      "left" : "onCamelContextStarted",
      "right" : "onCamelContextStarted",
      "info" : "SimpleName[14447-14468]:SimpleName[14653-14674]"
    }, {
      "left" : "CamelContext context",
      "right" : "CamelContext context",
      "info" : "SingleVariableDeclaration[14469-14489]:SingleVariableDeclaration[14675-14695]"
    }, {
      "left" : "boolean alreadyStarted",
      "right" : "boolean alreadyStarted",
      "info" : "SingleVariableDeclaration[14491-14513]:SingleVariableDeclaration[14697-14719]"
    }, {
      "left" : "Exception",
      "right" : "Exception",
      "info" : "SimpleType[14522-14531]:SimpleType[14728-14737]"
    }, {
      "left" : "{}",
      "right" : "{}",
      "info" : "Block[14532-15697]:Block[14738-16150]"
    }, {
      "left" : "if (scheduler == null)",
      "right" : "if (scheduler == null)",
      "info" : "IfStatement[14690-14762]:IfStatement[14896-15207]"
    }, {
      "left" : "{}",
      "right" : "{}",
      "info" : "Block[14713-14762]:Block[14919-14968]"
    }, {
      "left" : "createAndInitScheduler();",
      "right" : "createAndInitScheduler();",
      "info" : "ExpressionStatement[14727-14752]:ExpressionStatement[14933-14958]"
    }, {
      "left" : "if (!autoStartScheduler)",
      "right" : "if (!autoStartScheduler)",
      "info" : "IfStatement[14839-15691]:IfStatement[15292-16144]"
    }, {
      "left" : "{}",
      "right" : "{}",
      "info" : "Block[14864-14967]:Block[15317-15420]"
    }, {
      "left" : "LOG.info(\"Not starting scheduler because autoStartScheduler is set to false.\");",
      "right" : "LOG.info(\"Not starting scheduler because autoStartScheduler is set to false.\");",
      "info" : "ExpressionStatement[14878-14957]:ExpressionStatement[15331-15410]"
    }, {
      "left" : "{}",
      "right" : "{}",
      "info" : "Block[14973-15691]:Block[15426-16144]"
    }, {
      "left" : "if (startDelayedSeconds > 0)",
      "right" : "if (startDelayedSeconds > 0)",
      "info" : "IfStatement[14987-15681]:IfStatement[15440-16134]"
    }, {
      "left" : "{}",
      "right" : "{}",
      "info" : "Block[15016-15407]:Block[15469-15860]"
    }, {
      "left" : "if (scheduler.isStarted())",
      "right" : "if (scheduler.isStarted())",
      "info" : "IfStatement[15034-15393]:IfStatement[15487-15846]"
    }, {
      "left" : "{}",
      "right" : "{}",
      "info" : "Block[15061-15202]:Block[15514-15655]"
    }, {
      "left" : "LOG.warn(\"The scheduler has already started. Cannot apply the 'startDelayedSeconds' configuration!\");",
      "right" : "LOG.warn(\"The scheduler has already started. Cannot apply the 'startDelayedSeconds' configuration!\");",
      "info" : "ExpressionStatement[15083-15184]:ExpressionStatement[15536-15637]"
    }, {
      "left" : "{}",
      "right" : "{}",
      "info" : "Block[15208-15393]:Block[15661-15846]"
    }, {
      "left" : "LOG.info(\"Starting scheduler with startDelayedSeconds={}\", startDelayedSeconds);",
      "right" : "LOG.info(\"Starting scheduler with startDelayedSeconds={}\", startDelayedSeconds);",
      "info" : "ExpressionStatement[15230-15310]:ExpressionStatement[15683-15763]"
    }, {
      "left" : "scheduler.startDelayed(startDelayedSeconds);",
      "right" : "scheduler.startDelayed(startDelayedSeconds);",
      "info" : "ExpressionStatement[15331-15375]:ExpressionStatement[15784-15828]"
    }, {
      "left" : "{}",
      "right" : "{}",
      "info" : "Block[15413-15681]:Block[15866-16134]"
    }, {
      "left" : "if (scheduler.isStarted())",
      "right" : "if (scheduler.isStarted())",
      "info" : "IfStatement[15431-15667]:IfStatement[15884-16120]"
    }, {
      "left" : "{}",
      "right" : "{}",
      "info" : "Block[15458-15550]:Block[15911-16003]"
    }, {
      "left" : "LOG.info(\"The scheduler has already been started.\");",
      "right" : "LOG.info(\"The scheduler has already been started.\");",
      "info" : "ExpressionStatement[15480-15532]:ExpressionStatement[15933-15985]"
    }, {
      "left" : "{}",
      "right" : "{}",
      "info" : "Block[15556-15667]:Block[16009-16120]"
    }, {
      "left" : "LOG.info(\"Starting scheduler.\");",
      "right" : "LOG.info(\"Starting scheduler.\");",
      "info" : "ExpressionStatement[15578-15610]:ExpressionStatement[16031-16063]"
    }, {
      "left" : "scheduler.start();",
      "right" : "scheduler.start();",
      "info" : "ExpressionStatement[15631-15649]:ExpressionStatement[16084-16102]"
    } ]
  },
  "interFileMappings" : { }
}