{"PLAIN_CONFIGURATION": "HybridGumtree-bu_minsize-300-st_minprio-4-st_priocalc-height", "MATCHER": "HybridGumtree", "NRACTIONS": 26, "SIMACTIONS": 11, "NRROOTS": null, "NR_INSERT": 25.0, "NR_DELETE": 0.0, "NR_UPDATE": 0.0, "NR_MOVE": 1.0, "NR_TREEINSERT": 0.0, "NR_TREEDELETE": 0.0, "TIME": 653, "NROPTIONS": 0.0, "TIMEOUT": "0", "bu_minsim": null, "bu_minsize": 300, "st_minprio": 4, "st_priocalc": "height", "cd_labsim": null, "cd_maxleaves": null, "cd_structsim1": null, "cd_structsim2": null, "xy_minsim": null}