{"PLAIN_CONFIGURATION": "ClassicGumtree-bu_minsim-0.1-bu_minsize-300-st_minprio-1-st_priocalc-size", "MATCHER": "ClassicGumtree", "NRACTIONS": 67, "SIMACTIONS": 31, "NRROOTS": null, "NR_INSERT": 56, "NR_DELETE": 4, "NR_UPDATE": 2, "NR_MOVE": 5, "NR_TREEINSERT": 0, "NR_TREEDELETE": 0, "TIME": 6, "NROPTIONS": 0, "TIMEOUT": 0, "bu_minsim": 0.1, "bu_minsize": 300, "st_minprio": 1, "st_priocalc": "size", "cd_labsim": null, "cd_maxleaves": null, "cd_structsim1": null, "cd_structsim2": null, "xy_minsim": null}