{
  "intraFileMappings" : {
    "matchedElements" : [
 {
      "left" : "MaxFreeAllocator",
      "right" : "MaxFreeAllocator",
      "info" : "TypeDeclaration[1147-2728]:TypeDeclaration[1147-3235]"
    }, {
      "left" : "private final BlockMetadataManager mMetaManager;",
      "right" : "private final BlockMetadataManager mMetaManager;",
      "info" : "FieldDeclaration[1290-1338]:FieldDeclaration[1384-1432]"
    }, {
      "left" : "public MaxFreeAllocator(BlockMetadataManager metadata)",
      "right" : "public MaxFreeAllocator(BlockMetadataManager metadata)",
      "info" : "MethodDeclaration[1342-1459]:MethodDeclaration[1436-1553]"
    }, {
      "left" : "public TempBlockMeta allocateBlock(long userId, long blockId, long blockSize,\n      BlockStoreLocation location) throws IOException",
      "right" : "public TempBlockMeta allocateBlock(long userId, long blockId, long blockSize,\n      BlockStoreLocation location) throws IOException",
      "info" : "MethodDeclaration[1463-2726]:MethodDeclaration[1557-2608]"
    } ],
    "mappings" : [
 {
      "left" : "{}",
      "right" : "{}",
      "info" : "Block[1397-1459]:Block[1491-1553]"
    }, {
      "left" : "mMetaManager = Preconditions.checkNotNull(metadata);",
      "right" : "mMetaManager = Preconditions.checkNotNull(metadata);",
      "info" : "ExpressionStatement[1403-1455]:ExpressionStatement[1497-1549]"
    }, {
      "left" : "{}",
      "right" : "{}",
      "info" : "Block[1607-2726]:Block[1701-2608]"
    }, {
      "left" : "StorageDir candidateDir = null;",
      "right" : "StorageDir candidateDir = null;",
      "info" : "VariableDeclarationStatement[1614-1645]:VariableDeclarationStatement[1707-1738]"
    }, {
      "left" : "long maxFreeBytes = blockSize;",
      "right" : "long maxFreeBytes = blockSize - 1;",
      "info" : "VariableDeclarationStatement[1650-1680]:VariableDeclarationStatement[2977-3011]"
    }, {
      "left" : "if (location.equals(BlockStoreLocation.anyTier()))",
      "right" : "if (location.equals(BlockStoreLocation.anyTier()))",
      "info" : "IfStatement[1686-2611]:IfStatement[1744-2493]"
    }, {
      "left" : "{}",
      "right" : "{}",
      "info" : "Block[1737-2027]:Block[1795-2054]"
    }, {
      "left" : "for (StorageTier tier : mMetaManager.getTiers())",
      "right" : "for (StorageTier tier : mMetaManager.getTiers())",
      "info" : "EnhancedForStatement[1745-2021]:EnhancedForStatement[1803-2048]"
    }, {
      "left" : "{}",
      "right" : "{}",
      "info" : "Block[1794-2021]:Block[1852-2048]"
    }, {
      "left" : "for (StorageDir dir : tier.getStorageDirs())",
      "right" : "for (StorageDir dir : tier.getStorageDirs())",
      "info" : "EnhancedForStatement[1804-2013]:EnhancedForStatement[3016-3204]"
    }, {
      "left" : "{}",
      "right" : "{}",
      "info" : "Block[1849-2013]:Block[3061-3204]"
    }, {
      "left" : "if (dir.getAvailableBytes() >= maxFreeBytes)",
      "right" : "if (dir.getAvailableBytes() > maxFreeBytes)",
      "info" : "IfStatement[1861-2003]:IfStatement[3069-3198]"
    }, {
      "left" : "{}",
      "right" : "{}",
      "info" : "Block[1906-2003]:Block[3113-3198]"
    }, {
      "left" : "maxFreeBytes = dir.getAvailableBytes();",
      "right" : "maxFreeBytes = dir.getAvailableBytes();",
      "info" : "ExpressionStatement[1920-1959]:ExpressionStatement[3123-3162]"
    }, {
      "left" : "candidateDir = dir;",
      "right" : "candidateDir = dir;",
      "info" : "ExpressionStatement[1972-1991]:ExpressionStatement[3171-3190]"
    }, {
      "left" : "if (location.equals(BlockStoreLocation.anyDirInTier(location.tierAlias())))",
      "right" : "if (location.equals(BlockStoreLocation.anyDirInTier(location.tierAlias())))",
      "info" : "IfStatement[2033-2611]:IfStatement[2060-2493]"
    }, {
      "left" : "{}",
      "right" : "{}",
      "info" : "Block[2109-2391]:Block[2136-2273]"
    }, {
      "left" : "StorageTier tier = mMetaManager.getTier(location.tierAlias());",
      "right" : "StorageTier tier = mMetaManager.getTier(location.tierAlias());",
      "info" : "VariableDeclarationStatement[2117-2179]:VariableDeclarationStatement[2144-2206]"
    }, {
      "left" : "for (StorageDir dir : tier.getStorageDirs())",
      "right" : "for (StorageDir dir : tier.getStorageDirs())",
      "info" : "EnhancedForStatement[2186-2385]:EnhancedForStatement[3016-3204]"
    }, {
      "left" : "{}",
      "right" : "{}",
      "info" : "Block[2231-2385]:Block[3061-3204]"
    }, {
      "left" : "if (dir.getAvailableBytes() >= maxFreeBytes)",
      "right" : "if (dir.getAvailableBytes() > maxFreeBytes)",
      "info" : "IfStatement[2241-2377]:IfStatement[3069-3198]"
    }, {
      "left" : "{}",
      "right" : "{}",
      "info" : "Block[2286-2377]:Block[3113-3198]"
    }, {
      "left" : "maxFreeBytes = dir.getAvailableBytes();",
      "right" : "maxFreeBytes = dir.getAvailableBytes();",
      "info" : "ExpressionStatement[2298-2337]:ExpressionStatement[3123-3162]"
    }, {
      "left" : "candidateDir = dir;",
      "right" : "candidateDir = dir;",
      "info" : "ExpressionStatement[2348-2367]:ExpressionStatement[3171-3190]"
    }, {
      "left" : "{}",
      "right" : "{}",
      "info" : "Block[2397-2611]:Block[2279-2493]"
    }, {
      "left" : "StorageTier tier = mMetaManager.getTier(location.tierAlias());",
      "right" : "StorageTier tier = mMetaManager.getTier(location.tierAlias());",
      "info" : "VariableDeclarationStatement[2405-2467]:VariableDeclarationStatement[2287-2349]"
    }, {
      "left" : "StorageDir dir = tier.getDir(location.dir());",
      "right" : "StorageDir dir = tier.getDir(location.dir());",
      "info" : "VariableDeclarationStatement[2474-2519]:VariableDeclarationStatement[2356-2401]"
    }, {
      "left" : "if (dir.getAvailableBytes() >= blockSize)",
      "right" : "if (dir.getAvailableBytes() >= blockSize)",
      "info" : "IfStatement[2526-2605]:IfStatement[2408-2487]"
    }, {
      "left" : "{}",
      "right" : "{}",
      "info" : "Block[2568-2605]:Block[2450-2487]"
    }, {
      "left" : "candidateDir = dir;",
      "right" : "candidateDir = dir;",
      "info" : "ExpressionStatement[2578-2597]:ExpressionStatement[2460-2479]"
    }, {
      "left" : "return candidateDir != null ? new TempBlockMeta(userId, blockId, blockSize, candidateDir)\n        : null;",
      "right" : "return candidateDir != null ? new TempBlockMeta(userId, blockId, blockSize, candidateDir)\n        : null;",
      "info" : "ReturnStatement[2617-2722]:ReturnStatement[2499-2604]"
    } ]
  },
  "interFileMappings" : { }
}