{"PLAIN_CONFIGURATION": "HybridGumtree-bu_minsize-1400-st_minprio-4-st_priocalc-size", "MATCHER": "HybridGumtree", "NRACTIONS": 448, "SIMACTIONS": 172, "NRROOTS": null, "NR_INSERT": 351.0, "NR_DELETE": 12.0, "NR_UPDATE": 68.0, "NR_MOVE": 17.0, "NR_TREEINSERT": 0.0, "NR_TREEDELETE": 0.0, "TIME": 1643, "NROPTIONS": 0.0, "TIMEOUT": "0", "bu_minsim": null, "bu_minsize": 1400, "st_minprio": 4, "st_priocalc": "size", "cd_labsim": null, "cd_maxleaves": null, "cd_structsim1": null, "cd_structsim2": null, "xy_minsim": null}