{
  "intraFileMappings" : {
    "matchedElements" : [
 {
      "left" : "TempBlockMeta",
      "right" : "TempBlockMeta",
      "info" : "TypeDeclaration[36-106]:TypeDeclaration[865-1372]"
    } ],
    "mappings" : [
 {
      "left" : "public",
      "right" : "public",
      "info" : "Modifier[76-82]:Modifier[951-957]"
    }, {
      "left" : "class",
      "right" : "class",
      "info" : "TYPE_DECLARATION_KIND[83-88]:TYPE_DECLARATION_KIND[958-963]"
    }, {
      "left" : "TempBlockMeta",
      "right" : "TempBlockMeta",
      "info" : "SimpleName[89-102]:SimpleName[964-977]"
    } ]
  },
  "interFileMappings" : { }
}