{
  "intraFileMappings" : {
    "matchedElements" : [
 {
      "left" : "TempBlockMeta",
      "right" : "TempBlockMeta",
      "info" : "TypeDeclaration[36-106]:TypeDeclaration[865-1372]"
    } ],
    "mappings" : [
 {
      "left" : "public",
      "right" : "public",
      "info" : "Modifier[76-82]:Modifier[951-957]"
    }, {
      "left" : "class",
      "right" : "class",
      "info" : "TYPE_DECLARATION_KIND[83-88]:TYPE_DECLARATION_KIND[958-963]"
    }, {
      "left" : "TempBlockMeta",
      "right" : "TempBlockMeta",
      "info" : "SimpleName[89-102]:SimpleName[964-977]"
    } ]
  },
  "interFileMappings" : {
    "Moved from File: servers/src/main/java/tachyon/worker/block/meta/BlockMeta.java" : {
      "matchedElements" : [
 {
        "left" : "public String getTmpPath(long userId)",
        "right" : "public String getPath()",
        "info" : "MethodDeclaration[1513-1628]:MethodDeclaration[1182-1296]"
      } ],
      "mappings" : [
 {
        "left" : "{}",
        "right" : "{}",
        "info" : "Block[1551-1628]:Block[1218-1296]"
      }, {
        "left" : "return CommonUtils.concatPath(mDir.getDirPath(), userId, mBlockId);",
        "right" : "return CommonUtils.concatPath(mDir.getDirPath(), mUserId, mBlockId);",
        "info" : "ReturnStatement[1557-1624]:ReturnStatement[1224-1292]"
      } ]
    }
  }
}