{
  "intraFileMappings" : {
    "matchedElements" : [
 {
      "left" : "MaxFreeAllocator",
      "right" : "MaxFreeAllocator",
      "info" : "TypeDeclaration[1147-2728]:TypeDeclaration[1147-3235]"
    }, {
      "left" : "private final BlockMetadataManager mMetaManager;",
      "right" : "private final BlockMetadataManager mMetaManager;",
      "info" : "FieldDeclaration[1290-1338]:FieldDeclaration[1384-1432]"
    }, {
      "left" : "public MaxFreeAllocator(BlockMetadataManager metadata)",
      "right" : "public MaxFreeAllocator(BlockMetadataManager metadata)",
      "info" : "MethodDeclaration[1342-1459]:MethodDeclaration[1436-1553]"
    }, {
      "left" : "public TempBlockMeta allocateBlock(long userId, long blockId, long blockSize,\n      BlockStoreLocation location) throws IOException",
      "right" : "public TempBlockMeta allocateBlock(long userId, long blockId, long blockSize,\n      BlockStoreLocation location) throws IOException",
      "info" : "MethodDeclaration[1463-2726]:MethodDeclaration[1557-2608]"
    } ],
    "mappings" : [
 {
      "left" : "public",
      "right" : "public",
      "info" : "Modifier[1235-1241]:Modifier[1329-1335]"
    }, {
      "left" : "class",
      "right" : "class",
      "info" : "TYPE_DECLARATION_KIND[1242-1247]:TYPE_DECLARATION_KIND[1336-1341]"
    }, {
      "left" : "MaxFreeAllocator",
      "right" : "MaxFreeAllocator",
      "info" : "SimpleName[1248-1264]:SimpleName[1342-1358]"
    }, {
      "left" : "Allocator",
      "right" : "Allocator",
      "info" : "SimpleType[1276-1285]:SimpleType[1370-1379]"
    }, {
      "left" : "public",
      "right" : "public",
      "info" : "Modifier[1342-1348]:Modifier[1436-1442]"
    }, {
      "left" : "MaxFreeAllocator",
      "right" : "MaxFreeAllocator",
      "info" : "SimpleName[1349-1365]:SimpleName[1443-1459]"
    }, {
      "left" : "BlockMetadataManager metadata",
      "right" : "BlockMetadataManager metadata",
      "info" : "SingleVariableDeclaration[1366-1395]:SingleVariableDeclaration[1460-1489]"
    }, {
      "left" : "{}",
      "right" : "{}",
      "info" : "Block[1397-1459]:Block[1491-1553]"
    }, {
      "left" : "mMetaManager = Preconditions.checkNotNull(metadata);",
      "right" : "mMetaManager = Preconditions.checkNotNull(metadata);",
      "info" : "ExpressionStatement[1403-1455]:ExpressionStatement[1497-1549]"
    }, {
      "left" : "@Override",
      "right" : "@Override",
      "info" : "MarkerAnnotation[1463-1472]:MarkerAnnotation[1557-1566]"
    }, {
      "left" : "public",
      "right" : "public",
      "info" : "Modifier[1475-1481]:Modifier[1569-1575]"
    }, {
      "left" : "TempBlockMeta",
      "right" : "TempBlockMeta",
      "info" : "SimpleType[1482-1495]:SimpleType[1576-1589]"
    }, {
      "left" : "allocateBlock",
      "right" : "allocateBlock",
      "info" : "SimpleName[1496-1509]:SimpleName[1590-1603]"
    }, {
      "left" : "long userId",
      "right" : "long userId",
      "info" : "SingleVariableDeclaration[1510-1521]:SingleVariableDeclaration[1604-1615]"
    }, {
      "left" : "long blockId",
      "right" : "long blockId",
      "info" : "SingleVariableDeclaration[1523-1535]:SingleVariableDeclaration[1617-1629]"
    }, {
      "left" : "long blockSize",
      "right" : "long blockSize",
      "info" : "SingleVariableDeclaration[1537-1551]:SingleVariableDeclaration[1631-1645]"
    }, {
      "left" : "BlockStoreLocation location",
      "right" : "BlockStoreLocation location",
      "info" : "SingleVariableDeclaration[1559-1586]:SingleVariableDeclaration[1653-1680]"
    }, {
      "left" : "IOException",
      "right" : "IOException",
      "info" : "SimpleType[1595-1606]:SimpleType[1689-1700]"
    }, {
      "left" : "{}",
      "right" : "{}",
      "info" : "Block[1607-2726]:Block[1701-2608]"
    }, {
      "left" : "StorageDir candidateDir = null;",
      "right" : "StorageDir candidateDir = null;",
      "info" : "VariableDeclarationStatement[1614-1645]:VariableDeclarationStatement[1707-1738]"
    }, {
      "left" : "if (location.equals(BlockStoreLocation.anyTier()))",
      "right" : "if (location.equals(BlockStoreLocation.anyTier()))",
      "info" : "IfStatement[1686-2611]:IfStatement[1744-2493]"
    }, {
      "left" : "{}",
      "right" : "{}",
      "info" : "Block[1737-2027]:Block[1795-2054]"
    }, {
      "left" : "for (StorageTier tier : mMetaManager.getTiers())",
      "right" : "for (StorageTier tier : mMetaManager.getTiers())",
      "info" : "EnhancedForStatement[1745-2021]:EnhancedForStatement[1803-2048]"
    }, {
      "left" : "{}",
      "right" : "{}",
      "info" : "Block[1794-2021]:Block[1852-2048]"
    }, {
      "left" : "if (location.equals(BlockStoreLocation.anyDirInTier(location.tierAlias())))",
      "right" : "if (location.equals(BlockStoreLocation.anyDirInTier(location.tierAlias())))",
      "info" : "IfStatement[2033-2611]:IfStatement[2060-2493]"
    }, {
      "left" : "{}",
      "right" : "{}",
      "info" : "Block[2109-2391]:Block[2935-3233]"
    }, {
      "left" : "StorageTier tier = mMetaManager.getTier(location.tierAlias());",
      "right" : "StorageTier tier = mMetaManager.getTier(location.tierAlias());",
      "info" : "VariableDeclarationStatement[2117-2179]:VariableDeclarationStatement[2144-2206]"
    }, {
      "left" : "for (StorageDir dir : tier.getStorageDirs())",
      "right" : "for (StorageDir dir : tier.getStorageDirs())",
      "info" : "EnhancedForStatement[2186-2385]:EnhancedForStatement[3016-3204]"
    }, {
      "left" : "{}",
      "right" : "{}",
      "info" : "Block[2231-2385]:Block[3061-3204]"
    }, {
      "left" : "if (dir.getAvailableBytes() >= maxFreeBytes)",
      "right" : "if (dir.getAvailableBytes() > maxFreeBytes)",
      "info" : "IfStatement[2241-2377]:IfStatement[3069-3198]"
    }, {
      "left" : ">=",
      "right" : ">",
      "info" : "INFIX_EXPRESSION_OPERATOR[2269-2271]:INFIX_EXPRESSION_OPERATOR[3097-3098]"
    }, {
      "left" : "{}",
      "right" : "{}",
      "info" : "Block[2286-2377]:Block[3113-3198]"
    }, {
      "left" : "maxFreeBytes = dir.getAvailableBytes();",
      "right" : "maxFreeBytes = dir.getAvailableBytes();",
      "info" : "ExpressionStatement[2298-2337]:ExpressionStatement[3123-3162]"
    }, {
      "left" : "candidateDir = dir;",
      "right" : "candidateDir = dir;",
      "info" : "ExpressionStatement[2348-2367]:ExpressionStatement[3171-3190]"
    }, {
      "left" : "{}",
      "right" : "{}",
      "info" : "Block[2397-2611]:Block[2279-2493]"
    }, {
      "left" : "StorageTier tier = mMetaManager.getTier(location.tierAlias());",
      "right" : "StorageTier tier = mMetaManager.getTier(location.tierAlias());",
      "info" : "VariableDeclarationStatement[2405-2467]:VariableDeclarationStatement[2287-2349]"
    }, {
      "left" : "StorageDir dir = tier.getDir(location.dir());",
      "right" : "StorageDir dir = tier.getDir(location.dir());",
      "info" : "VariableDeclarationStatement[2474-2519]:VariableDeclarationStatement[2356-2401]"
    }, {
      "left" : "if (dir.getAvailableBytes() >= blockSize)",
      "right" : "if (dir.getAvailableBytes() >= blockSize)",
      "info" : "IfStatement[2526-2605]:IfStatement[2408-2487]"
    }, {
      "left" : "{}",
      "right" : "{}",
      "info" : "Block[2568-2605]:Block[2450-2487]"
    }, {
      "left" : "candidateDir = dir;",
      "right" : "candidateDir = dir;",
      "info" : "ExpressionStatement[2578-2597]:ExpressionStatement[2460-2479]"
    }, {
      "left" : "return candidateDir != null ? new TempBlockMeta(userId, blockId, blockSize, candidateDir)\n        : null;",
      "right" : "return candidateDir != null ? new TempBlockMeta(userId, blockId, blockSize, candidateDir)\n        : null;",
      "info" : "ReturnStatement[2617-2722]:ReturnStatement[2499-2604]"
    } ]
  },
  "interFileMappings" : { }
}