{
  "intraFileMappings" : {
    "matchedElements" : [
 {
      "left" : "BorderArrangement",
      "right" : "BorderArrangement",
      "info" : "TypeDeclaration[2257-20545]:TypeDeclaration[2257-20560]"
    }, {
      "left" : "private static final long serialVersionUID = 506071142274883745L;",
      "right" : "private static final long serialVersionUID = 506071142274883745L;",
      "info" : "FieldDeclaration[2444-2540]:FieldDeclaration[2444-2540]"
    }, {
      "left" : "private Block centerBlock;",
      "right" : "private Block centerBlock;",
      "info" : "FieldDeclaration[2548-2634]:FieldDeclaration[2548-2634]"
    }, {
      "left" : "private Block topBlock;",
      "right" : "private Block topBlock;",
      "info" : "FieldDeclaration[2642-2722]:FieldDeclaration[2642-2722]"
    }, {
      "left" : "private Block bottomBlock;",
      "right" : "private Block bottomBlock;",
      "info" : "FieldDeclaration[2730-2816]:FieldDeclaration[2730-2816]"
    }, {
      "left" : "private Block leftBlock;",
      "right" : "private Block leftBlock;",
      "info" : "FieldDeclaration[2824-2906]:FieldDeclaration[2824-2906]"
    }, {
      "left" : "private Block rightBlock;",
      "right" : "private Block rightBlock;",
      "info" : "FieldDeclaration[2914-2998]:FieldDeclaration[2914-2998]"
    }, {
      "left" : "public BorderArrangement()",
      "right" : "public BorderArrangement()",
      "info" : "MethodDeclaration[3006-3091]:MethodDeclaration[3006-3091]"
    }, {
      "left" : "public void add(Block block, Object key)",
      "right" : "public void add(Block block, Object key)",
      "info" : "MethodDeclaration[3099-4032]:MethodDeclaration[3099-4032]"
    }, {
      "left" : "public Size2D arrange(BlockContainer container,\r\n                          Graphics2D g2,\r\n                          RectangleConstraint constraint)",
      "right" : "public Size2D arrange(BlockContainer container,\r\n                          Graphics2D g2,\r\n                          RectangleConstraint constraint)",
      "info" : "MethodDeclaration[4040-6432]:MethodDeclaration[4040-6432]"
    }, {
      "left" : "protected Size2D arrangeNN(BlockContainer container, Graphics2D g2)",
      "right" : "protected Size2D arrangeNN(BlockContainer container, Graphics2D g2)",
      "info" : "MethodDeclaration[6440-9004]:MethodDeclaration[6440-9004]"
    }, {
      "left" : "protected Size2D arrangeFR(BlockContainer container, Graphics2D g2,\r\n                               RectangleConstraint constraint)",
      "right" : "protected Size2D arrangeFR(BlockContainer container, Graphics2D g2,\r\n                               RectangleConstraint constraint)",
      "info" : "MethodDeclaration[9012-9854]:MethodDeclaration[9012-9854]"
    }, {
      "left" : "protected Size2D arrangeFN(BlockContainer container, Graphics2D g2,\r\n                               double width)",
      "right" : "protected Size2D arrangeFN(BlockContainer container, Graphics2D g2,\r\n                               double width)",
      "info" : "MethodDeclaration[9862-12317]:MethodDeclaration[9862-12317]"
    }, {
      "left" : "protected Size2D arrangeRR(BlockContainer container,\r\n                               Range widthRange, Range heightRange,\r\n                               Graphics2D g2)",
      "right" : "protected Size2D arrangeRR(BlockContainer container,\r\n                               Range widthRange, Range heightRange,\r\n                               Graphics2D g2)",
      "info" : "MethodDeclaration[12325-15996]:MethodDeclaration[12325-15996]"
    }, {
      "left" : "protected Size2D arrangeFF(BlockContainer container, Graphics2D g2,\r\n                               RectangleConstraint constraint)",
      "right" : "protected Size2D arrangeFF(BlockContainer container, Graphics2D g2,\r\n                               RectangleConstraint constraint)",
      "info" : "MethodDeclaration[16004-19265]:MethodDeclaration[16004-19280]"
    }, {
      "left" : "public void clear()",
      "right" : "public void clear()",
      "info" : "MethodDeclaration[19273-19510]:MethodDeclaration[19288-19525]"
    }, {
      "left" : "public boolean equals(Object obj)",
      "right" : "public boolean equals(Object obj)",
      "info" : "MethodDeclaration[19518-20542]:MethodDeclaration[19533-20557]"
    } ],
    "mappings" : [
 {
      "left" : "Arrangement",
      "right" : "Arrangement",
      "info" : "SimpleType[2409-2420]:SimpleType[2409-2420]"
    }, {
      "left" : "Serializable",
      "right" : "Serializable",
      "info" : "SimpleType[2422-2434]:SimpleType[2422-2434]"
    }, {
      "left" : "public",
      "right" : "public",
      "info" : "Modifier[3056-3062]:Modifier[3056-3062]"
    }, {
      "left" : "BorderArrangement",
      "right" : "BorderArrangement",
      "info" : "SimpleName[3063-3080]:SimpleName[3063-3080]"
    }, {
      "left" : "{}",
      "right" : "{}",
      "info" : "Block[3083-3091]:Block[3083-3091]"
    }, {
      "left" : "public",
      "right" : "public",
      "info" : "Modifier[3390-3396]:Modifier[3390-3396]"
    }, {
      "left" : "void",
      "right" : "void",
      "info" : "PrimitiveType[3397-3401]:PrimitiveType[3397-3401]"
    }, {
      "left" : "add",
      "right" : "add",
      "info" : "SimpleName[3402-3405]:SimpleName[3402-3405]"
    }, {
      "left" : "Block block",
      "right" : "Block block",
      "info" : "SingleVariableDeclaration[3406-3417]:SingleVariableDeclaration[3406-3417]"
    }, {
      "left" : "Object key",
      "right" : "Object key",
      "info" : "SingleVariableDeclaration[3419-3429]:SingleVariableDeclaration[3419-3429]"
    }, {
      "left" : "{}",
      "right" : "{}",
      "info" : "Block[3431-4032]:Block[3431-4032]"
    }, {
      "left" : "if (key == null)",
      "right" : "if (key == null)",
      "info" : "IfStatement[3444-4025]:IfStatement[3444-4025]"
    }, {
      "left" : "{}",
      "right" : "{}",
      "info" : "Block[3461-3512]:Block[3461-3512]"
    }, {
      "left" : "this.centerBlock = block;",
      "right" : "this.centerBlock = block;",
      "info" : "ExpressionStatement[3476-3501]:ExpressionStatement[3476-3501]"
    }, {
      "left" : "{}",
      "right" : "{}",
      "info" : "Block[3527-4025]:Block[3527-4025]"
    }, {
      "left" : "RectangleEdge edge = (RectangleEdge) key;",
      "right" : "RectangleEdge edge = (RectangleEdge) key;",
      "info" : "VariableDeclarationStatement[3542-3583]:VariableDeclarationStatement[3542-3583]"
    }, {
      "left" : "if (edge == RectangleEdge.TOP)",
      "right" : "if (edge == RectangleEdge.TOP)",
      "info" : "IfStatement[3597-4014]:IfStatement[3597-4014]"
    }, {
      "left" : "{}",
      "right" : "{}",
      "info" : "Block[3628-3684]:Block[3628-3684]"
    }, {
      "left" : "this.topBlock = block;",
      "right" : "this.topBlock = block;",
      "info" : "ExpressionStatement[3647-3669]:ExpressionStatement[3647-3669]"
    }, {
      "left" : "if (edge == RectangleEdge.BOTTOM)",
      "right" : "if (edge == RectangleEdge.BOTTOM)",
      "info" : "IfStatement[3703-4014]:IfStatement[3703-4014]"
    }, {
      "left" : "{}",
      "right" : "{}",
      "info" : "Block[3737-3796]:Block[3737-3796]"
    }, {
      "left" : "this.bottomBlock = block;",
      "right" : "this.bottomBlock = block;",
      "info" : "ExpressionStatement[3756-3781]:ExpressionStatement[3756-3781]"
    }, {
      "left" : "if (edge == RectangleEdge.LEFT)",
      "right" : "if (edge == RectangleEdge.LEFT)",
      "info" : "IfStatement[3815-4014]:IfStatement[3815-4014]"
    }, {
      "left" : "{}",
      "right" : "{}",
      "info" : "Block[3847-3904]:Block[3847-3904]"
    }, {
      "left" : "this.leftBlock = block;",
      "right" : "this.leftBlock = block;",
      "info" : "ExpressionStatement[3866-3889]:ExpressionStatement[3866-3889]"
    }, {
      "left" : "if (edge == RectangleEdge.RIGHT)",
      "right" : "if (edge == RectangleEdge.RIGHT)",
      "info" : "IfStatement[3923-4014]:IfStatement[3923-4014]"
    }, {
      "left" : "{}",
      "right" : "{}",
      "info" : "Block[3956-4014]:Block[3956-4014]"
    }, {
      "left" : "this.rightBlock = block;",
      "right" : "this.rightBlock = block;",
      "info" : "ExpressionStatement[3975-3999]:ExpressionStatement[3975-3999]"
    }, {
      "left" : "public",
      "right" : "public",
      "info" : "Modifier[4326-4332]:Modifier[4326-4332]"
    }, {
      "left" : "Size2D",
      "right" : "Size2D",
      "info" : "SimpleType[4333-4339]:SimpleType[4333-4339]"
    }, {
      "left" : "arrange",
      "right" : "arrange",
      "info" : "SimpleName[4340-4347]:SimpleName[4340-4347]"
    }, {
      "left" : "BlockContainer container",
      "right" : "BlockContainer container",
      "info" : "SingleVariableDeclaration[4348-4372]:SingleVariableDeclaration[4348-4372]"
    }, {
      "left" : "Graphics2D g2",
      "right" : "Graphics2D g2",
      "info" : "SingleVariableDeclaration[4401-4414]:SingleVariableDeclaration[4401-4414]"
    }, {
      "left" : "RectangleConstraint constraint",
      "right" : "RectangleConstraint constraint",
      "info" : "SingleVariableDeclaration[4443-4473]:SingleVariableDeclaration[4443-4473]"
    }, {
      "left" : "{}",
      "right" : "{}",
      "info" : "Block[4475-6432]:Block[4475-6432]"
    }, {
      "left" : "RectangleConstraint contentConstraint\r\n                = container.toContentConstraint(constraint);",
      "right" : "RectangleConstraint contentConstraint\r\n                = container.toContentConstraint(constraint);",
      "info" : "VariableDeclarationStatement[4486-4585]:VariableDeclarationStatement[4486-4585]"
    }, {
      "left" : "Size2D contentSize = null;",
      "right" : "Size2D contentSize = null;",
      "info" : "VariableDeclarationStatement[4595-4621]:VariableDeclarationStatement[4595-4621]"
    }, {
      "left" : "LengthConstraintType w = contentConstraint.getWidthConstraintType();",
      "right" : "LengthConstraintType w = contentConstraint.getWidthConstraintType();",
      "info" : "VariableDeclarationStatement[4631-4699]:VariableDeclarationStatement[4631-4699]"
    }, {
      "left" : "LengthConstraintType h = contentConstraint.getHeightConstraintType();",
      "right" : "LengthConstraintType h = contentConstraint.getHeightConstraintType();",
      "info" : "VariableDeclarationStatement[4709-4778]:VariableDeclarationStatement[4709-4778]"
    }, {
      "left" : "if (w == LengthConstraintType.NONE)",
      "right" : "if (w == LengthConstraintType.NONE)",
      "info" : "IfStatement[4788-6268]:IfStatement[4788-6268]"
    }, {
      "left" : "{}",
      "right" : "{}",
      "info" : "Block[4824-5233]:Block[4824-5233]"
    }, {
      "left" : "if (h == LengthConstraintType.NONE)",
      "right" : "if (h == LengthConstraintType.NONE)",
      "info" : "IfStatement[4839-5222]:IfStatement[4839-5222]"
    }, {
      "left" : "{}",
      "right" : "{}",
      "info" : "Block[4875-4948]:Block[4875-4948]"
    }, {
      "left" : "contentSize = arrangeNN(container, g2);",
      "right" : "contentSize = arrangeNN(container, g2);",
      "info" : "ExpressionStatement[4894-4933]:ExpressionStatement[4894-4933]"
    }, {
      "left" : "if (h == LengthConstraintType.FIXED)",
      "right" : "if (h == LengthConstraintType.FIXED)",
      "info" : "IfStatement[4967-5222]:IfStatement[4967-5222]"
    }, {
      "left" : "{}",
      "right" : "{}",
      "info" : "Block[5004-5085]:Block[5004-5085]"
    }, {
      "left" : "throw new RuntimeException(\"Not implemented.\");",
      "right" : "throw new RuntimeException(\"Not implemented.\");",
      "info" : "ThrowStatement[5023-5070]:ThrowStatement[5023-5070]"
    }, {
      "left" : "if (h == LengthConstraintType.RANGE)",
      "right" : "if (h == LengthConstraintType.RANGE)",
      "info" : "IfStatement[5104-5222]:IfStatement[5104-5222]"
    }, {
      "left" : "{}",
      "right" : "{}",
      "info" : "Block[5141-5222]:Block[5141-5222]"
    }, {
      "left" : "throw new RuntimeException(\"Not implemented.\");",
      "right" : "throw new RuntimeException(\"Not implemented.\");",
      "info" : "ThrowStatement[5160-5207]:ThrowStatement[5160-5207]"
    }, {
      "left" : "if (w == LengthConstraintType.FIXED)",
      "right" : "if (w == LengthConstraintType.FIXED)",
      "info" : "IfStatement[5248-6268]:IfStatement[5248-6268]"
    }, {
      "left" : "{}",
      "right" : "{}",
      "info" : "Block[5285-5725]:Block[5285-5725]"
    }, {
      "left" : "if (h == LengthConstraintType.NONE)",
      "right" : "if (h == LengthConstraintType.NONE)",
      "info" : "IfStatement[5300-5714]:IfStatement[5300-5714]"
    }, {
      "left" : "{}",
      "right" : "{}",
      "info" : "Block[5336-5432]:Block[5336-5432]"
    }, {
      "left" : "contentSize = arrangeFN(container, g2, constraint.getWidth());",
      "right" : "contentSize = arrangeFN(container, g2, constraint.getWidth());",
      "info" : "ExpressionStatement[5355-5417]:ExpressionStatement[5355-5417]"
    }, {
      "left" : "if (h == LengthConstraintType.FIXED)",
      "right" : "if (h == LengthConstraintType.FIXED)",
      "info" : "IfStatement[5451-5714]:IfStatement[5451-5714]"
    }, {
      "left" : "{}",
      "right" : "{}",
      "info" : "Block[5488-5573]:Block[5488-5573]"
    }, {
      "left" : "contentSize = arrangeFF(container, g2, constraint);",
      "right" : "contentSize = arrangeFF(container, g2, constraint);",
      "info" : "ExpressionStatement[5507-5558]:ExpressionStatement[5507-5558]"
    }, {
      "left" : "if (h == LengthConstraintType.RANGE)",
      "right" : "if (h == LengthConstraintType.RANGE)",
      "info" : "IfStatement[5592-5714]:IfStatement[5592-5714]"
    }, {
      "left" : "{}",
      "right" : "{}",
      "info" : "Block[5629-5714]:Block[5629-5714]"
    }, {
      "left" : "contentSize = arrangeFR(container, g2, constraint);",
      "right" : "contentSize = arrangeFR(container, g2, constraint);",
      "info" : "ExpressionStatement[5648-5699]:ExpressionStatement[5648-5699]"
    }, {
      "left" : "if (w == LengthConstraintType.RANGE)",
      "right" : "if (w == LengthConstraintType.RANGE)",
      "info" : "IfStatement[5740-6268]:IfStatement[5740-6268]"
    }, {
      "left" : "{}",
      "right" : "{}",
      "info" : "Block[5777-6268]:Block[5777-6268]"
    }, {
      "left" : "if (h == LengthConstraintType.NONE)",
      "right" : "if (h == LengthConstraintType.NONE)",
      "info" : "IfStatement[5792-6257]:IfStatement[5792-6257]"
    }, {
      "left" : "{}",
      "right" : "{}",
      "info" : "Block[5828-5909]:Block[5828-5909]"
    }, {
      "left" : "throw new RuntimeException(\"Not implemented.\");",
      "right" : "throw new RuntimeException(\"Not implemented.\");",
      "info" : "ThrowStatement[5847-5894]:ThrowStatement[5847-5894]"
    }, {
      "left" : "if (h == LengthConstraintType.FIXED)",
      "right" : "if (h == LengthConstraintType.FIXED)",
      "info" : "IfStatement[5928-6257]:IfStatement[5928-6257]"
    }, {
      "left" : "{}",
      "right" : "{}",
      "info" : "Block[5965-6046]:Block[5965-6046]"
    }, {
      "left" : "throw new RuntimeException(\"Not implemented.\");",
      "right" : "throw new RuntimeException(\"Not implemented.\");",
      "info" : "ThrowStatement[5984-6031]:ThrowStatement[5984-6031]"
    }, {
      "left" : "if (h == LengthConstraintType.RANGE)",
      "right" : "if (h == LengthConstraintType.RANGE)",
      "info" : "IfStatement[6065-6257]:IfStatement[6065-6257]"
    }, {
      "left" : "{}",
      "right" : "{}",
      "info" : "Block[6102-6257]:Block[6102-6257]"
    }, {
      "left" : "contentSize = arrangeRR(container, constraint.getWidthRange(),\r\n                        constraint.getHeightRange(), g2);",
      "right" : "contentSize = arrangeRR(container, constraint.getWidthRange(),\r\n                        constraint.getHeightRange(), g2);",
      "info" : "ExpressionStatement[6121-6242]:ExpressionStatement[6121-6242]"
    }, {
      "left" : "return new Size2D(container.calculateTotalWidth(contentSize.getWidth()),\r\n                container.calculateTotalHeight(contentSize.getHeight()));",
      "right" : "return new Size2D(container.calculateTotalWidth(contentSize.getWidth()),\r\n                container.calculateTotalHeight(contentSize.getHeight()));",
      "info" : "ReturnStatement[6278-6425]:ReturnStatement[6278-6425]"
    }, {
      "left" : "protected",
      "right" : "protected",
      "info" : "Modifier[6666-6675]:Modifier[6666-6675]"
    }, {
      "left" : "Size2D",
      "right" : "Size2D",
      "info" : "SimpleType[6676-6682]:SimpleType[6676-6682]"
    }, {
      "left" : "arrangeNN",
      "right" : "arrangeNN",
      "info" : "SimpleName[6683-6692]:SimpleName[6683-6692]"
    }, {
      "left" : "BlockContainer container",
      "right" : "BlockContainer container",
      "info" : "SingleVariableDeclaration[6693-6717]:SingleVariableDeclaration[6693-6717]"
    }, {
      "left" : "Graphics2D g2",
      "right" : "Graphics2D g2",
      "info" : "SingleVariableDeclaration[6719-6732]:SingleVariableDeclaration[6719-6732]"
    }, {
      "left" : "{}",
      "right" : "{}",
      "info" : "Block[6734-9004]:Block[6734-9004]"
    }, {
      "left" : "double[] w = new double[5];",
      "right" : "double[] w = new double[5];",
      "info" : "VariableDeclarationStatement[6745-6772]:VariableDeclarationStatement[6745-6772]"
    }, {
      "left" : "double[] h = new double[5];",
      "right" : "double[] h = new double[5];",
      "info" : "VariableDeclarationStatement[6782-6809]:VariableDeclarationStatement[6782-6809]"
    }, {
      "left" : "if (this.topBlock != null)",
      "right" : "if (this.topBlock != null)",
      "info" : "IfStatement[6819-7003]:IfStatement[6819-7003]"
    }, {
      "left" : "{}",
      "right" : "{}",
      "info" : "Block[6846-7003]:Block[6846-7003]"
    }, {
      "left" : "Size2D size = this.topBlock.arrange(g2, RectangleConstraint.NONE);",
      "right" : "Size2D size = this.topBlock.arrange(g2, RectangleConstraint.NONE);",
      "info" : "VariableDeclarationStatement[6861-6927]:VariableDeclarationStatement[6861-6927]"
    }, {
      "left" : "w[0] = size.width;",
      "right" : "w[0] = size.width;",
      "info" : "ExpressionStatement[6941-6959]:ExpressionStatement[6941-6959]"
    }, {
      "left" : "h[0] = size.height;",
      "right" : "h[0] = size.height;",
      "info" : "ExpressionStatement[6973-6992]:ExpressionStatement[6973-6992]"
    }, {
      "left" : "if (this.bottomBlock != null)",
      "right" : "if (this.bottomBlock != null)",
      "info" : "IfStatement[7013-7224]:IfStatement[7013-7224]"
    }, {
      "left" : "{}",
      "right" : "{}",
      "info" : "Block[7043-7224]:Block[7043-7224]"
    }, {
      "left" : "Size2D size = this.bottomBlock.arrange(g2,\r\n                    RectangleConstraint.NONE);",
      "right" : "Size2D size = this.bottomBlock.arrange(g2,\r\n                    RectangleConstraint.NONE);",
      "info" : "VariableDeclarationStatement[7058-7148]:VariableDeclarationStatement[7058-7148]"
    }, {
      "left" : "w[1] = size.width;",
      "right" : "w[1] = size.width;",
      "info" : "ExpressionStatement[7162-7180]:ExpressionStatement[7162-7180]"
    }, {
      "left" : "h[1] = size.height;",
      "right" : "h[1] = size.height;",
      "info" : "ExpressionStatement[7194-7213]:ExpressionStatement[7194-7213]"
    }, {
      "left" : "if (this.leftBlock != null)",
      "right" : "if (this.leftBlock != null)",
      "info" : "IfStatement[7234-7419]:IfStatement[7234-7419]"
    }, {
      "left" : "{}",
      "right" : "{}",
      "info" : "Block[7262-7419]:Block[7262-7419]"
    }, {
      "left" : "Size2D size = this.leftBlock.arrange(g2, RectangleConstraint.NONE);",
      "right" : "Size2D size = this.leftBlock.arrange(g2, RectangleConstraint.NONE);",
      "info" : "VariableDeclarationStatement[7277-7344]:VariableDeclarationStatement[7277-7344]"
    }, {
      "left" : "w[2] = size.width;",
      "right" : "w[2] = size.width;",
      "info" : "ExpressionStatement[7358-7376]:ExpressionStatement[7358-7376]"
    }, {
      "left" : "h[2] = size.height;",
      "right" : "h[2] = size.height;",
      "info" : "ExpressionStatement[7390-7409]:ExpressionStatement[7390-7409]"
    }, {
      "left" : "if (this.rightBlock != null)",
      "right" : "if (this.rightBlock != null)",
      "info" : "IfStatement[7429-7617]:IfStatement[7429-7617]"
    }, {
      "left" : "{}",
      "right" : "{}",
      "info" : "Block[7458-7617]:Block[7458-7617]"
    }, {
      "left" : "Size2D size = this.rightBlock.arrange(g2, RectangleConstraint.NONE);",
      "right" : "Size2D size = this.rightBlock.arrange(g2, RectangleConstraint.NONE);",
      "info" : "VariableDeclarationStatement[7473-7541]:VariableDeclarationStatement[7473-7541]"
    }, {
      "left" : "w[3] = size.width;",
      "right" : "w[3] = size.width;",
      "info" : "ExpressionStatement[7555-7573]:ExpressionStatement[7555-7573]"
    }, {
      "left" : "h[3] = size.height;",
      "right" : "h[3] = size.height;",
      "info" : "ExpressionStatement[7587-7606]:ExpressionStatement[7587-7606]"
    }, {
      "left" : "h[2] = Math.max(h[2], h[3]);",
      "right" : "h[2] = Math.max(h[2], h[3]);",
      "info" : "ExpressionStatement[7629-7657]:ExpressionStatement[7629-7657]"
    }, {
      "left" : "h[3] = h[2];",
      "right" : "h[3] = h[2];",
      "info" : "ExpressionStatement[7667-7679]:ExpressionStatement[7667-7679]"
    }, {
      "left" : "if (this.centerBlock != null)",
      "right" : "if (this.centerBlock != null)",
      "info" : "IfStatement[7691-7902]:IfStatement[7691-7902]"
    }, {
      "left" : "{}",
      "right" : "{}",
      "info" : "Block[7721-7902]:Block[7721-7902]"
    }, {
      "left" : "Size2D size = this.centerBlock.arrange(g2,\r\n                    RectangleConstraint.NONE);",
      "right" : "Size2D size = this.centerBlock.arrange(g2,\r\n                    RectangleConstraint.NONE);",
      "info" : "VariableDeclarationStatement[7736-7826]:VariableDeclarationStatement[7736-7826]"
    }, {
      "left" : "w[4] = size.width;",
      "right" : "w[4] = size.width;",
      "info" : "ExpressionStatement[7840-7858]:ExpressionStatement[7840-7858]"
    }, {
      "left" : "h[4] = size.height;",
      "right" : "h[4] = size.height;",
      "info" : "ExpressionStatement[7872-7891]:ExpressionStatement[7872-7891]"
    }, {
      "left" : "double width = Math.max(w[0], Math.max(w[1], w[2] + w[4] + w[3]));",
      "right" : "double width = Math.max(w[0], Math.max(w[1], w[2] + w[4] + w[3]));",
      "info" : "VariableDeclarationStatement[7912-7978]:VariableDeclarationStatement[7912-7978]"
    }, {
      "left" : "double centerHeight = Math.max(h[2], Math.max(h[3], h[4]));",
      "right" : "double centerHeight = Math.max(h[2], Math.max(h[3], h[4]));",
      "info" : "VariableDeclarationStatement[7988-8047]:VariableDeclarationStatement[7988-8047]"
    }, {
      "left" : "double height = h[0] + h[1] + centerHeight;",
      "right" : "double height = h[0] + h[1] + centerHeight;",
      "info" : "VariableDeclarationStatement[8057-8100]:VariableDeclarationStatement[8057-8100]"
    }, {
      "left" : "if (this.topBlock != null)",
      "right" : "if (this.topBlock != null)",
      "info" : "IfStatement[8110-8255]:IfStatement[8110-8255]"
    }, {
      "left" : "{}",
      "right" : "{}",
      "info" : "Block[8137-8255]:Block[8137-8255]"
    }, {
      "left" : "this.topBlock.setBounds(new Rectangle2D.Double(0.0, 0.0, width,\r\n                    h[0]));",
      "right" : "this.topBlock.setBounds(new Rectangle2D.Double(0.0, 0.0, width,\r\n                    h[0]));",
      "info" : "ExpressionStatement[8152-8244]:ExpressionStatement[8152-8244]"
    }, {
      "left" : "if (this.bottomBlock != null)",
      "right" : "if (this.bottomBlock != null)",
      "info" : "IfStatement[8265-8426]:IfStatement[8265-8426]"
    }, {
      "left" : "{}",
      "right" : "{}",
      "info" : "Block[8295-8426]:Block[8295-8426]"
    }, {
      "left" : "this.bottomBlock.setBounds(new Rectangle2D.Double(0.0,\r\n                    height - h[1], width, h[1]));",
      "right" : "this.bottomBlock.setBounds(new Rectangle2D.Double(0.0,\r\n                    height - h[1], width, h[1]));",
      "info" : "ExpressionStatement[8310-8415]:ExpressionStatement[8310-8415]"
    }, {
      "left" : "if (this.leftBlock != null)",
      "right" : "if (this.leftBlock != null)",
      "info" : "IfStatement[8436-8591]:IfStatement[8436-8591]"
    }, {
      "left" : "{}",
      "right" : "{}",
      "info" : "Block[8464-8591]:Block[8464-8591]"
    }, {
      "left" : "this.leftBlock.setBounds(new Rectangle2D.Double(0.0, h[0], w[2],\r\n                    centerHeight));",
      "right" : "this.leftBlock.setBounds(new Rectangle2D.Double(0.0, h[0], w[2],\r\n                    centerHeight));",
      "info" : "ExpressionStatement[8479-8580]:ExpressionStatement[8479-8580]"
    }, {
      "left" : "if (this.rightBlock != null)",
      "right" : "if (this.rightBlock != null)",
      "info" : "IfStatement[8601-8767]:IfStatement[8601-8767]"
    }, {
      "left" : "{}",
      "right" : "{}",
      "info" : "Block[8630-8767]:Block[8630-8767]"
    }, {
      "left" : "this.rightBlock.setBounds(new Rectangle2D.Double(width - w[3],\r\n                    h[0], w[3], centerHeight));",
      "right" : "this.rightBlock.setBounds(new Rectangle2D.Double(width - w[3],\r\n                    h[0], w[3], centerHeight));",
      "info" : "ExpressionStatement[8645-8756]:ExpressionStatement[8645-8756]"
    }, {
      "left" : "if (this.centerBlock != null)",
      "right" : "if (this.centerBlock != null)",
      "info" : "IfStatement[8779-8954]:IfStatement[8779-8954]"
    }, {
      "left" : "{}",
      "right" : "{}",
      "info" : "Block[8809-8954]:Block[8809-8954]"
    }, {
      "left" : "this.centerBlock.setBounds(new Rectangle2D.Double(w[2], h[0],\r\n                    width - w[2] - w[3], centerHeight));",
      "right" : "this.centerBlock.setBounds(new Rectangle2D.Double(w[2], h[0],\r\n                    width - w[2] - w[3], centerHeight));",
      "info" : "ExpressionStatement[8824-8943]:ExpressionStatement[8824-8943]"
    }, {
      "left" : "return new Size2D(width, height);",
      "right" : "return new Size2D(width, height);",
      "info" : "ReturnStatement[8964-8997]:ReturnStatement[8964-8997]"
    }, {
      "left" : "protected",
      "right" : "protected",
      "info" : "Modifier[9307-9316]:Modifier[9307-9316]"
    }, {
      "left" : "Size2D",
      "right" : "Size2D",
      "info" : "SimpleType[9317-9323]:SimpleType[9317-9323]"
    }, {
      "left" : "arrangeFR",
      "right" : "arrangeFR",
      "info" : "SimpleName[9324-9333]:SimpleName[9324-9333]"
    }, {
      "left" : "BlockContainer container",
      "right" : "BlockContainer container",
      "info" : "SingleVariableDeclaration[9334-9358]:SingleVariableDeclaration[9334-9358]"
    }, {
      "left" : "Graphics2D g2",
      "right" : "Graphics2D g2",
      "info" : "SingleVariableDeclaration[9360-9373]:SingleVariableDeclaration[9360-9373]"
    }, {
      "left" : "RectangleConstraint constraint",
      "right" : "RectangleConstraint constraint",
      "info" : "SingleVariableDeclaration[9407-9437]:SingleVariableDeclaration[9407-9437]"
    }, {
      "left" : "{}",
      "right" : "{}",
      "info" : "Block[9439-9854]:Block[9439-9854]"
    }, {
      "left" : "Size2D size1 = arrangeFN(container, g2, constraint.getWidth());",
      "right" : "Size2D size1 = arrangeFN(container, g2, constraint.getWidth());",
      "info" : "VariableDeclarationStatement[9450-9513]:VariableDeclarationStatement[9450-9513]"
    }, {
      "left" : "if (constraint.getHeightRange().contains(size1.getHeight()))",
      "right" : "if (constraint.getHeightRange().contains(size1.getHeight()))",
      "info" : "IfStatement[9523-9847]:IfStatement[9523-9847]"
    }, {
      "left" : "{}",
      "right" : "{}",
      "info" : "Block[9584-9623]:Block[9584-9623]"
    }, {
      "left" : "return size1;",
      "right" : "return size1;",
      "info" : "ReturnStatement[9599-9612]:ReturnStatement[9599-9612]"
    }, {
      "left" : "{}",
      "right" : "{}",
      "info" : "Block[9638-9847]:Block[9638-9847]"
    }, {
      "left" : "double h = constraint.getHeightRange().constrain(size1.getHeight());",
      "right" : "double h = constraint.getHeightRange().constrain(size1.getHeight());",
      "info" : "VariableDeclarationStatement[9653-9721]:VariableDeclarationStatement[9653-9721]"
    }, {
      "left" : "RectangleConstraint c2 = constraint.toFixedHeight(h);",
      "right" : "RectangleConstraint c2 = constraint.toFixedHeight(h);",
      "info" : "VariableDeclarationStatement[9735-9788]:VariableDeclarationStatement[9735-9788]"
    }, {
      "left" : "return arrange(container, g2, c2);",
      "right" : "return arrange(container, g2, c2);",
      "info" : "ReturnStatement[9802-9836]:ReturnStatement[9802-9836]"
    }, {
      "left" : "protected",
      "right" : "protected",
      "info" : "Modifier[10173-10182]:Modifier[10173-10182]"
    }, {
      "left" : "Size2D",
      "right" : "Size2D",
      "info" : "SimpleType[10183-10189]:SimpleType[10183-10189]"
    }, {
      "left" : "arrangeFN",
      "right" : "arrangeFN",
      "info" : "SimpleName[10190-10199]:SimpleName[10190-10199]"
    }, {
      "left" : "BlockContainer container",
      "right" : "BlockContainer container",
      "info" : "SingleVariableDeclaration[10200-10224]:SingleVariableDeclaration[10200-10224]"
    }, {
      "left" : "Graphics2D g2",
      "right" : "Graphics2D g2",
      "info" : "SingleVariableDeclaration[10226-10239]:SingleVariableDeclaration[10226-10239]"
    }, {
      "left" : "double width",
      "right" : "double width",
      "info" : "SingleVariableDeclaration[10273-10285]:SingleVariableDeclaration[10273-10285]"
    }, {
      "left" : "{}",
      "right" : "{}",
      "info" : "Block[10287-12317]:Block[10287-12317]"
    }, {
      "left" : "double[] w = new double[5];",
      "right" : "double[] w = new double[5];",
      "info" : "VariableDeclarationStatement[10298-10325]:VariableDeclarationStatement[10298-10325]"
    }, {
      "left" : "double[] h = new double[5];",
      "right" : "double[] h = new double[5];",
      "info" : "VariableDeclarationStatement[10335-10362]:VariableDeclarationStatement[10335-10362]"
    }, {
      "left" : "RectangleConstraint c1 = new RectangleConstraint(width, null,\r\n                LengthConstraintType.FIXED, 0.0, null,\r\n                LengthConstraintType.NONE);",
      "right" : "RectangleConstraint c1 = new RectangleConstraint(width, null,\r\n                LengthConstraintType.FIXED, 0.0, null,\r\n                LengthConstraintType.NONE);",
      "info" : "VariableDeclarationStatement[10372-10534]:VariableDeclarationStatement[10372-10534]"
    }, {
      "left" : "if (this.topBlock != null)",
      "right" : "if (this.topBlock != null)",
      "info" : "IfStatement[10544-10706]:IfStatement[10544-10706]"
    }, {
      "left" : "{}",
      "right" : "{}",
      "info" : "Block[10571-10706]:Block[10571-10706]"
    }, {
      "left" : "Size2D size = this.topBlock.arrange(g2, c1);",
      "right" : "Size2D size = this.topBlock.arrange(g2, c1);",
      "info" : "VariableDeclarationStatement[10586-10630]:VariableDeclarationStatement[10586-10630]"
    }, {
      "left" : "w[0] = size.width;",
      "right" : "w[0] = size.width;",
      "info" : "ExpressionStatement[10644-10662]:ExpressionStatement[10644-10662]"
    }, {
      "left" : "h[0] = size.height;",
      "right" : "h[0] = size.height;",
      "info" : "ExpressionStatement[10676-10695]:ExpressionStatement[10676-10695]"
    }, {
      "left" : "if (this.bottomBlock != null)",
      "right" : "if (this.bottomBlock != null)",
      "info" : "IfStatement[10716-10884]:IfStatement[10716-10884]"
    }, {
      "left" : "{}",
      "right" : "{}",
      "info" : "Block[10746-10884]:Block[10746-10884]"
    }, {
      "left" : "Size2D size = this.bottomBlock.arrange(g2, c1);",
      "right" : "Size2D size = this.bottomBlock.arrange(g2, c1);",
      "info" : "VariableDeclarationStatement[10761-10808]:VariableDeclarationStatement[10761-10808]"
    }, {
      "left" : "w[1] = size.width;",
      "right" : "w[1] = size.width;",
      "info" : "ExpressionStatement[10822-10840]:ExpressionStatement[10822-10840]"
    }, {
      "left" : "h[1] = size.height;",
      "right" : "h[1] = size.height;",
      "info" : "ExpressionStatement[10854-10873]:ExpressionStatement[10854-10873]"
    }, {
      "left" : "RectangleConstraint c2 = new RectangleConstraint(0.0,\r\n                new Range(0.0, width), LengthConstraintType.RANGE,\r\n                0.0, null, LengthConstraintType.NONE);",
      "right" : "RectangleConstraint c2 = new RectangleConstraint(0.0,\r\n                new Range(0.0, width), LengthConstraintType.RANGE,\r\n                0.0, null, LengthConstraintType.NONE);",
      "info" : "VariableDeclarationStatement[10894-11071]:VariableDeclarationStatement[10894-11071]"
    }, {
      "left" : "if (this.leftBlock != null)",
      "right" : "if (this.leftBlock != null)",
      "info" : "IfStatement[11081-11245]:IfStatement[11081-11245]"
    }, {
      "left" : "{}",
      "right" : "{}",
      "info" : "Block[11109-11245]:Block[11109-11245]"
    }, {
      "left" : "Size2D size = this.leftBlock.arrange(g2, c2);",
      "right" : "Size2D size = this.leftBlock.arrange(g2, c2);",
      "info" : "VariableDeclarationStatement[11124-11169]:VariableDeclarationStatement[11124-11169]"
    }, {
      "left" : "w[2] = size.width;",
      "right" : "w[2] = size.width;",
      "info" : "ExpressionStatement[11183-11201]:ExpressionStatement[11183-11201]"
    }, {
      "left" : "h[2] = size.height;",
      "right" : "h[2] = size.height;",
      "info" : "ExpressionStatement[11215-11234]:ExpressionStatement[11215-11234]"
    }, {
      "left" : "if (this.rightBlock != null)",
      "right" : "if (this.rightBlock != null)",
      "info" : "IfStatement[11255-11713]:IfStatement[11255-11713]"
    }, {
      "left" : "{}",
      "right" : "{}",
      "info" : "Block[11284-11713]:Block[11284-11713]"
    }, {
      "left" : "double maxW = Math.max(width - w[2], 0.0);",
      "right" : "double maxW = Math.max(width - w[2], 0.0);",
      "info" : "VariableDeclarationStatement[11299-11341]:VariableDeclarationStatement[11299-11341]"
    }, {
      "left" : "RectangleConstraint c3 = new RectangleConstraint(0.0,\r\n                    new Range(Math.min(w[2], maxW), maxW),\r\n                    LengthConstraintType.RANGE, 0.0, null,\r\n                    LengthConstraintType.NONE);",
      "right" : "RectangleConstraint c3 = new RectangleConstraint(0.0,\r\n                    new Range(Math.min(w[2], maxW), maxW),\r\n                    LengthConstraintType.RANGE, 0.0, null,\r\n                    LengthConstraintType.NONE);",
      "info" : "VariableDeclarationStatement[11355-11577]:VariableDeclarationStatement[11355-11577]"
    }, {
      "left" : "Size2D size = this.rightBlock.arrange(g2, c3);",
      "right" : "Size2D size = this.rightBlock.arrange(g2, c3);",
      "info" : "VariableDeclarationStatement[11591-11637]:VariableDeclarationStatement[11591-11637]"
    }, {
      "left" : "w[3] = size.width;",
      "right" : "w[3] = size.width;",
      "info" : "ExpressionStatement[11651-11669]:ExpressionStatement[11651-11669]"
    }, {
      "left" : "h[3] = size.height;",
      "right" : "h[3] = size.height;",
      "info" : "ExpressionStatement[11683-11702]:ExpressionStatement[11683-11702]"
    }, {
      "left" : "h[2] = Math.max(h[2], h[3]);",
      "right" : "h[2] = Math.max(h[2], h[3]);",
      "info" : "ExpressionStatement[11725-11753]:ExpressionStatement[11725-11753]"
    }, {
      "left" : "h[3] = h[2];",
      "right" : "h[3] = h[2];",
      "info" : "ExpressionStatement[11763-11775]:ExpressionStatement[11763-11775]"
    }, {
      "left" : "if (this.centerBlock != null)",
      "right" : "if (this.centerBlock != null)",
      "info" : "IfStatement[11787-12153]:IfStatement[11787-12153]"
    }, {
      "left" : "{}",
      "right" : "{}",
      "info" : "Block[11817-12153]:Block[11817-12153]"
    }, {
      "left" : "RectangleConstraint c4 = new RectangleConstraint(width - w[2]\r\n                    - w[3], null, LengthConstraintType.FIXED, 0.0, null,\r\n                    LengthConstraintType.NONE);",
      "right" : "RectangleConstraint c4 = new RectangleConstraint(width - w[2]\r\n                    - w[3], null, LengthConstraintType.FIXED, 0.0, null,\r\n                    LengthConstraintType.NONE);",
      "info" : "VariableDeclarationStatement[11832-12016]:VariableDeclarationStatement[11832-12016]"
    }, {
      "left" : "Size2D size = this.centerBlock.arrange(g2, c4);",
      "right" : "Size2D size = this.centerBlock.arrange(g2, c4);",
      "info" : "VariableDeclarationStatement[12030-12077]:VariableDeclarationStatement[12030-12077]"
    }, {
      "left" : "w[4] = size.width;",
      "right" : "w[4] = size.width;",
      "info" : "ExpressionStatement[12091-12109]:ExpressionStatement[12091-12109]"
    }, {
      "left" : "h[4] = size.height;",
      "right" : "h[4] = size.height;",
      "info" : "ExpressionStatement[12123-12142]:ExpressionStatement[12123-12142]"
    }, {
      "left" : "double height = h[0] + h[1] + Math.max(h[2], Math.max(h[3], h[4]));",
      "right" : "double height = h[0] + h[1] + Math.max(h[2], Math.max(h[3], h[4]));",
      "info" : "VariableDeclarationStatement[12163-12230]:VariableDeclarationStatement[12163-12230]"
    }, {
      "left" : "return arrange(container, g2, new RectangleConstraint(width, height));",
      "right" : "return arrange(container, g2, new RectangleConstraint(width, height));",
      "info" : "ReturnStatement[12240-12310]:ReturnStatement[12240-12310]"
    }, {
      "left" : "protected",
      "right" : "protected",
      "info" : "Modifier[12728-12737]:Modifier[12728-12737]"
    }, {
      "left" : "Size2D",
      "right" : "Size2D",
      "info" : "SimpleType[12738-12744]:SimpleType[12738-12744]"
    }, {
      "left" : "arrangeRR",
      "right" : "arrangeRR",
      "info" : "SimpleName[12745-12754]:SimpleName[12745-12754]"
    }, {
      "left" : "BlockContainer container",
      "right" : "BlockContainer container",
      "info" : "SingleVariableDeclaration[12755-12779]:SingleVariableDeclaration[12755-12779]"
    }, {
      "left" : "Range widthRange",
      "right" : "Range widthRange",
      "info" : "SingleVariableDeclaration[12813-12829]:SingleVariableDeclaration[12813-12829]"
    }, {
      "left" : "Range heightRange",
      "right" : "Range heightRange",
      "info" : "SingleVariableDeclaration[12831-12848]:SingleVariableDeclaration[12831-12848]"
    }, {
      "left" : "Graphics2D g2",
      "right" : "Graphics2D g2",
      "info" : "SingleVariableDeclaration[12882-12895]:SingleVariableDeclaration[12882-12895]"
    }, {
      "left" : "{}",
      "right" : "{}",
      "info" : "Block[12897-15996]:Block[12897-15996]"
    }, {
      "left" : "double[] w = new double[5];",
      "right" : "double[] w = new double[5];",
      "info" : "VariableDeclarationStatement[12908-12935]:VariableDeclarationStatement[12908-12935]"
    }, {
      "left" : "double[] h = new double[5];",
      "right" : "double[] h = new double[5];",
      "info" : "VariableDeclarationStatement[12945-12972]:VariableDeclarationStatement[12945-12972]"
    }, {
      "left" : "if (this.topBlock != null)",
      "right" : "if (this.topBlock != null)",
      "info" : "IfStatement[12982-13253]:IfStatement[12982-13253]"
    }, {
      "left" : "{}",
      "right" : "{}",
      "info" : "Block[13009-13253]:Block[13009-13253]"
    }, {
      "left" : "RectangleConstraint c1 = new RectangleConstraint(widthRange,\r\n                    heightRange);",
      "right" : "RectangleConstraint c1 = new RectangleConstraint(widthRange,\r\n                    heightRange);",
      "info" : "VariableDeclarationStatement[13024-13119]:VariableDeclarationStatement[13024-13119]"
    }, {
      "left" : "Size2D size = this.topBlock.arrange(g2, c1);",
      "right" : "Size2D size = this.topBlock.arrange(g2, c1);",
      "info" : "VariableDeclarationStatement[13133-13177]:VariableDeclarationStatement[13133-13177]"
    }, {
      "left" : "w[0] = size.width;",
      "right" : "w[0] = size.width;",
      "info" : "ExpressionStatement[13191-13209]:ExpressionStatement[13191-13209]"
    }, {
      "left" : "h[0] = size.height;",
      "right" : "h[0] = size.height;",
      "info" : "ExpressionStatement[13223-13242]:ExpressionStatement[13223-13242]"
    }, {
      "left" : "if (this.bottomBlock != null)",
      "right" : "if (this.bottomBlock != null)",
      "info" : "IfStatement[13263-13615]:IfStatement[13263-13615]"
    }, {
      "left" : "{}",
      "right" : "{}",
      "info" : "Block[13293-13615]:Block[13293-13615]"
    }, {
      "left" : "Range heightRange2 = Range.shift(heightRange, -h[0], false);",
      "right" : "Range heightRange2 = Range.shift(heightRange, -h[0], false);",
      "info" : "VariableDeclarationStatement[13308-13368]:VariableDeclarationStatement[13308-13368]"
    }, {
      "left" : "RectangleConstraint c2 = new RectangleConstraint(widthRange,\r\n                    heightRange2);",
      "right" : "RectangleConstraint c2 = new RectangleConstraint(widthRange,\r\n                    heightRange2);",
      "info" : "VariableDeclarationStatement[13382-13478]:VariableDeclarationStatement[13382-13478]"
    }, {
      "left" : "Size2D size = this.bottomBlock.arrange(g2, c2);",
      "right" : "Size2D size = this.bottomBlock.arrange(g2, c2);",
      "info" : "VariableDeclarationStatement[13492-13539]:VariableDeclarationStatement[13492-13539]"
    }, {
      "left" : "w[1] = size.width;",
      "right" : "w[1] = size.width;",
      "info" : "ExpressionStatement[13553-13571]:ExpressionStatement[13553-13571]"
    }, {
      "left" : "h[1] = size.height;",
      "right" : "h[1] = size.height;",
      "info" : "ExpressionStatement[13585-13604]:ExpressionStatement[13585-13604]"
    }, {
      "left" : "Range heightRange3 = Range.shift(heightRange, -(h[0] + h[1]));",
      "right" : "Range heightRange3 = Range.shift(heightRange, -(h[0] + h[1]));",
      "info" : "VariableDeclarationStatement[13625-13687]:VariableDeclarationStatement[13625-13687]"
    }, {
      "left" : "if (this.leftBlock != null)",
      "right" : "if (this.leftBlock != null)",
      "info" : "IfStatement[13697-13971]:IfStatement[13697-13971]"
    }, {
      "left" : "{}",
      "right" : "{}",
      "info" : "Block[13725-13971]:Block[13725-13971]"
    }, {
      "left" : "RectangleConstraint c3 = new RectangleConstraint(widthRange,\r\n                    heightRange3);",
      "right" : "RectangleConstraint c3 = new RectangleConstraint(widthRange,\r\n                    heightRange3);",
      "info" : "VariableDeclarationStatement[13740-13836]:VariableDeclarationStatement[13740-13836]"
    }, {
      "left" : "Size2D size = this.leftBlock.arrange(g2, c3);",
      "right" : "Size2D size = this.leftBlock.arrange(g2, c3);",
      "info" : "VariableDeclarationStatement[13850-13895]:VariableDeclarationStatement[13850-13895]"
    }, {
      "left" : "w[2] = size.width;",
      "right" : "w[2] = size.width;",
      "info" : "ExpressionStatement[13909-13927]:ExpressionStatement[13909-13927]"
    }, {
      "left" : "h[2] = size.height;",
      "right" : "h[2] = size.height;",
      "info" : "ExpressionStatement[13941-13960]:ExpressionStatement[13941-13960]"
    }, {
      "left" : "Range widthRange2 = Range.shift(widthRange, -w[2], false);",
      "right" : "Range widthRange2 = Range.shift(widthRange, -w[2], false);",
      "info" : "VariableDeclarationStatement[13981-14039]:VariableDeclarationStatement[13981-14039]"
    }, {
      "left" : "if (this.rightBlock != null)",
      "right" : "if (this.rightBlock != null)",
      "info" : "IfStatement[14049-14326]:IfStatement[14049-14326]"
    }, {
      "left" : "{}",
      "right" : "{}",
      "info" : "Block[14078-14326]:Block[14078-14326]"
    }, {
      "left" : "RectangleConstraint c4 = new RectangleConstraint(widthRange2,\r\n                    heightRange3);",
      "right" : "RectangleConstraint c4 = new RectangleConstraint(widthRange2,\r\n                    heightRange3);",
      "info" : "VariableDeclarationStatement[14093-14190]:VariableDeclarationStatement[14093-14190]"
    }, {
      "left" : "Size2D size = this.rightBlock.arrange(g2, c4);",
      "right" : "Size2D size = this.rightBlock.arrange(g2, c4);",
      "info" : "VariableDeclarationStatement[14204-14250]:VariableDeclarationStatement[14204-14250]"
    }, {
      "left" : "w[3] = size.width;",
      "right" : "w[3] = size.width;",
      "info" : "ExpressionStatement[14264-14282]:ExpressionStatement[14264-14282]"
    }, {
      "left" : "h[3] = size.height;",
      "right" : "h[3] = size.height;",
      "info" : "ExpressionStatement[14296-14315]:ExpressionStatement[14296-14315]"
    }, {
      "left" : "h[2] = Math.max(h[2], h[3]);",
      "right" : "h[2] = Math.max(h[2], h[3]);",
      "info" : "ExpressionStatement[14338-14366]:ExpressionStatement[14338-14366]"
    }, {
      "left" : "h[3] = h[2];",
      "right" : "h[3] = h[2];",
      "info" : "ExpressionStatement[14376-14388]:ExpressionStatement[14376-14388]"
    }, {
      "left" : "Range widthRange3 = Range.shift(widthRange, -(w[2] + w[3]), false);",
      "right" : "Range widthRange3 = Range.shift(widthRange, -(w[2] + w[3]), false);",
      "info" : "VariableDeclarationStatement[14398-14465]:VariableDeclarationStatement[14398-14465]"
    }, {
      "left" : "if (this.centerBlock != null)",
      "right" : "if (this.centerBlock != null)",
      "info" : "IfStatement[14475-14947]:IfStatement[14475-14947]"
    }, {
      "left" : "{}",
      "right" : "{}",
      "info" : "Block[14505-14947]:Block[14505-14947]"
    }, {
      "left" : "RectangleConstraint c5 = new RectangleConstraint(widthRange3,\r\n                    heightRange3);",
      "right" : "RectangleConstraint c5 = new RectangleConstraint(widthRange3,\r\n                    heightRange3);",
      "info" : "VariableDeclarationStatement[14520-14617]:VariableDeclarationStatement[14520-14617]"
    }, {
      "left" : "Size2D size = this.centerBlock.arrange(g2, c5);",
      "right" : "Size2D size = this.centerBlock.arrange(g2, c5);",
      "info" : "VariableDeclarationStatement[14824-14871]:VariableDeclarationStatement[14824-14871]"
    }, {
      "left" : "w[4] = size.width;",
      "right" : "w[4] = size.width;",
      "info" : "ExpressionStatement[14885-14903]:ExpressionStatement[14885-14903]"
    }, {
      "left" : "h[4] = size.height;",
      "right" : "h[4] = size.height;",
      "info" : "ExpressionStatement[14917-14936]:ExpressionStatement[14917-14936]"
    }, {
      "left" : "double width = Math.max(w[0], Math.max(w[1], w[2] + w[4] + w[3]));",
      "right" : "double width = Math.max(w[0], Math.max(w[1], w[2] + w[4] + w[3]));",
      "info" : "VariableDeclarationStatement[14957-15023]:VariableDeclarationStatement[14957-15023]"
    }, {
      "left" : "double height = h[0] + h[1] + Math.max(h[2], Math.max(h[3], h[4]));",
      "right" : "double height = h[0] + h[1] + Math.max(h[2], Math.max(h[3], h[4]));",
      "info" : "VariableDeclarationStatement[15033-15100]:VariableDeclarationStatement[15033-15100]"
    }, {
      "left" : "if (this.topBlock != null)",
      "right" : "if (this.topBlock != null)",
      "info" : "IfStatement[15110-15255]:IfStatement[15110-15255]"
    }, {
      "left" : "{}",
      "right" : "{}",
      "info" : "Block[15137-15255]:Block[15137-15255]"
    }, {
      "left" : "this.topBlock.setBounds(new Rectangle2D.Double(0.0, 0.0, width,\r\n                    h[0]));",
      "right" : "this.topBlock.setBounds(new Rectangle2D.Double(0.0, 0.0, width,\r\n                    h[0]));",
      "info" : "ExpressionStatement[15152-15244]:ExpressionStatement[15152-15244]"
    }, {
      "left" : "if (this.bottomBlock != null)",
      "right" : "if (this.bottomBlock != null)",
      "info" : "IfStatement[15265-15426]:IfStatement[15265-15426]"
    }, {
      "left" : "{}",
      "right" : "{}",
      "info" : "Block[15295-15426]:Block[15295-15426]"
    }, {
      "left" : "this.bottomBlock.setBounds(new Rectangle2D.Double(0.0,\r\n                    height - h[1], width, h[1]));",
      "right" : "this.bottomBlock.setBounds(new Rectangle2D.Double(0.0,\r\n                    height - h[1], width, h[1]));",
      "info" : "ExpressionStatement[15310-15415]:ExpressionStatement[15310-15415]"
    }, {
      "left" : "if (this.leftBlock != null)",
      "right" : "if (this.leftBlock != null)",
      "info" : "IfStatement[15436-15583]:IfStatement[15436-15583]"
    }, {
      "left" : "{}",
      "right" : "{}",
      "info" : "Block[15464-15583]:Block[15464-15583]"
    }, {
      "left" : "this.leftBlock.setBounds(new Rectangle2D.Double(0.0, h[0], w[2],\r\n                    h[2]));",
      "right" : "this.leftBlock.setBounds(new Rectangle2D.Double(0.0, h[0], w[2],\r\n                    h[2]));",
      "info" : "ExpressionStatement[15479-15572]:ExpressionStatement[15479-15572]"
    }, {
      "left" : "if (this.rightBlock != null)",
      "right" : "if (this.rightBlock != null)",
      "info" : "IfStatement[15593-15751]:IfStatement[15593-15751]"
    }, {
      "left" : "{}",
      "right" : "{}",
      "info" : "Block[15622-15751]:Block[15622-15751]"
    }, {
      "left" : "this.rightBlock.setBounds(new Rectangle2D.Double(width - w[3],\r\n                    h[0], w[3], h[3]));",
      "right" : "this.rightBlock.setBounds(new Rectangle2D.Double(width - w[3],\r\n                    h[0], w[3], h[3]));",
      "info" : "ExpressionStatement[15637-15740]:ExpressionStatement[15637-15740]"
    }, {
      "left" : "if (this.centerBlock != null)",
      "right" : "if (this.centerBlock != null)",
      "info" : "IfStatement[15763-15946]:IfStatement[15763-15946]"
    }, {
      "left" : "{}",
      "right" : "{}",
      "info" : "Block[15793-15946]:Block[15793-15946]"
    }, {
      "left" : "this.centerBlock.setBounds(new Rectangle2D.Double(w[2], h[0],\r\n                    width - w[2] - w[3], height - h[0] - h[1]));",
      "right" : "this.centerBlock.setBounds(new Rectangle2D.Double(w[2], h[0],\r\n                    width - w[2] - w[3], height - h[0] - h[1]));",
      "info" : "ExpressionStatement[15808-15935]:ExpressionStatement[15808-15935]"
    }, {
      "left" : "return new Size2D(width, height);",
      "right" : "return new Size2D(width, height);",
      "info" : "ReturnStatement[15956-15989]:ReturnStatement[15956-15989]"
    }, {
      "left" : "protected",
      "right" : "protected",
      "info" : "Modifier[16267-16276]:Modifier[16267-16276]"
    }, {
      "left" : "Size2D",
      "right" : "Size2D",
      "info" : "SimpleType[16277-16283]:SimpleType[16277-16283]"
    }, {
      "left" : "arrangeFF",
      "right" : "arrangeFF",
      "info" : "SimpleName[16284-16293]:SimpleName[16284-16293]"
    }, {
      "left" : "BlockContainer container",
      "right" : "BlockContainer container",
      "info" : "SingleVariableDeclaration[16294-16318]:SingleVariableDeclaration[16294-16318]"
    }, {
      "left" : "Graphics2D g2",
      "right" : "Graphics2D g2",
      "info" : "SingleVariableDeclaration[16320-16333]:SingleVariableDeclaration[16320-16333]"
    }, {
      "left" : "RectangleConstraint constraint",
      "right" : "RectangleConstraint constraint",
      "info" : "SingleVariableDeclaration[16367-16397]:SingleVariableDeclaration[16367-16397]"
    }, {
      "left" : "{}",
      "right" : "{}",
      "info" : "Block[16399-19265]:Block[16399-19280]"
    }, {
      "left" : "double[] w = new double[5];",
      "right" : "double[] w = new double[5];",
      "info" : "VariableDeclarationStatement[16410-16437]:VariableDeclarationStatement[16410-16437]"
    }, {
      "left" : "double[] h = new double[5];",
      "right" : "double[] h = new double[5];",
      "info" : "VariableDeclarationStatement[16447-16474]:VariableDeclarationStatement[16447-16474]"
    }, {
      "left" : "w[0] = constraint.getWidth();",
      "right" : "w[0] = constraint.getWidth();",
      "info" : "ExpressionStatement[16484-16513]:ExpressionStatement[16484-16513]"
    }, {
      "left" : "if (this.topBlock != null)",
      "right" : "if (this.topBlock != null)",
      "info" : "IfStatement[16523-16892]:IfStatement[16523-16892]"
    }, {
      "left" : "{}",
      "right" : "{}",
      "info" : "Block[16550-16892]:Block[16550-16892]"
    }, {
      "left" : "RectangleConstraint c1 = new RectangleConstraint(w[0], null,\r\n                    LengthConstraintType.FIXED, 0.0,\r\n                    new Range(0.0, constraint.getHeight()),\r\n                    LengthConstraintType.RANGE);",
      "right" : "RectangleConstraint c1 = new RectangleConstraint(w[0], null,\r\n                    LengthConstraintType.FIXED, 0.0,\r\n                    new Range(0.0, constraint.getHeight()),\r\n                    LengthConstraintType.RANGE);",
      "info" : "VariableDeclarationStatement[16565-16790]:VariableDeclarationStatement[16565-16790]"
    }, {
      "left" : "Size2D size = this.topBlock.arrange(g2, c1);",
      "right" : "Size2D size = this.topBlock.arrange(g2, c1);",
      "info" : "VariableDeclarationStatement[16804-16848]:VariableDeclarationStatement[16804-16848]"
    }, {
      "left" : "h[0] = size.height;",
      "right" : "h[0] = size.height;",
      "info" : "ExpressionStatement[16862-16881]:ExpressionStatement[16862-16881]"
    }, {
      "left" : "w[1] = w[0];",
      "right" : "w[1] = w[0];",
      "info" : "ExpressionStatement[16902-16914]:ExpressionStatement[16902-16914]"
    }, {
      "left" : "if (this.bottomBlock != null)",
      "right" : "if (this.bottomBlock != null)",
      "info" : "IfStatement[16924-17285]:IfStatement[16924-17285]"
    }, {
      "left" : "{}",
      "right" : "{}",
      "info" : "Block[16954-17285]:Block[16954-17285]"
    }, {
      "left" : "RectangleConstraint c2 = new RectangleConstraint(w[0], null,\r\n                    LengthConstraintType.FIXED, 0.0, new Range(0.0,\r\n                    constraint.getHeight() - h[0]), LengthConstraintType.RANGE);",
      "right" : "RectangleConstraint c2 = new RectangleConstraint(w[0], null,\r\n                    LengthConstraintType.FIXED, 0.0, new Range(0.0,\r\n                    constraint.getHeight() - h[0]), LengthConstraintType.RANGE);",
      "info" : "VariableDeclarationStatement[16969-17180]:VariableDeclarationStatement[16969-17180]"
    }, {
      "left" : "Size2D size = this.bottomBlock.arrange(g2, c2);",
      "right" : "Size2D size = this.bottomBlock.arrange(g2, c2);",
      "info" : "VariableDeclarationStatement[17194-17241]:VariableDeclarationStatement[17194-17241]"
    }, {
      "left" : "h[1] = size.height;",
      "right" : "h[1] = size.height;",
      "info" : "ExpressionStatement[17255-17274]:ExpressionStatement[17255-17274]"
    }, {
      "left" : "h[2] = constraint.getHeight() - h[1] - h[0];",
      "right" : "h[2] = constraint.getHeight() - h[1] - h[0];",
      "info" : "ExpressionStatement[17295-17339]:ExpressionStatement[17295-17339]"
    }, {
      "left" : "if (this.leftBlock != null)",
      "right" : "if (this.leftBlock != null)",
      "info" : "IfStatement[17349-17718]:IfStatement[17349-17718]"
    }, {
      "left" : "{}",
      "right" : "{}",
      "info" : "Block[17377-17718]:Block[17377-17718]"
    }, {
      "left" : "RectangleConstraint c3 = new RectangleConstraint(0.0,\r\n                    new Range(0.0, constraint.getWidth()),\r\n                    LengthConstraintType.RANGE, h[2], null,\r\n                    LengthConstraintType.FIXED);",
      "right" : "RectangleConstraint c3 = new RectangleConstraint(0.0,\r\n                    new Range(0.0, constraint.getWidth()),\r\n                    LengthConstraintType.RANGE, h[2], null,\r\n                    LengthConstraintType.FIXED);",
      "info" : "VariableDeclarationStatement[17392-17616]:VariableDeclarationStatement[17392-17616]"
    }, {
      "left" : "Size2D size = this.leftBlock.arrange(g2, c3);",
      "right" : "Size2D size = this.leftBlock.arrange(g2, c3);",
      "info" : "VariableDeclarationStatement[17630-17675]:VariableDeclarationStatement[17630-17675]"
    }, {
      "left" : "w[2] = size.width;",
      "right" : "w[2] = size.width;",
      "info" : "ExpressionStatement[17689-17707]:ExpressionStatement[17689-17707]"
    }, {
      "left" : "h[3] = h[2];",
      "right" : "h[3] = h[2];",
      "info" : "ExpressionStatement[17728-17740]:ExpressionStatement[17728-17740]"
    }, {
      "left" : "if (this.rightBlock != null)",
      "right" : "if (this.rightBlock != null)",
      "info" : "IfStatement[17750-18128]:IfStatement[17750-18143]"
    }, {
      "left" : "{}",
      "right" : "{}",
      "info" : "Block[17779-18128]:Block[17779-18143]"
    }, {
      "left" : "RectangleConstraint c4 = new RectangleConstraint(0.0,\r\n                    new Range(0.0, constraint.getWidth() - w[2]),\r\n                    LengthConstraintType.RANGE, h[2], null,\r\n                    LengthConstraintType.FIXED);",
      "right" : "RectangleConstraint c4 = new RectangleConstraint(0.0,\r\n                    new Range(0.0, Math.max(constraint.getWidth() - w[2], 0.0)),\r\n                    LengthConstraintType.RANGE, h[2], null,\r\n                    LengthConstraintType.FIXED);",
      "info" : "VariableDeclarationStatement[17794-18025]:VariableDeclarationStatement[17794-18040]"
    }, {
      "left" : "constraint.getWidth() - w[2]",
      "right" : "constraint.getWidth() - w[2]",
      "info" : "InfixExpression[17884-17912]:InfixExpression[17893-17921]"
    }, {
      "left" : "Size2D size = this.rightBlock.arrange(g2, c4);",
      "right" : "Size2D size = this.rightBlock.arrange(g2, c4);",
      "info" : "VariableDeclarationStatement[18039-18085]:VariableDeclarationStatement[18054-18100]"
    }, {
      "left" : "w[3] = size.width;",
      "right" : "w[3] = size.width;",
      "info" : "ExpressionStatement[18099-18117]:ExpressionStatement[18114-18132]"
    }, {
      "left" : "h[4] = h[2];",
      "right" : "h[4] = h[2];",
      "info" : "ExpressionStatement[18138-18150]:ExpressionStatement[18153-18165]"
    }, {
      "left" : "w[4] = constraint.getWidth() - w[3] - w[2];",
      "right" : "w[4] = constraint.getWidth() - w[3] - w[2];",
      "info" : "ExpressionStatement[18160-18203]:ExpressionStatement[18175-18218]"
    }, {
      "left" : "RectangleConstraint c5 = new RectangleConstraint(w[4], h[4]);",
      "right" : "RectangleConstraint c5 = new RectangleConstraint(w[4], h[4]);",
      "info" : "VariableDeclarationStatement[18213-18274]:VariableDeclarationStatement[18228-18289]"
    }, {
      "left" : "if (this.centerBlock != null)",
      "right" : "if (this.centerBlock != null)",
      "info" : "IfStatement[18284-18373]:IfStatement[18299-18388]"
    }, {
      "left" : "{}",
      "right" : "{}",
      "info" : "Block[18314-18373]:Block[18329-18388]"
    }, {
      "left" : "this.centerBlock.arrange(g2, c5);",
      "right" : "this.centerBlock.arrange(g2, c5);",
      "info" : "ExpressionStatement[18329-18362]:ExpressionStatement[18344-18377]"
    }, {
      "left" : "if (this.topBlock != null)",
      "right" : "if (this.topBlock != null)",
      "info" : "IfStatement[18385-18529]:IfStatement[18400-18544]"
    }, {
      "left" : "{}",
      "right" : "{}",
      "info" : "Block[18412-18529]:Block[18427-18544]"
    }, {
      "left" : "this.topBlock.setBounds(new Rectangle2D.Double(0.0, 0.0, w[0],\r\n                    h[0]));",
      "right" : "this.topBlock.setBounds(new Rectangle2D.Double(0.0, 0.0, w[0],\r\n                    h[0]));",
      "info" : "ExpressionStatement[18427-18518]:ExpressionStatement[18442-18533]"
    }, {
      "left" : "if (this.bottomBlock != null)",
      "right" : "if (this.bottomBlock != null)",
      "info" : "IfStatement[18539-18697]:IfStatement[18554-18712]"
    }, {
      "left" : "{}",
      "right" : "{}",
      "info" : "Block[18569-18697]:Block[18584-18712]"
    }, {
      "left" : "this.bottomBlock.setBounds(new Rectangle2D.Double(0.0, h[0] + h[2],\r\n                    w[1], h[1]));",
      "right" : "this.bottomBlock.setBounds(new Rectangle2D.Double(0.0, h[0] + h[2],\r\n                    w[1], h[1]));",
      "info" : "ExpressionStatement[18584-18686]:ExpressionStatement[18599-18701]"
    }, {
      "left" : "if (this.leftBlock != null)",
      "right" : "if (this.leftBlock != null)",
      "info" : "IfStatement[18707-18854]:IfStatement[18722-18869]"
    }, {
      "left" : "{}",
      "right" : "{}",
      "info" : "Block[18735-18854]:Block[18750-18869]"
    }, {
      "left" : "this.leftBlock.setBounds(new Rectangle2D.Double(0.0, h[0], w[2],\r\n                    h[2]));",
      "right" : "this.leftBlock.setBounds(new Rectangle2D.Double(0.0, h[0], w[2],\r\n                    h[2]));",
      "info" : "ExpressionStatement[18750-18843]:ExpressionStatement[18765-18858]"
    }, {
      "left" : "if (this.rightBlock != null)",
      "right" : "if (this.rightBlock != null)",
      "info" : "IfStatement[18864-19021]:IfStatement[18879-19036]"
    }, {
      "left" : "{}",
      "right" : "{}",
      "info" : "Block[18893-19021]:Block[18908-19036]"
    }, {
      "left" : "this.rightBlock.setBounds(new Rectangle2D.Double(w[2] + w[4], h[0],\r\n                    w[3], h[3]));",
      "right" : "this.rightBlock.setBounds(new Rectangle2D.Double(w[2] + w[4], h[0],\r\n                    w[3], h[3]));",
      "info" : "ExpressionStatement[18908-19010]:ExpressionStatement[18923-19025]"
    }, {
      "left" : "if (this.centerBlock != null)",
      "right" : "if (this.centerBlock != null)",
      "info" : "IfStatement[19031-19183]:IfStatement[19046-19198]"
    }, {
      "left" : "{}",
      "right" : "{}",
      "info" : "Block[19061-19183]:Block[19076-19198]"
    }, {
      "left" : "this.centerBlock.setBounds(new Rectangle2D.Double(w[2], h[0], w[4],\r\n                    h[4]));",
      "right" : "this.centerBlock.setBounds(new Rectangle2D.Double(w[2], h[0], w[4],\r\n                    h[4]));",
      "info" : "ExpressionStatement[19076-19172]:ExpressionStatement[19091-19187]"
    }, {
      "left" : "return new Size2D(constraint.getWidth(), constraint.getHeight());",
      "right" : "return new Size2D(constraint.getWidth(), constraint.getHeight());",
      "info" : "ReturnStatement[19193-19258]:ReturnStatement[19208-19273]"
    }, {
      "left" : "public",
      "right" : "public",
      "info" : "Modifier[19318-19324]:Modifier[19333-19339]"
    }, {
      "left" : "void",
      "right" : "void",
      "info" : "PrimitiveType[19325-19329]:PrimitiveType[19340-19344]"
    }, {
      "left" : "clear",
      "right" : "clear",
      "info" : "SimpleName[19330-19335]:SimpleName[19345-19350]"
    }, {
      "left" : "{}",
      "right" : "{}",
      "info" : "Block[19338-19510]:Block[19353-19525]"
    }, {
      "left" : "this.centerBlock = null;",
      "right" : "this.centerBlock = null;",
      "info" : "ExpressionStatement[19349-19373]:ExpressionStatement[19364-19388]"
    }, {
      "left" : "this.topBlock = null;",
      "right" : "this.topBlock = null;",
      "info" : "ExpressionStatement[19383-19404]:ExpressionStatement[19398-19419]"
    }, {
      "left" : "this.bottomBlock = null;",
      "right" : "this.bottomBlock = null;",
      "info" : "ExpressionStatement[19414-19438]:ExpressionStatement[19429-19453]"
    }, {
      "left" : "this.leftBlock = null;",
      "right" : "this.leftBlock = null;",
      "info" : "ExpressionStatement[19448-19470]:ExpressionStatement[19463-19485]"
    }, {
      "left" : "this.rightBlock = null;",
      "right" : "this.rightBlock = null;",
      "info" : "ExpressionStatement[19480-19503]:ExpressionStatement[19495-19518]"
    }, {
      "left" : "public",
      "right" : "public",
      "info" : "Modifier[19711-19717]:Modifier[19726-19732]"
    }, {
      "left" : "boolean",
      "right" : "boolean",
      "info" : "PrimitiveType[19718-19725]:PrimitiveType[19733-19740]"
    }, {
      "left" : "equals",
      "right" : "equals",
      "info" : "SimpleName[19726-19732]:SimpleName[19741-19747]"
    }, {
      "left" : "Object obj",
      "right" : "Object obj",
      "info" : "SingleVariableDeclaration[19733-19743]:SingleVariableDeclaration[19748-19758]"
    }, {
      "left" : "{}",
      "right" : "{}",
      "info" : "Block[19745-20542]:Block[19760-20557]"
    }, {
      "left" : "if (obj == this)",
      "right" : "if (obj == this)",
      "info" : "IfStatement[19756-19811]:IfStatement[19771-19826]"
    }, {
      "left" : "{}",
      "right" : "{}",
      "info" : "Block[19773-19811]:Block[19788-19826]"
    }, {
      "left" : "return true;",
      "right" : "return true;",
      "info" : "ReturnStatement[19788-19800]:ReturnStatement[19803-19815]"
    }, {
      "left" : "if (!(obj instanceof BorderArrangement))",
      "right" : "if (!(obj instanceof BorderArrangement))",
      "info" : "IfStatement[19821-19901]:IfStatement[19836-19916]"
    }, {
      "left" : "{}",
      "right" : "{}",
      "info" : "Block[19862-19901]:Block[19877-19916]"
    }, {
      "left" : "return false;",
      "right" : "return false;",
      "info" : "ReturnStatement[19877-19890]:ReturnStatement[19892-19905]"
    }, {
      "left" : "BorderArrangement that = (BorderArrangement) obj;",
      "right" : "BorderArrangement that = (BorderArrangement) obj;",
      "info" : "VariableDeclarationStatement[19911-19960]:VariableDeclarationStatement[19926-19975]"
    }, {
      "left" : "if (!ObjectUtilities.equal(this.topBlock, that.topBlock))",
      "right" : "if (!ObjectUtilities.equal(this.topBlock, that.topBlock))",
      "info" : "IfStatement[19970-20067]:IfStatement[19985-20082]"
    }, {
      "left" : "{}",
      "right" : "{}",
      "info" : "Block[20028-20067]:Block[20043-20082]"
    }, {
      "left" : "return false;",
      "right" : "return false;",
      "info" : "ReturnStatement[20043-20056]:ReturnStatement[20058-20071]"
    }, {
      "left" : "if (!ObjectUtilities.equal(this.bottomBlock, that.bottomBlock))",
      "right" : "if (!ObjectUtilities.equal(this.bottomBlock, that.bottomBlock))",
      "info" : "IfStatement[20077-20180]:IfStatement[20092-20195]"
    }, {
      "left" : "{}",
      "right" : "{}",
      "info" : "Block[20141-20180]:Block[20156-20195]"
    }, {
      "left" : "return false;",
      "right" : "return false;",
      "info" : "ReturnStatement[20156-20169]:ReturnStatement[20171-20184]"
    }, {
      "left" : "if (!ObjectUtilities.equal(this.leftBlock, that.leftBlock))",
      "right" : "if (!ObjectUtilities.equal(this.leftBlock, that.leftBlock))",
      "info" : "IfStatement[20190-20289]:IfStatement[20205-20304]"
    }, {
      "left" : "{}",
      "right" : "{}",
      "info" : "Block[20250-20289]:Block[20265-20304]"
    }, {
      "left" : "return false;",
      "right" : "return false;",
      "info" : "ReturnStatement[20265-20278]:ReturnStatement[20280-20293]"
    }, {
      "left" : "if (!ObjectUtilities.equal(this.rightBlock, that.rightBlock))",
      "right" : "if (!ObjectUtilities.equal(this.rightBlock, that.rightBlock))",
      "info" : "IfStatement[20299-20400]:IfStatement[20314-20415]"
    }, {
      "left" : "{}",
      "right" : "{}",
      "info" : "Block[20361-20400]:Block[20376-20415]"
    }, {
      "left" : "return false;",
      "right" : "return false;",
      "info" : "ReturnStatement[20376-20389]:ReturnStatement[20391-20404]"
    }, {
      "left" : "if (!ObjectUtilities.equal(this.centerBlock, that.centerBlock))",
      "right" : "if (!ObjectUtilities.equal(this.centerBlock, that.centerBlock))",
      "info" : "IfStatement[20410-20513]:IfStatement[20425-20528]"
    }, {
      "left" : "{}",
      "right" : "{}",
      "info" : "Block[20474-20513]:Block[20489-20528]"
    }, {
      "left" : "return false;",
      "right" : "return false;",
      "info" : "ReturnStatement[20489-20502]:ReturnStatement[20504-20517]"
    }, {
      "left" : "return true;",
      "right" : "return true;",
      "info" : "ReturnStatement[20523-20535]:ReturnStatement[20538-20550]"
    } ]
  },
  "interFileMappings" : { }
}