{"PLAIN_CONFIGURATION": "ClassicGumtree-bu_minsim-1.0-bu_minsize-900-st_minprio-2-st_priocalc-size", "MATCHER": "ClassicGumtree", "NRACTIONS": 55, "SIMACTIONS": 43, "NRROOTS": null, "NR_INSERT": 51, "NR_DELETE": 0, "NR_UPDATE": 0, "NR_MOVE": 4, "NR_TREEINSERT": 0, "NR_TREEDELETE": 0, "TIME": 130, "NROPTIONS": 0, "TIMEOUT": 0, "bu_minsim": 1.0, "bu_minsize": 900, "st_minprio": 2, "st_priocalc": "size", "cd_labsim": null, "cd_maxleaves": null, "cd_structsim1": null, "cd_structsim2": null, "xy_minsim": null}