{
  "intraFileMappings" : {
    "matchedElements" : [
 {
      "left" : "PartInfo",
      "right" : "PartInfo",
      "info" : "TypeDeclaration[1176-8238]:TypeDeclaration[1176-9007]"
    }, {
      "left" : "private static Logger LOG = LoggerFactory.getLogger(PartInfo.class);",
      "right" : "private static Logger LOG = LoggerFactory.getLogger(PartInfo.class);",
      "info" : "FieldDeclaration[1344-1412]:FieldDeclaration[1344-1412]"
    }, {
      "left" : "private static final long serialVersionUID = 1L;",
      "right" : "private static final long serialVersionUID = 1L;",
      "info" : "FieldDeclaration[1415-1498]:FieldDeclaration[1415-1498]"
    }, {
      "left" : "private HCatSchema partitionSchema;",
      "right" : "private HCatSchema partitionSchema;",
      "info" : "FieldDeclaration[1502-1573]:FieldDeclaration[1502-1573]"
    }, {
      "left" : "private String storageHandlerClassName;",
      "right" : "private String storageHandlerClassName;",
      "info" : "FieldDeclaration[1577-1682]:FieldDeclaration[1577-1682]"
    }, {
      "left" : "private String inputFormatClassName;",
      "right" : "private String inputFormatClassName;",
      "info" : "FieldDeclaration[1685-1721]:FieldDeclaration[1685-1721]"
    }, {
      "left" : "private String outputFormatClassName;",
      "right" : "private String outputFormatClassName;",
      "info" : "FieldDeclaration[1724-1761]:FieldDeclaration[1724-1761]"
    }, {
      "left" : "private String serdeClassName;",
      "right" : "private String serdeClassName;",
      "info" : "FieldDeclaration[1764-1794]:FieldDeclaration[1764-1794]"
    }, {
      "left" : "private final Properties hcatProperties;",
      "right" : "private final Properties hcatProperties;",
      "info" : "FieldDeclaration[1798-1893]:FieldDeclaration[1798-1893]"
    }, {
      "left" : "private final String location;",
      "right" : "private final String location;",
      "info" : "FieldDeclaration[1897-1955]:FieldDeclaration[1897-1955]"
    }, {
      "left" : "private Map<String, String> partitionValues;",
      "right" : "private Map<String, String> partitionValues;",
      "info" : "FieldDeclaration[1959-2061]:FieldDeclaration[1959-2061]"
    }, {
      "left" : "Map<String, String> jobProperties;",
      "right" : "Map<String, String> jobProperties;",
      "info" : "FieldDeclaration[2065-2153]:FieldDeclaration[2065-2153]"
    }, {
      "left" : "transient HCatTableInfo tableInfo;",
      "right" : "transient HCatTableInfo tableInfo;",
      "info" : "FieldDeclaration[2157-2319]:FieldDeclaration[2157-2319]"
    }, {
      "left" : "public PartInfo(HCatSchema partitionSchema, HiveStorageHandler storageHandler,\n          String location, Properties hcatProperties,\n          Map<String, String> jobProperties, HCatTableInfo tableInfo)",
      "right" : "public PartInfo(HCatSchema partitionSchema, HiveStorageHandler storageHandler,\n          String location, Properties hcatProperties,\n          Map<String, String> jobProperties, HCatTableInfo tableInfo)",
      "info" : "MethodDeclaration[2323-3367]:MethodDeclaration[2323-3367]"
    }, {
      "left" : "public HCatSchema getPartitionSchema()",
      "right" : "public HCatSchema getPartitionSchema()",
      "info" : "MethodDeclaration[3371-3528]:MethodDeclaration[3371-3528]"
    }, {
      "left" : "public String getStorageHandlerClassName()",
      "right" : "public String getStorageHandlerClassName()",
      "info" : "MethodDeclaration[3532-3672]:MethodDeclaration[3532-3672]"
    }, {
      "left" : "public String getInputFormatClassName()",
      "right" : "public String getInputFormatClassName()",
      "info" : "MethodDeclaration[3676-3804]:MethodDeclaration[3676-3804]"
    }, {
      "left" : "public String getOutputFormatClassName()",
      "right" : "public String getOutputFormatClassName()",
      "info" : "MethodDeclaration[3808-3939]:MethodDeclaration[3808-3939]"
    }, {
      "left" : "public String getSerdeClassName()",
      "right" : "public String getSerdeClassName()",
      "info" : "MethodDeclaration[3943-4053]:MethodDeclaration[3943-4053]"
    }, {
      "left" : "public Properties getInputStorageHandlerProperties()",
      "right" : "public Properties getInputStorageHandlerProperties()",
      "info" : "MethodDeclaration[4057-4261]:MethodDeclaration[4057-4261]"
    }, {
      "left" : "public String getLocation()",
      "right" : "public String getLocation()",
      "info" : "MethodDeclaration[4265-4390]:MethodDeclaration[4265-4390]"
    }, {
      "left" : "public void setPartitionValues(Map<String, String> partitionValues)",
      "right" : "public void setPartitionValues(Map<String, String> partitionValues)",
      "info" : "MethodDeclaration[4394-4608]:MethodDeclaration[4394-4608]"
    }, {
      "left" : "public Map<String, String> getPartitionValues()",
      "right" : "public Map<String, String> getPartitionValues()",
      "info" : "MethodDeclaration[4612-4771]:MethodDeclaration[4612-4771]"
    }, {
      "left" : "public Map<String, String> getJobProperties()",
      "right" : "public Map<String, String> getJobProperties()",
      "info" : "MethodDeclaration[4775-4935]:MethodDeclaration[4775-4935]"
    }, {
      "left" : "public HCatTableInfo getTableInfo()",
      "right" : "public HCatTableInfo getTableInfo()",
      "info" : "MethodDeclaration[4939-5091]:MethodDeclaration[4939-5091]"
    }, {
      "left" : "void setTableInfo(HCatTableInfo thatTableInfo)",
      "right" : "void setTableInfo(HCatTableInfo thatTableInfo)",
      "info" : "MethodDeclaration[5095-5752]:MethodDeclaration[5095-5220]"
    }, {
      "left" : "private void writeObject(ObjectOutputStream oos)\n      throws IOException",
      "right" : "private void writeObject(ObjectOutputStream oos)\n      throws IOException",
      "info" : "MethodDeclaration[5756-8236]:MethodDeclaration[8457-9003]"
    } ],
    "mappings" : [
 {
      "left" : "{}",
      "right" : "{}",
      "info" : "Block[2871-3367]:Block[2871-3367]"
    }, {
      "left" : "this.partitionSchema = partitionSchema;",
      "right" : "this.partitionSchema = partitionSchema;",
      "info" : "ExpressionStatement[2877-2916]:ExpressionStatement[2877-2916]"
    }, {
      "left" : "this.location = location;",
      "right" : "this.location = location;",
      "info" : "ExpressionStatement[2921-2946]:ExpressionStatement[2921-2946]"
    }, {
      "left" : "this.hcatProperties = hcatProperties;",
      "right" : "this.hcatProperties = hcatProperties;",
      "info" : "ExpressionStatement[2951-2988]:ExpressionStatement[2951-2988]"
    }, {
      "left" : "this.jobProperties = jobProperties;",
      "right" : "this.jobProperties = jobProperties;",
      "info" : "ExpressionStatement[2993-3028]:ExpressionStatement[2993-3028]"
    }, {
      "left" : "this.tableInfo = tableInfo;",
      "right" : "this.tableInfo = tableInfo;",
      "info" : "ExpressionStatement[3033-3060]:ExpressionStatement[3033-3060]"
    }, {
      "left" : "this.storageHandlerClassName = storageHandler.getClass().getName();",
      "right" : "this.storageHandlerClassName = storageHandler.getClass().getName();",
      "info" : "ExpressionStatement[3066-3133]:ExpressionStatement[3066-3133]"
    }, {
      "left" : "this.inputFormatClassName = storageHandler.getInputFormatClass().getName();",
      "right" : "this.inputFormatClassName = storageHandler.getInputFormatClass().getName();",
      "info" : "ExpressionStatement[3138-3213]:ExpressionStatement[3138-3213]"
    }, {
      "left" : "this.serdeClassName = storageHandler.getSerDeClass().getName();",
      "right" : "this.serdeClassName = storageHandler.getSerDeClass().getName();",
      "info" : "ExpressionStatement[3218-3281]:ExpressionStatement[3218-3281]"
    }, {
      "left" : "this.outputFormatClassName = storageHandler.getOutputFormatClass().getName();",
      "right" : "this.outputFormatClassName = storageHandler.getOutputFormatClass().getName();",
      "info" : "ExpressionStatement[3286-3363]:ExpressionStatement[3286-3363]"
    }, {
      "left" : "{}",
      "right" : "{}",
      "info" : "Block[3495-3528]:Block[3495-3528]"
    }, {
      "left" : "return partitionSchema;",
      "right" : "return partitionSchema;",
      "info" : "ReturnStatement[3501-3524]:ReturnStatement[3501-3524]"
    }, {
      "left" : "{}",
      "right" : "{}",
      "info" : "Block[3631-3672]:Block[3631-3672]"
    }, {
      "left" : "return storageHandlerClassName;",
      "right" : "return storageHandlerClassName;",
      "info" : "ReturnStatement[3637-3668]:ReturnStatement[3637-3668]"
    }, {
      "left" : "{}",
      "right" : "{}",
      "info" : "Block[3766-3804]:Block[3766-3804]"
    }, {
      "left" : "return inputFormatClassName;",
      "right" : "return inputFormatClassName;",
      "info" : "ReturnStatement[3772-3800]:ReturnStatement[3772-3800]"
    }, {
      "left" : "{}",
      "right" : "{}",
      "info" : "Block[3900-3939]:Block[3900-3939]"
    }, {
      "left" : "return outputFormatClassName;",
      "right" : "return outputFormatClassName;",
      "info" : "ReturnStatement[3906-3935]:ReturnStatement[3906-3935]"
    }, {
      "left" : "{}",
      "right" : "{}",
      "info" : "Block[4021-4053]:Block[4021-4053]"
    }, {
      "left" : "return serdeClassName;",
      "right" : "return serdeClassName;",
      "info" : "ReturnStatement[4027-4049]:ReturnStatement[4027-4049]"
    }, {
      "left" : "{}",
      "right" : "{}",
      "info" : "Block[4229-4261]:Block[4229-4261]"
    }, {
      "left" : "return hcatProperties;",
      "right" : "return hcatProperties;",
      "info" : "ReturnStatement[4235-4257]:ReturnStatement[4235-4257]"
    }, {
      "left" : "{}",
      "right" : "{}",
      "info" : "Block[4364-4390]:Block[4364-4390]"
    }, {
      "left" : "return location;",
      "right" : "return location;",
      "info" : "ReturnStatement[4370-4386]:ReturnStatement[4370-4386]"
    }, {
      "left" : "{}",
      "right" : "{}",
      "info" : "Block[4559-4608]:Block[4559-4608]"
    }, {
      "left" : "this.partitionValues = partitionValues;",
      "right" : "this.partitionValues = partitionValues;",
      "info" : "ExpressionStatement[4565-4604]:ExpressionStatement[4565-4604]"
    }, {
      "left" : "{}",
      "right" : "{}",
      "info" : "Block[4738-4771]:Block[4738-4771]"
    }, {
      "left" : "return partitionValues;",
      "right" : "return partitionValues;",
      "info" : "ReturnStatement[4744-4767]:ReturnStatement[4744-4767]"
    }, {
      "left" : "{}",
      "right" : "{}",
      "info" : "Block[4904-4935]:Block[4904-4935]"
    }, {
      "left" : "return jobProperties;",
      "right" : "return jobProperties;",
      "info" : "ReturnStatement[4910-4931]:ReturnStatement[4910-4931]"
    }, {
      "left" : "{}",
      "right" : "{}",
      "info" : "Block[5064-5091]:Block[5064-5091]"
    }, {
      "left" : "return tableInfo;",
      "right" : "return tableInfo;",
      "info" : "ReturnStatement[5070-5087]:ReturnStatement[5070-5087]"
    }, {
      "left" : "{}",
      "right" : "{}",
      "info" : "Block[5142-5752]:Block[5142-5220]"
    }, {
      "left" : "this.tableInfo = thatTableInfo;",
      "right" : "this.tableInfo = thatTableInfo;",
      "info" : "ExpressionStatement[5148-5179]:ExpressionStatement[5148-5179]"
    }, {
      "left" : "if (partitionSchema == null)",
      "right" : "if (partitionSchema == null)",
      "info" : "IfStatement[5185-5273]:IfStatement[5549-5637]"
    }, {
      "left" : "{}",
      "right" : "{}",
      "info" : "Block[5214-5273]:Block[5578-5637]"
    }, {
      "left" : "partitionSchema = tableInfo.getDataColumns();",
      "right" : "partitionSchema = tableInfo.getDataColumns();",
      "info" : "ExpressionStatement[5222-5267]:ExpressionStatement[5586-5631]"
    }, {
      "left" : "if (storageHandlerClassName == null)",
      "right" : "if (storageHandlerClassName == null)",
      "info" : "IfStatement[5279-5407]:IfStatement[5643-5771]"
    }, {
      "left" : "{}",
      "right" : "{}",
      "info" : "Block[5316-5407]:Block[5680-5771]"
    }, {
      "left" : "storageHandlerClassName = tableInfo.getStorerInfo().getStorageHandlerClass();",
      "right" : "storageHandlerClassName = tableInfo.getStorerInfo().getStorageHandlerClass();",
      "info" : "ExpressionStatement[5324-5401]:ExpressionStatement[5688-5765]"
    }, {
      "left" : "if (inputFormatClassName == null)",
      "right" : "if (inputFormatClassName == null)",
      "info" : "IfStatement[5413-5523]:IfStatement[5777-5887]"
    }, {
      "left" : "{}",
      "right" : "{}",
      "info" : "Block[5447-5523]:Block[5811-5887]"
    }, {
      "left" : "inputFormatClassName = tableInfo.getStorerInfo().getIfClass();",
      "right" : "inputFormatClassName = tableInfo.getStorerInfo().getIfClass();",
      "info" : "ExpressionStatement[5455-5517]:ExpressionStatement[5819-5881]"
    }, {
      "left" : "if (outputFormatClassName == null)",
      "right" : "if (outputFormatClassName == null)",
      "info" : "IfStatement[5529-5641]:IfStatement[5893-6005]"
    }, {
      "left" : "{}",
      "right" : "{}",
      "info" : "Block[5564-5641]:Block[5928-6005]"
    }, {
      "left" : "outputFormatClassName = tableInfo.getStorerInfo().getOfClass();",
      "right" : "outputFormatClassName = tableInfo.getStorerInfo().getOfClass();",
      "info" : "ExpressionStatement[5572-5635]:ExpressionStatement[5936-5999]"
    }, {
      "left" : "if (serdeClassName == null)",
      "right" : "if (serdeClassName == null)",
      "info" : "IfStatement[5647-5748]:IfStatement[6011-6112]"
    }, {
      "left" : "{}",
      "right" : "{}",
      "info" : "Block[5675-5748]:Block[6039-6112]"
    }, {
      "left" : "serdeClassName = tableInfo.getStorerInfo().getSerdeClass();",
      "right" : "serdeClassName = tableInfo.getStorerInfo().getSerdeClass();",
      "info" : "ExpressionStatement[5683-5742]:ExpressionStatement[6047-6106]"
    }, {
      "left" : "{}",
      "right" : "{}",
      "info" : "Block[5965-8236]:Block[8905-9003]"
    }, {
      "left" : "assert tableInfo != null : \"TableInfo can't be null at this point.\";",
      "right" : "assert tableInfo != null : \"TableInfo can't be null at this point.\";",
      "info" : "AssertStatement[6016-6084]:AssertStatement[5476-5544]"
    }, {
      "left" : "if (partitionSchema != null)",
      "right" : "if (partitionSchema != null)",
      "info" : "IfStatement[6090-6523]:IfStatement[6338-6771]"
    }, {
      "left" : "{}",
      "right" : "{}",
      "info" : "Block[6119-6523]:Block[6367-6771]"
    }, {
      "left" : "if (partitionSchema.equals(tableInfo.getDataColumns()))",
      "right" : "if (partitionSchema.equals(tableInfo.getDataColumns()))",
      "info" : "IfStatement[6127-6517]:IfStatement[6375-6765]"
    }, {
      "left" : "{}",
      "right" : "{}",
      "info" : "Block[6183-6224]:Block[6431-6472]"
    }, {
      "left" : "partitionSchema = null;",
      "right" : "partitionSchema = null;",
      "info" : "ExpressionStatement[6193-6216]:ExpressionStatement[6441-6464]"
    }, {
      "left" : "{}",
      "right" : "{}",
      "info" : "Block[6230-6517]:Block[6478-6765]"
    }, {
      "left" : "if (LOG.isDebugEnabled())",
      "right" : "if (LOG.isDebugEnabled())",
      "info" : "IfStatement[6240-6509]:IfStatement[6488-6757]"
    }, {
      "left" : "{}",
      "right" : "{}",
      "info" : "Block[6266-6509]:Block[6514-6757]"
    }, {
      "left" : "LOG.debug(\"Can't suppress data-schema. Partition-schema and table-schema seem to differ! \"\n              + \" partitionSchema: \" + partitionSchema.getFields()\n              + \" tableSchema: \" + tableInfo.getDataColumns());",
      "right" : "LOG.debug(\"Can't suppress data-schema. Partition-schema and table-schema seem to differ! \"\n              + \" partitionSchema: \" + partitionSchema.getFields()\n              + \" tableSchema: \" + tableInfo.getDataColumns());",
      "info" : "ExpressionStatement[6278-6499]:ExpressionStatement[6526-6747]"
    }, {
      "left" : "if (storageHandlerClassName != null)",
      "right" : "if (storageHandlerClassName != null)",
      "info" : "IfStatement[6529-6980]:IfStatement[6777-7228]"
    }, {
      "left" : "{}",
      "right" : "{}",
      "info" : "Block[6566-6980]:Block[6814-7228]"
    }, {
      "left" : "if (storageHandlerClassName.equals(tableInfo.getStorerInfo().getStorageHandlerClass()))",
      "right" : "if (storageHandlerClassName.equals(tableInfo.getStorerInfo().getStorageHandlerClass()))",
      "info" : "IfStatement[6574-6974]:IfStatement[6822-7222]"
    }, {
      "left" : "{}",
      "right" : "{}",
      "info" : "Block[6662-6711]:Block[6910-6959]"
    }, {
      "left" : "storageHandlerClassName = null;",
      "right" : "storageHandlerClassName = null;",
      "info" : "ExpressionStatement[6672-6703]:ExpressionStatement[6920-6951]"
    }, {
      "left" : "{}",
      "right" : "{}",
      "info" : "Block[6717-6974]:Block[6965-7222]"
    }, {
      "left" : "if (LOG.isDebugEnabled())",
      "right" : "if (LOG.isDebugEnabled())",
      "info" : "IfStatement[6727-6966]:IfStatement[6975-7214]"
    }, {
      "left" : "{}",
      "right" : "{}",
      "info" : "Block[6753-6966]:Block[7001-7214]"
    }, {
      "left" : "LOG.debug(\"Partition's storageHandler (\" + storageHandlerClassName + \") \" +\n              \"differs from table's storageHandler (\" + tableInfo.getStorerInfo().getStorageHandlerClass() + \").\");",
      "right" : "LOG.debug(\"Partition's storageHandler (\" + storageHandlerClassName + \") \" +\n              \"differs from table's storageHandler (\" + tableInfo.getStorerInfo().getStorageHandlerClass() + \").\");",
      "info" : "ExpressionStatement[6765-6956]:ExpressionStatement[7013-7204]"
    }, {
      "left" : "if (inputFormatClassName != null)",
      "right" : "if (inputFormatClassName != null)",
      "info" : "IfStatement[6986-7395]:IfStatement[7234-7643]"
    }, {
      "left" : "{}",
      "right" : "{}",
      "info" : "Block[7020-7395]:Block[7268-7643]"
    }, {
      "left" : "if (inputFormatClassName.equals(tableInfo.getStorerInfo().getIfClass()))",
      "right" : "if (inputFormatClassName.equals(tableInfo.getStorerInfo().getIfClass()))",
      "info" : "IfStatement[7028-7389]:IfStatement[7276-7637]"
    }, {
      "left" : "{}",
      "right" : "{}",
      "info" : "Block[7101-7147]:Block[7349-7395]"
    }, {
      "left" : "inputFormatClassName = null;",
      "right" : "inputFormatClassName = null;",
      "info" : "ExpressionStatement[7111-7139]:ExpressionStatement[7359-7387]"
    }, {
      "left" : "{}",
      "right" : "{}",
      "info" : "Block[7153-7389]:Block[7401-7637]"
    }, {
      "left" : "if (LOG.isDebugEnabled())",
      "right" : "if (LOG.isDebugEnabled())",
      "info" : "IfStatement[7163-7381]:IfStatement[7411-7629]"
    }, {
      "left" : "{}",
      "right" : "{}",
      "info" : "Block[7189-7381]:Block[7437-7629]"
    }, {
      "left" : "LOG.debug(\"Partition's InputFormat (\" + inputFormatClassName + \") \" +\n              \"differs from table's InputFormat (\" + tableInfo.getStorerInfo().getIfClass() + \").\");",
      "right" : "LOG.debug(\"Partition's InputFormat (\" + inputFormatClassName + \") \" +\n              \"differs from table's InputFormat (\" + tableInfo.getStorerInfo().getIfClass() + \").\");",
      "info" : "ExpressionStatement[7201-7371]:ExpressionStatement[7449-7619]"
    }, {
      "left" : "if (outputFormatClassName != null)",
      "right" : "if (outputFormatClassName != null)",
      "info" : "IfStatement[7401-7816]:IfStatement[7649-8064]"
    }, {
      "left" : "{}",
      "right" : "{}",
      "info" : "Block[7436-7816]:Block[7684-8064]"
    }, {
      "left" : "if (outputFormatClassName.equals(tableInfo.getStorerInfo().getOfClass()))",
      "right" : "if (outputFormatClassName.equals(tableInfo.getStorerInfo().getOfClass()))",
      "info" : "IfStatement[7444-7810]:IfStatement[7692-8058]"
    }, {
      "left" : "{}",
      "right" : "{}",
      "info" : "Block[7518-7565]:Block[7766-7813]"
    }, {
      "left" : "outputFormatClassName = null;",
      "right" : "outputFormatClassName = null;",
      "info" : "ExpressionStatement[7528-7557]:ExpressionStatement[7776-7805]"
    }, {
      "left" : "{}",
      "right" : "{}",
      "info" : "Block[7571-7810]:Block[7819-8058]"
    }, {
      "left" : "if (LOG.isDebugEnabled())",
      "right" : "if (LOG.isDebugEnabled())",
      "info" : "IfStatement[7581-7802]:IfStatement[7829-8050]"
    }, {
      "left" : "{}",
      "right" : "{}",
      "info" : "Block[7607-7802]:Block[7855-8050]"
    }, {
      "left" : "LOG.debug(\"Partition's OutputFormat (\" + outputFormatClassName + \") \" +\n              \"differs from table's OutputFormat (\" + tableInfo.getStorerInfo().getOfClass() + \").\");",
      "right" : "LOG.debug(\"Partition's OutputFormat (\" + outputFormatClassName + \") \" +\n              \"differs from table's OutputFormat (\" + tableInfo.getStorerInfo().getOfClass() + \").\");",
      "info" : "ExpressionStatement[7619-7792]:ExpressionStatement[7867-8040]"
    }, {
      "left" : "if (serdeClassName != null)",
      "right" : "if (serdeClassName != null)",
      "info" : "IfStatement[7822-8201]:IfStatement[8070-8449]"
    }, {
      "left" : "{}",
      "right" : "{}",
      "info" : "Block[7850-8201]:Block[8098-8449]"
    }, {
      "left" : "if (serdeClassName.equals(tableInfo.getStorerInfo().getSerdeClass()))",
      "right" : "if (serdeClassName.equals(tableInfo.getStorerInfo().getSerdeClass()))",
      "info" : "IfStatement[7858-8195]:IfStatement[8106-8443]"
    }, {
      "left" : "{}",
      "right" : "{}",
      "info" : "Block[7928-7968]:Block[8176-8216]"
    }, {
      "left" : "serdeClassName = null;",
      "right" : "serdeClassName = null;",
      "info" : "ExpressionStatement[7938-7960]:ExpressionStatement[8186-8208]"
    }, {
      "left" : "{}",
      "right" : "{}",
      "info" : "Block[7974-8195]:Block[8222-8443]"
    }, {
      "left" : "if (LOG.isDebugEnabled())",
      "right" : "if (LOG.isDebugEnabled())",
      "info" : "IfStatement[7984-8187]:IfStatement[8232-8435]"
    }, {
      "left" : "{}",
      "right" : "{}",
      "info" : "Block[8010-8187]:Block[8258-8435]"
    }, {
      "left" : "LOG.debug(\"Partition's SerDe (\" + serdeClassName + \") \" +\n              \"differs from table's SerDe (\" + tableInfo.getStorerInfo().getSerdeClass() + \").\");",
      "right" : "LOG.debug(\"Partition's SerDe (\" + serdeClassName + \") \" +\n              \"differs from table's SerDe (\" + tableInfo.getStorerInfo().getSerdeClass() + \").\");",
      "info" : "ExpressionStatement[8022-8177]:ExpressionStatement[8270-8425]"
    }, {
      "left" : "oos.defaultWriteObject();",
      "right" : "oos.defaultWriteObject();",
      "info" : "ExpressionStatement[8207-8232]:ExpressionStatement[8937-8962]"
    } ]
  },
  "interFileMappings" : { }
}