{"PLAIN_CONFIGURATION": "ClassicGumtree-bu_minsim-0.4-bu_minsize-200-st_minprio-1-st_priocalc-size", "MATCHER": "ClassicGumtree", "NRACTIONS": 234, "SIMACTIONS": 25, "NRROOTS": null, "NR_INSERT": 228.0, "NR_DELETE": 3.0, "NR_UPDATE": 0.0, "NR_MOVE": 3.0, "NR_TREEINSERT": 0.0, "NR_TREEDELETE": 0.0, "TIME": 4, "NROPTIONS": 0.0, "TIMEOUT": "0", "bu_minsim": 0.4, "bu_minsize": 200, "st_minprio": 1, "st_priocalc": "size", "cd_labsim": null, "cd_maxleaves": null, "cd_structsim1": null, "cd_structsim2": null, "xy_minsim": null}