{"PLAIN_CONFIGURATION": "ClassicGumtree-bu_minsim-0.1-bu_minsize-300-st_minprio-1-st_priocalc-size", "MATCHER": "ClassicGumtree", "NRACTIONS": 242, "SIMACTIONS": 176, "NRROOTS": null, "NR_INSERT": 136, "NR_DELETE": 27, "NR_UPDATE": 20, "NR_MOVE": 59, "NR_TREEINSERT": 0, "NR_TREEDELETE": 0, "TIME": 35, "NROPTIONS": 0, "TIMEOUT": 0, "bu_minsim": 0.1, "bu_minsize": 300, "st_minprio": 1, "st_priocalc": "size", "cd_labsim": null, "cd_maxleaves": null, "cd_structsim1": null, "cd_structsim2": null, "xy_minsim": null}