{
  "intraFileMappings" : {
    "matchedElements" : [
 {
      "left" : "DefaultKeyedValues",
      "right" : "DefaultKeyedValues",
      "info" : "TypeDeclaration[3021-14912]:TypeDeclaration[3021-14959]"
    }, {
      "left" : "private static final long serialVersionUID = 8468154364608194797L;",
      "right" : "private static final long serialVersionUID = 8468154364608194797L;",
      "info" : "FieldDeclaration[3351-3447]:FieldDeclaration[3351-3447]"
    }, {
      "left" : "private ArrayList keys;",
      "right" : "private ArrayList keys;",
      "info" : "FieldDeclaration[3457-3513]:FieldDeclaration[3457-3513]"
    }, {
      "left" : "private ArrayList values;",
      "right" : "private ArrayList values;",
      "info" : "FieldDeclaration[3523-3583]:FieldDeclaration[3523-3583]"
    }, {
      "left" : "private HashMap indexMap;",
      "right" : "private HashMap indexMap;",
      "info" : "FieldDeclaration[3593-3740]:FieldDeclaration[3593-3740]"
    }, {
      "left" : "public DefaultKeyedValues()",
      "right" : "public DefaultKeyedValues()",
      "info" : "MethodDeclaration[3745-3962]:MethodDeclaration[3745-3962]"
    }, {
      "left" : "public int getItemCount()",
      "right" : "public int getItemCount()",
      "info" : "MethodDeclaration[3968-4155]:MethodDeclaration[3968-4155]"
    }, {
      "left" : "public Number getValue(int item)",
      "right" : "public Number getValue(int item)",
      "info" : "MethodDeclaration[4161-4506]:MethodDeclaration[4161-4506]"
    }, {
      "left" : "public Comparable getKey(int index)",
      "right" : "public Comparable getKey(int index)",
      "info" : "MethodDeclaration[4512-4823]:MethodDeclaration[4512-4823]"
    }, {
      "left" : "public int getIndex(Comparable key)",
      "right" : "public int getIndex(Comparable key)",
      "info" : "MethodDeclaration[4829-5457]:MethodDeclaration[4829-5457]"
    }, {
      "left" : "public List getKeys()",
      "right" : "public List getKeys()",
      "info" : "MethodDeclaration[5463-5665]:MethodDeclaration[5463-5665]"
    }, {
      "left" : "public Number getValue(Comparable key)",
      "right" : "public Number getValue(Comparable key)",
      "info" : "MethodDeclaration[5671-6184]:MethodDeclaration[5671-6184]"
    }, {
      "left" : "public void addValue(Comparable key, double value)",
      "right" : "public void addValue(Comparable key, double value)",
      "info" : "MethodDeclaration[6190-6531]:MethodDeclaration[6190-6531]"
    }, {
      "left" : "public void addValue(Comparable key, Number value)",
      "right" : "public void addValue(Comparable key, Number value)",
      "info" : "MethodDeclaration[6541-6953]:MethodDeclaration[6541-6953]"
    }, {
      "left" : "public void setValue(Comparable key, double value)",
      "right" : "public void setValue(Comparable key, double value)",
      "info" : "MethodDeclaration[6959-7252]:MethodDeclaration[6959-7252]"
    }, {
      "left" : "public void setValue(Comparable key, Number value)",
      "right" : "public void setValue(Comparable key, Number value)",
      "info" : "MethodDeclaration[7262-7978]:MethodDeclaration[7262-7978]"
    }, {
      "left" : "public void insertValue(int position, Comparable key, double value)",
      "right" : "public void insertValue(int position, Comparable key, double value)",
      "info" : "MethodDeclaration[7988-8549]:MethodDeclaration[7988-8549]"
    }, {
      "left" : "public void insertValue(int position, Comparable key, Number value)",
      "right" : "public void insertValue(int position, Comparable key, Number value)",
      "info" : "MethodDeclaration[8555-9770]:MethodDeclaration[8555-9770]"
    }, {
      "left" : "private void rebuildIndex ()",
      "right" : "private void rebuildIndex ()",
      "info" : "MethodDeclaration[9776-10132]:MethodDeclaration[9776-10132]"
    }, {
      "left" : "public void removeValue(int index)",
      "right" : "public void removeValue(int index)",
      "info" : "MethodDeclaration[10138-10641]:MethodDeclaration[10138-10591]"
    }, {
      "left" : "public void removeValue(Comparable key)",
      "right" : "public void removeValue(Comparable key)",
      "info" : "MethodDeclaration[10647-11113]:MethodDeclaration[10597-11160]"
    }, {
      "left" : "public void clear()",
      "right" : "public void clear()",
      "info" : "MethodDeclaration[11123-11327]:MethodDeclaration[11170-11374]"
    }, {
      "left" : "public void sortByKeys(SortOrder order)",
      "right" : "public void sortByKeys(SortOrder order)",
      "info" : "MethodDeclaration[11333-12148]:MethodDeclaration[11380-12195]"
    }, {
      "left" : "public void sortByValues(SortOrder order)",
      "right" : "public void sortByValues(SortOrder order)",
      "info" : "MethodDeclaration[12154-13109]:MethodDeclaration[12201-13156]"
    }, {
      "left" : "public boolean equals(Object obj)",
      "right" : "public boolean equals(Object obj)",
      "info" : "MethodDeclaration[13115-14196]:MethodDeclaration[13162-14243]"
    }, {
      "left" : "public int hashCode()",
      "right" : "public int hashCode()",
      "info" : "MethodDeclaration[14202-14374]:MethodDeclaration[14249-14421]"
    }, {
      "left" : "public Object clone() throws CloneNotSupportedException",
      "right" : "public Object clone() throws CloneNotSupportedException",
      "info" : "MethodDeclaration[14380-14905]:MethodDeclaration[14427-14952]"
    } ],
    "mappings" : [
 {
      "left" : "public",
      "right" : "public",
      "info" : "Modifier[3159-3165]:Modifier[3159-3165]"
    }, {
      "left" : "class",
      "right" : "class",
      "info" : "TYPE_DECLARATION_KIND[3166-3171]:TYPE_DECLARATION_KIND[3166-3171]"
    }, {
      "left" : "DefaultKeyedValues",
      "right" : "DefaultKeyedValues",
      "info" : "SimpleName[3172-3190]:SimpleName[3172-3190]"
    }, {
      "left" : "KeyedValues",
      "right" : "KeyedValues",
      "info" : "SimpleType[3202-3213]:SimpleType[3202-3213]"
    }, {
      "left" : "Cloneable",
      "right" : "Cloneable",
      "info" : "SimpleType[3259-3268]:SimpleType[3259-3268]"
    }, {
      "left" : "PublicCloneable",
      "right" : "PublicCloneable",
      "info" : "SimpleType[3270-3285]:SimpleType[3270-3285]"
    }, {
      "left" : "Serializable",
      "right" : "Serializable",
      "info" : "SimpleType[3331-3343]:SimpleType[3331-3343]"
    }, {
      "left" : "public",
      "right" : "public",
      "info" : "Modifier[3812-3818]:Modifier[3812-3818]"
    }, {
      "left" : "DefaultKeyedValues",
      "right" : "DefaultKeyedValues",
      "info" : "SimpleName[3819-3837]:SimpleName[3819-3837]"
    }, {
      "left" : "{}",
      "right" : "{}",
      "info" : "Block[3840-3962]:Block[3840-3962]"
    }, {
      "left" : "this.keys = new ArrayList();",
      "right" : "this.keys = new ArrayList();",
      "info" : "ExpressionStatement[3850-3878]:ExpressionStatement[3850-3878]"
    }, {
      "left" : "this.values = new ArrayList();",
      "right" : "this.values = new ArrayList();",
      "info" : "ExpressionStatement[3887-3917]:ExpressionStatement[3887-3917]"
    }, {
      "left" : "this.indexMap = new HashMap();",
      "right" : "this.indexMap = new HashMap();",
      "info" : "ExpressionStatement[3926-3956]:ExpressionStatement[3926-3956]"
    }, {
      "left" : "public",
      "right" : "public",
      "info" : "Modifier[4085-4091]:Modifier[4085-4091]"
    }, {
      "left" : "int",
      "right" : "int",
      "info" : "PrimitiveType[4092-4095]:PrimitiveType[4092-4095]"
    }, {
      "left" : "getItemCount",
      "right" : "getItemCount",
      "info" : "SimpleName[4096-4108]:SimpleName[4096-4108]"
    }, {
      "left" : "{}",
      "right" : "{}",
      "info" : "Block[4111-4155]:Block[4111-4155]"
    }, {
      "left" : "return this.indexMap.size();",
      "right" : "return this.indexMap.size();",
      "info" : "ReturnStatement[4121-4149]:ReturnStatement[4121-4149]"
    }, {
      "left" : "public",
      "right" : "public",
      "info" : "Modifier[4419-4425]:Modifier[4419-4425]"
    }, {
      "left" : "Number",
      "right" : "Number",
      "info" : "SimpleType[4426-4432]:SimpleType[4426-4432]"
    }, {
      "left" : "getValue",
      "right" : "getValue",
      "info" : "SimpleName[4433-4441]:SimpleName[4433-4441]"
    }, {
      "left" : "int item",
      "right" : "int item",
      "info" : "SingleVariableDeclaration[4442-4450]:SingleVariableDeclaration[4442-4450]"
    }, {
      "left" : "{}",
      "right" : "{}",
      "info" : "Block[4452-4506]:Block[4452-4506]"
    }, {
      "left" : "return (Number) this.values.get(item);",
      "right" : "return (Number) this.values.get(item);",
      "info" : "ReturnStatement[4462-4500]:ReturnStatement[4462-4500]"
    }, {
      "left" : "public",
      "right" : "public",
      "info" : "Modifier[4730-4736]:Modifier[4730-4736]"
    }, {
      "left" : "Comparable",
      "right" : "Comparable",
      "info" : "SimpleType[4737-4747]:SimpleType[4737-4747]"
    }, {
      "left" : "getKey",
      "right" : "getKey",
      "info" : "SimpleName[4748-4754]:SimpleName[4748-4754]"
    }, {
      "left" : "int index",
      "right" : "int index",
      "info" : "SingleVariableDeclaration[4755-4764]:SingleVariableDeclaration[4755-4764]"
    }, {
      "left" : "{}",
      "right" : "{}",
      "info" : "Block[4766-4823]:Block[4766-4823]"
    }, {
      "left" : "return (Comparable) this.keys.get(index);",
      "right" : "return (Comparable) this.keys.get(index);",
      "info" : "ReturnStatement[4776-4817]:ReturnStatement[4776-4817]"
    }, {
      "left" : "public",
      "right" : "public",
      "info" : "Modifier[5140-5146]:Modifier[5140-5146]"
    }, {
      "left" : "int",
      "right" : "int",
      "info" : "PrimitiveType[5147-5150]:PrimitiveType[5147-5150]"
    }, {
      "left" : "getIndex",
      "right" : "getIndex",
      "info" : "SimpleName[5151-5159]:SimpleName[5151-5159]"
    }, {
      "left" : "Comparable key",
      "right" : "Comparable key",
      "info" : "SingleVariableDeclaration[5160-5174]:SingleVariableDeclaration[5160-5174]"
    }, {
      "left" : "{}",
      "right" : "{}",
      "info" : "Block[5176-5457]:Block[5176-5457]"
    }, {
      "left" : "if (key == null)",
      "right" : "if (key == null)",
      "info" : "IfStatement[5186-5286]:IfStatement[5186-5286]"
    }, {
      "left" : "{}",
      "right" : "{}",
      "info" : "Block[5203-5286]:Block[5203-5286]"
    }, {
      "left" : "throw new IllegalArgumentException(\"Null 'key' argument.\");",
      "right" : "throw new IllegalArgumentException(\"Null 'key' argument.\");",
      "info" : "ThrowStatement[5217-5276]:ThrowStatement[5217-5276]"
    }, {
      "left" : "final Integer i = (Integer) this.indexMap.get(key);",
      "right" : "final Integer i = (Integer) this.indexMap.get(key);",
      "info" : "VariableDeclarationStatement[5295-5346]:VariableDeclarationStatement[5295-5346]"
    }, {
      "left" : "if (i == null)",
      "right" : "if (i == null)",
      "info" : "IfStatement[5355-5422]:IfStatement[5355-5422]"
    }, {
      "left" : "{}",
      "right" : "{}",
      "info" : "Block[5370-5422]:Block[5370-5422]"
    }, {
      "left" : "return -1;",
      "right" : "return -1;",
      "info" : "ReturnStatement[5384-5394]:ReturnStatement[5384-5394]"
    }, {
      "left" : "return i.intValue();",
      "right" : "return i.intValue();",
      "info" : "ReturnStatement[5431-5451]:ReturnStatement[5431-5451]"
    }, {
      "left" : "public",
      "right" : "public",
      "info" : "Modifier[5595-5601]:Modifier[5595-5601]"
    }, {
      "left" : "List",
      "right" : "List",
      "info" : "SimpleType[5602-5606]:SimpleType[5602-5606]"
    }, {
      "left" : "getKeys",
      "right" : "getKeys",
      "info" : "SimpleName[5607-5614]:SimpleName[5607-5614]"
    }, {
      "left" : "{}",
      "right" : "{}",
      "info" : "Block[5617-5665]:Block[5617-5665]"
    }, {
      "left" : "return (List) this.keys.clone();",
      "right" : "return (List) this.keys.clone();",
      "info" : "ReturnStatement[5627-5659]:ReturnStatement[5627-5659]"
    }, {
      "left" : "public",
      "right" : "public",
      "info" : "Modifier[5968-5974]:Modifier[5968-5974]"
    }, {
      "left" : "Number",
      "right" : "Number",
      "info" : "SimpleType[5975-5981]:SimpleType[5975-5981]"
    }, {
      "left" : "getValue",
      "right" : "getValue",
      "info" : "SimpleName[5982-5990]:SimpleName[5982-5990]"
    }, {
      "left" : "Comparable key",
      "right" : "Comparable key",
      "info" : "SingleVariableDeclaration[5991-6005]:SingleVariableDeclaration[5991-6005]"
    }, {
      "left" : "{}",
      "right" : "{}",
      "info" : "Block[6007-6184]:Block[6007-6184]"
    }, {
      "left" : "int index = getIndex(key);",
      "right" : "int index = getIndex(key);",
      "info" : "VariableDeclarationStatement[6017-6043]:VariableDeclarationStatement[6017-6043]"
    }, {
      "left" : "if (index < 0)",
      "right" : "if (index < 0)",
      "info" : "IfStatement[6052-6146]:IfStatement[6052-6146]"
    }, {
      "left" : "{}",
      "right" : "{}",
      "info" : "Block[6067-6146]:Block[6067-6146]"
    }, {
      "left" : "throw new UnknownKeyException(\"Key not found: \" + key);",
      "right" : "throw new UnknownKeyException(\"Key not found: \" + key);",
      "info" : "ThrowStatement[6081-6136]:ThrowStatement[6081-6136]"
    }, {
      "left" : "return getValue(index);",
      "right" : "return getValue(index);",
      "info" : "ReturnStatement[6155-6178]:ReturnStatement[6155-6178]"
    }, {
      "left" : "public",
      "right" : "public",
      "info" : "Modifier[6430-6436]:Modifier[6430-6436]"
    }, {
      "left" : "void",
      "right" : "void",
      "info" : "PrimitiveType[6437-6441]:PrimitiveType[6437-6441]"
    }, {
      "left" : "addValue",
      "right" : "addValue",
      "info" : "SimpleName[6442-6450]:SimpleName[6442-6450]"
    }, {
      "left" : "Comparable key",
      "right" : "Comparable key",
      "info" : "SingleVariableDeclaration[6451-6465]:SingleVariableDeclaration[6451-6465]"
    }, {
      "left" : "double value",
      "right" : "double value",
      "info" : "SingleVariableDeclaration[6467-6479]:SingleVariableDeclaration[6467-6479]"
    }, {
      "left" : "{}",
      "right" : "{}",
      "info" : "Block[6481-6531]:Block[6481-6531]"
    }, {
      "left" : "addValue(key, new Double(value));",
      "right" : "addValue(key, new Double(value));",
      "info" : "ExpressionStatement[6491-6524]:ExpressionStatement[6491-6524]"
    }, {
      "left" : "public",
      "right" : "public",
      "info" : "Modifier[6865-6871]:Modifier[6865-6871]"
    }, {
      "left" : "void",
      "right" : "void",
      "info" : "PrimitiveType[6872-6876]:PrimitiveType[6872-6876]"
    }, {
      "left" : "addValue",
      "right" : "addValue",
      "info" : "SimpleName[6877-6885]:SimpleName[6877-6885]"
    }, {
      "left" : "Comparable key",
      "right" : "Comparable key",
      "info" : "SingleVariableDeclaration[6886-6900]:SingleVariableDeclaration[6886-6900]"
    }, {
      "left" : "Number value",
      "right" : "Number value",
      "info" : "SingleVariableDeclaration[6902-6914]:SingleVariableDeclaration[6902-6914]"
    }, {
      "left" : "{}",
      "right" : "{}",
      "info" : "Block[6916-6953]:Block[6916-6953]"
    }, {
      "left" : "setValue(key, value);",
      "right" : "setValue(key, value);",
      "info" : "ExpressionStatement[6926-6947]:ExpressionStatement[6926-6947]"
    }, {
      "left" : "public",
      "right" : "public",
      "info" : "Modifier[7149-7155]:Modifier[7149-7155]"
    }, {
      "left" : "void",
      "right" : "void",
      "info" : "PrimitiveType[7156-7160]:PrimitiveType[7156-7160]"
    }, {
      "left" : "setValue",
      "right" : "setValue",
      "info" : "SimpleName[7161-7169]:SimpleName[7161-7169]"
    }, {
      "left" : "Comparable key",
      "right" : "Comparable key",
      "info" : "SingleVariableDeclaration[7170-7184]:SingleVariableDeclaration[7170-7184]"
    }, {
      "left" : "double value",
      "right" : "double value",
      "info" : "SingleVariableDeclaration[7186-7198]:SingleVariableDeclaration[7186-7198]"
    }, {
      "left" : "{}",
      "right" : "{}",
      "info" : "Block[7200-7252]:Block[7200-7252]"
    }, {
      "left" : "setValue(key, new Double(value));",
      "right" : "setValue(key, new Double(value));",
      "info" : "ExpressionStatement[7210-7243]:ExpressionStatement[7210-7243]"
    }, {
      "left" : "public",
      "right" : "public",
      "info" : "Modifier[7482-7488]:Modifier[7482-7488]"
    }, {
      "left" : "void",
      "right" : "void",
      "info" : "PrimitiveType[7489-7493]:PrimitiveType[7489-7493]"
    }, {
      "left" : "setValue",
      "right" : "setValue",
      "info" : "SimpleName[7494-7502]:SimpleName[7494-7502]"
    }, {
      "left" : "Comparable key",
      "right" : "Comparable key",
      "info" : "SingleVariableDeclaration[7503-7517]:SingleVariableDeclaration[7503-7517]"
    }, {
      "left" : "Number value",
      "right" : "Number value",
      "info" : "SingleVariableDeclaration[7519-7531]:SingleVariableDeclaration[7519-7531]"
    }, {
      "left" : "{}",
      "right" : "{}",
      "info" : "Block[7533-7978]:Block[7533-7978]"
    }, {
      "left" : "if (key == null)",
      "right" : "if (key == null)",
      "info" : "IfStatement[7543-7643]:IfStatement[7543-7643]"
    }, {
      "left" : "{}",
      "right" : "{}",
      "info" : "Block[7560-7643]:Block[7560-7643]"
    }, {
      "left" : "throw new IllegalArgumentException(\"Null 'key' argument.\");",
      "right" : "throw new IllegalArgumentException(\"Null 'key' argument.\");",
      "info" : "ThrowStatement[7574-7633]:ThrowStatement[7574-7633]"
    }, {
      "left" : "int keyIndex = getIndex(key);",
      "right" : "int keyIndex = getIndex(key);",
      "info" : "VariableDeclarationStatement[7652-7681]:VariableDeclarationStatement[7652-7681]"
    }, {
      "left" : "if (keyIndex >= 0)",
      "right" : "if (keyIndex >= 0)",
      "info" : "IfStatement[7690-7972]:IfStatement[7690-7972]"
    }, {
      "left" : "{}",
      "right" : "{}",
      "info" : "Block[7709-7808]:Block[7709-7808]"
    }, {
      "left" : "this.keys.set(keyIndex, key);",
      "right" : "this.keys.set(keyIndex, key);",
      "info" : "ExpressionStatement[7723-7752]:ExpressionStatement[7723-7752]"
    }, {
      "left" : "this.values.set(keyIndex, value);",
      "right" : "this.values.set(keyIndex, value);",
      "info" : "ExpressionStatement[7765-7798]:ExpressionStatement[7765-7798]"
    }, {
      "left" : "{}",
      "right" : "{}",
      "info" : "Block[7822-7972]:Block[7822-7972]"
    }, {
      "left" : "this.keys.add(key);",
      "right" : "this.keys.add(key);",
      "info" : "ExpressionStatement[7836-7855]:ExpressionStatement[7836-7855]"
    }, {
      "left" : "this.values.add(value);",
      "right" : "this.values.add(value);",
      "info" : "ExpressionStatement[7868-7891]:ExpressionStatement[7868-7891]"
    }, {
      "left" : "this.indexMap.put(key, new Integer(this.keys.size() - 1));",
      "right" : "this.indexMap.put(key, new Integer(this.keys.size() - 1));",
      "info" : "ExpressionStatement[7904-7962]:ExpressionStatement[7904-7962]"
    }, {
      "left" : "public",
      "right" : "public",
      "info" : "Modifier[8419-8425]:Modifier[8419-8425]"
    }, {
      "left" : "void",
      "right" : "void",
      "info" : "PrimitiveType[8426-8430]:PrimitiveType[8426-8430]"
    }, {
      "left" : "insertValue",
      "right" : "insertValue",
      "info" : "SimpleName[8431-8442]:SimpleName[8431-8442]"
    }, {
      "left" : "int position",
      "right" : "int position",
      "info" : "SingleVariableDeclaration[8443-8455]:SingleVariableDeclaration[8443-8455]"
    }, {
      "left" : "Comparable key",
      "right" : "Comparable key",
      "info" : "SingleVariableDeclaration[8457-8471]:SingleVariableDeclaration[8457-8471]"
    }, {
      "left" : "double value",
      "right" : "double value",
      "info" : "SingleVariableDeclaration[8473-8485]:SingleVariableDeclaration[8473-8485]"
    }, {
      "left" : "{}",
      "right" : "{}",
      "info" : "Block[8487-8549]:Block[8487-8549]"
    }, {
      "left" : "insertValue(position, key, new Double(value));",
      "right" : "insertValue(position, key, new Double(value));",
      "info" : "ExpressionStatement[8497-8543]:ExpressionStatement[8497-8543]"
    }, {
      "left" : "public",
      "right" : "public",
      "info" : "Modifier[9016-9022]:Modifier[9016-9022]"
    }, {
      "left" : "void",
      "right" : "void",
      "info" : "PrimitiveType[9023-9027]:PrimitiveType[9023-9027]"
    }, {
      "left" : "insertValue",
      "right" : "insertValue",
      "info" : "SimpleName[9028-9039]:SimpleName[9028-9039]"
    }, {
      "left" : "int position",
      "right" : "int position",
      "info" : "SingleVariableDeclaration[9040-9052]:SingleVariableDeclaration[9040-9052]"
    }, {
      "left" : "Comparable key",
      "right" : "Comparable key",
      "info" : "SingleVariableDeclaration[9054-9068]:SingleVariableDeclaration[9054-9068]"
    }, {
      "left" : "Number value",
      "right" : "Number value",
      "info" : "SingleVariableDeclaration[9070-9082]:SingleVariableDeclaration[9070-9082]"
    }, {
      "left" : "{}",
      "right" : "{}",
      "info" : "Block[9084-9770]:Block[9084-9770]"
    }, {
      "left" : "if (position < 0 || position > getItemCount())",
      "right" : "if (position < 0 || position > getItemCount())",
      "info" : "IfStatement[9094-9229]:IfStatement[9094-9229]"
    }, {
      "left" : "{}",
      "right" : "{}",
      "info" : "Block[9141-9229]:Block[9141-9229]"
    }, {
      "left" : "throw new IllegalArgumentException(\"'position' out of bounds.\");",
      "right" : "throw new IllegalArgumentException(\"'position' out of bounds.\");",
      "info" : "ThrowStatement[9155-9219]:ThrowStatement[9155-9219]"
    }, {
      "left" : "if (key == null)",
      "right" : "if (key == null)",
      "info" : "IfStatement[9238-9338]:IfStatement[9238-9338]"
    }, {
      "left" : "{}",
      "right" : "{}",
      "info" : "Block[9255-9338]:Block[9255-9338]"
    }, {
      "left" : "throw new IllegalArgumentException(\"Null 'key' argument.\");",
      "right" : "throw new IllegalArgumentException(\"Null 'key' argument.\");",
      "info" : "ThrowStatement[9269-9328]:ThrowStatement[9269-9328]"
    }, {
      "left" : "int pos = getIndex(key);",
      "right" : "int pos = getIndex(key);",
      "info" : "VariableDeclarationStatement[9347-9371]:VariableDeclarationStatement[9347-9371]"
    }, {
      "left" : "if (pos == position)",
      "right" : "if (pos == position)",
      "info" : "IfStatement[9380-9764]:IfStatement[9380-9764]"
    }, {
      "left" : "{}",
      "right" : "{}",
      "info" : "Block[9401-9490]:Block[9401-9490]"
    }, {
      "left" : "this.keys.set(pos, key);",
      "right" : "this.keys.set(pos, key);",
      "info" : "ExpressionStatement[9415-9439]:ExpressionStatement[9415-9439]"
    }, {
      "left" : "this.values.set(pos, value);",
      "right" : "this.values.set(pos, value);",
      "info" : "ExpressionStatement[9452-9480]:ExpressionStatement[9452-9480]"
    }, {
      "left" : "{}",
      "right" : "{}",
      "info" : "Block[9504-9764]:Block[9504-9764]"
    }, {
      "left" : "if (pos >= 0)",
      "right" : "if (pos >= 0)",
      "info" : "IfStatement[9518-9627]:IfStatement[9518-9627]"
    }, {
      "left" : "{}",
      "right" : "{}",
      "info" : "Block[9532-9627]:Block[9532-9627]"
    }, {
      "left" : "this.keys.remove(pos);",
      "right" : "this.keys.remove(pos);",
      "info" : "ExpressionStatement[9550-9572]:ExpressionStatement[9550-9572]"
    }, {
      "left" : "this.values.remove(pos);",
      "right" : "this.values.remove(pos);",
      "info" : "ExpressionStatement[9589-9613]:ExpressionStatement[9589-9613]"
    }, {
      "left" : "this.keys.add(position, key);",
      "right" : "this.keys.add(position, key);",
      "info" : "ExpressionStatement[9651-9680]:ExpressionStatement[9651-9680]"
    }, {
      "left" : "this.values.add(position, value);",
      "right" : "this.values.add(position, value);",
      "info" : "ExpressionStatement[9693-9726]:ExpressionStatement[9693-9726]"
    }, {
      "left" : "rebuildIndex();",
      "right" : "rebuildIndex();",
      "info" : "ExpressionStatement[9739-9754]:ExpressionStatement[9739-9754]"
    }, {
      "left" : "private",
      "right" : "private",
      "info" : "Modifier[9901-9908]:Modifier[9901-9908]"
    }, {
      "left" : "void",
      "right" : "void",
      "info" : "PrimitiveType[9909-9913]:PrimitiveType[9909-9913]"
    }, {
      "left" : "rebuildIndex",
      "right" : "rebuildIndex",
      "info" : "SimpleName[9914-9926]:SimpleName[9914-9926]"
    }, {
      "left" : "{}",
      "right" : "{}",
      "info" : "Block[9930-10132]:Block[9930-10132]"
    }, {
      "left" : "this.indexMap.clear();",
      "right" : "this.indexMap.clear();",
      "info" : "ExpressionStatement[9940-9962]:ExpressionStatement[9940-9962]"
    }, {
      "left" : "for (int i = 0; i < this.keys.size(); i++)",
      "right" : "for (int i = 0; i < this.keys.size(); i++)",
      "info" : "ForStatement[9971-10126]:ForStatement[9971-10126]"
    }, {
      "left" : "{}",
      "right" : "{}",
      "info" : "Block[10014-10126]:Block[10014-10126]"
    }, {
      "left" : "final Object key = this.keys.get(i);",
      "right" : "final Object key = this.keys.get(i);",
      "info" : "VariableDeclarationStatement[10028-10064]:VariableDeclarationStatement[10028-10064]"
    }, {
      "left" : "this.indexMap.put(key, new Integer(i));",
      "right" : "this.indexMap.put(key, new Integer(i));",
      "info" : "ExpressionStatement[10077-10116]:ExpressionStatement[10077-10116]"
    }, {
      "left" : "public",
      "right" : "public",
      "info" : "Modifier[10457-10463]:Modifier[10457-10463]"
    }, {
      "left" : "void",
      "right" : "void",
      "info" : "PrimitiveType[10464-10468]:PrimitiveType[10464-10468]"
    }, {
      "left" : "removeValue",
      "right" : "removeValue",
      "info" : "SimpleName[10469-10480]:SimpleName[10469-10480]"
    }, {
      "left" : "int index",
      "right" : "int index",
      "info" : "SingleVariableDeclaration[10481-10490]:SingleVariableDeclaration[10481-10490]"
    }, {
      "left" : "{}",
      "right" : "{}",
      "info" : "Block[10492-10641]:Block[10492-10591]"
    }, {
      "left" : "this.keys.remove(index);",
      "right" : "this.keys.remove(index);",
      "info" : "ExpressionStatement[10502-10526]:ExpressionStatement[10502-10526]"
    }, {
      "left" : "this.values.remove(index);",
      "right" : "this.values.remove(index);",
      "info" : "ExpressionStatement[10535-10561]:ExpressionStatement[10535-10561]"
    }, {
      "left" : "rebuildIndex();",
      "right" : "rebuildIndex();",
      "info" : "ExpressionStatement[10610-10625]:ExpressionStatement[10570-10585]"
    }, {
      "left" : "public",
      "right" : "public",
      "info" : "Modifier[10957-10963]:Modifier[10907-10913]"
    }, {
      "left" : "void",
      "right" : "void",
      "info" : "PrimitiveType[10964-10968]:PrimitiveType[10914-10918]"
    }, {
      "left" : "removeValue",
      "right" : "removeValue",
      "info" : "SimpleName[10969-10980]:SimpleName[10919-10930]"
    }, {
      "left" : "Comparable key",
      "right" : "Comparable key",
      "info" : "SingleVariableDeclaration[10981-10995]:SingleVariableDeclaration[10931-10945]"
    }, {
      "left" : "{}",
      "right" : "{}",
      "info" : "Block[10997-11113]:Block[10947-11160]"
    }, {
      "left" : "int index = getIndex(key);",
      "right" : "int index = getIndex(key);",
      "info" : "VariableDeclarationStatement[11007-11033]:VariableDeclarationStatement[10957-10983]"
    }, {
      "left" : "if (index < 0)",
      "right" : "if (index < 0)",
      "info" : "IfStatement[11042-11079]:IfStatement[10992-11126]"
    }, {
      "left" : "{}",
      "right" : "{}",
      "info" : "Block[11057-11079]:Block[11007-11126]"
    }, {
      "left" : "removeValue(index);",
      "right" : "removeValue(index);",
      "info" : "ExpressionStatement[11088-11107]:ExpressionStatement[11135-11154]"
    }, {
      "left" : "public",
      "right" : "public",
      "info" : "Modifier[11213-11219]:Modifier[11260-11266]"
    }, {
      "left" : "void",
      "right" : "void",
      "info" : "PrimitiveType[11220-11224]:PrimitiveType[11267-11271]"
    }, {
      "left" : "clear",
      "right" : "clear",
      "info" : "SimpleName[11225-11230]:SimpleName[11272-11277]"
    }, {
      "left" : "{}",
      "right" : "{}",
      "info" : "Block[11233-11327]:Block[11280-11374]"
    }, {
      "left" : "this.keys.clear();",
      "right" : "this.keys.clear();",
      "info" : "ExpressionStatement[11243-11261]:ExpressionStatement[11290-11308]"
    }, {
      "left" : "this.values.clear();",
      "right" : "this.values.clear();",
      "info" : "ExpressionStatement[11270-11290]:ExpressionStatement[11317-11337]"
    }, {
      "left" : "this.indexMap.clear();",
      "right" : "this.indexMap.clear();",
      "info" : "ExpressionStatement[11299-11321]:ExpressionStatement[11346-11368]"
    }, {
      "left" : "public",
      "right" : "public",
      "info" : "Modifier[11470-11476]:Modifier[11517-11523]"
    }, {
      "left" : "void",
      "right" : "void",
      "info" : "PrimitiveType[11477-11481]:PrimitiveType[11524-11528]"
    }, {
      "left" : "sortByKeys",
      "right" : "sortByKeys",
      "info" : "SimpleName[11482-11492]:SimpleName[11529-11539]"
    }, {
      "left" : "SortOrder order",
      "right" : "SortOrder order",
      "info" : "SingleVariableDeclaration[11493-11508]:SingleVariableDeclaration[11540-11555]"
    }, {
      "left" : "{}",
      "right" : "{}",
      "info" : "Block[11510-12148]:Block[11557-12195]"
    }, {
      "left" : "final int size = this.keys.size();",
      "right" : "final int size = this.keys.size();",
      "info" : "VariableDeclarationStatement[11520-11554]:VariableDeclarationStatement[11567-11601]"
    }, {
      "left" : "final DefaultKeyedValue[] data = new DefaultKeyedValue[size];",
      "right" : "final DefaultKeyedValue[] data = new DefaultKeyedValue[size];",
      "info" : "VariableDeclarationStatement[11563-11624]:VariableDeclarationStatement[11610-11671]"
    }, {
      "left" : "for (int i = 0; i < size; i++)",
      "right" : "for (int i = 0; i < size; i++)",
      "info" : "ForStatement[11634-11802]:ForStatement[11681-11849]"
    }, {
      "left" : "{}",
      "right" : "{}",
      "info" : "Block[11665-11802]:Block[11712-11849]"
    }, {
      "left" : "data[i] = new DefaultKeyedValue((Comparable) this.keys.get(i), \n                    (Number) this.values.get(i));",
      "right" : "data[i] = new DefaultKeyedValue((Comparable) this.keys.get(i), \n                    (Number) this.values.get(i));",
      "info" : "ExpressionStatement[11679-11792]:ExpressionStatement[11726-11839]"
    }, {
      "left" : "Comparator comparator = new KeyedValueComparator(\n                KeyedValueComparatorType.BY_KEY, order);",
      "right" : "Comparator comparator = new KeyedValueComparator(\n                KeyedValueComparatorType.BY_KEY, order);",
      "info" : "VariableDeclarationStatement[11812-11918]:VariableDeclarationStatement[11859-11965]"
    }, {
      "left" : "Arrays.sort(data, comparator);",
      "right" : "Arrays.sort(data, comparator);",
      "info" : "ExpressionStatement[11927-11957]:ExpressionStatement[11974-12004]"
    }, {
      "left" : "clear();",
      "right" : "clear();",
      "info" : "ExpressionStatement[11966-11974]:ExpressionStatement[12013-12021]"
    }, {
      "left" : "for (int i = 0; i < data.length; i++)",
      "right" : "for (int i = 0; i < data.length; i++)",
      "info" : "ForStatement[11984-12142]:ForStatement[12031-12189]"
    }, {
      "left" : "{}",
      "right" : "{}",
      "info" : "Block[12022-12142]:Block[12069-12189]"
    }, {
      "left" : "final DefaultKeyedValue value = data[i];",
      "right" : "final DefaultKeyedValue value = data[i];",
      "info" : "VariableDeclarationStatement[12036-12076]:VariableDeclarationStatement[12083-12123]"
    }, {
      "left" : "addValue(value.getKey(), value.getValue());",
      "right" : "addValue(value.getKey(), value.getValue());",
      "info" : "ExpressionStatement[12089-12132]:ExpressionStatement[12136-12179]"
    }, {
      "left" : "public",
      "right" : "public",
      "info" : "Modifier[12428-12434]:Modifier[12475-12481]"
    }, {
      "left" : "void",
      "right" : "void",
      "info" : "PrimitiveType[12435-12439]:PrimitiveType[12482-12486]"
    }, {
      "left" : "sortByValues",
      "right" : "sortByValues",
      "info" : "SimpleName[12440-12452]:SimpleName[12487-12499]"
    }, {
      "left" : "SortOrder order",
      "right" : "SortOrder order",
      "info" : "SingleVariableDeclaration[12453-12468]:SingleVariableDeclaration[12500-12515]"
    }, {
      "left" : "{}",
      "right" : "{}",
      "info" : "Block[12470-13109]:Block[12517-13156]"
    }, {
      "left" : "final int size = this.keys.size();",
      "right" : "final int size = this.keys.size();",
      "info" : "VariableDeclarationStatement[12480-12514]:VariableDeclarationStatement[12527-12561]"
    }, {
      "left" : "final DefaultKeyedValue[] data = new DefaultKeyedValue[size];",
      "right" : "final DefaultKeyedValue[] data = new DefaultKeyedValue[size];",
      "info" : "VariableDeclarationStatement[12523-12584]:VariableDeclarationStatement[12570-12631]"
    }, {
      "left" : "for (int i = 0; i < size; i++)",
      "right" : "for (int i = 0; i < size; i++)",
      "info" : "ForStatement[12593-12761]:ForStatement[12640-12808]"
    }, {
      "left" : "{}",
      "right" : "{}",
      "info" : "Block[12624-12761]:Block[12671-12808]"
    }, {
      "left" : "data[i] = new DefaultKeyedValue((Comparable) this.keys.get(i), \n                    (Number) this.values.get(i));",
      "right" : "data[i] = new DefaultKeyedValue((Comparable) this.keys.get(i), \n                    (Number) this.values.get(i));",
      "info" : "ExpressionStatement[12638-12751]:ExpressionStatement[12685-12798]"
    }, {
      "left" : "Comparator comparator = new KeyedValueComparator(\n                KeyedValueComparatorType.BY_VALUE, order);",
      "right" : "Comparator comparator = new KeyedValueComparator(\n                KeyedValueComparatorType.BY_VALUE, order);",
      "info" : "VariableDeclarationStatement[12771-12879]:VariableDeclarationStatement[12818-12926]"
    }, {
      "left" : "Arrays.sort(data, comparator);",
      "right" : "Arrays.sort(data, comparator);",
      "info" : "ExpressionStatement[12888-12918]:ExpressionStatement[12935-12965]"
    }, {
      "left" : "clear();",
      "right" : "clear();",
      "info" : "ExpressionStatement[12928-12936]:ExpressionStatement[12975-12983]"
    }, {
      "left" : "for (int i = 0; i < data.length; i++)",
      "right" : "for (int i = 0; i < data.length; i++)",
      "info" : "ForStatement[12945-13103]:ForStatement[12992-13150]"
    }, {
      "left" : "{}",
      "right" : "{}",
      "info" : "Block[12983-13103]:Block[13030-13150]"
    }, {
      "left" : "final DefaultKeyedValue value = data[i];",
      "right" : "final DefaultKeyedValue value = data[i];",
      "info" : "VariableDeclarationStatement[12997-13037]:VariableDeclarationStatement[13044-13084]"
    }, {
      "left" : "addValue(value.getKey(), value.getValue());",
      "right" : "addValue(value.getKey(), value.getValue());",
      "info" : "ExpressionStatement[13050-13093]:ExpressionStatement[13097-13140]"
    }, {
      "left" : "public",
      "right" : "public",
      "info" : "Modifier[13281-13287]:Modifier[13328-13334]"
    }, {
      "left" : "boolean",
      "right" : "boolean",
      "info" : "PrimitiveType[13288-13295]:PrimitiveType[13335-13342]"
    }, {
      "left" : "equals",
      "right" : "equals",
      "info" : "SimpleName[13296-13302]:SimpleName[13343-13349]"
    }, {
      "left" : "Object obj",
      "right" : "Object obj",
      "info" : "SingleVariableDeclaration[13303-13313]:SingleVariableDeclaration[13350-13360]"
    }, {
      "left" : "{}",
      "right" : "{}",
      "info" : "Block[13315-14196]:Block[13362-14243]"
    }, {
      "left" : "if (obj == this)",
      "right" : "if (obj == this)",
      "info" : "IfStatement[13325-13378]:IfStatement[13372-13425]"
    }, {
      "left" : "{}",
      "right" : "{}",
      "info" : "Block[13342-13378]:Block[13389-13425]"
    }, {
      "left" : "return true;",
      "right" : "return true;",
      "info" : "ReturnStatement[13356-13368]:ReturnStatement[13403-13415]"
    }, {
      "left" : "if (!(obj instanceof KeyedValues))",
      "right" : "if (!(obj instanceof KeyedValues))",
      "info" : "IfStatement[13388-13460]:IfStatement[13435-13507]"
    }, {
      "left" : "{}",
      "right" : "{}",
      "info" : "Block[13423-13460]:Block[13470-13507]"
    }, {
      "left" : "return false;",
      "right" : "return false;",
      "info" : "ReturnStatement[13437-13450]:ReturnStatement[13484-13497]"
    }, {
      "left" : "KeyedValues that = (KeyedValues) obj;",
      "right" : "KeyedValues that = (KeyedValues) obj;",
      "info" : "VariableDeclarationStatement[13470-13507]:VariableDeclarationStatement[13517-13554]"
    }, {
      "left" : "int count = getItemCount();",
      "right" : "int count = getItemCount();",
      "info" : "VariableDeclarationStatement[13516-13543]:VariableDeclarationStatement[13563-13590]"
    }, {
      "left" : "if (count != that.getItemCount())",
      "right" : "if (count != that.getItemCount())",
      "info" : "IfStatement[13552-13623]:IfStatement[13599-13670]"
    }, {
      "left" : "{}",
      "right" : "{}",
      "info" : "Block[13586-13623]:Block[13633-13670]"
    }, {
      "left" : "return false;",
      "right" : "return false;",
      "info" : "ReturnStatement[13600-13613]:ReturnStatement[13647-13660]"
    }, {
      "left" : "for (int i = 0; i < count; i++)",
      "right" : "for (int i = 0; i < count; i++)",
      "info" : "ForStatement[13633-14169]:ForStatement[13680-14216]"
    }, {
      "left" : "{}",
      "right" : "{}",
      "info" : "Block[13665-14169]:Block[13712-14216]"
    }, {
      "left" : "Comparable k1 = getKey(i);",
      "right" : "Comparable k1 = getKey(i);",
      "info" : "VariableDeclarationStatement[13679-13705]:VariableDeclarationStatement[13726-13752]"
    }, {
      "left" : "Comparable k2 = that.getKey(i);",
      "right" : "Comparable k2 = that.getKey(i);",
      "info" : "VariableDeclarationStatement[13718-13749]:VariableDeclarationStatement[13765-13796]"
    }, {
      "left" : "if (!k1.equals(k2))",
      "right" : "if (!k1.equals(k2))",
      "info" : "IfStatement[13762-13827]:IfStatement[13809-13874]"
    }, {
      "left" : "{}",
      "right" : "{}",
      "info" : "Block[13782-13827]:Block[13829-13874]"
    }, {
      "left" : "return false;",
      "right" : "return false;",
      "info" : "ReturnStatement[13800-13813]:ReturnStatement[13847-13860]"
    }, {
      "left" : "Number v1 = getValue(i);",
      "right" : "Number v1 = getValue(i);",
      "info" : "VariableDeclarationStatement[13840-13864]:VariableDeclarationStatement[13887-13911]"
    }, {
      "left" : "Number v2 = that.getValue(i);",
      "right" : "Number v2 = that.getValue(i);",
      "info" : "VariableDeclarationStatement[13877-13906]:VariableDeclarationStatement[13924-13953]"
    }, {
      "left" : "if (v1 == null)",
      "right" : "if (v1 == null)",
      "info" : "IfStatement[13919-14159]:IfStatement[13966-14206]"
    }, {
      "left" : "{}",
      "right" : "{}",
      "info" : "Block[13935-14036]:Block[13982-14083]"
    }, {
      "left" : "if (v2 != null)",
      "right" : "if (v2 != null)",
      "info" : "IfStatement[13953-14022]:IfStatement[14000-14069]"
    }, {
      "left" : "{}",
      "right" : "{}",
      "info" : "Block[13969-14022]:Block[14016-14069]"
    }, {
      "left" : "return false;",
      "right" : "return false;",
      "info" : "ReturnStatement[13991-14004]:ReturnStatement[14038-14051]"
    }, {
      "left" : "{}",
      "right" : "{}",
      "info" : "Block[14054-14159]:Block[14101-14206]"
    }, {
      "left" : "if (!v1.equals(v2))",
      "right" : "if (!v1.equals(v2))",
      "info" : "IfStatement[14072-14145]:IfStatement[14119-14192]"
    }, {
      "left" : "{}",
      "right" : "{}",
      "info" : "Block[14092-14145]:Block[14139-14192]"
    }, {
      "left" : "return false;",
      "right" : "return false;",
      "info" : "ReturnStatement[14114-14127]:ReturnStatement[14161-14174]"
    }, {
      "left" : "return true;",
      "right" : "return true;",
      "info" : "ReturnStatement[14178-14190]:ReturnStatement[14225-14237]"
    }, {
      "left" : "public",
      "right" : "public",
      "info" : "Modifier[14282-14288]:Modifier[14329-14335]"
    }, {
      "left" : "int",
      "right" : "int",
      "info" : "PrimitiveType[14289-14292]:PrimitiveType[14336-14339]"
    }, {
      "left" : "hashCode",
      "right" : "hashCode",
      "info" : "SimpleName[14293-14301]:SimpleName[14340-14348]"
    }, {
      "left" : "{}",
      "right" : "{}",
      "info" : "Block[14304-14374]:Block[14351-14421]"
    }, {
      "left" : "return (this.keys != null ? this.keys.hashCode() : 0);",
      "right" : "return (this.keys != null ? this.keys.hashCode() : 0);",
      "info" : "ReturnStatement[14314-14368]:ReturnStatement[14361-14415]"
    }, {
      "left" : "public",
      "right" : "public",
      "info" : "Modifier[14583-14589]:Modifier[14630-14636]"
    }, {
      "left" : "Object",
      "right" : "Object",
      "info" : "SimpleType[14590-14596]:SimpleType[14637-14643]"
    }, {
      "left" : "clone",
      "right" : "clone",
      "info" : "SimpleName[14597-14602]:SimpleName[14644-14649]"
    }, {
      "left" : "CloneNotSupportedException",
      "right" : "CloneNotSupportedException",
      "info" : "SimpleType[14612-14638]:SimpleType[14659-14685]"
    }, {
      "left" : "{}",
      "right" : "{}",
      "info" : "Block[14639-14905]:Block[14686-14952]"
    }, {
      "left" : "DefaultKeyedValues clone = (DefaultKeyedValues) super.clone();",
      "right" : "DefaultKeyedValues clone = (DefaultKeyedValues) super.clone();",
      "info" : "VariableDeclarationStatement[14649-14711]:VariableDeclarationStatement[14696-14758]"
    }, {
      "left" : "clone.keys = (ArrayList) this.keys.clone();",
      "right" : "clone.keys = (ArrayList) this.keys.clone();",
      "info" : "ExpressionStatement[14720-14763]:ExpressionStatement[14767-14810]"
    }, {
      "left" : "clone.values = (ArrayList) this.values.clone();",
      "right" : "clone.values = (ArrayList) this.values.clone();",
      "info" : "ExpressionStatement[14772-14819]:ExpressionStatement[14819-14866]"
    }, {
      "left" : "clone.indexMap = (HashMap) this.indexMap.clone();",
      "right" : "clone.indexMap = (HashMap) this.indexMap.clone();",
      "info" : "ExpressionStatement[14828-14877]:ExpressionStatement[14875-14924]"
    }, {
      "left" : "return clone;",
      "right" : "return clone;",
      "info" : "ReturnStatement[14886-14899]:ReturnStatement[14933-14946]"
    } ]
  },
  "interFileMappings" : { }
}