{
  "intraFileMappings" : {
    "matchedElements" : [
 {
      "left" : "AttributeContext",
      "right" : "AttributeContext",
      "info" : "TypeDeclaration[1164-2952]:TypeDeclaration[1269-3494]"
    }, {
      "left" : "private NodeTest nodeTest;",
      "right" : "private NodeTest nodeTest;",
      "info" : "FieldDeclaration[1340-1366]:FieldDeclaration[1539-1565]"
    }, {
      "left" : "private boolean setStarted = false;",
      "right" : "private boolean setStarted = false;",
      "info" : "FieldDeclaration[1371-1406]:FieldDeclaration[1570-1605]"
    }, {
      "left" : "private NodeIterator iterator;",
      "right" : "private NodeIterator iterator;",
      "info" : "FieldDeclaration[1411-1441]:FieldDeclaration[1610-1640]"
    }, {
      "left" : "private NodePointer currentNodePointer;",
      "right" : "private NodePointer currentNodePointer;",
      "info" : "FieldDeclaration[1446-1485]:FieldDeclaration[1645-1684]"
    }, {
      "left" : "public AttributeContext(EvalContext parentContext, NodeTest nodeTest)",
      "right" : "public AttributeContext(EvalContext parentContext, NodeTest nodeTest)",
      "info" : "MethodDeclaration[1491-1788]:MethodDeclaration[1690-1987]"
    }, {
      "left" : "public NodePointer getCurrentNodePointer()",
      "right" : "public NodePointer getCurrentNodePointer()",
      "info" : "MethodDeclaration[1794-1879]:MethodDeclaration[1993-2078]"
    }, {
      "left" : "public void reset()",
      "right" : "public void reset()",
      "info" : "MethodDeclaration[1885-1988]:MethodDeclaration[2084-2187]"
    }, {
      "left" : "public boolean setPosition(int position)",
      "right" : "public boolean setPosition(int position)",
      "info" : "MethodDeclaration[1994-2277]:MethodDeclaration[2193-2476]"
    }, {
      "left" : "public boolean nextNode()",
      "right" : "public boolean nextNode()",
      "info" : "MethodDeclaration[2283-2950]:MethodDeclaration[2482-3492]"
    } ],
    "mappings" : [
 {
      "left" : "public",
      "right" : "public",
      "info" : "Modifier[1283-1289]:Modifier[1388-1394]"
    }, {
      "left" : "class",
      "right" : "class",
      "info" : "TYPE_DECLARATION_KIND[1290-1295]:TYPE_DECLARATION_KIND[1395-1400]"
    }, {
      "left" : "AttributeContext",
      "right" : "AttributeContext",
      "info" : "SimpleName[1296-1312]:SimpleName[1401-1417]"
    }, {
      "left" : "EvalContext",
      "right" : "EvalContext",
      "info" : "SimpleType[1321-1332]:SimpleType[1426-1437]"
    }, {
      "left" : "public",
      "right" : "public",
      "info" : "Modifier[1647-1653]:Modifier[1846-1852]"
    }, {
      "left" : "AttributeContext",
      "right" : "AttributeContext",
      "info" : "SimpleName[1654-1670]:SimpleName[1853-1869]"
    }, {
      "left" : "EvalContext parentContext",
      "right" : "EvalContext parentContext",
      "info" : "SingleVariableDeclaration[1671-1696]:SingleVariableDeclaration[1870-1895]"
    }, {
      "left" : "NodeTest nodeTest",
      "right" : "NodeTest nodeTest",
      "info" : "SingleVariableDeclaration[1698-1715]:SingleVariableDeclaration[1897-1914]"
    }, {
      "left" : "{}",
      "right" : "{}",
      "info" : "Block[1717-1788]:Block[1916-1987]"
    }, {
      "left" : "super(parentContext);",
      "right" : "super(parentContext);",
      "info" : "SuperConstructorInvocation[1727-1748]:SuperConstructorInvocation[1926-1947]"
    }, {
      "left" : "this.nodeTest = nodeTest;",
      "right" : "this.nodeTest = nodeTest;",
      "info" : "ExpressionStatement[1757-1782]:ExpressionStatement[1956-1981]"
    }, {
      "left" : "public",
      "right" : "public",
      "info" : "Modifier[1794-1800]:Modifier[1993-1999]"
    }, {
      "left" : "NodePointer",
      "right" : "NodePointer",
      "info" : "SimpleType[1801-1812]:SimpleType[2000-2011]"
    }, {
      "left" : "getCurrentNodePointer",
      "right" : "getCurrentNodePointer",
      "info" : "SimpleName[1813-1834]:SimpleName[2012-2033]"
    }, {
      "left" : "{}",
      "right" : "{}",
      "info" : "Block[1837-1879]:Block[2036-2078]"
    }, {
      "left" : "return currentNodePointer;",
      "right" : "return currentNodePointer;",
      "info" : "ReturnStatement[1847-1873]:ReturnStatement[2046-2072]"
    }, {
      "left" : "public",
      "right" : "public",
      "info" : "Modifier[1885-1891]:Modifier[2084-2090]"
    }, {
      "left" : "void",
      "right" : "void",
      "info" : "PrimitiveType[1892-1896]:PrimitiveType[2091-2095]"
    }, {
      "left" : "reset",
      "right" : "reset",
      "info" : "SimpleName[1897-1902]:SimpleName[2096-2101]"
    }, {
      "left" : "{}",
      "right" : "{}",
      "info" : "Block[1905-1988]:Block[2104-2187]"
    }, {
      "left" : "setStarted = false;",
      "right" : "setStarted = false;",
      "info" : "ExpressionStatement[1915-1934]:ExpressionStatement[2114-2133]"
    }, {
      "left" : "iterator = null;",
      "right" : "iterator = null;",
      "info" : "ExpressionStatement[1943-1959]:ExpressionStatement[2142-2158]"
    }, {
      "left" : "super.reset();",
      "right" : "super.reset();",
      "info" : "ExpressionStatement[1968-1982]:ExpressionStatement[2167-2181]"
    }, {
      "left" : "public",
      "right" : "public",
      "info" : "Modifier[1994-2000]:Modifier[2193-2199]"
    }, {
      "left" : "boolean",
      "right" : "boolean",
      "info" : "PrimitiveType[2001-2008]:PrimitiveType[2200-2207]"
    }, {
      "left" : "setPosition",
      "right" : "setPosition",
      "info" : "SimpleName[2009-2020]:SimpleName[2208-2219]"
    }, {
      "left" : "int position",
      "right" : "int position",
      "info" : "SingleVariableDeclaration[2021-2033]:SingleVariableDeclaration[2220-2232]"
    }, {
      "left" : "{}",
      "right" : "{}",
      "info" : "Block[2035-2277]:Block[2234-2476]"
    }, {
      "left" : "if (position < getCurrentPosition())",
      "right" : "if (position < getCurrentPosition())",
      "info" : "IfStatement[2045-2114]:IfStatement[2244-2313]"
    }, {
      "left" : "{}",
      "right" : "{}",
      "info" : "Block[2082-2114]:Block[2281-2313]"
    }, {
      "left" : "reset();",
      "right" : "reset();",
      "info" : "ExpressionStatement[2096-2104]:ExpressionStatement[2295-2303]"
    }, {
      "left" : "while (getCurrentPosition() < position)",
      "right" : "while (getCurrentPosition() < position)",
      "info" : "WhileStatement[2124-2250]:WhileStatement[2323-2449]"
    }, {
      "left" : "{}",
      "right" : "{}",
      "info" : "Block[2164-2250]:Block[2363-2449]"
    }, {
      "left" : "if (!nextNode())",
      "right" : "if (!nextNode())",
      "info" : "IfStatement[2178-2240]:IfStatement[2377-2439]"
    }, {
      "left" : "{}",
      "right" : "{}",
      "info" : "Block[2195-2240]:Block[2394-2439]"
    }, {
      "left" : "return false;",
      "right" : "return false;",
      "info" : "ReturnStatement[2213-2226]:ReturnStatement[2412-2425]"
    }, {
      "left" : "return true;",
      "right" : "return true;",
      "info" : "ReturnStatement[2259-2271]:ReturnStatement[2458-2470]"
    }, {
      "left" : "public",
      "right" : "public",
      "info" : "Modifier[2283-2289]:Modifier[2482-2488]"
    }, {
      "left" : "boolean",
      "right" : "boolean",
      "info" : "PrimitiveType[2290-2297]:PrimitiveType[2489-2496]"
    }, {
      "left" : "nextNode",
      "right" : "nextNode",
      "info" : "SimpleName[2298-2306]:SimpleName[2497-2505]"
    }, {
      "left" : "{}",
      "right" : "{}",
      "info" : "Block[2309-2950]:Block[2508-3492]"
    }, {
      "left" : "super.setPosition(getCurrentPosition() + 1);",
      "right" : "super.setPosition(getCurrentPosition() + 1);",
      "info" : "ExpressionStatement[2319-2363]:ExpressionStatement[2518-2562]"
    }, {
      "left" : "if (!setStarted)",
      "right" : "if (!setStarted)",
      "info" : "IfStatement[2372-2698]:IfStatement[2571-3240]"
    }, {
      "left" : "{}",
      "right" : "{}",
      "info" : "Block[2389-2698]:Block[2588-3240]"
    }, {
      "left" : "setStarted = true;",
      "right" : "setStarted = true;",
      "info" : "ExpressionStatement[2403-2421]:ExpressionStatement[2602-2620]"
    }, {
      "left" : "if (!(nodeTest instanceof NodeNameTest))",
      "right" : "if (nodeTest instanceof NodeNameTest)",
      "info" : "IfStatement[2434-2520]:IfStatement[2908-3017]"
    }, {
      "left" : "nodeTest instanceof NodeNameTest",
      "right" : "nodeTest instanceof NodeNameTest",
      "info" : "InstanceofExpression[2440-2472]:InstanceofExpression[2912-2944]"
    }, {
      "left" : "{}",
      "right" : "{}",
      "info" : "Block[2475-2520]:Block[2946-3017]"
    }, {
      "left" : "return false;",
      "right" : "return false;",
      "info" : "ReturnStatement[2493-2506]:ReturnStatement[3074-3087]"
    }, {
      "left" : "((NodeNameTest) nodeTest).getNodeName()",
      "right" : "nodeNameTest.getNodeName()",
      "info" : "MethodInvocation[2546-2585]:MethodInvocation[3202-3228]"
    }, {
      "left" : "(NodeNameTest) nodeTest",
      "right" : "(NodeNameTest) nodeTest",
      "info" : "CastExpression[2547-2570]:CastExpression[2979-3002]"
    }, {
      "left" : "iterator =\n                parentContext.getCurrentNodePointer().attributeIterator(name);",
      "right" : "iterator = parentContext.getCurrentNodePointer().attributeIterator(\n                    nodeNameTest.getNodeName());",
      "info" : "ExpressionStatement[2599-2688]:ExpressionStatement[3114-3230]"
    }, {
      "left" : "if (iterator == null)",
      "right" : "if (iterator == null)",
      "info" : "IfStatement[2707-2766]:IfStatement[3249-3308]"
    }, {
      "left" : "{}",
      "right" : "{}",
      "info" : "Block[2729-2766]:Block[3271-3308]"
    }, {
      "left" : "return false;",
      "right" : "return false;",
      "info" : "ReturnStatement[2743-2756]:ReturnStatement[3285-3298]"
    }, {
      "left" : "if (!iterator.setPosition(iterator.getPosition() + 1))",
      "right" : "if (!iterator.setPosition(iterator.getPosition() + 1))",
      "info" : "IfStatement[2775-2867]:IfStatement[3317-3409]"
    }, {
      "left" : "{}",
      "right" : "{}",
      "info" : "Block[2830-2867]:Block[3372-3409]"
    }, {
      "left" : "return false;",
      "right" : "return false;",
      "info" : "ReturnStatement[2844-2857]:ReturnStatement[3386-3399]"
    }, {
      "left" : "currentNodePointer = iterator.getNodePointer();",
      "right" : "currentNodePointer = iterator.getNodePointer();",
      "info" : "ExpressionStatement[2876-2923]:ExpressionStatement[3418-3465]"
    }, {
      "left" : "return true;",
      "right" : "return true;",
      "info" : "ReturnStatement[2932-2944]:ReturnStatement[3474-3486]"
    } ]
  },
  "interFileMappings" : { }
}